제조사,제조국,원산지,코코아퍼센트,평점,리뷰연도
5150,U.S.A.,Tanzania,76,3.25,2019
5150,U.S.A.,Dominican Republic,76,3.5,2019
5150,U.S.A.,Madagascar,76,3.75,2019
5150,U.S.A.,Fiji,68,3,2021
5150,U.S.A.,Venezuela,72,3,2021
5150,U.S.A.,Uganda,80,3.25,2021
5150,U.S.A.,India,68,3.5,2021
A. Morin,France,Bolivia,70,3.5,2012
A. Morin,France,Peru,63,3.75,2012
A. Morin,France,Panama,70,2.75,2013
A. Morin,France,Colombia,70,2.75,2013
A. Morin,France,Madagascar,70,3,2013
A. Morin,France,Burma,70,3,2013
A. Morin,France,Brazil,70,3.25,2013
A. Morin,France,Papua New Guinea,70,3.25,2013
A. Morin,France,Peru,70,3.25,2013
A. Morin,France,Peru,70,3.5,2013
A. Morin,France,Ecuador,70,3.75,2013
A. Morin,France,Venezuela,70,4,2013
A. Morin,France,Peru,63,4,2013
A. Morin,France,Venezuela,70,2.75,2014
A. Morin,France,Cuba,70,3.5,2014
A. Morin,France,Venezuela,70,3.5,2014
A. Morin,France,Venezuela,70,3.75,2014
A. Morin,France,Peru,70,4,2014
A. Morin,France,Togo,70,2.75,2015
A. Morin,France,Togo,70,3,2015
A. Morin,France,Togo,70,3.5,2015
A. Morin,France,Peru,70,3.5,2015
A. Morin,France,Sao Tome,63,3.75,2016
A. Morin,France,Venezuela,70,3.5,2018
A. Morin,France,Peru,63,3.75,2018
A. Morin,France,Mexico,70,4,2021
Acalli,U.S.A.,Peru,70,3.75,2015
Acalli,U.S.A.,Peru,70,3.75,2015
Acalli,U.S.A.,Mexico,74,3.25,2020
Acalli,U.S.A.,Peru,70,3.5,2020
Adi aka Fijiana (Easy In Ltd),Fiji,Fiji,60,2.75,2011
Adi aka Fijiana (Easy In Ltd),Fiji,Fiji,80,3.25,2011
Adi aka Fijiana (Easy In Ltd),Fiji,Fiji,88,3.5,2011
Adi aka Fijiana (Easy In Ltd),Fiji,Fiji,72,3.5,2011
Aelan,Vanuatu,Vanuatu,70,2.5,2019
Aelan,Vanuatu,Vanuatu,70,2.75,2019
Aelan,Vanuatu,Vanuatu,70,2.75,2019
Aelan,Vanuatu,Vanuatu,70,3,2019
Aequare (Gianduja),Ecuador,Ecuador,55,2.75,2009
Aequare (Gianduja),Ecuador,Ecuador,70,3,2009
Ah Cacao,Mexico,Mexico,70,3,2009
Akesson's (Pralus),U.K.,Madagascar,75,2.75,2010
Akesson's (Pralus),U.K.,Brazil,75,2.75,2010
Akesson's (Pralus),U.K.,Indonesia,75,3.75,2011
Alain Ducasse,France,Venezuela,75,2.5,2013
Alain Ducasse,France,Peru,75,2.5,2013
Alain Ducasse,France,Trinidad,65,2.75,2014
Alain Ducasse,France,Vietnam,75,2.75,2014
Alain Ducasse,France,Madagascar,75,3,2014
Alain Ducasse,France,Mexico,75,3.5,2017
Alexandre,Netherlands,Ecuador,70,3.5,2017
Alexandre,Netherlands,Nicaragua,70,3.5,2017
Alexandre,Netherlands,Tanzania,70,3.5,2017
Alexandre,Netherlands,Vietnam,70,3.5,2017
Altus aka Cao Artisan,U.S.A.,Venezuela,60,2.5,2013
Altus aka Cao Artisan,U.S.A.,Dominican Republic,60,3,2013
Altus aka Cao Artisan,U.S.A.,Bolivia,60,3,2013
Altus aka Cao Artisan,U.S.A.,Bolivia,80,3.25,2013
Altus aka Cao Artisan,U.S.A.,Peru,60,3.25,2013
Altus aka Cao Artisan,U.S.A.,Bolivia,60,2.5,2016
Altus aka Cao Artisan,U.S.A.,Peru,60,2.5,2016
Altus aka Cao Artisan,U.S.A.,Nicaragua,60,2.75,2016
Altus aka Cao Artisan,U.S.A.,Ecuador,60,2.75,2016
Altus aka Cao Artisan,U.S.A.,Peru,60,3,2016
Altus aka Cao Artisan,U.S.A.,Dominican Republic,70,3,2018
Amano,U.S.A.,Venezuela,70,3,2007
Amano,U.S.A.,Madagascar,70,3.5,2007
Amano,U.S.A.,Venezuela,70,3.75,2007
Amano,U.S.A.,Indonesia,70,2.75,2008
Amano,U.S.A.,Venezuela,70,3,2009
Amano,U.S.A.,Venezuela,70,3,2010
Amano,U.S.A.,Dominican Republic,70,3.75,2010
Amano,U.S.A.,Ecuador,70,4,2010
Amano,U.S.A.,Papua New Guinea,70,4,2011
Amatller (Simon Coll),Spain,Ecuador,70,2.75,2009
Amatller (Simon Coll),Spain,Ecuador,85,2.75,2009
Amatller (Simon Coll),Spain,Ghana,70,3,2009
Amatller (Simon Coll),Spain,Ghana,85,3,2009
Amazing Cacao,Russia,Peru,70,3,2017
Amazing Cacao,Russia,Peru,70,3.5,2017
Amazona,Peru,Peru,72,3.25,2013
Amazona,Peru,Peru,73,3.5,2013
Ambrosia,Canada,Belize,64,3,2015
Ambrosia,Canada,Madagascar,66,3.25,2015
Ambrosia,Canada,Dominican Republic,75,3.25,2015
Ambrosia,Canada,Papua New Guinea,63,3.25,2015
Ambrosia,Canada,Venezuela,70,3.25,2015
Ambrosia,Canada,Peru,68,3.5,2015
Amedei,Italy,Blend,66,3.75,2006
Amedei,Italy,Ecuador,70,3,2007
Amedei,Italy,Jamaica,70,3,2007
Amedei,Italy,Grenada,70,3.5,2007
Amedei,Italy,Trinidad,70,3.5,2007
Amedei,Italy,Blend,63,3.5,2007
Amedei,Italy,Venezuela,70,3.75,2007
Amedei,Italy,Peru,70,3.75,2012
Amedei,Italy,Madagascar,70,3,2018
Amedei,Italy,Venezuela,70,3,2018
Amedei,Italy,Venezuela,70,3,2018
Amedei,Italy,Blend,75,3.5,2018
Amedei,Italy,Blend,70,2.75,2019
AMMA,Brazil,Brazil,85,2.75,2010
AMMA,Brazil,Brazil,50,3.75,2010
AMMA,Brazil,Brazil,75,3.75,2010
AMMA,Brazil,Brazil,60,4,2010
AMMA,Brazil,Brazil,75,3.25,2013
Anahata,U.S.A.,Dominican Republic,75,3,2014
Animas,U.S.A.,Bolivia,75,3.5,2016
Animas,U.S.A.,Belize,75,3,2021
Animas,U.S.A.,Guatemala,75,3.25,2021
Ara,France,Mexico,72,2.5,2014
Ara,France,Ecuador,75,2.75,2014
Ara,France,Madagascar,75,3,2014
Ara,France,Venezuela,75,3,2014
Arete,U.S.A.,Brazil,75,2.75,2015
Arete,U.S.A.,Guatemala,70,3.25,2015
Arete,U.S.A.,Brazil,70,3.5,2015
Arete,U.S.A.,Peru,68,3.5,2015
Arete,U.S.A.,Dominican Republic,70,3.5,2015
Arete,U.S.A.,Ecuador,75,3.5,2015
Arete,U.S.A.,Ecuador,70,3.75,2015
Arete,U.S.A.,Belize,70,3.75,2015
Arete,U.S.A.,Nicaragua,70,4,2015
Arete,U.S.A.,Ecuador,70,3.25,2016
Arete,U.S.A.,Ecuador,70,3.25,2016
Arete,U.S.A.,Fiji,70,3.25,2016
Arete,U.S.A.,Vietnam,73,3.25,2016
Arete,U.S.A.,Trinidad,70,3.5,2016
Arete,U.S.A.,Vietnam,73,3.5,2016
Arete,U.S.A.,Guatemala,70,3.5,2016
Arete,U.S.A.,Honduras,70,3.5,2016
Arete,U.S.A.,Tanzania,70,3.75,2016
Arete,U.S.A.,Nicaragua,70,3.75,2016
Arete,U.S.A.,Dominican Republic,70,3.75,2016
Arete,U.S.A.,Costa Rica,70,4,2016
Arete,U.S.A.,Peru,70,4,2016
Arete,U.S.A.,India,70,3.5,2017
Arete,U.S.A.,Madagascar,70,3.5,2017
Arete,U.S.A.,Vietnam,73,3.5,2017
Arete,U.S.A.,Peru,70,3.5,2017
Arete,U.S.A.,Bolivia,70,4,2017
Arete,U.S.A.,Haiti,70,4,2017
Arete,U.S.A.,Trinidad,70,3,2018
Arete,U.S.A.,Colombia,70,4,2018
Arete,U.S.A.,India,70,3,2019
Arete,U.S.A.,India,70,3.25,2019
Argencove,Nicaragua,Nicaragua,70,3,2018
Argencove,Nicaragua,Nicaragua,70,3.25,2018
Argencove,Nicaragua,Nicaragua,70,3.5,2018
Argencove,Nicaragua,Nicaragua,70,3.5,2018
Artisan du Chocolat,U.K.,Congo,72,3.75,2008
Artisan du Chocolat,U.K.,Brazil,72,1.75,2009
Artisan du Chocolat,U.K.,Venezuela,75,2.5,2009
Artisan du Chocolat,U.K.,Indonesia,72,2.75,2009
Artisan du Chocolat,U.K.,Madagascar,80,3,2009
Artisan du Chocolat,U.K.,Peru,75,3,2009
Artisan du Chocolat,U.K.,Dominican Republic,72,3.25,2009
Artisan du Chocolat,U.K.,Venezuela,100,1.75,2010
Artisan du Chocolat,U.K.,Costa Rica,72,3.25,2010
Artisan du Chocolat,U.K.,Vietnam,72,3.25,2010
Artisan du Chocolat,U.K.,Indonesia,72,3.5,2010
Artisan du Chocolat,U.K.,Jamaica,72,3.75,2010
Artisan du Chocolat,U.K.,Panama,72,2.75,2011
Artisan du Chocolat,U.K.,Haiti,72,4,2011
Artisan du Chocolat,U.K.,Colombia,72,3.75,2012
Artisan du Chocolat,U.K.,Trinidad,72,3.25,2013
Artisan du Chocolat (Casa Luker),U.K.,Colombia,72,2.75,2013
Aruntam,Italy,India,72,3.25,2021
Aruntam,Italy,Madagascar,72,3.25,2021
Aruntam,Italy,Tanzania,72,3.5,2021
Askinosie,U.S.A.,Mexico,75,2.5,2007
Askinosie,U.S.A.,Ecuador,70,3,2007
Askinosie,U.S.A.,Philippines,77,3.75,2009
Askinosie,U.S.A.,Tanzania,72,3.75,2011
Askinosie,U.S.A.,Honduras,70,3.75,2011
Askinosie,U.S.A.,Tanzania,68,3.75,2016
Atypic,Australia,Solomon Islands,70,3,2019
Auro,Philippines,Philippines,77,2.75,2018
Auro,Philippines,Philippines,70,3,2018
Auro,Philippines,Philippines,70,3,2018
Auro,Philippines,Philippines,70,3.5,2018
Avanaa,Canada,Colombia,70,2.5,2021
Avanaa,Canada,Dominican Republic,70,3,2021
Bahen & Co.,Australia,Brazil,70,2.5,2012
Bahen & Co.,Australia,Blend,70,2.5,2012
Bahen & Co.,Australia,Madagascar,70,3,2012
Bahen & Co.,Australia,Blend,80,3.25,2015
Bahen & Co.,Australia,Papua New Guinea,70,3.5,2015
Baiani,Brazil,Brazil,70,3,2018
Bakau,Peru,Peru,70,2.75,2015
Bakau,Peru,Peru,70,3.5,2015
Bankston,U.S.A.,Belize,72,2.5,2019
Bankston,U.S.A.,Uganda,82,2.75,2019
Bankston,U.S.A.,Tanzania,72,3.25,2019
Bar Au Chocolat,U.S.A.,Dominican Republic,70,3.25,2012
Bar Au Chocolat,U.S.A.,Mexico,70,3.5,2012
Bar Au Chocolat,U.S.A.,Madagascar,70,3.75,2012
Bar Au Chocolat,U.S.A.,Peru,70,4,2014
Bar Au Chocolat,U.S.A.,Brazil,70,3.5,2015
Bar Au Chocolat,U.S.A.,Costa Rica,72,3.5,2017
Bar Au Chocolat,U.S.A.,Trinidad,80,3.5,2017
Baravelli's,Wales,Costa Rica,80,2.75,2012
Batch,U.S.A.,Ecuador,65,3.25,2016
Batch,U.S.A.,Dominican Republic,65,3.5,2016
Batch,U.S.A.,Brazil,70,3.75,2016
Bean,U.K.,Peru,70,2.25,2019
Beau Cacao,U.K.,Malaysia,73,3,2017
Beau Cacao,U.K.,Malaysia,72,3.25,2017
Beehive,U.S.A.,Brazil,80,2.75,2016
Beehive,U.S.A.,Dominican Republic,70,2.75,2016
Beehive,U.S.A.,Ecuador,70,2.75,2016
Beehive,U.S.A.,Ecuador,90,2.75,2016
Belcolade,Belgium,Costa Rica,64,2.75,2010
Belcolade,Belgium,Papua New Guinea,64,2.75,2010
Belcolade,Belgium,Peru,64,2.75,2010
Belcolade,Belgium,Ecuador,71,3.5,2010
Bellflower,U.S.A.,Bolivia,70,3.25,2016
Bellflower,U.S.A.,Tanzania,70,3.5,2016
Bellflower,U.S.A.,Dominican Republic,70,3.5,2016
Belvie,Vietnam,Vietnam,75,3.25,2018
Belvie,Vietnam,Vietnam,70,3.75,2021
Belyzium,Germany,Belize,83,2.75,2016
Belyzium,Germany,Belize,78,3,2016
Belyzium,Germany,Belize,83,3.5,2016
Benns,Singapore,Vietnam,72,3,2018
Benns,Singapore,India,72,3,2018
Benns,Singapore,Malaysia,72,3,2018
Benoit Nihant,Belgium,Madagascar,72,3.75,2011
Benoit Nihant,Belgium,Indonesia,72,4,2011
Benoit Nihant,Belgium,Cuba,74,3.5,2013
Benoit Nihant,Belgium,Venezuela,74,3.5,2013
Benoit Nihant,Belgium,Venezuela,74,3.5,2013
Benoit Nihant,Belgium,Ecuador,73,4,2013
Bernachon,France,Blend,55,2.75,2012
Beschle (Felchlin),Switzerland,Venezuela,70,3.25,2010
Beschle (Felchlin),Switzerland,Venezuela,74,3.25,2010
Beschle (Felchlin),Switzerland,Indonesia,64,3.5,2010
Beschle (Felchlin),Switzerland,Venezuela,72,3.5,2010
Beschle (Felchlin),Switzerland,Madagascar,64,3,2011
Beschle (Felchlin),Switzerland,Venezuela,88,3,2011
Beschle (Felchlin),Switzerland,Venezuela,72,3.5,2011
Beschle (Felchlin),Switzerland,Ecuador,72,4,2011
Bisou,U.S.A.,Nicaragua,76,2.5,2015
Bisou,U.S.A.,Costa Rica,76,2.5,2015
Bisou,U.S.A.,Costa Rica,78,2.5,2015
Bisou,U.S.A.,Belize,86,3.25,2015
Bitacora,Venezuela,Venezuela,70,3,2018
Bitacora,Venezuela,Venezuela,70,3,2018
Bitacora,Venezuela,Venezuela,70,3.5,2018
Bittersweet Origins,U.S.A.,Madagascar,71,3,2008
Bittersweet Origins,U.S.A.,Ghana,70,3,2008
Bittersweet Origins,U.S.A.,Panama,75,3.5,2008
Bittersweet Origins,U.S.A.,Dominican Republic,68,3.75,2008
Bittersweet Origins,U.S.A.,Dominican Republic,75,3,2009
Bittersweet Origins,U.S.A.,Madagascar,75,3.25,2009
Bittersweet Origins,U.S.A.,Dominican Republic,65,3.5,2009
Bittersweet Origins,U.S.A.,Madagascar,65,3.5,2009
Bittersweet Origins,U.S.A.,Indonesia,65,2.75,2010
Bittersweet Origins,U.S.A.,Madagascar,70,3,2010
Bittersweet Origins,U.S.A.,Venezuela,78,3,2010
Bittersweet Origins,U.S.A.,Indonesia,75,3.25,2010
Bittersweet Origins,U.S.A.,Blend,70,3.75,2010
Bittersweet Origins,U.S.A.,Ghana,72,3.5,2012
Bixby,U.S.A.,Haiti,70,3,2018
Bixby,U.S.A.,Guatemala,70,3,2018
Bixby,U.S.A.,Dominican Republic,70,3.25,2018
Bixby,U.S.A.,Belize,70,2.75,2019
Black Mountain,U.S.A.,Dominican Republic,70,2.75,2008
Black Mountain,U.S.A.,Venezuela,70,2.75,2008
Black Mountain,U.S.A.,Nicaragua,70,3,2008
Black Mountain,U.S.A.,Dominican Republic,70,3.75,2021
Black River (A. Morin),U.K.,Jamaica,70,2.75,2014
Black Sheep,U.S.A.,Colombia,72,3.25,2021
Black Sheep,U.S.A.,Belize,72,3.25,2021
Blanxart,Spain,Blend,72,2.75,2009
Blanxart,Spain,Congo,82,3.5,2013
Blue Bandana,U.S.A.,Guatemala,70,3.5,2012
Blue Bandana,U.S.A.,Madagascar,70,3.75,2012
Blue Bandana,U.S.A.,Guatemala,75,2.75,2016
Blue Bandana,U.S.A.,Dominican Republic,75,3,2016
Blue Bandana,U.S.A.,Madagascar,82,3.5,2016
Blue Bandana,U.S.A.,Tanzania,75,3.5,2016
Boho,U.S.A.,Belize,70,2.75,2017
Bonaterra,Malaysia,Malaysia,68,2.5,2019
Bonaterra,Malaysia,Malaysia,72,2.75,2019
Bonaterra,Malaysia,Malaysia,74,3.25,2019
Bonnat,France,Blend,100,1.5,2006
Bonnat,France,Sri Lanka,75,3,2006
Bonnat,France,Blend,75,3.75,2006
Bonnat,France,Venezuela,75,3.75,2006
Bonnat,France,Madagascar,75,3.75,2006
Bonnat,France,Venezuela,75,4,2006
Bonnat,France,Venezuela,75,4,2006
Bonnat,France,Ecuador,75,2.5,2007
Bonnat,France,Venezuela,75,4,2008
Bonnat,France,Peru,75,2.75,2009
Bonnat,France,Ivory Coast,75,3,2009
Bonnat,France,Mexico,75,3,2009
Bonnat,France,Mexico,75,3,2009
Bonnat,France,Jamaica,75,3.25,2011
Bonnat,France,Cuba,75,3.5,2011
Bonnat,France,Peru,75,3.5,2011
Bonnat,France,Peru,75,3.5,2011
Bonnat,France,Brazil,75,3.5,2011
Bonnat,France,Brazil,75,3.75,2011
Bonnat,France,Haiti,75,4,2011
Bonnat,France,Madagascar,75,4,2011
Bonnat,France,Gabon,75,3.25,2013
Bonnat,France,Brazil,75,3.5,2013
Bonnat,France,Dominican Republic,75,3.25,2014
Bonnat,France,Blend,65,3.75,2014
Bonnat,France,Brazil,75,4,2014
Bonnat,France,Mexico,75,3.5,2016
Bonnat,France,Peru,75,4,2018
Bonnat,France,Blend,75,4,2018
Bonnat,France,Nicaragua,75,3.75,2021
Bouga Cacao (Tulicorp),Ecuador,Ecuador,100,1.5,2009
Bouga Cacao (Tulicorp),Ecuador,Ecuador,77,3.25,2009
Bowler Man,U.S.A.,Belize,70,2.75,2014
Bowler Man,U.S.A.,Dominican Republic,70,2.75,2014
Brasstown,U.S.A.,Ecuador,75,3.5,2018
Brasstown,U.S.A.,Peru,70,3.75,2018
Brasstown,U.S.A.,Bolivia,70,4,2018
Brasstown,U.S.A.,Tanzania,62,3,2021
Brasstown aka It's Chocolate,U.S.A.,Dominican Republic,72,3,2013
Brasstown aka It's Chocolate,U.S.A.,Ecuador,70,3.25,2013
Brasstown aka It's Chocolate,U.S.A.,Ghana,75,3.5,2013
Brasstown aka It's Chocolate,U.S.A.,Venezuela,85,3.5,2013
Brasstown aka It's Chocolate,U.S.A.,Belize,70,3.75,2014
Brasstown aka It's Chocolate,U.S.A.,Venezuela,70,4,2014
Brasstown aka It's Chocolate,U.S.A.,Dominican Republic,68,3.75,2015
Brasstown aka It's Chocolate,U.S.A.,Venezuela,70,3.5,2016
Brasstown aka It's Chocolate,U.S.A.,Nicaragua,70,3.75,2016
Brasstown aka It's Chocolate,U.S.A.,Dominican Republic,70,3.25,2017
Brasstown aka It's Chocolate,U.S.A.,Ecuador,75,3.75,2017
Brazen,U.S.A.,Madagascar,80,2.75,2015
Brazen,U.S.A.,Dominican Republic,60,3,2015
Brazen,U.S.A.,Dominican Republic,80,3.25,2015
Brazen,U.S.A.,Belize,80,3.25,2015
Brazen,U.S.A.,Madagascar,60,3.25,2015
Brazen,U.S.A.,Guatemala,70,3.5,2015
Breeze Mill,U.S.A.,Jamaica,70,3,2013
Bright,Australia,Trinidad,68,2.75,2014
Bright,Australia,Madagascar,72,3,2014
Bright,Australia,Dominican Republic,70,3.5,2014
Bright,Australia,Ecuador,72,3.5,2014
Britarev,Russia,Ecuador,70,3.25,2015
Bronx Grrl Chocolate,U.S.A.,Dominican Republic,68,2.75,2013
Bullion,U.K.,Bolivia,70,2.5,2018
Bullion,U.K.,Guatemala,70,3,2018
Burnt Fork Bend,U.S.A.,Ecuador,60,2.5,2014
Burnt Fork Bend,U.S.A.,Trinidad,72,3.25,2014
Burnt Fork Bend,U.S.A.,Belize,72,3.25,2014
Burnt Fork Bend,U.S.A.,Blend,72,3.25,2014
Burnt Fork Bend,U.S.A.,Ecuador,72,3.5,2014
By Cacao,South Korea,Ecuador,70,3,2019
Cacai Cacao,Taiwan,Taiwan,70,3.25,2019
Cacai Cacao,Taiwan,Philippines,70,3.5,2019
Cacao 70,Canada,Guatemala,70,3,2019
Cacao 70,Canada,Guatemala,70,3.5,2019
Cacao 70,Canada,Bolivia,70,3.75,2019
Cacao Arabuco,Puerto Rico,Puerto Rico,70,2.5,2015
Cacao Atlanta,U.S.A.,Venezuela,75,2.25,2010
Cacao Atlanta,U.S.A.,Dominican Republic,75,2.5,2010
Cacao Atlanta,U.S.A.,Dominican Republic,75,2.75,2010
Cacao Atlanta,U.S.A.,Peru,75,2.5,2014
Cacao Barry,France,Venezuela,72,2,2007
Cacao Barry,France,Mexico,66,3,2007
Cacao Barry,France,Tanzania,75,2,2008
Cacao Barry,France,Dominican Republic,70,3,2010
Cacao Barry,France,Haiti,65,3.5,2016
Cacao Betulia,Switzerland,Colombia,72,2.5,2018
Cacao Betulia,Switzerland,Colombia,72,3,2018
Cacao Betulia,Switzerland,Colombia,72,3.75,2018
Cacao de Origen,Venezuela,Venezuela,75,2.5,2014
Cacao de Origen,Venezuela,Venezuela,74,3.25,2014
Cacao de Origen,Venezuela,Venezuela,75,3.5,2014
Cacao de Origen,Venezuela,Venezuela,70,3.75,2014
Cacao de Origen,Venezuela,Venezuela,74,3.25,2015
Cacao de Origen,Venezuela,Venezuela,75,3.25,2015
Cacao de Origen,Venezuela,Venezuela,77,3.5,2015
Cacao de Origen,Venezuela,Venezuela,75,2.75,2018
Cacao de Origen,Venezuela,Venezuela,75,2.5,2019
Cacao de Origen,Venezuela,Venezuela,70,3,2019
Cacao Gonzales,U.S.A.,Venezuela,70,3,2018
Cacao Hunters,Colombia,Colombia,69,2.75,2014
Cacao Hunters,Colombia,Colombia,70,3.25,2014
Cacao Hunters,Colombia,Colombia,64,3.5,2014
Cacao Hunters,Colombia,Colombia,70,3.5,2014
Cacao Hunters,Colombia,Colombia,72,3.75,2015
Cacao Hunters,Colombia,Colombia,71,3.75,2016
Cacao Hunters,Colombia,Colombia,74,3.75,2016
Cacao Market,U.S.A.,Honduras,70,3.5,2016
Cacao Prieto,U.S.A.,Dominican Republic,72,3,2011
Cacao Prieto,U.S.A.,Dominican Republic,65,3.25,2011
Cacao Prieto,U.S.A.,Dominican Republic,66,3.75,2011
Cacao Prieto,U.S.A.,Dominican Republic,72,3.75,2012
Cacao Sampaka,Spain,Mexico,70,4,2009
Cacao Sampaka,Spain,Mexico,70,4,2009
Cacao Sampaka,Spain,Grenada,71,3.25,2010
Cacao Sampaka,Spain,Madagascar,71,3.5,2010
Cacao Sampaka,Spain,Venezuela,71,3.5,2010
Cacao Sampaka,Spain,Venezuela,77,3.5,2010
Cacao Sampaka,Spain,Ecuador,71,3.75,2010
Cacao Sampaka,Spain,Papua New Guinea,71,4,2010
Cacao Sampaka,Spain,Congo,70,3.5,2016
Cacao Santa Fe (Art of Chocolate),U.S.A.,Dominican Republic,72,2.75,2020
Cacao Santa Fe (Art of Chocolate),U.S.A.,Peru,72,2.75,2020
Cacao Santa Fe (Art of Chocolate),U.S.A.,Ecuador,72,3,2020
Cacao Store,Japan,Madagascar,70,3,2015
Cacao Store,Japan,Peru,70,3.25,2015
Cacao Store,Japan,Vietnam,70,3.5,2015
Cacaodada,South Korea,Ghana,70,3,2018
Cacaodada,South Korea,Dominican Republic,70,3.25,2018
Cacaodada,South Korea,Ecuador,70,3.5,2018
Cacaosuyo,Peru,Peru,70,3.5,2021
Cacaosuyo,Peru,Peru,70,3.5,2021
Cacaosuyo,Peru,Peru,80,3.5,2021
Cacaosuyo,Peru,Peru,70,4,2021
Cacaoyere (Ecuatoriana),Ecuador,Ecuador,91,1.5,2008
Cacaoyere (Ecuatoriana),Ecuador,Ecuador,82,2.5,2008
Cacaoyere (Ecuatoriana),Ecuador,Ecuador,63,3.5,2008
Cacaoyere (Ecuatoriana),Ecuador,Ecuador,71,3.5,2008
Callebaut,Belgium,Ecuador,70,1,2007
Callebaut,Belgium,Grenada,60,2.75,2008
C-Amaro,Italy,Sao Tome,78,2.25,2011
C-Amaro,Italy,Trinidad,70,2.5,2011
C-Amaro,Italy,Venezuela,80,3,2012
C-Amaro,Italy,Ecuador,100,3.5,2013
C-Amaro,Italy,Cuba,75,2.5,2014
C-Amaro,Italy,Dominican Republic,72,3,2014
C-Amaro,Italy,Blend,70,3.5,2014
Cao,U.S.A.,Venezuela,75,2.5,2016
Cao,U.S.A.,Tanzania,73,2.75,2016
Cao,U.S.A.,Venezuela,70,3,2016
Cao,U.S.A.,Bolivia,75,3,2016
Cao,U.S.A.,Brazil,70,3.25,2016
Caofiori,Colombia,Colombia,70,3.25,2021
Caofiori,Colombia,Colombia,70,3.25,2021
Caofiori,Colombia,Colombia,70,3.5,2021
Caofiori,Colombia,Colombia,70,3.75,2021
Caoni (Tulicorp),Ecuador,Ecuador,77,2,2008
Caoni (Tulicorp),Ecuador,Ecuador,77,2.5,2008
Caoni (Tulicorp),Ecuador,Ecuador,77,2.75,2008
Caoni (Tulicorp),Ecuador,Ecuador,55,3,2008
Caoni (Tulicorp),Ecuador,Ecuador,55,3.25,2008
Caoni (Tulicorp),Ecuador,Ecuador,55,3.5,2008
Captain Pembleton,New Zealand,Papua New Guinea,70,3.5,2014
Captain Pembleton,New Zealand,Papua New Guinea,70,3.75,2014
CAR Artisan,U.S.A.,Nicaragua,70,3,2021
CAR Artisan,U.S.A.,Tanzania,70,3.25,2021
CAR Artisan,U.S.A.,Peru,70,3.25,2021
CAR Artisan,U.S.A.,Mexico,70,3.25,2021
Caribeans,Costa Rica,Costa Rica,80,2.75,2012
Caribeans,Costa Rica,Costa Rica,72,3,2012
Caribeans,Costa Rica,Costa Rica,72,3.25,2015
Caribeans,Costa Rica,Guatemala,72,3.5,2015
Caribeans,Costa Rica,Costa Rica,72,3.5,2015
Carlotta Chocolat,Colombia,Colombia,65,3,2016
Carlotta Chocolat,Colombia,Colombia,65,3.25,2016
Carlotta Chocolat,Colombia,Colombia,65,3.25,2016
Carlotta Chocolat,Colombia,Colombia,65,3.5,2016
Carlotta Chocolat,Colombia,Colombia,65,3.5,2016
Casa,U.S.A.,Blend,75,2,2018
Casa Lasevicius,Brazil,Brazil,71,3,2019
Casa Lasevicius,Brazil,Brazil,65,3.25,2019
Castronovo,U.S.A.,Peru,70,2.5,2013
Castronovo,U.S.A.,Peru,70,2.75,2013
Castronovo,U.S.A.,Bolivia,70,3,2013
Castronovo,U.S.A.,Venezuela,72,3,2013
Castronovo,U.S.A.,Venezuela,70,3.25,2013
Castronovo,U.S.A.,Nicaragua,72,3.25,2013
Castronovo,U.S.A.,Dominican Republic,73,3.5,2013
Castronovo,U.S.A.,Dominican Republic,70,2.75,2014
Castronovo,U.S.A.,Colombia,72,3.5,2014
Castronovo,U.S.A.,Colombia,76,3.5,2014
Castronovo,U.S.A.,Honduras,72,3.5,2015
Castronovo,U.S.A.,Venezuela,72,3.5,2015
Castronovo,U.S.A.,Dominican Republic,70,3.75,2015
Castronovo,U.S.A.,Belize,72,4,2016
Castronovo,U.S.A.,Venezuela,70,3.25,2017
Castronovo,U.S.A.,Puerto Rico,70,3.5,2019
Castronovo,U.S.A.,Mexico,70,3.75,2019
Castronovo,U.S.A.,Peru,70,4,2021
Castronovo,U.S.A.,Venezuela,72,4,2021
Cello,U.S.A.,Ecuador,70,2.5,2014
Cello,U.S.A.,Peru,70,2.75,2014
Cello,U.S.A.,Venezuela,70,2.75,2014
Cello,U.S.A.,Bolivia,70,3,2014
Cemoi,France,Ecuador,72,2.75,2009
Chaleur B,Canada,Uganda,70,2.75,2014
Chaleur B,Canada,Madagascar,70,3,2021
Chaleur B,Canada,Belize,70,3,2021
Chaleur B,Canada,Peru,72,3.25,2021
Chapon,France,Bolivia,74,3,2017
Chapon,France,Venezuela,68,3.5,2018
Charm School,U.S.A.,Belize,70,3.25,2016
Chchukululu (Tulicorp),Ecuador,Ecuador,75,3,2008
Chchukululu (Tulicorp),Ecuador,Ecuador,55,2.75,2010
Chequessett,U.S.A.,Costa Rica,70,3.5,2014
Chequessett,U.S.A.,Peru,72,3,2018
Chequessett,U.S.A.,Ecuador,72,3.5,2019
Chequessett,U.S.A.,Colombia,83,3.25,2021
Chequessett,U.S.A.,Dominican Republic,69,3.25,2021
Chloe Chocolat,France,Blend,70,3.5,2011
Chocablog,U.K.,Ecuador,70,3.25,2015
Choco Del Sol,Germany,Belize,75,3,2014
Choco Del Sol,Germany,Belize,82,3.25,2014
Choco Dong,South Korea,Vietnam,70,2.75,2015
Choco Dong,South Korea,Malaysia,70,3.5,2015
Chococard (Lapos),Hungary,Nicaragua,72,2.5,2019
Chococard (Lapos),Hungary,Dominican Republic,71,3.25,2019
Chocolarder,U.K.,Peru,65,2.5,2015
Chocolarder,U.K.,Dominican Republic,80,2.5,2015
Chocolarder,U.K.,Peru,65,2.75,2015
Chocolarder,U.K.,Madagascar,74,3,2019
Chocola'te,U.S.A.,Madagascar,70,3.75,2011
Chocola'te,U.S.A.,Venezuela,68,3.75,2011
Chocolate Alchemist-Philly,U.S.A.,Peru,90,2.5,2016
Chocolate Alchemist-Philly,U.S.A.,Blend,80,2.5,2016
Chocolate Con Amor,U.S.A.,Bolivia,70,2.5,2016
Chocolate Con Amor,U.S.A.,Uganda,70,2.75,2016
Chocolate Con Amor,U.S.A.,Nicaragua,80,2.75,2016
Chocolate Con Amor,U.S.A.,Dominican Republic,60,3,2016
Chocolate Con Amor,U.S.A.,Dominican Republic,75,3,2016
Chocolate Con Amor,U.S.A.,Venezuela,80,3,2016
Chocolate Con Amor,U.S.A.,Ecuador,70,3.25,2016
Chocolate Conspiracy,U.S.A.,Peru,74,2.75,2014
Chocolate Makers,Amsterdam,Dominican Republic,75,3.25,2015
Chocolate Makers,Amsterdam,Congo,68,3.5,2015
Chocolate Makers,Amsterdam,Peru,80,3.75,2015
Chocolate Tree,Scotland,Ecuador,82,2.5,2012
Chocolate Tree,Scotland,Peru,68,2.75,2012
Chocolate Tree,Scotland,Madagascar,72,3.25,2012
Chocolate Tree,Scotland,Peru,70,3.75,2013
Chocolate Tree,Scotland,Peru,69,3.75,2015
Chocolate Tree,Scotland,Venezuela,80,3.75,2015
Chocolate Tree,Scotland,Venezuela,70,2.75,2021
Chocolates by Josh (Box Chocolate),U.S.A.,Dominican Republic,72,3.25,2018
Chocolatoa,Belgium,India,70,3,2019
Chocolats Privilege,Canada,Mexico,70,2.5,2014
Chocolibrium,U.S.A.,India,63,2.5,2018
Chocolibrium,U.S.A.,Guatemala,76,2.75,2018
Chocolibrium,U.S.A.,Peru,70,2.75,2018
ChocoReko,Japan,Venezuela,77,3,2015
Chocosol,Canada,Mexico,65,3.25,2011
Chocosol,Canada,Mexico,75,3.25,2016
Chocotenango,U.S.A.,Guatemala,70,3.25,2021
Chocotenango,U.S.A.,Dominican Republic,73,3.25,2021
Chocotenango,U.S.A.,Belize,70,3.5,2021
Chocovic,Spain,Ecuador,71,2.5,2007
Chocovic,Spain,Grenada,71,2.5,2007
Chocovic,Spain,Blend,70,3,2007
Chocovic,Spain,Venezuela,71,3.5,2008
Chocovic,Spain,Blend,60,3.25,2009
Chocovic,Spain,Blend,75,3.25,2009
Chocovic,Spain,Mexico,71,3.25,2010
Chocovic,Spain,Madagascar,71,3.5,2010
Chocovivo,U.S.A.,Mexico,65,2.5,2015
Chocovivo,U.S.A.,Mexico,75,2.5,2015
Choklat,Canada,Venezuela,80,2.5,2009
Choklat,Canada,Mexico,70,2.75,2009
Choklat,Canada,Brazil,70,3,2009
Choklat,Canada,Brazil,80,3,2009
Choklat,Canada,Venezuela,70,3,2009
Chokola,U.S.A.,Guatemala,70,3.5,2020
Chokola,U.S.A.,Venezuela,75,3.75,2020
Chokola,U.S.A.,Belize,70,3.75,2020
Chokola,U.S.A.,Madagascar,67,4,2020
Chokola,U.S.A.,Tanzania,75,3.5,2021
Chokola,U.S.A.,Bolivia,75,3.75,2021
Chokolat Elot (Girard),Martinique,Martinique,42,2.75,2013
Christophe Toury,U.S.A.,Peru,70,2.75,2018
Christopher Elbow,U.S.A.,Peru,75,3.75,2018
Christopher Elbow,U.S.A.,Vietnam,72,3,2019
Christopher Elbow,U.S.A.,Costa Rica,70,3.25,2019
Christopher Elbow,U.S.A.,Ecuador,73,3.5,2019
Christopher Elbow,U.S.A.,Tanzania,72,3.5,2019
Christopher Elbow,U.S.A.,Dominican Republic,72,3.75,2019
Christopher Elbow,U.S.A.,Brazil,70,4,2019
Christopher Morel (Felchlin),Canada,Peru,68,3.75,2011
Chuao Chocolatier,U.S.A.,Venezuela,61,3,2009
Chuao Chocolatier (Pralus),U.S.A.,Venezuela,77,2.75,2010
Claudio Corallo,Sao Tome,Blend,100,1,2008
Claudio Corallo,Sao Tome,Blend,80,3,2008
Claudio Corallo,Sao Tome,Blend,75,3.75,2008
Claudio Corallo,Sao Tome,Blend,73.5,3.75,2010
Cleveland Chocolate Company,U.S.A.,Dominican Republic,70,3.5,2021
Cleveland Chocolate Company,U.S.A.,Haiti,79,3.5,2021
Cloudforest,U.S.A.,Ecuador,73,3.5,2015
Coco,Canada,Peru,70,3.5,2020
Cocoa Carib,St. Lucia,St. Lucia,70,2.25,2019
Cocoa Forge,U.S.A.,Peru,68,3,2021
Cocoa Forge,U.S.A.,Madagascar,77,3.25,2021
Cocoa Forge,U.S.A.,Colombia,70,3.25,2021
Compania de Chocolate (Salgado),Argentina,Venezuela,80,2.75,2008
Compania de Chocolate (Salgado),Argentina,Ecuador,88,2.75,2008
Compania de Chocolate (Salgado),Argentina,Bolivia,72,3.25,2008
Compania de Chocolate (Salgado),Argentina,Venezuela,70,3.75,2008
Compania de Chocolate (Salgado),Argentina,Venezuela,70,3.25,2010
Condor,U.S.A.,Ecuador,76,3.5,2015
Confluence,U.S.A.,Vietnam,78,2.75,2016
Conjure,U.S.A.,Philippines,70,2.5,2021
Conjure,U.S.A.,Ivory Coast,70,2.5,2021
Conjure,U.S.A.,Peru,68,3.25,2021
Conjure,U.S.A.,Tanzania,75,3.5,2021
Coppeneur,Germany,Madagascar,72,3,2007
Coppeneur,Germany,Mexico,72,3,2008
Coppeneur,Germany,Venezuela,72,3,2008
Coppeneur,Germany,Peru,72,3,2009
Coppeneur,Germany,Peru,62,3.25,2009
Coppeneur,Germany,Venezuela,70,3.5,2009
Coppeneur,Germany,Venezuela,70,3.75,2009
Coppeneur,Germany,Ecuador,72,2.5,2010
Coppeneur,Germany,Venezuela,70,3,2010
Coppeneur,Germany,Trinidad,72,3,2010
Coppeneur,Germany,Grenada,72,3.25,2010
Coppeneur,Germany,Jamaica,72,3.25,2010
Coppeneur,Germany,Venezuela,72,3.25,2010
Coppeneur,Germany,Ecuador,100,1.5,2012
Coppeneur,Germany,Ghana,85,3.5,2012
Coppeneur,Germany,Madagascar,70,3.5,2012
Coppeneur,Germany,Blend,72,3.75,2012
Coppeneur,Germany,Ecuador,65,3.25,2013
Coppeneur,Germany,Ghana,75,3.75,2017
Cote d' Or (Kraft),Belgium,Blend,70,1,2006
Cravve,Australia,Tanzania,75,3.25,2012
Cravve,Australia,Brazil,65,3.25,2012
Cravve,Australia,Fiji,67,3.25,2012
Cravve,Australia,Vanuatu,64,3.25,2012
Cravve,Australia,Papua New Guinea,75,3.5,2012
Cravve,Australia,Papua New Guinea,70,2.5,2014
Cravve,Australia,Vanuatu,83,2.75,2014
Creo,U.S.A.,Ecuador,85,3.25,2016
Creo,U.S.A.,Ecuador,73,3.75,2016
Crow and Moss,U.S.A.,Dominican Republic,70,3.25,2020
Crow and Moss,U.S.A.,Colombia,70,3.25,2020
Crow and Moss,U.S.A.,Ecuador,70,3.25,2020
Crow and Moss,U.S.A.,Honduras,70,3.5,2020
Crow and Moss,U.S.A.,India,70,3.75,2021
Cultura,U.S.A.,Guatemala,70,3.25,2020
Cultura,U.S.A.,Haiti,70,3.5,2020
Cultura,U.S.A.,Belize,75,3.5,2020
Cultura,U.S.A.,Mexico,70,3.5,2020
Cuna de Piedra,Mexico,Mexico,73,3.75,2021
Daintree,Australia,Australia,70,3.25,2011
Daintree,Australia,Australia,70,2.75,2015
Dalloway,U.S.A.,Dominican Republic,72,2.75,2017
Damson,U.K.,Grenada,70,2.25,2015
Damson,U.K.,Nicaragua,70,2.75,2015
Damson,U.K.,Trinidad,70,3,2015
Damson,U.K.,Ecuador,70,3.5,2015
Damson,U.K.,Blend,65,2.5,2018
Dancing Lion,U.S.A.,Puerto Rico,68,2.5,2021
Dancing Lion,U.S.A.,India,72,3,2021
Dancing Lion,U.S.A.,Peru,72,3.5,2021
Dandelion,U.S.A.,Costa Rica,70,3,2012
Dandelion,U.S.A.,Colombia,70,3.25,2012
Dandelion,U.S.A.,Dominican Republic,70,3.75,2012
Dandelion,U.S.A.,Venezuela,70,2.75,2013
Dandelion,U.S.A.,Venezuela,70,3.25,2013
Dandelion,U.S.A.,Venezuela,70,3.5,2013
Dandelion,U.S.A.,Papua New Guinea,70,3.5,2013
Dandelion,U.S.A.,Liberia,70,2.75,2014
Dandelion,U.S.A.,Belize,70,3.5,2014
Dandelion,U.S.A.,Ecuador,70,3.5,2014
Dandelion,U.S.A.,Dominican Republic,70,3.75,2014
Dandelion,U.S.A.,Belize,70,3,2015
Dandelion,U.S.A.,Dominican Republic,70,3.75,2016
Dandelion,U.S.A.,Costa Rica,70,3,2017
Dandelion,U.S.A.,Sierra Leone,70,3,2018
Dandelion,U.S.A.,Honduras,70,3.25,2018
Dandelion,U.S.A.,India,70,3.5,2018
Dandelion,U.S.A.,Vietnam,70,3.5,2019
Dandelion,U.S.A.,Guatemala,70,2.75,2021
Dandelion,U.S.A.,India,70,2.75,2021
Dandelion,U.S.A.,Peru,70,3.25,2021
Dandelion,U.S.A.,India,70,3.25,2021
Dandelion,U.S.A.,Tanzania,70,3.5,2021
Dandelion,U.S.A.,Dominican Republic,70,3.5,2021
Dandelion,U.S.A.,Brazil,70,4,2021
Dandelion (aka Brower Ave),U.S.A.,Dominican Republic,70,3.25,2011
Dandelion (aka Brower Ave),U.S.A.,Madagascar,70,3.25,2011
Dandelion (aka Brower Ave),U.S.A.,Tanzania,70,3.25,2011
Dandelion (Japan),U.S.A.,Dominican Republic,70,3,2021
Danta,Guatemala,Guatemala,75,3,2009
Danta,Guatemala,Guatemala,60,3.25,2009
Danta,Guatemala,Guatemala,60,3.5,2011
Danta,Guatemala,Venezuela,75,3,2012
Danta,Guatemala,Guatemala,70,3.25,2012
Danta,Guatemala,Guatemala,70,3.75,2012
Danta,Guatemala,Madagascar,70,3.75,2012
Danta,Guatemala,Guatemala,70,4,2012
Danta,Guatemala,Guatemala,82,3.25,2014
DAR,U.S.A.,Venezuela,72,2.75,2016
DAR,U.S.A.,Vietnam,72,3,2016
DAR,U.S.A.,Blend,70,3.25,2016
Darcis,Belgium,Peru,72,3,2019
Darcis,Belgium,Vietnam,70,3.25,2019
Dark Forest,U.S.A.,Madagascar,70,3,2015
Dark Forest,U.S.A.,Tanzania,70,3,2015
Dark Forest,U.S.A.,Venezuela,70,3.25,2015
Dark Forest,U.S.A.,Ecuador,70,3.25,2015
Dark Forest,U.S.A.,Bolivia,75,3.25,2016
Davis,U.S.A.,Blend,58,3.25,2012
Davis,U.S.A.,Ghana,70,2.5,2013
Davis,U.S.A.,Dominican Republic,70,2.75,2013
Davis,U.S.A.,Venezuela,70,2.75,2013
De Mendes,Brazil,Brazil,72,3.5,2015
De Mendes,Brazil,Brazil,65,3.5,2015
De Villiers,South Africa,Uganda,70,2.5,2016
De Villiers,South Africa,Madagascar,70,3,2016
Dean and Deluca (Belcolade),U.S.A.,Madagascar,66,2.5,2007
Dean and Deluca (Belcolade),U.S.A.,Costa Rica,64,3,2007
Dean and Deluca (Belcolade),U.S.A.,Ecuador,71,3,2007
Dean and Deluca (Belcolade),U.S.A.,Ghana,60,3,2007
Dean and Deluca (Belcolade),U.S.A.,Papua New Guinea,64,3,2007
Dean and Deluca (Belcolade),U.S.A.,Peru,64,3,2007
Debauve & Gallais (Michel Cluizel),France,Venezuela,66,3.75,2008
Debauve & Gallais (Michel Cluizel),France,Papua New Guinea,64,3,2009
Definite,Dominican Republic,Dominican Republic,70,2.5,2018
Definite,Dominican Republic,Dominican Republic,70,2.5,2018
Definite,Dominican Republic,Dominican Republic,80,3,2018
Desbarres,Canada,Tanzania,72,2.5,2016
Desbarres,Canada,Guatemala,72,3,2019
DeVries,U.S.A.,Costa Rica,77,3.5,2007
DeVries,U.S.A.,Dominican Republic,77,3.5,2007
DeVries,U.S.A.,Bolivia,80,2.75,2008
Dick Taylor,U.S.A.,Madagascar,80,2.75,2011
Dick Taylor,U.S.A.,Venezuela,75,2.75,2011
Dick Taylor,U.S.A.,Dominican Republic,74,3,2011
Dick Taylor,U.S.A.,Ecuador,70,3.25,2011
Dick Taylor,U.S.A.,Bolivia,75,2.75,2012
Dick Taylor,U.S.A.,Ecuador,70,3.25,2013
Dick Taylor,U.S.A.,Ecuador,76,3.5,2013
Dick Taylor,U.S.A.,Dominican Republic,74,3.5,2014
Dick Taylor,U.S.A.,Bolivia,70,3.75,2015
Dick Taylor,U.S.A.,Vietnam,78,3.5,2016
Dick Taylor,U.S.A.,Guatemala,70,3.75,2017
Dick Taylor,U.S.A.,Brazil,75,3.75,2017
Dick Taylor,U.S.A.,Solomon Islands,72,4,2017
Dick Taylor,U.S.A.,Fiji,80,3.75,2018
Dick Taylor,U.S.A.,Madagascar,72,3.75,2019
Dick Taylor,U.S.A.,Belize,72,4,2019
Dick Taylor,U.S.A.,Blend,73,3.5,2020
Dick Taylor,U.S.A.,Jamaica,75,3.75,2021
Dick Taylor,U.S.A.,Mexico,72,4,2021
Diogo Vaz,Sao Tome & Principe,Sao Tome,75,2.5,2019
Diogo Vaz,Sao Tome & Principe,Sao Tome,70,2.75,2019
Diogo Vaz,Sao Tome & Principe,Sao Tome,65,3,2019
Diogo Vaz,Sao Tome & Principe,Sao Tome,75,3,2019
Doble & Bignall,U.K.,Panama,72,3.25,2014
Doble & Bignall,U.K.,Venezuela,72,3.25,2014
Doble & Bignall,U.K.,Nicaragua,72,3.5,2014
Doble & Bignall,U.K.,Venezuela,85,3,2015
Dole (Guittard),U.S.A.,U.S.A.,70,3.75,2009
Dolfin (Belcolade),Belgium,Blend,70,1.5,2006
Dolfin (Belcolade),Belgium,Blend,88,3,2008
Domori,Italy,Venezuela,70,3,2006
Domori,Italy,Peru,70,3.25,2006
Domori,Italy,Venezuela,70,3.5,2006
Domori,Italy,Venezuela,75,3.25,2007
Domori,Italy,Venezuela,60,3.25,2007
Domori,Italy,Madagascar,70,3.5,2007
Domori,Italy,Madagascar,70,3.5,2007
Domori,Italy,Indonesia,70,3.75,2007
Domori,Italy,Venezuela,70,4,2007
Domori,Italy,Ecuador,70,4,2007
Domori,Italy,Venezuela,70,4,2007
Domori,Italy,Venezuela,70,3,2008
Domori,Italy,Colombia,70,3,2008
Domori,Italy,Blend,78,3.5,2008
Domori,Italy,Blend,70,3.75,2008
Domori,Italy,Venezuela,70,3,2010
Domori,Italy,Venezuela,70,3.5,2011
Domori,Italy,Tanzania,70,3.5,2012
Domori,Italy,Venezuela,70,3.75,2012
Domori,Italy,Venezuela,100,3,2013
Domori,Italy,Ecuador,70,3.75,2015
Domori,Italy,Venezuela,70,3.75,2015
Domori,Italy,Tanzania,70,4,2018
Dormouse,U.K.,Venezuela,70,2.5,2015
Dormouse,U.K.,Colombia,80,2.75,2015
Dormouse,U.K.,Madagascar,77,2.75,2015
Dormouse,U.K.,Grenada,75,2.75,2016
Dormouse,U.K.,Philippines,71.50,2.75,2018
Dormouse,U.K.,Guatemala,72,3.5,2018
Dormouse,U.K.,Peru,80,3.5,2018
Dormouse,U.K.,Belize,78,3.25,2021
Double Spiral,U.S.A.,Dominican Republic,75,2.5,2019
Double Spiral,U.S.A.,Tanzania,70,2.75,2019
Double Spiral,U.S.A.,Dominican Republic,75,3,2019
Duffy's,U.K.,Ecuador,70,2.5,2010
Duffy's,U.K.,Panama,70,3.5,2010
Duffy's,U.K.,Ecuador,72,3.75,2010
Duffy's,U.K.,Peru,70,3.75,2010
Duffy's,U.K.,Panama,72,3,2011
Duffy's,U.K.,Nicaragua,71,3.25,2011
Duffy's,U.K.,Dominican Republic,65,3.5,2011
Duffy's,U.K.,Venezuela,71,3.5,2011
Duffy's,U.K.,Honduras,72,3.75,2011
Duffy's,U.K.,Venezuela,72,3.75,2012
Duffy's,U.K.,Nicaragua,70,3.5,2014
Duffy's,U.K.,Nicaragua,76,3.75,2014
Duffy's,U.K.,Guatemala,70,4,2015
Duffy's,U.K.,Nigeria,70,2.75,2017
Duffy's,U.K.,Guatemala,80,3.25,2018
Duffy's,U.K.,Philippines,70,3.5,2019
Duffy's,U.K.,Nicaragua,70,3.5,2021
Dulcinea,U.S.A.,Dominican Republic,70,3.25,2015
Durand,France,Madagascar,82,2.75,2012
Durci,U.S.A.,Dominican Republic,70,3.25,2015
Durci,U.S.A.,Venezuela,70,3.25,2015
Durci,U.S.A.,Peru,70,3.5,2015
Durci,U.S.A.,Venezuela,70,3.5,2015
Durci,U.S.A.,Ecuador,70,4,2015
Durci,U.S.A.,Peru,70,4,2018
East Van Roasters,Canada,Peru,70,3.25,2014
East Van Roasters,Canada,Madagascar,70,3.5,2014
East Van Roasters,Canada,Dominican Republic,70,3.75,2014
Eau de Rose,Canada,Colombia,70,3.25,2016
Eau de Rose,Canada,Colombia,70,3.25,2016
Eclat (Felchlin),U.S.A.,Peru,72,2.75,2012
Eclat (Fruition),U.S.A.,Peru,80,3.5,2019
Edelmond,Germany,Venezuela,68,3,2016
El Buen,U.S.A.,Madagascar,70,3,2020
El Buen,U.S.A.,Colombia,70,3,2020
El Ceibo,Bolivia,Bolivia,71,2.75,2008
El Ceibo,Bolivia,Bolivia,75,3.75,2011
El Rey,Venezuela,Venezuela,70,2.75,2006
El Rey,Venezuela,Venezuela,74,2.5,2008
El Rey,Venezuela,Venezuela,58,2.5,2008
El Rey,Venezuela,Venezuela,61,3,2008
El Rey,Venezuela,Venezuela,60.5,2.75,2009
El Rey,Venezuela,Venezuela,70,3,2009
El Rey,Venezuela,Venezuela,70,3.75,2015
Eldora,U.S.A.,Guatemala,70,3.5,2019
Emerald Estate,St. Lucia,St. Lucia,60,2.75,2013
Emerald Estate,St. Lucia,St. Lucia,70,3.25,2013
Emily's,Japan,Venezuela,79,3,2015
Emily's,Japan,Peru,78,3.5,2015
Encuentro,France,Dominican Republic,70,3.25,2018
Encuentro,France,Haiti,70,3.5,2018
Encuentro,France,Guatemala,70,3.5,2018
Encuentro,France,Madagascar,70,3.5,2018
ENNA,U.S.A.,Honduras,75,3.25,2016
ENNA,U.S.A.,Vietnam,72,3,2018
ENNA,U.S.A.,Sierra Leone,70,2.5,2019
ENNA,U.S.A.,Tanzania,80,3,2019
ENNA,U.S.A.,Trinidad,72,3.5,2019
Enric Rovira (Claudio Corallo),Spain,Blend,80,3.25,2010
Erithaj (A. Morin),France,Vietnam,80,3,2014
Erithaj (A. Morin),France,Vietnam,70,3.25,2014
Erithaj (A. Morin),France,Vietnam,74,3.25,2014
Escazu,U.S.A.,Venezuela,72,3,2008
Escazu,U.S.A.,Costa Rica,65,2,2009
Escazu,U.S.A.,Blend,74,2.75,2009
Escazu,U.S.A.,Venezuela,81,3.5,2009
Escazu,U.S.A.,Venezuela,70,2.75,2012
Escazu,U.S.A.,Blend,65,3,2021
Escazu,U.S.A.,Colombia,70,3.5,2021
Ethel's Artisan (Mars),U.S.A.,Blend,55,2.5,2011
Ethel's Artisan (Mars),U.S.A.,Trinidad,55,2.5,2011
Ethel's Artisan (Mars),U.S.A.,Venezuela,70,2.5,2011
Ethel's Artisan (Mars),U.S.A.,Blend,62,2.5,2011
Ethel's Artisan (Mars),U.S.A.,Blend,62,2.75,2011
Ethereal,U.S.A.,Belize,80,3,2014
Ethereal,U.S.A.,Ecuador,80,3.5,2014
Ethereal,U.S.A.,Dominican Republic,80,3.75,2014
Ethereal,U.S.A.,Guatemala,80,3.5,2018
Ethereal,U.S.A.,Uganda,70,3,2021
Exquisito,U.S.A.,Peru,73,3,2019
Fearless (AMMA),U.S.A.,Brazil,75,2.75,2010
Feitoria Cacao,Portugal,Venezuela,76,2.5,2016
Feitoria Cacao,Portugal,Belize,76,2.75,2016
Feitoria Cacao,Portugal,Jamaica,76,3,2016
Felchlin,Switzerland,Blend,62,2,2006
Felchlin,Switzerland,Madagascar,64,3,2006
Felchlin,Switzerland,Venezuela,65,3,2006
Felchlin,Switzerland,Dominican Republic,74,3,2006
Felchlin,Switzerland,Ecuador,72,3.5,2006
Felchlin,Switzerland,Bolivia,68,4,2006
Felchlin,Switzerland,Grenada,58,3.5,2010
Finca,U.S.A.,Puerto Rico,65,2.25,2014
Finca,U.S.A.,Dominican Republic,85,2.5,2014
Finca,U.S.A.,Dominican Republic,80,3,2014
Finca,U.S.A.,Dominican Republic,70,3.25,2014
Finnia,Canada,Honduras,70,2.75,2020
Finnia,Canada,Colombia,70,2.75,2020
Finnia,Canada,Mexico,70,3,2020
Finnia,Canada,Blend,70,3.25,2020
Firetree,U.K.,Philippines,73,3.25,2019
Firetree,U.K.,Papua New Guinea,72,3.5,2019
Firetree,U.K.,Solomon Islands,69,3.5,2019
Firetree,U.K.,Vanuatu,72,3.75,2019
Five (5)Mile,U.S.A.,Belize,75,2.75,2018
Five (5)Mile,U.S.A.,Guatemala,75,2.75,2018
Five (5)Mile,U.S.A.,Colombia,75,3,2018
Five (5)Mile,U.S.A.,Dominican Republic,75,3.5,2018
FJAK,Norway,Madagascar,70,3,2018
FJAK,Norway,India,68,3.5,2018
FJAK,Norway,Tanzania,70,3.5,2018
Forever Cacao,U.K.,Peru,72,2.75,2014
Forteza (Cortes),Puerto Rico,Dominican Republic,70,2.75,2016
Forteza (Cortes),Puerto Rico,Dominican Republic,80,2.75,2016
Fossa,Singapore,Madagascar,70,2.75,2016
Fossa,Singapore,Ecuador,75,3.5,2016
Fossa,Singapore,Tanzania,67,3.75,2016
Fossa,Singapore,Dominican Republic,72,2.75,2018
Fossa,Singapore,Bolivia,70,3,2018
Fossa,Singapore,Indonesia,70,3,2018
Fossa,Singapore,Philippines,70,3.25,2018
Fossa,Singapore,Haiti,68,3.5,2018
Fossa,Singapore,Mexico,70,3,2019
Fossa,Singapore,Madagascar,70,3.5,2019
Fossa,Singapore,Indonesia,72,3.5,2021
Fossa,Singapore,Malaysia,72,3.5,2021
Foundry,New Zealand,Papua New Guinea,70,3,2019
Foundry,New Zealand,Bolivia,70,3,2019
Foundry,New Zealand,Vanuatu,70,3,2019
Foundry,New Zealand,Colombia,70,3,2019
Foundry,New Zealand,Tanzania,70,3.25,2019
Foundry,New Zealand,Ecuador,70,3.75,2019
Foundry,New Zealand,Peru,70,3.75,2019
Franceschi,Venezuela,Venezuela,60,3.5,2012
Franceschi,Venezuela,Venezuela,70,3.75,2012
Franceschi,Venezuela,Venezuela,70,3.5,2014
Franceschi,Venezuela,Venezuela,70,3.75,2014
Franceschi,Venezuela,Venezuela,60,2.5,2018
Franceschi,Venezuela,Venezuela,70,3,2018
Franceschi,Venezuela,Venezuela,85,3,2018
Franceschi,Venezuela,Venezuela,70,3.25,2018
Franceschi,Venezuela,Venezuela,72,3.5,2018
Frederic Blondeel,Belgium,Ghana,60,3.5,2014
Frederic Blondeel,Belgium,Madagascar,65,3.5,2014
Frederic Blondeel,Belgium,Vietnam,80,3,2015
Frederic Blondeel,Belgium,Costa Rica,70,3.5,2015
Frederic Blondeel,Belgium,Peru,75,3.5,2015
French Broad,U.S.A.,Peru,70,3.5,2011
French Broad,U.S.A.,Dominican Republic,65,3.5,2011
French Broad,U.S.A.,Peru,81,2,2012
French Broad,U.S.A.,Peru,70,2.5,2012
French Broad,U.S.A.,Peru,66,3.5,2012
French Broad,U.S.A.,Peru,66,3.5,2013
French Broad,U.S.A.,Costa Rica,80,3,2014
French Broad,U.S.A.,Nicaragua,68,3.25,2014
French Broad,U.S.A.,Guatemala,73,3.5,2015
French Broad,U.S.A.,Peru,70,3.5,2017
French Broad,U.S.A.,India,71,3.25,2019
Fresco,U.S.A.,Jamaica,80,2.75,2009
Fresco,U.S.A.,Jamaica,70,3,2009
Fresco,U.S.A.,Jamaica,70,3.25,2009
Fresco,U.S.A.,Venezuela,65,3.5,2009
Fresco,U.S.A.,Ghana,74,2.75,2011
Fresco,U.S.A.,Madagascar,74,2.75,2011
Fresco,U.S.A.,Madagascar,74,3,2011
Fresco,U.S.A.,Jamaica,70,3.25,2011
Fresco,U.S.A.,Dominican Republic,72,3.25,2011
Fresco,U.S.A.,Venezuela,76,3.25,2011
Fresco,U.S.A.,Dominican Republic,72,3.5,2011
Fresco,U.S.A.,Jamaica,70,3.5,2011
Fresco,U.S.A.,Venezuela,70,4,2011
Fresco,U.S.A.,Papua New Guinea,69,3,2012
Fresco,U.S.A.,Papua New Guinea,69,3.5,2012
Fresco,U.S.A.,Papua New Guinea,69,3.5,2012
Fresco,U.S.A.,Madagascar,74,4,2012
Fresco,U.S.A.,Papua New Guinea,69,4,2012
Fresco,U.S.A.,Dominican Republic,72,3.25,2013
Fresco,U.S.A.,Dominican Republic,72,3.75,2013
Fresco,U.S.A.,Peru,70,3.75,2013
Fresco,U.S.A.,Peru,70,4,2013
Fresco,U.S.A.,Peru,70,3,2014
Fresco,U.S.A.,Peru,70,3.5,2014
Fresco,U.S.A.,Peru,70,3.5,2014
Fresco,U.S.A.,Peru,70,3.5,2014
Fresco,U.S.A.,Guatemala,70,3.5,2017
Fresco,U.S.A.,Guatemala,70,3.5,2017
Fresco,U.S.A.,Guatemala,70,3.75,2017
Fresco,U.S.A.,Venezuela,72,3.25,2018
Fresco,U.S.A.,Venezuela,72,3.5,2018
Fresco,U.S.A.,Peru,74,3,2021
Fresco,U.S.A.,Ghana,68,3.25,2021
Fresco,U.S.A.,Peru,74,3.25,2021
Fresco,U.S.A.,Ghana,68,3.5,2021
Fresco,U.S.A.,Nicaragua,70,3.5,2021
Fresco,U.S.A.,Madagascar,70,3.5,2021
Fresco,U.S.A.,Nicaragua,70,3.75,2021
Fresco,U.S.A.,Venezuela,68,4,2021
Fresh Coast,U.S.A.,Brazil,70,3.5,2017
Fresh Coast,U.S.A.,Tanzania,70,3.75,2017
Fresh Coast aka Just Good Choc.,U.S.A.,Belize,70,3.5,2014
Fresh Coast aka Just Good Choc.,U.S.A.,Madagascar,70,3.5,2014
Fresh Coast aka Just Good Choc.,U.S.A.,Peru,70,4,2014
Friis Holm,Denmark,Nicaragua,70,3.5,2016
Friis Holm,Denmark,Nicaragua,70,3.75,2017
Friis Holm,Denmark,Nicaragua,60,3,2018
Friis Holm,Denmark,Nicaragua,70,3,2018
Friis Holm,Denmark,Nicaragua,70,3.25,2018
Friis Holm,Denmark,Nicaragua,70,3.25,2018
Friis Holm,Denmark,Nicaragua,68,3.5,2018
Friis Holm,Denmark,Nicaragua,70,3.5,2018
Friis Holm,Denmark,Nicaragua,70,3.75,2018
Friis Holm,Denmark,Nicaragua,70,3.75,2018
Friis Holm,Denmark,Nicaragua,70,3.75,2018
Friis Holm,Denmark,Guatemala,70,4,2018
Friis Holm,Denmark,Nicaragua,70,4,2018
Friis Holm (Bonnat),Denmark,Nicaragua,70,3.25,2011
Friis Holm (Bonnat),Denmark,Nicaragua,70,3.5,2011
Friis Holm (Bonnat),Denmark,Nicaragua,70,3.5,2011
Friis Holm (Bonnat),Denmark,Nicaragua,70,3.25,2012
Friis Holm (Bonnat),Denmark,Honduras,70,3.25,2012
Friis Holm (Bonnat),Denmark,Nicaragua,70,3.25,2012
Friis Holm (Bonnat),Denmark,Nicaragua,70,3.75,2012
Friis Holm (Bonnat),Denmark,Nicaragua,70,3.25,2013
Friis Holm (Bonnat),Denmark,Nicaragua,70,3.5,2013
Friis Holm (Bonnat),Denmark,Nicaragua,70,3.5,2014
Friis Holm (Bonnat),Denmark,Nicaragua,60,3,2015
Friis Holm (Bonnat),Denmark,Nicaragua,85,3.25,2015
Fruition,U.S.A.,Costa Rica,70,3,2011
Fruition,U.S.A.,Costa Rica,66,3.25,2011
Fruition,U.S.A.,Peru,70,2.5,2012
Fruition,U.S.A.,Ecuador,75,3,2013
Fruition,U.S.A.,Dominican Republic,70,3.75,2013
Fruition,U.S.A.,Peru,76,3,2014
Fruition,U.S.A.,Trinidad,70,3.75,2014
Fruition,U.S.A.,Bolivia,74,3.75,2016
Fruition,U.S.A.,Costa Rica,74,4,2016
Fruition,U.S.A.,Colombia,85,3.5,2019
Fruition,U.S.A.,Madagascar,74,3.75,2019
Fruition,U.S.A.,Dominican Republic,77,3.25,2021
Fruition,U.S.A.,Dominican Republic,68,3.75,2021
Fruition,U.S.A.,Peru,72,3.75,2021
Fu Wan,Taiwan,Taiwan,70,2.5,2018
Fu Wan,Taiwan,Madagascar,70,3,2018
Fu Wan,Taiwan,Tanzania,70,3,2018
Fu Wan,Taiwan,Venezuela,70,3.5,2018
Garden Island,U.S.A.,U.S.A.,85,2.5,2014
Georgia Ramon,Germany,Madagascar,65,3.25,2015
Georgia Ramon,Germany,Dominican Republic,70,3.5,2015
Georgia Ramon,Germany,Dominican Republic,80,3.5,2015
Georgia Ramon,Germany,Madagascar,75,3.5,2015
Georgia Ramon,Germany,Ghana,70,4,2015
Georgia Ramon,Germany,St. Lucia,77,3.5,2017
Georgia Ramon,Germany,Venezuela,75,3.5,2017
Georgia Ramon,Germany,Guatemala,72,2.75,2018
Georgia Ramon,Germany,Venezuela,75,2.75,2019
Glennmade,U.S.A.,Brazil,66,3,2015
Glennmade,U.S.A.,Belize,70,3.5,2016
Goodnow Farms,U.S.A.,Mexico,77,2.75,2016
Goodnow Farms,U.S.A.,Guatemala,77,3.25,2016
Goodnow Farms,U.S.A.,Nicaragua,77,3.25,2016
Goodnow Farms,U.S.A.,Peru,70,3.25,2017
Goodnow Farms,U.S.A.,Colombia,73,2.5,2019
Goodnow Farms,U.S.A.,Costa Rica,73,3,2019
Goodnow Farms,U.S.A.,Ecuador,70,3.75,2021
Gotham,U.S.A.,Belize,70,2.75,2018
Gotham,U.S.A.,India,70,3,2021
Gotham,U.S.A.,Bolivia,70,3.25,2021
Gotham,U.S.A.,Dominican Republic,70,3.25,2021
Grand Place,Vietnam,Vietnam,72,3,2011
Great Lakes,U.S.A.,Madagascar,72,3.5,2021
Great Lakes,U.S.A.,Tanzania,70,3.5,2021
Great Lakes,U.S.A.,Dominican Republic,75,3.5,2021
Great Lakes,U.S.A.,Vietnam,73,3.5,2021
Green & Black's (ICAM),U.K.,Blend,70,2.5,2006
Green Bean to Bar,Japan,Madagascar,70,3.5,2016
Green Bean to Bar,Japan,Peru,73,2.5,2019
Green Door,U.K.,India,70,3,2021
Grenada Chocolate Co.,Grenada,Grenada,71,2.5,2008
Grenada Chocolate Co.,Grenada,Grenada,60,2.75,2009
Grenada Chocolate Co.,Grenada,Grenada,82,3.25,2010
Guido Castagna,Italy,Ecuador,64,3,2009
Guido Castagna,Italy,Ghana,64,3,2009
Guido Castagna,Italy,Blend,64,3,2009
Guido Castagna,Italy,Venezuela,76,3,2009
Guido Castagna,Italy,Blend,64,3.25,2009
Guido Castagna,Italy,Madagascar,70,2.75,2018
Guittard,U.S.A.,Venezuela,65,2.5,2006
Guittard,U.S.A.,Colombia,65,3,2006
Guittard,U.S.A.,Blend,61,3,2006
Guittard,U.S.A.,Madagascar,65,3.5,2006
Guittard,U.S.A.,Ecuador,65,3.5,2006
Guittard,U.S.A.,Blend,61,3.5,2006
Guittard,U.S.A.,Blend,72,3.5,2007
Guittard,U.S.A.,Peru,65,3,2008
Guittard,U.S.A.,Blend,64,3,2008
Guittard,U.S.A.,Venezuela,65,3.5,2008
Guittard,U.S.A.,U.S.A.,55,3,2009
Guittard,U.S.A.,Blend,91,3,2009
Guittard,U.S.A.,Blend,70,3.5,2009
Guittard,U.S.A.,Trinidad,65,3,2010
Guittard,U.S.A.,Blend,72,2.75,2011
Guittard,U.S.A.,Blend,61,3.25,2011
Guittard,U.S.A.,Blend,72,3.25,2011
Guittard,U.S.A.,Haiti,65,2.75,2013
Guittard,U.S.A.,Nicaragua,65,2.75,2013
Guittard,U.S.A.,Jamaica,65,3.25,2013
Guittard,U.S.A.,Ecuador,65,3.5,2013
Guittard,U.S.A.,Blend,70,3.75,2015
Habitual,Canada,Blend,100,2,2014
Habitual,Canada,Papua New Guinea,80,2.75,2014
Habitual,Canada,Blend,74,2.75,2014
Habitual,Canada,Blend,65,2.75,2014
Habitual,Canada,Blend,70,3,2014
Habitual,Canada,Blend,80,3,2014
Habitual,Canada,Dominican Republic,75,3.25,2014
Habitual,Canada,U.S.A.,66,3.25,2014
Habitual,Canada,Blend,70,3.5,2014
Hachez,Germany,Ecuador,77,2.5,2007
Hacienda El Castillo,Ecuador,Ecuador,55,2.75,2014
Hacienda El Castillo,Ecuador,Ecuador,70,3,2014
Haigh,Australia,Blend,70,3,2011
Harper Macaw,U.S.A.,Brazil,67,3,2015
Harper Macaw,U.S.A.,Brazil,77,3.5,2015
Harper Macaw,U.S.A.,Brazil,74,3.5,2015
Harper Macaw,U.S.A.,Brazil,85,3.25,2016
Harper Macaw,U.S.A.,Brazil,75,3,2018
Harris & James,U.K.,India,70,3,2019
Harris & James,U.K.,Vietnam,70,3.25,2019
Hazel Hill,U.S.A.,Peru,65,2.75,2019
Hazel Hill,U.S.A.,Tanzania,72,3.25,2019
Hazel Hill,U.S.A.,Dominican Republic,70,3.5,2019
Hecho,Mexico,Mexico,70,3.5,2021
Heilemann,Germany,Peru,64,2.75,2016
Heinde & Verre,Netherlands,Indonesia,71,2.5,2019
Heinde & Verre,Netherlands,Blend,71,2.5,2019
Heinde & Verre,Netherlands,Venezuela,71,3,2019
Heirloom Cacao Preservation (Brasstown),U.S.A.,Belize,70,3.25,2016
Heirloom Cacao Preservation (Fruition),U.S.A.,Costa Rica,74,3.5,2016
Heirloom Cacao Preservation (Guittard),U.S.A.,Bolivia,67,3,2014
Heirloom Cacao Preservation (Guittard),U.S.A.,Bolivia,67,3.5,2014
Heirloom Cacao Preservation (Guittard),U.S.A.,Ecuador,67,3.75,2014
Heirloom Cacao Preservation (Guittard),U.S.A.,U.S.A.,67,3.75,2014
Heirloom Cacao Preservation (Manoa),U.S.A.,U.S.A.,72,3.5,2016
Heirloom Cacao Preservation (Millcreek),U.S.A.,Ecuador,70,3.5,2016
Heirloom Cacao Preservation (Mindo),U.S.A.,Ecuador,77,3.5,2016
Heirloom Cacao Preservation (Zokoko),U.S.A.,Bolivia,68,3.75,2016
Heirloom Cacao Preservation (Zokoko),U.S.A.,Bolivia,72,4,2016
hello cocoa (now Markham & Fitz),U.S.A.,Uganda,57,2.75,2015
hello cocoa (now Markham & Fitz),U.S.A.,Venezuela,74,3.5,2015
Hemisphere,U.S.A.,Ecuador,70,2.75,2021
Hemisphere,U.S.A.,Nicaragua,70,3.25,2021
hexx,U.S.A.,Tanzania,70,2.75,2015
hexx,U.S.A.,Madagascar,74,3,2015
hexx,U.S.A.,Venezuela,70,3,2015
hexx,U.S.A.,Ecuador,73,3.25,2015
hexx,U.S.A.,Peru,70,3.25,2015
hexx,U.S.A.,Peru,70,2.25,2018
hexx,U.S.A.,Ecuador,73,2.5,2018
hexx,U.S.A.,Madagascar,74,2.75,2018
hexx,U.S.A.,Tanzania,70,3,2018
hexx,U.S.A.,Dominican Republic,71,3.5,2018
Hogarth,New Zealand,Madagascar,70,2.75,2016
Hogarth,New Zealand,Venezuela,72,2.75,2016
Hogarth,New Zealand,Dominican Republic,75,3.25,2016
Hogarth,New Zealand,Peru,66,3.5,2016
Hogarth,New Zealand,Venezuela,68,3.25,2019
Hogarth,New Zealand,Ecuador,85,3.5,2019
Hoja Verde (Tulicorp),Ecuador,Ecuador,80,2,2009
Hoja Verde (Tulicorp),Ecuador,Ecuador,80,2.5,2009
Hoja Verde (Tulicorp),Ecuador,Ecuador,72,3,2009
Hoja Verde (Tulicorp),Ecuador,Ecuador,58,3.25,2009
Hoja Verde (Tulicorp),Ecuador,Ecuador,58,3.5,2009
Holy Cacao,Israel,Ivory Coast,70,2.5,2009
Holy Cacao,Israel,Dominican Republic,70,2.75,2009
Holy Cacao,Israel,Peru,70,3.5,2009
Holy Cacao,Israel,Dominican Republic,75,3.75,2009
Holy Cacao,Israel,Ecuador,70,3.5,2015
Holy Cacao,Israel,Madagascar,70,3.5,2015
Holy Cacao,Israel,Trinidad,70,3.5,2015
Holy Cacao,Israel,Venezuela,70,3.5,2015
Holy Cacao,Israel,Peru,70,2.75,2016
Honest,South Africa,Ecuador,72,2.5,2014
Hotel Chocolat,U.K.,St. Lucia,100,1.75,2013
Hotel Chocolat,U.K.,St. Lucia,70,4,2013
Hotel Chocolat,U.K.,St. Lucia,70,2.75,2015
Hotel Chocolat,U.K.,Colombia,75,2.75,2018
Hotel Chocolat,U.K.,Honduras,72,3,2019
Hotel Chocolat,U.K.,Tanzania,80,3,2019
Hotel Chocolat (Coppeneur),U.K.,Uganda,80,2.5,2008
Hotel Chocolat (Coppeneur),U.K.,Tanzania,75,2.75,2008
Hotel Chocolat (Coppeneur),U.K.,St. Lucia,72,3,2008
Hotel Chocolat (Coppeneur),U.K.,Sao Tome,72,3,2008
Hotel Chocolat (Coppeneur),U.K.,Ecuador,70,2.75,2010
Hotel Chocolat (Coppeneur),U.K.,Venezuela,70,2.75,2010
Hotel Chocolat (Coppeneur),U.K.,Dominican Republic,70,3,2010
Hotel Chocolat (Coppeneur),U.K.,Ecuador,80,3,2011
Hotel Chocolat (Coppeneur),U.K.,St. Lucia,65,3,2011
Hotel Chocolat (Coppeneur),U.K.,St. Lucia,65,3.25,2011
Hotel Chocolat (Coppeneur),U.K.,Madagascar,66,3.5,2012
Hotel Chocolat (Coppeneur),U.K.,Ecuador,100,2.5,2013
Hotel Chocolat (Coppeneur),U.K.,Peru,100,2.75,2013
Hotel Chocolat (Coppeneur),U.K.,Dominican Republic,100,2.75,2013
Hotel Chocolat (Coppeneur),U.K.,Trinidad,75,3,2013
Hotel Chocolat (Coppeneur),U.K.,Ecuador,90,3,2013
Hotel Chocolat (Coppeneur),U.K.,Madagascar,72,3,2013
Hotel Chocolat (Coppeneur),U.K.,Vietnam,80,3.5,2013
Hotel Chocolat (Coppeneur),U.K.,Ecuador,82,3.5,2013
Hummingbird,Canada,Venezuela,70,3.25,2013
Hummingbird,Canada,Venezuela,70,3.75,2013
Hummingbird,Canada,Bolivia,70,3,2014
Hummingbird,Canada,Bolivia,70,3,2014
Hummingbird,Canada,Nicaragua,70,3,2014
Hummingbird,Canada,Dominican Republic,70,3.5,2014
Hummingbird,Canada,Dominican Republic,70,3.75,2014
Hummingbird,Canada,Vietnam,70,3.5,2015
Idilio (Felchlin),Switzerland,Venezuela,72,3.25,2011
Idilio (Felchlin),Switzerland,Venezuela,72,3.5,2011
Idilio (Felchlin),Switzerland,Venezuela,72,3.75,2011
Idilio (Felchlin),Switzerland,Venezuela,72,3.75,2011
Idilio (Felchlin),Switzerland,Venezuela,72,3.75,2011
Idilio (Felchlin),Switzerland,Venezuela,74,4,2011
Idilio (Felchlin),Switzerland,Venezuela,70,4,2011
Idilio (Felchlin),Switzerland,Venezuela,72,4,2011
Idilio (Felchlin),Switzerland,Venezuela,72,4,2011
Idilio (Felchlin),Switzerland,Venezuela,72,3.75,2013
Indah,India,India,61,2.5,2016
Indi,U.S.A.,Honduras,77,3,2014
Indi,U.S.A.,Vietnam,72,3.25,2017
iQ Chocolate,Scotland,Peru,72,2.75,2012
iQ Chocolate,Scotland,Peru,72,3,2012
Isidro,U.S.A.,Peru,72,2.25,2014
Isidro,U.S.A.,Belize,72,3.25,2014
Isidro,U.S.A.,Dominican Republic,72,3.25,2014
Isidro,U.S.A.,Madagascar,72,3.5,2014
Islands Chocolate,St.Vincent-Grenadines,St.Vincent-Grenadines,72,2.75,2018
Izard,U.S.A.,Dominican Republic,70,2.75,2015
Izard,U.S.A.,Belize,70,3.5,2015
Jacque Torres,U.S.A.,Ghana,71,2,2006
Jean Marie Auboine,U.S.A.,Venezuela,72,3.25,2018
Johnny Iuzzini,U.S.A.,Jamaica,67,3,2017
Johnny Iuzzini,U.S.A.,Peru,75,3,2017
Johnny Iuzzini,U.S.A.,Venezuela,72,3.5,2017
Johnny Iuzzini,U.S.A.,Vietnam,65,3.5,2017
Johnny Iuzzini,U.S.A.,Ecuador,70,3.5,2017
Johnny Iuzzini,U.S.A.,Madagascar,68,3.5,2017
Johnny Iuzzini,U.S.A.,Ecuador,78,3.75,2017
Johnny Iuzzini,U.S.A.,India,66,3,2018
Johnny Iuzzini,U.S.A.,Colombia,73,3.25,2018
Johnny Iuzzini,U.S.A.,Trinidad,80,3.25,2018
Jordis,Czech Republic,Madagascar,63,2.75,2015
Jordis,Czech Republic,Venezuela,75,2.75,2020
Kad Kokoa,Thailand,Thailand,70,3,2018
Kad Kokoa,Thailand,Thailand,70,3.5,2018
Kad Kokoa,Thailand,Thailand,70,3.5,2018
Kad Kokoa,Thailand,Thailand,70,3.75,2018
Kah Kow,Dominican Republic,Dominican Republic,82,3,2013
Kah Kow,Dominican Republic,Dominican Republic,55,3.25,2013
Kah Kow,Dominican Republic,Dominican Republic,62,3.25,2013
Kah Kow,Dominican Republic,Dominican Republic,70,3.5,2013
Kah Kow,U.S.A.,Dominican Republic,68,3.75,2020
Kah Kow,U.S.A.,Dominican Republic,70,3.75,2020
Kah Kow,U.S.A.,Dominican Republic,67,3.75,2020
Kah Kow - USA,Dominican Republic,Dominican Republic,70,3,2019
Kah Kow - USA,U.S.A.,Dominican Republic,72,3,2019
Kah Kow - USA,Dominican Republic,Dominican Republic,71.50,3.5,2019
Kah Kow - USA,Dominican Republic,Dominican Republic,68,3.75,2019
Kah Kow - USA,U.S.A.,Dominican Republic,65,3.75,2019
Kaitxo,Spain,Nicaragua,75,3,2019
Kaitxo,Spain,Peru,75,3,2019
Kaitxo,Spain,Tanzania,75,3.25,2019
Kakao,Germany,Vanuatu,65,3.75,2009
Kakao,Germany,Peru,64,2.5,2012
Kallari (Ecuatoriana),Ecuador,Ecuador,85,2.5,2008
Kallari (Ecuatoriana),Ecuador,Ecuador,75,2.5,2008
Kallari (Ecuatoriana),Ecuador,Ecuador,75,2.75,2008
Kallari (Ecuatoriana),Ecuador,Ecuador,85,2.75,2008
Kallari (Ecuatoriana),Ecuador,Ecuador,70,3,2008
Kallari (Ecuatoriana),Ecuador,Ecuador,85,3,2008
Kallari (Ecuatoriana),Ecuador,Ecuador,85,3,2008
Kallari (Ecuatoriana),Ecuador,Ecuador,70,3.5,2008
Kaoka (Cemoi),France,Blend,70,2.75,2009
Kaoka (Cemoi),France,Ecuador,80,2.75,2009
Kasama,Canada,Philippines,70,3.25,2021
Kasama,Canada,Papua New Guinea,70,3.5,2021
Kerchner,U.S.A.,Dominican Republic,70,3.75,2013
Ki' Xocolatl,Mexico,Mexico,72,2,2009
Kin + Pod,Canada,Colombia,70,3.25,2020
Kiskadee,U.S.A.,Dominican Republic,60,3,2014
Krak,Amsterdam,Belize,70,3,2017
Krak,Amsterdam,Vietnam,70,3,2017
Krak,Amsterdam,Mexico,70,3.25,2017
Krak,Amsterdam,Madagascar,70,3,2018
Krak,Amsterdam,Philippines,70,3.25,2018
Krak,Amsterdam,Mexico,70,3.75,2018
Krak,Netherlands,Colombia,70,3,2019
Krak,Amsterdam,Papua New Guinea,70,3.25,2019
Kto,U.S.A.,Peru,72,2.5,2014
Kto,U.S.A.,Venezuela,72,2.75,2014
Kto,U.S.A.,Belize,72,3,2014
Kto,U.S.A.,Madagascar,72,3.25,2014
Kto,U.S.A.,Belize,90,3.25,2014
Kto,U.S.A.,Dominican Republic,72,3.25,2014
Kto,U.S.A.,Dominican Republic,72,3.25,2014
K'ul,U.S.A.,Peru,70,2.75,2016
K'ul,U.S.A.,Haiti,70,3.25,2016
K'ul,U.S.A.,Brazil,70,3.75,2016
K'ul,U.S.A.,Ecuador,70,3.75,2016
Kyya,U.S.A.,Uganda,72.5,2.5,2014
Kyya,U.S.A.,Ecuador,72.5,2.5,2014
Kyya,U.S.A.,Dominican Republic,72.5,3,2014
Kyya,U.S.A.,Madagascar,72.5,3,2014
L.A. Burdick (Felchlin),U.S.A.,Bolivia,68,3,2009
L.A. Burdick (Felchlin),U.S.A.,Madagascar,64,3.5,2009
L.A. Burdick (Felchlin),U.S.A.,Venezuela,71,3,2010
L.A. Burdick (Felchlin),U.S.A.,Grenada,75,3.25,2010
L.A. Burdick (Felchlin),U.S.A.,Dominican Republic,74,3.75,2010
L.A. Burdick (Felchlin),U.S.A.,Ecuador,74,3.75,2011
L.A. Burdick (Felchlin),U.S.A.,Peru,74,3.25,2012
L.A. Burdick (Felchlin),U.S.A.,Venezuela,68,3.75,2012
L.A. Burdick (Felchlin),U.S.A.,Brazil,70,4,2012
La Cascade du Chocolat,U.S.A.,Fiji,68,3,2019
La Chocolaterie Nanairo,Japan,Peru,70,2.25,2016
La Chocolaterie Nanairo,Japan,Peru,70,2.5,2016
La Chocolaterie Nanairo,Japan,Belize,70,3,2016
La Chocolaterie Nanairo,Japan,Peru,70,3,2016
La Chorena,U.S.A.,Dominican Republic,70,3,2018
La Chorena,U.S.A.,Peru,75,3,2018
La Chorena,U.S.A.,Belize,70,3.25,2018
La Chorena,U.S.A.,Guatemala,70,3.25,2018
La Feverie (Hasnaa),France,Belize,70,3.5,2018
La Feverie (Hasnaa),France,Guatemala,70,3.5,2018
La Feverie (Hasnaa),France,Peru,72,3.5,2019
La Maison du Chocolat (Valrhona),France,Blend,74,3.5,2008
La Maison du Chocolat (Valrhona),France,Blend,60,3,2009
La Maison du Chocolat (Valrhona),France,Ghana,68,3.25,2009
La Maison du Chocolat (Valrhona),France,Venezuela,69,3.5,2009
La Maison du Chocolat (Valrhona),France,Blend,60,3.75,2009
La Maison du Chocolat (Valrhona),France,Grenada,68,3.5,2011
La Maison du Chocolat (Valrhona),France,Dominican Republic,66,3.5,2012
La Maison du Chocolat (Valrhona),France,Blend,74,2.75,2013
La Maison du Chocolat (Valrhona),France,Tobago,60,3.25,2013
La Maison du Chocolat (Valrhona),France,Ecuador,56,3.25,2013
La Oroquidea,Peru,Peru,72,2.5,2011
La Pepa de Oro,Ecuador,Ecuador,60,3.25,2011
La Rifa,Mexico,Mexico,70,3,2018
La Rifa,Mexico,Mexico,70,3.5,2018
La Rifa,Mexico,Mexico,70,3.5,2018
Laia aka Chat-Noir,France,Cuba,70,2.75,2014
Laia aka Chat-Noir,France,Blend,68,2.75,2014
Laia aka Chat-Noir,France,Madagascar,75,2.75,2015
Laia aka Chat-Noir,France,Vietnam,75,2.75,2015
Laia aka Chat-Noir,France,Cuba,75,3,2015
Laia aka Chat-Noir,France,Ivory Coast,75,3,2015
Laia aka Chat-Noir,France,Peru,75,3.25,2015
Laia aka Chat-Noir,France,Brazil,75,3.25,2015
Laia aka Chat-Noir,France,Sao Tome,75,3.5,2015
Laia aka Chat-Noir,France,Vietnam,75,3.75,2015
Lajedo do Ouro,Brazil,Brazil,70,3.5,2012
Lake Champlain (Callebaut),U.S.A.,Tanzania,75,2.5,2009
L'Amourette,U.S.A.,Venezuela,75,3,2012
L'Amourette,U.S.A.,Venezuela,75,3,2012
L'Amourette,U.S.A.,Blend,72,3,2012
L'Amourette,U.S.A.,Nicaragua,80,3.5,2016
Land,U.K.,Nicaragua,71,3,2018
Land,U.K.,Honduras,70,3.25,2018
Land,U.K.,Nicaragua,73,3.5,2018
Landmark (Amano),U.S.A.,Bolivia,74,3.75,2017
Legast,Belgium,Colombia,70,2.75,2019
Legast,Belgium,Costa Rica,70,3.25,2019
Legast,Belgium,Peru,70,3.5,2019
Letterpress,U.S.A.,Peru,70,3.5,2014
Letterpress,U.S.A.,Costa Rica,70,3,2015
Letterpress,U.S.A.,Bolivia,70,3.25,2015
Letterpress,U.S.A.,Dominican Republic,70,3.25,2015
Letterpress,U.S.A.,Trinidad,70,3.5,2015
Letterpress,U.S.A.,Tanzania,70,3.5,2015
Letterpress,U.S.A.,Liberia,70,3.25,2016
Letterpress,U.S.A.,Belize,70,3.25,2017
Letterpress,U.S.A.,Honduras,70,3.5,2017
Letterpress,U.S.A.,Peru,70,4,2017
Letterpress,U.S.A.,Ghana,70,3.75,2018
Letterpress,U.S.A.,Jamaica,70,3.25,2019
Letterpress,U.S.A.,Bolivia,70,3.25,2019
Letterpress,U.S.A.,Sao Tome & Principe,70,3.5,2021
Letterpress,U.S.A.,U.S.A.,70,3.75,2021
Levy,Finland,Madagascar,71,3.5,2014
Lilla,Finland,Madagascar,70,3,2016
Lillie Belle,U.S.A.,Blend,75,2.75,2012
Lillie Belle,U.S.A.,Dominican Republic,74,3,2012
Lillie Belle,U.S.A.,Peru,65,3.5,2012
Lillie Belle,U.S.A.,Bolivia,68,3.5,2012
Lillie Belle,U.S.A.,Bolivia,68,3.5,2012
Lillie Belle,U.S.A.,Peru,68,3.75,2012
Lindt & Sprungli,Switzerland,Blend,85,3,2007
Lirio,U.S.A.,Sierra Leone,72,2.5,2020
Lirio,U.S.A.,India,72,3,2020
Lirio,U.S.A.,Vietnam,72,3,2020
Loiza,Puerto Rico,Puerto Rico,65,2.5,2013
Lonohana,U.S.A.,U.S.A.,71,3,2013
Lonohana,U.S.A.,U.S.A.,72,3,2013
Lonohana,U.S.A.,U.S.A.,70,3.5,2013
Lonohana,U.S.A.,U.S.A.,65,3.25,2014
Lonohana,U.S.A.,U.S.A.,70,3.75,2014
Lonohana,U.S.A.,U.S.A.,75,3.75,2014
Loon,U.S.A.,Bolivia,70,2.75,2021
Loon,U.S.A.,Belize,75,3,2021
Love Bar,U.S.A.,Nicaragua,75,2,2015
Love Brown,Taiwan,Nicaragua,75,2.5,2018
Love Brown,Taiwan,Sumatra,70,3,2018
Love Brown,Taiwan,Nicaragua,80,3.25,2018
Love Brown,Taiwan,Nicaragua,78,3.5,2018
Luisa Abram,Brazil,Brazil,81,3.25,2017
Luisa Abram,Brazil,Brazil,70,3,2018
Luisa Abram,Brazil,Brazil,70,3.25,2021
Luisa's Vegan,U.K.,Papua New Guinea,72,3.25,2020
Luker,Colombia,Blend,46,2.75,2010
Luker,Colombia,Blend,60,3,2010
Luker,Colombia,Blend,58,3,2010
Luker,Colombia,Colombia,65,3.5,2010
Lumineux,U.S.A.,India,72,3,2020
Lumineux,U.S.A.,Madagascar,73,3.25,2020
Lumineux,U.S.A.,Tanzania,75,3.25,2020
Lumineux,U.S.A.,Uganda,68,3.25,2020
Lumineux,U.S.A.,Ivory Coast,67,3.5,2020
Machu Picchu Trading Co.,Peru,Peru,55,2.25,2010
Machu Picchu Trading Co.,Peru,Peru,70,1.5,2011
MaDe Atlantic City Chocolate Bar,U.S.A.,Uganda,75,2.5,2019
MaDe Atlantic City Chocolate Bar,U.S.A.,Ghana,75,2.75,2019
Madecasse (Cinagra),Madagascar,Madagascar,67,3.5,2008
Madecasse (Cinagra),Madagascar,Madagascar,75,3.5,2008
Madecasse (Cinagra),Madagascar,Madagascar,70,3.75,2008
Madecasse (Cinagra),Madagascar,Madagascar,63,4,2008
Madhu,U.S.A.,Colombia,70,2.5,2021
Madre,U.S.A.,Mexico,72,2.75,2010
Madre,U.S.A.,Dominican Republic,70,2.5,2011
Madre,U.S.A.,Costa Rica,70,2.75,2011
Madre,U.S.A.,U.S.A.,70,3.25,2012
Madre,U.S.A.,U.S.A.,70,3.25,2012
Madre,U.S.A.,U.S.A.,70,3.5,2012
Madre,U.S.A.,Puerto Rico,70,2.75,2013
Madre,U.S.A.,U.S.A.,70,2.75,2013
Madre,U.S.A.,Mexico,70,2.75,2013
Madre,U.S.A.,Brazil,70,3.5,2013
Madre,U.S.A.,Solomon Islands,73,3.5,2017
Maglio,Italy,Tanzania,75,2,2008
Maglio,Italy,Ecuador,70,3,2008
Maglio,Italy,Cuba,70,3.25,2008
Maglio,Italy,Dominican Republic,70,3.75,2008
Majani,Italy,Ecuador,70,2,2010
Malagasy (Chocolaterie Robert),Madagascar,Madagascar,75,2.75,2007
Malagasy (Chocolaterie Robert),Madagascar,Madagascar,73,3.5,2007
Malagos,Philippines,Philippines,65,3.5,2013
Malai,Thailand,Thailand,70,2.75,2018
Malie Kai (Guittard),U.S.A.,U.S.A.,55,2.75,2009
Malie Kai (Guittard),U.S.A.,U.S.A.,55,3.5,2010
Malmo,Sweden,Venezuela,70,3,2016
Mana,U.S.A.,Dominican Republic,74,3.75,2012
Mana,U.S.A.,Peru,74,2.5,2014
Mana,U.S.A.,Venezuela,74,2.75,2014
Mana,U.S.A.,Ecuador,74,2.5,2015
Manifesto Cacao,Colombia,Colombia,70,2.75,2014
Manoa,U.S.A.,U.S.A.,72,2.75,2012
Manoa,U.S.A.,Peru,72,3,2012
Manoa,U.S.A.,Liberia,72,3.25,2012
Manoa,U.S.A.,U.S.A.,72,3.25,2012
Manoa,U.S.A.,U.S.A.,72,3.75,2013
Manoa,U.S.A.,Papua New Guinea,72,3.5,2015
Manoa,U.S.A.,Costa Rica,72,3.75,2015
Manoa,U.S.A.,Peru,70,3.25,2017
Manoa,U.S.A.,U.S.A.,70,3.5,2019
Manufaktura Czekolady,Poland,Dominican Republic,70,3.25,2012
Manufaktura Czekolady,Poland,Ecuador,70,3.25,2012
Manufaktura Czekolady,Poland,Ghana,70,3.5,2012
Manufaktura Czekolady,Poland,Colombia,85,3.5,2014
Manufaktura Czekolady,Poland,Venezuela,70,3.75,2014
Manufaktura Czekolady,Poland,Peru,70,3.5,2016
Manufaktura Czekolady,Poland,Nicaragua,70,3.75,2016
Map Chocolate,U.S.A.,Trinidad,70,2.75,2015
Map Chocolate,U.S.A.,Colombia,75,2.75,2015
Map Chocolate,U.S.A.,Tanzania,72,3,2015
Map Chocolate,U.S.A.,Dominican Republic,70,3.5,2015
Map Chocolate,U.S.A.,Peru,62,3.5,2015
Map Chocolate,U.S.A.,Ecuador,70,3.5,2015
Map Chocolate,U.S.A.,Nicaragua,70,3.5,2015
Map Chocolate,U.S.A.,Peru,68,3.5,2015
Map Chocolate,U.S.A.,Honduras,78,3.5,2015
Map Chocolate,U.S.A.,Vietnam,75,3.25,2016
Map Chocolate,U.S.A.,Vietnam,73,3,2017
Map Chocolate,U.S.A.,Blend,72,3,2018
Map Chocolate,U.S.A.,Mexico,72,3.25,2018
Map Chocolate,U.S.A.,Dominican Republic,72,3.5,2018
Marana,Peru,Peru,70,2.75,2016
Marana,Peru,Peru,80,3.25,2021
Marana,Peru,Peru,70,3.5,2021
Maribea,U.S.A.,Mexico,72,2.75,2021
Maribea,U.S.A.,Bolivia,72,2.75,2021
Maribea,U.S.A.,Brazil,72,3.25,2021
Marigold's Finest,Canada,Blend,75,3.25,2016
Markham & Fitz,U.S.A.,Haiti,75,2.75,2018
Marou,Vietnam,Vietnam,80,3,2012
Marou,Vietnam,Vietnam,76,3.5,2012
Marou,Vietnam,Vietnam,72,3.5,2012
Marou,Vietnam,Vietnam,70,3.5,2012
Marou,Vietnam,Vietnam,78,3.5,2012
Marou,Vietnam,Vietnam,74,3.5,2012
Marou,Vietnam,Vietnam,75,3.5,2013
Marou,Vietnam,Vietnam,85,3.25,2015
Marou,Vietnam,Vietnam,68,3.5,2015
Marou,Vietnam,Vietnam,70,3.75,2015
Marou,Vietnam,Vietnam,75,3.5,2018
Mars,U.S.A.,Costa Rica,65,3,2010
Mars,U.S.A.,Ivory Coast,65,3,2010
Mars,U.S.A.,Nigeria,65,3.25,2010
Mars,U.S.A.,Ghana,65,3.5,2010
Marsatta,U.S.A.,Dominican Republic,74,2.25,2013
Marsatta,U.S.A.,Dominican Republic,89,2.5,2013
Martin Mayer,Austria,Bolivia,76,2.75,2016
Martin Mayer,Austria,Haiti,82,3,2016
Martin Mayer,Austria,Colombia,74,3.25,2016
Mast Brothers,U.S.A.,Venezuela,81,2.75,2010
Mast Brothers,U.S.A.,Venezuela,75,3,2010
Mast Brothers,U.S.A.,Dominican Republic,70,3.25,2010
Mast Brothers,U.S.A.,Venezuela,81,2.75,2011
Mast Brothers,U.S.A.,Papua New Guinea,71,2.75,2011
Mast Brothers,U.S.A.,Venezuela,76,3,2011
Mast Brothers,U.S.A.,Venezuela,70,3,2011
Mast Brothers,U.S.A.,Peru,75,3,2011
Mast Brothers,U.S.A.,Dominican Republic,73,3.25,2011
Mast Brothers,U.S.A.,Blend,72,3.5,2011
Mast Brothers,U.S.A.,Belize,70,3.5,2011
Mast Brothers,U.S.A.,Dominican Republic,74,3.75,2011
Mast Brothers,U.S.A.,Blend,72,2.5,2012
Mast Brothers,U.S.A.,Venezuela,73,2.75,2012
Mast Brothers,U.S.A.,Blend,73,3.5,2012
Mast Brothers,U.S.A.,Blend,75,3.75,2014
Mast Brothers,U.S.A.,Guatemala,76,3,2015
Mast Brothers,U.S.A.,Tanzania,74,3.25,2015
Matale,Australia,Vanuatu,72,3.5,2013
Matale,Australia,Blend,70,3.75,2013
Matale,Australia,Madagascar,68,4,2013
Matale,Australia,Papua New Guinea,74,4,2013
Maui Kuia,U.S.A.,U.S.A.,70,3.5,2021
Maverick,U.S.A.,Belize,70,3.25,2014
Maverick,U.S.A.,Dominican Republic,70,3.25,2014
Maverick,U.S.A.,Peru,82,3.25,2014
Maverick,U.S.A.,Peru,63,3.5,2014
Maverick,U.S.A.,U.S.A.,70,3,2020
Maverick,U.S.A.,Vietnam,75,3,2020
Maverick,U.S.A.,Madagascar,65,3.25,2020
Mayacama,U.S.A.,Dominican Republic,72,3,2016
McGuire,Canada,Guatemala,70,2.5,2020
McGuire,Canada,Belize,70,3.25,2020
Meadowlands,U.S.A.,Bolivia,70,2.5,2014
Meadowlands,U.S.A.,Venezuela,70,2.75,2014
Meadowlands,U.S.A.,Belize,70,3,2014
Meadowlands,U.S.A.,Nicaragua,70,3,2014
Meadowlands,U.S.A.,Dominican Republic,70,3.5,2014
Mellow,Denmark,Ecuador,85,2.5,2019
Mellow,Denmark,Dominican Republic,70,2.75,2019
Mellow,Denmark,Philippines,70,3.25,2019
Mellow,Denmark,Tanzania,70,3.25,2019
Menakao (aka Cinagra),Madagascar,Madagascar,80,2.5,2012
Menakao (aka Cinagra),Madagascar,Madagascar,72,2.5,2012
Mesocacao,Honduras,Honduras,80,3.25,2014
Mesocacao,Honduras,Nicaragua,70,3.25,2014
Mesocacao,Honduras,Honduras,70,3.5,2014
Mesocacao,Honduras,Nicaragua,80,3.5,2014
Mesocacao,Honduras,El Salvador,80,2.75,2015
Mesocacao,Honduras,El Salvador,70,3,2015
Mestico,Brazil,Brazil,75,2.5,2018
Metiisto,Sweden,Brazil,70,3,2014
Metiisto,Sweden,Madagascar,72,3.5,2014
Metiisto,Australia,Solomon Islands,72,3.25,2018
Metiisto,Australia,Solomon Islands,67,3.75,2018
Metropolitan,Amsterdam,Blend,70,3.5,2015
Meybol,Germany,Peru,70,3.5,2018
Michel Cluizel,France,Blend,60,2,2006
Michel Cluizel,France,Blend,85,2,2006
Michel Cluizel,France,Blend,99,2,2006
Michel Cluizel,France,Sao Tome,70,3,2006
Michel Cluizel,France,Dominican Republic,67,3.75,2006
Michel Cluizel,France,Madagascar,65,3.75,2006
Michel Cluizel,France,Papua New Guinea,64,3.75,2006
Michel Cluizel,France,Venezuela,66,3.5,2007
Michel Cluizel,France,Sao Tome,67,3.5,2007
Michel Cluizel,France,Mexico,66,3.75,2012
Michel Cluizel,France,Colombia,69,3.25,2017
Michel Cluizel,France,Brazil,70,3,2019
Michel Cluizel,France,Guatemala,70,3.5,2019
Middlebury,U.S.A.,Blend,65,1.5,2012
Middlebury,U.S.A.,Bolivia,75,2,2012
Middlebury,U.S.A.,Indonesia,70,2.5,2012
Middlebury,U.S.A.,Dominican Republic,75,2.5,2013
Middlebury,U.S.A.,Belize,80,3.25,2013
Middlebury,U.S.A.,Tanzania,75,3.25,2015
Middlebury,U.S.A.,Belize,80,3.5,2015
Middlebury,U.S.A.,Trinidad,70,3.5,2015
Middlebury,U.S.A.,Nicaragua,70,3.5,2015
Middlebury,U.S.A.,Dominican Republic,75,3.75,2015
Middlebury,U.S.A.,Venezuela,75,3.75,2015
Mike & Becky,Belgium,Dominican Republic,70,3,2018
Mike & Becky,Belgium,India,70,3.25,2018
Mike & Becky,Belgium,Peru,70,3.25,2018
Mike & Becky,Belgium,Belize,70,3.5,2018
Millcreek Cacao Roasters,U.S.A.,Ecuador,70,3.5,2012
Millcreek Cacao Roasters,U.S.A.,Ecuador,70,2.5,2013
Millesime,Belgium,Ecuador,70,3,2019
Millesime,Belgium,India,74,3,2019
Millesime,Belgium,Brazil,76,3,2019
Millesime,Belgium,Panama,75,2.75,2021
Millesime,Belgium,India,74,3,2021
Millesime,Belgium,Tanzania,90,3,2021
Milton,Japan,Brazil,70,3,2018
Milton,Japan,Vietnam,70,3.25,2018
Milton,Japan,Madagascar,70,3.5,2018
Milton,Japan,Peru,70,3.75,2018
Mindo,U.S.A.,Ecuador,77,2.75,2010
Mindo,U.S.A.,Ecuador,67,2.75,2019
Minimal,Japan,Haiti,70,3.5,2016
Mirzam,U.A.E.,Papua New Guinea,72,3,2017
Mirzam,U.A.E.,Madagascar,72,3.25,2017
Mirzam,U.A.E.,India,65,3.5,2017
Mirzam,U.A.E.,Vietnam,65,3.5,2017
Mirzam,U.A.E.,Tanzania,72,3.75,2019
Misina,Czech Republic,Vietnam,70,3.5,2020
Mission,Brazil,Brazil,70,3.5,2015
Mission,Brazil,Brazil,75,3.75,2016
Mission,Brazil,Puerto Rico,70,3,2019
Mita,Colombia,Colombia,65,2.5,2012
Moho,U.S.A.,Belize,67,2.75,2010
Moho,U.S.A.,Belize,72,3,2013
Moho,U.S.A.,Belize,73,3.25,2013
Moka Origins,U.S.A.,Brazil,72,2.5,2018
Moka Origins,U.S.A.,Cameroon,68,3,2018
Moka Origins,U.S.A.,Sierra Leone,72,3,2019
Moka Origins,U.S.A.,Dominican Republic,70,3.5,2019
Moka Origins,U.S.A.,Tanzania,72,3.75,2019
Moku,U.S.A.,Madagascar,70,2.75,2021
Moku,U.S.A.,Dominican Republic,70,3.25,2021
Molucca,U.S.A.,Indonesia,70,2.75,2015
Molucca,U.S.A.,Dominican Republic,70,3,2015
Molucca,U.S.A.,Peru,70,3.25,2015
Momotombo,Nicaragua,Nicaragua,70,2.75,2011
Momotombo,Nicaragua,Nicaragua,70,2.75,2011
Momotombo,Nicaragua,Nicaragua,70,3.25,2018
Monarque,Canada,Dominican Republic,72,3.5,2016
Monarque,Canada,Philippines,76,3.5,2021
Monsieur Truffe,Australia,Papua New Guinea,70,3.25,2014
Monsoon,U.S.A.,Mexico,70,3.25,2018
Monsoon,U.S.A.,Peru,72,3.5,2021
Monsoon,U.S.A.,Ecuador,75,3.75,2021
Montecristi,Ecuador,Ecuador,70,3.25,2015
Montecristi,Ecuador,Ecuador,63,3.5,2015
Montecristi,Ecuador,Ecuador,85,3.5,2015
MUCHO,Mexico,Mexico,70,3,2020
Muchomas (Mesocacao),U.S.A.,Nicaragua,70,3.5,2015
Muchomas (Mesocacao),U.S.A.,Nicaragua,80,3.5,2015
Musee du Chocolat Theobroma,Japan,Venezuela,70,3.5,2018
Mutari,U.S.A.,Dominican Republic,71,2.75,2016
Mutari,U.S.A.,Tanzania,68,2.75,2016
Mutari,U.S.A.,Madagascar,68,2.75,2016
Mutari,U.S.A.,Vietnam,80,3,2016
Nahua,Costa Rica,Costa Rica,58,2.5,2013
Nahua,Costa Rica,Costa Rica,70,3,2013
Naive,Lithuania,Grenada,71,2.5,2012
Naive,Lithuania,Blend,70,3.75,2013
Naive,Lithuania,Peru,78,3.75,2013
Naive,Lithuania,Venezuela,75,2.75,2014
Naive,Lithuania,Venezuela,70,3,2014
Naive,Lithuania,Nicaragua,70,3.25,2014
Naive,Lithuania,Nicaragua,67,2.75,2019
Naive,Lithuania,El Salvador,70,3.25,2019
Nanea,U.S.A.,U.S.A.,85,3.5,2013
Nathan Miller,U.S.A.,Peru,72,2.25,2014
Nathan Miller,U.S.A.,Dominican Republic,70,2.5,2014
Nathan Miller,U.S.A.,Madagascar,73.5,2.5,2014
Nathan Miller,U.S.A.,Ghana,70,3.5,2014
Nearynogs,Ireland,Dominican Republic,70,3.25,2018
Neuhaus (Callebaut),Belgium,Blend,73,2,2006
Neuhaus (Callebaut),Belgium,Sao Tome,75,2.75,2006
Neuhaus (Callebaut),Belgium,Venezuela,71,3,2006
Neuhaus (Callebaut),Belgium,Blend,73,1,2007
Neuhaus (Callebaut),Belgium,Trinidad,67,3.75,2008
Neuhaus (Callebaut),Belgium,Papua New Guinea,70,2.5,2010
Nibble,U.S.A.,Venezuela,72,2.25,2015
Nibble,U.S.A.,Dominican Republic,72,2.75,2015
Nibble,U.S.A.,Madagascar,72,3,2015
Nibble,U.S.A.,Peru,72,3,2015
Nibble,U.S.A.,Brazil,72,3,2018
Night Owl,U.S.A.,Peru,75,2.75,2013
Night Owl,U.S.A.,Ecuador,75,3.5,2013
Nikoa,Ecuador,Ecuador,72,3.75,2019
Nina,Peru,Peru,70,3,2018
Ninth (9th) & Larkin,U.S.A.,Vietnam,72,2.75,2018
Ninth (9th) & Larkin,U.S.A.,Tanzania,72,3,2018
Ninth (9th) & Larkin,U.S.A.,Dominican Republic,72,3,2018
Ninth (9th) & Larkin,U.S.A.,Fiji,74,2.75,2019
Ninth (9th) & Larkin,U.S.A.,Colombia,72,3.25,2019
Noble Bean aka Jerjobo,U.S.A.,Ghana,75,3,2014
Noble Bean aka Jerjobo,U.S.A.,Belize,75,3,2014
Noble Bean aka Jerjobo,U.S.A.,Peru,75,3.25,2014
Noir d' Ebine,U.S.A.,Venezuela,70,3,2012
Noir d' Ebine,U.S.A.,Ecuador,70,3,2012
Nova Monda,Nicaragua,Nicaragua,75,2.75,2012
Nova Monda,Nicaragua,Nicaragua,70,3,2012
Nova Monda,Nicaragua,Ecuador,80,3.25,2012
Nuance,U.S.A.,Ecuador,70,2.75,2015
Nuance,U.S.A.,Venezuela,70,3,2015
Nuance,U.S.A.,Madagascar,70,3.5,2015
Nuance,U.S.A.,Ghana,70,3.75,2015
Nuance,U.S.A.,Dominican Republic,70,3.75,2015
Nuance,U.S.A.,Nigeria,70,3,2020
Nuance,U.S.A.,Vietnam,70,3.25,2020
Nugali,Brazil,Brazil,70,3.5,2016
Oakland Chocolate Co.,U.S.A.,Jamaica,70,2.5,2010
Obolo,Chile,Peru,70,3.75,2015
Obolo,Chile,Peru,70,3.75,2019
Ocelot,Scotland,Congo,70,3.75,2015
Ocelot,Scotland,Peru,75,4,2015
Ocho,New Zealand,Papua New Guinea,66,2.75,2014
Ocho,New Zealand,Papua New Guinea,70,3,2014
Ocho,New Zealand,Papua New Guinea,88,3.25,2014
Ocho,New Zealand,Papua New Guinea,74,3.5,2014
Ocho,New Zealand,Samoa,100,2.75,2016
Ocho,New Zealand,Samoa,70,3.5,2016
Odyssey,U.S.A.,Guatemala,70,3,2020
Odyssey,U.S.A.,Tanzania,70,3,2020
Odyssey,U.S.A.,Uganda,70,3.25,2020
Odyssey,U.S.A.,India,70,3.25,2020
Odyssey,U.S.A.,Colombia,70,3.25,2020
Odyssey,U.S.A.,Bolivia,70,3.75,2020
Odyssey,U.S.A.,Vietnam,70,3.75,2020
Odyssey,U.S.A.,Blend,100,3,2021
Odyssey,U.S.A.,Venezuela,80,3,2021
Odyssey,U.S.A.,U.S.A.,70,3.25,2021
Odyssey,U.S.A.,Peru,70,3.25,2021
Odyssey,U.S.A.,Venezuela,70,3.5,2021
Odyssey,U.S.A.,Haiti,70,3.75,2021
Ohiyo,U.S.A.,Trinidad,70,2.75,2015
Ohiyo,U.S.A.,Tanzania,70,3,2015
Oialla by Bojessen (Malmo),Germany,Bolivia,70,3.5,2011
Oialla by Bojessen (Malmo),Germany,Brazil,78,3.75,2018
Olive and Sinclair,U.S.A.,Blend,67,2.75,2009
Olive and Sinclair,U.S.A.,Blend,75,3,2009
Olive and Sinclair,U.S.A.,Dominican Republic,72,3,2010
Olive and Sinclair,U.S.A.,Ghana,72,3,2010
Olivia,Canada,Blend,76,2,2011
Olivia,Canada,Blend,76,2.75,2011
Olivia,Canada,Blend,85,2.75,2011
Olivia,Canada,Blend,85,3,2011
Omanhene,Ghana,Ghana,80,2.75,2011
Omnom,Iceland,Papua New Guinea,70,3,2014
Omnom,Iceland,Madagascar,66,3.5,2014
Omnom,Iceland,Tanzania,70,3.75,2016
Omnom,Iceland,Nicaragua,73,3,2018
Or Dubh,U.S.A.,Madagascar,70,3.25,2020
Or Dubh,U.S.A.,Vietnam,70,3.25,2020
Or Dubh,U.S.A.,Tanzania,70,3.5,2020
Orfeve,Switzerland,Colombia,75,2.75,2021
Orfeve,Switzerland,Peru,70,3.25,2021
Orfeve,Switzerland,Peru,75,3.25,2021
Orfeve,Switzerland,Madagascar,75,3.5,2021
organicfair,Canada,Belize,74,2.75,2013
organicfair,Canada,Dominican Republic,72,2.75,2013
organicfair,Canada,Nicaragua,72,2.75,2013
organicfair,Canada,Dominican Republic,72,3,2013
organicfair,Canada,Ecuador,72,3,2013
organicfair,South Africa,Panama,71,3,2018
Original Beans (Felchlin),Switzerland,Congo,70,3,2009
Original Beans (Felchlin),Switzerland,Peru,75,3,2009
Original Beans (Felchlin),Switzerland,Bolivia,68,3.25,2009
Original Beans (Felchlin),Switzerland,Bolivia,66,3.75,2011
Original Beans (Felchlin),Switzerland,Papua New Guinea,68,2.75,2014
Original Beans (Felchlin),Switzerland,Blend,80,3.25,2014
Original Hawaiin Chocolate Factory,U.S.A.,U.S.A.,60,3,2006
Original Hawaiin Chocolate Factory,U.S.A.,U.S.A.,60,3,2009
Orquidea,Peru,Peru,65,3,2012
Orquidea,Peru,Peru,72,3,2012
Pacari,Ecuador,Ecuador,100,2,2008
Pacari,Ecuador,Ecuador,60,2.75,2008
Pacari,Ecuador,Ecuador,72,3,2008
Pacari,Ecuador,Ecuador,65,3,2008
Pacari,Ecuador,Ecuador,70,3.5,2008
Pacari,Ecuador,Ecuador,70,3.5,2011
Pacari,Ecuador,Ecuador,85,2.75,2012
Pacari,Ecuador,Peru,70,4,2012
Pacari,Ecuador,Ecuador,70,3.25,2014
Pacari,Ecuador,Ecuador,70,3.5,2014
Pacari,Ecuador,Ecuador,70,3.75,2014
Pacari,Ecuador,Ecuador,70,4,2014
Pacari,Ecuador,Colombia,70,4,2016
Palet D'Or,Japan,Vietnam,72,3.25,2018
Palet D'Or,Japan,Haiti,70,3.5,2018
Palet D'Or,Japan,Cuba,72,3.75,2018
Palette de Bine,Canada,Bolivia,72,2.75,2014
Palette de Bine,Canada,Ecuador,75,2.75,2014
Palette de Bine,Canada,Blend,75,3.5,2014
Palette de Bine,Canada,Madagascar,78,3.75,2014
Palette de Bine,Canada,Trinidad,70,3.75,2014
Palette de Bine,Canada,Bolivia,70,3.25,2015
Palette de Bine,Canada,Trinidad,70,3.25,2015
Palette de Bine,Canada,Tanzania,72,3.5,2015
Palette de Bine,Canada,Vietnam,72,3.75,2015
Palette de Bine,Canada,Guatemala,70,2.75,2016
Palette de Bine,Canada,Belize,72,3,2016
Palette de Bine,Canada,Peru,72,2.75,2017
Palette de Bine,Canada,Dominican Republic,75,2.75,2017
Palette de Bine,Canada,Haiti,70,3.5,2017
Palette de Bine,Canada,Peru,70,3.5,2019
Pangea,Spain,Fiji,76,3,2016
Pangea,Spain,Bolivia,76,2.75,2019
Pangea,Spain,Philippines,76,3,2019
Pangea,Spain,Belize,75,3.25,2019
Pangea,Spain,Madagascar,76,3.25,2019
Pangea,Spain,Dominican Republic,76,3.25,2019
Pangea,Spain,Peru,71,3.5,2019
Park 75,U.S.A.,Blend,65,3.5,2014
Parliament,U.S.A.,Bolivia,70,3,2014
Parliament,U.S.A.,Dominican Republic,70,3.5,2014
Parliament,U.S.A.,Guatemala,70,3.5,2015
Parliament,U.S.A.,Tanzania,70,3.25,2016
Parre Chocolat,U.S.A.,Guatemala,75,2.75,2019
Parre Chocolat,U.S.A.,Dominican Republic,75,2.75,2019
Parre Chocolat,U.S.A.,Colombia,75,3,2019
Pascha,Peru,Peru,55,2.5,2013
Pascha,Peru,Peru,70,2.75,2013
Patric,U.S.A.,Madagascar,70,4,2007
Patric,U.S.A.,Madagascar,67,3.5,2009
Patric,U.S.A.,Venezuela,70,3.5,2009
Patric,U.S.A.,Madagascar,75,4,2009
Patric,U.S.A.,Blend,70,3.75,2011
Patric,U.S.A.,Peru,67,4,2013
Paul Young,U.K.,Madagascar,73,2.25,2014
Paul Young,U.K.,Madagascar,64,2.75,2014
Peppalo,U.S.A.,Dominican Republic,82,3,2015
Perrenial,U.S.A.,Fiji,75,3,2018
Petite Patrie,Canada,Peru,70,3.25,2019
Pierre Marcolini,Belgium,Indonesia,72,3,2006
Pierre Marcolini,Belgium,Venezuela,72,3.75,2006
Pierre Marcolini,Belgium,Mexico,72,4,2006
Pierre Marcolini,Belgium,Blend,85,3.5,2007
Pierre Marcolini,Belgium,Ecuador,72,3.75,2007
Pierre Marcolini,Belgium,Blend,70,4,2007
Pierre Marcolini,Belgium,Madagascar,72,4,2007
Pierre Marcolini,Belgium,Brazil,72,3,2009
Pierre Marcolini,Belgium,Mexico,72,3,2009
Pierre Marcolini,Belgium,Venezuela,75,3,2010
Pierre Marcolini,Belgium,Peru,85,3,2010
Pierre Marcolini,Belgium,Trinidad,75,3.25,2010
Pierre Marcolini,Belgium,Cuba,78,3.75,2010
Pierre Marcolini,Belgium,Cameroon,70,3.25,2015
Pierre Marcolini,Belgium,Madagascar,76,3,2019
Pierre Marcolini,Belgium,Cameroon,70,3,2019
Pierre Marcolini,Belgium,China,72,3.5,2021
Piety and Desire,U.S.A.,Vietnam,70,3,2020
Piety and Desire,U.S.A.,Tanzania,70,3.5,2020
Piety and Desire,U.S.A.,India,73,3.5,2020
Pinellas,U.S.A.,Honduras,80,2.5,2016
Pitch Dark,U.S.A.,Fiji,73,2.5,2014
Pitch Dark,U.S.A.,Madagascar,73,3.25,2014
Pitch Dark,U.S.A.,Ecuador,73,3.25,2014
Pitch Dark,U.S.A.,Ecuador,73,3.5,2014
Pitch Dark,U.S.A.,Nicaragua,62,2.5,2015
Pitch Dark,U.S.A.,Nicaragua,80,2.75,2015
Pitch Dark,U.S.A.,Nicaragua,80,2.75,2015
Pitch Dark,U.S.A.,Nicaragua,80,2.75,2015
Pitch Dark,U.S.A.,Nicaragua,80,3.25,2015
Pollinator,U.S.A.,Bolivia,70,3,2020
Pollinator,U.S.A.,Dominican Republic,70,3,2020
Pollinator,U.S.A.,Tanzania,70,3.25,2020
Pomm (aka Dead Dog),U.S.A.,Dominican Republic,76,2.5,2012
Pomm (aka Dead Dog),U.S.A.,Peru,82,2.75,2012
Poppy and Peep,U.S.A.,Haiti,71,2.75,2021
Poppy and Peep,U.S.A.,Guatemala,76,3,2021
Poppy and Peep,U.S.A.,Ghana,66,3,2021
Potomac,U.S.A.,Costa Rica,82,3.75,2010
Potomac,U.S.A.,Peru,70,2.75,2011
Potomac,U.S.A.,Costa Rica,70,3,2011
Potomac,U.S.A.,Costa Rica,70,3.5,2011
Potomac,U.S.A.,Brazil,70,3.5,2011
Potomac,U.S.A.,Venezuela,70,3.75,2014
Potomac,U.S.A.,Dominican Republic,70,3.75,2016
Potomac,U.S.A.,Colombia,70,4,2018
Potomac,U.S.A.,Uganda,75,3.75,2021
Potomac,U.S.A.,Peru,70,3.75,2021
Pralus,France,Vanuatu,75,3,2006
Pralus,France,Cuba,75,3,2006
Pralus,France,Blend,75,3,2006
Pralus,France,Brazil,75,3,2006
Pralus,France,Blend,75,3.5,2006
Pralus,France,Jamaica,75,3.75,2006
Pralus,France,Ecuador,80,3.75,2006
Pralus,France,Sao Tome,75,4,2007
Pralus,France,Dominican Republic,75,2,2008
Pralus,France,Madagascar,100,3,2008
Pralus,France,Brazil,75,3.5,2008
Pralus,France,Venezuela,75,2,2009
Pralus,France,Venezuela,75,3.5,2010
Pralus,France,Venezuela,75,3.25,2011
Pralus,France,Peru,75,3.25,2015
Pralus,France,Papua New Guinea,75,3,2019
Pralus,France,Indonesia,75,3,2019
Pralus,France,Venezuela,75,3,2019
Pralus,France,Madagascar,75,3,2019
Pralus,France,Colombia,75,3,2019
Pralus,France,Trinidad,75,3.25,2019
Pralus,France,Ghana,75,3.25,2019
Pralus,France,Sao Tome & Principe,75,3.5,2019
Pralus,France,Tanzania,75,3.5,2019
Pralus,France,Ecuador,75,3.5,2019
Primo Botanica,U.S.A.,Tanzania,75,3.25,2018
Primo Botanica,U.S.A.,Peru,75,3.25,2018
Public Chocolatory,South Korea,Vietnam,70,2.75,2019
Pump Street Bakery,U.K.,Venezuela,75,2.75,2014
Pump Street Bakery,U.K.,Ecuador,85,2.75,2014
Pump Street Bakery,U.K.,Ecuador,75,3,2014
Pump Street Bakery,U.K.,Madagascar,72,3.25,2014
Pump Street Bakery,U.K.,Honduras,80,2.75,2015
Pump Street Bakery,U.K.,Grenada,70,3.5,2015
Pump Street Bakery,U.K.,Madagascar,74,3.5,2015
Pump Street Bakery,U.K.,Ecuador,77,3.5,2016
Pump Street Bakery,U.K.,Jamaica,75,3.75,2017
Pump Street Bakery,U.K.,Solomon Islands,72,3.25,2018
Pura Delizia,Italy,Venezuela,73,2.75,2012
Pura Delizia,Italy,Ecuador,73,3.25,2017
Pura Delizia,Italy,Papua New Guinea,75,3.25,2017
Pura Delizia,Italy,Vietnam,75,3.5,2017
Pura Delizia,Italy,Philippines,66,3.5,2017
Pura Delizia,Italy,Dominican Republic,65,3.75,2017
Q Chocolate,Brazil,Brazil,60,3,2012
Q Chocolate,Brazil,Brazil,65,3.25,2012
Q Chocolate,Brazil,Brazil,55,2.75,2013
Q Chocolate,Brazil,Brazil,75,3.25,2013
Q Chocolate,Brazil,Brazil,80,3.25,2013
Q Chocolate,Brazil,Brazil,85,3.5,2013
Qantu,Canada,Peru,70,3,2018
Qantu,Canada,Peru,70,3.75,2019
Qantu,Canada,Peru,70,3.5,2020
Qantu,Canada,Peru,70,4,2020
Qantu,Canada,Peru,70,3.75,2021
Quetzalli (Wolter),Mexico,Mexico,70,2.75,2016
Quetzalli (Wolter),Mexico,Mexico,74,3,2016
Raaka,U.S.A.,Dominican Republic,85,3.5,2011
Raaka,U.S.A.,Madagascar,75,3.25,2012
Raaka,U.S.A.,Congo,75,2.75,2015
Raaka,U.S.A.,Peru,70,3,2016
Raaka,U.S.A.,Haiti,70,3.25,2017
Raaka,U.S.A.,Haiti,70,3.5,2017
Rain Republic,Guatemala,Guatemala,70,2.75,2010
Rancho San Jacinto,Ecuador,Ecuador,75,3,2010
Ranger,U.S.A.,Peru,70,2.5,2015
Ranger,U.S.A.,Peru,80,3.25,2015
Ranger,U.S.A.,Peru,73,3.5,2015
Ranger,U.S.A.,Mexico,70,3.25,2021
Raoul Boulanger,France,Peru,75,3.25,2016
Raphio,U.S.A.,Ecuador,72,3.5,2018
Raphio,U.S.A.,Tanzania,72,3.75,2018
Raphio,U.S.A.,Peru,72,3.75,2018
Raphio,U.S.A.,Dominican Republic,72,3.5,2019
Raphio,U.S.A.,Nicaragua,72,3.5,2019
Raphio,U.S.A.,Ghana,72,3.5,2021
Raw Cocoa,Poland,Peru,70,2.5,2012
Republica del Cacao (aka Confecta),Ecuador,Ecuador,75,3,2007
Republica del Cacao (aka Confecta),Ecuador,Ecuador,67,3.5,2007
Republica del Cacao (aka Confecta),Ecuador,Ecuador,75,3.75,2007
Republica del Cacao (aka Confecta),Ecuador,Ecuador,75,2.5,2009
Republica del Cacao (aka Confecta),Ecuador,Ecuador,75,3.25,2010
Ritual,U.S.A.,Costa Rica,75,3.5,2011
Ritual,U.S.A.,Ecuador,75,3.25,2012
Ritual,U.S.A.,Trinidad,75,3.5,2012
Ritual,U.S.A.,Madagascar,75,4,2012
Ritual,U.S.A.,Peru,75,3,2013
Ritual,U.S.A.,Belize,75,3.75,2013
Ritual,U.S.A.,Ecuador,85,3.5,2015
Ritual,U.S.A.,Blend,70,3.5,2015
Ritual,U.S.A.,Ecuador,75,3.75,2016
Ritual,U.S.A.,Mexico,75,3.75,2017
Ritual,U.S.A.,Nicaragua,70,3.5,2019
Ritual,U.S.A.,Trinidad,80,3.5,2019
Ritual,U.S.A.,Madagascar,75,3.5,2020
River-Sea,U.S.A.,Tanzania,72,3,2018
River-Sea,U.S.A.,Fiji,70,2.5,2019
River-Sea,U.S.A.,Peru,70,2.5,2019
Roasting Masters,South Korea,Costa Rica,70,3.25,2016
Roasting Masters,South Korea,Costa Rica,70,3.25,2016
Roasting Masters,South Korea,Costa Rica,70,3.25,2016
Robert (aka Chocolaterie Robert),Madagascar,Madagascar,75,3.25,2013
Robert (aka Chocolaterie Robert),Madagascar,Madagascar,68,3.25,2013
Rococo (Grenada Chocolate Co.),U.K.,Grenada,66,3.5,2012
Rogue,U.S.A.,Dominican Republic,70,2.75,2008
Rogue,U.S.A.,Jamaica,70,2.75,2008
Rogue,U.S.A.,Madagascar,70,3,2008
Rogue,U.S.A.,Trinidad,70,3,2008
Rogue,U.S.A.,Venezuela,70,3.5,2009
Rogue,U.S.A.,Peru,75,3.75,2010
Rogue,U.S.A.,Bolivia,75,3,2011
Rogue,U.S.A.,Ecuador,75,3.75,2012
Rogue,U.S.A.,Madagascar,70,3.5,2013
Rogue,U.S.A.,Dominican Republic,70,3.5,2013
Rogue,U.S.A.,Jamaica,75,3.75,2013
Rogue,U.S.A.,Bolivia,75,4,2013
Rogue,U.S.A.,Venezuela,80,3.75,2014
Rogue,U.S.A.,Bolivia,75,3.25,2015
Rogue,U.S.A.,Venezuela,70,3.75,2015
Rogue,U.S.A.,Honduras,75,3.75,2016
Rozsavolgyi,Hungary,Venezuela,71,2.5,2011
Rozsavolgyi,Hungary,Principe,77,2.75,2011
Rozsavolgyi,Hungary,Venezuela,73,3.5,2011
Rozsavolgyi,Hungary,Venezuela,70,3.5,2011
Rozsavolgyi,Hungary,Venezuela,76,2.25,2012
Rozsavolgyi,Hungary,Venezuela,84,2.5,2012
Rozsavolgyi,Hungary,Madagascar,72,2.5,2012
Rozsavolgyi,Hungary,Venezuela,73,3.75,2017
Rozsavolgyi,Hungary,Peru,72,3.75,2021
Ruket,Italy,Honduras,72,2.75,2017
Ruket,Italy,Haiti,75,3,2018
Ruket,Italy,Nicaragua,70,3.5,2018
Ruket,Italy,Indonesia,77,2.75,2021
Ruket,Italy,Tanzania,72,3.5,2021
S.A.I.D.,Italy,Blend,100,1.5,2010
S.A.I.D.,Italy,Dominican Republic,70,3,2010
S.A.I.D.,Italy,Madagascar,64,3.5,2010
S.A.I.D.,Italy,Blend,72,3.5,2010
S.A.I.D.,Italy,Blend,72,3.5,2010
Sacred,U.S.A.,Blend,83,2.75,2012
Sacred,U.S.A.,Blend,69,3.25,2012
Salgado,Argentina,Brazil,70,3.5,2008
Salgado,Argentina,Ecuador,70,3.5,2008
Salgado,Argentina,Venezuela,70,3.5,2008
Salgado,Argentina,Ecuador,70,3.5,2008
San Jose,Ecuador,Ecuador,70,3.25,2017
Santander (Compania Nacional),Colombia,Colombia,53,2,2006
Santander (Compania Nacional),Colombia,Colombia,65,3,2006
Santander (Compania Nacional),Colombia,Colombia,70,3.75,2006
Santander (Compania Nacional),Colombia,Colombia,75,2.75,2009
Santander (Compania Nacional),Colombia,Colombia,70,3,2009
Santome,France,Sao Tome,70,2.75,2011
Scharffen Berger,U.S.A.,Blend,82,2,2006
Scharffen Berger,U.S.A.,Blend,68,2,2006
Scharffen Berger,U.S.A.,Jamaica,70,2,2006
Scharffen Berger,U.S.A.,Blend,62,3,2006
Scharffen Berger,U.S.A.,Blend,70,3.5,2006
Scharffen Berger,U.S.A.,Blend,72,3,2007
Scharffen Berger,U.S.A.,Blend,62,3,2007
Scharffen Berger,U.S.A.,Blend,75,3,2007
Scharffen Berger,U.S.A.,Venezuela,75,3.75,2007
Scharffen Berger,U.S.A.,Blend,72,3,2008
Scharffen Berger,U.S.A.,Brazil,68,3.75,2009
Scharffen Berger,U.S.A.,Vietnam,72,3.75,2009
Scharffen Berger,U.S.A.,Ghana,65,4,2009
Scharffen Berger,U.S.A.,Grenada,68,3.5,2010
Scharffen Berger,U.S.A.,Madagascar,65,3.75,2010
Scharffen Berger,U.S.A.,Papua New Guinea,68,3.75,2011
Scharffen Berger,U.S.A.,Peru,78,4,2012
Seaforth,U.K.,Dominican Republic,70,2.75,2015
Seaforth,U.K.,Grenada,70,2.75,2015
Seahorse,U.S.A.,Honduras,70,2.75,2018
Seahorse,U.S.A.,Dominican Republic,70,3,2018
Seahorse,U.S.A.,Tanzania,70,3.25,2018
Seahorse,U.S.A.,Fiji,70,2.75,2019
Seahorse,U.S.A.,Uganda,70,3.5,2019
Seahorse,U.S.A.,Trinidad,75,3.25,2021
Seahorse,U.S.A.,Peru,70,3.5,2021
Seahorse,U.S.A.,Vietnam,70,3.5,2021
Seahorse,U.S.A.,India,70,3.5,2021
Shane Chocolate Works,U.S.A.,Guatemala,70,3,2019
Shane Chocolate Works,U.S.A.,Colombia,70,3,2019
Shane Chocolate Works,U.S.A.,Belize,70,3.5,2019
Shark Mountain,U.S.A.,Ecuador,75,3,2014
Shark Mountain,U.S.A.,Belize,72,3.25,2014
Shark Mountain,U.S.A.,Venezuela,77,2.75,2015
Shark Mountain,U.S.A.,Jamaica,72,3.25,2015
Shark Mountain,U.S.A.,Papua New Guinea,73,3.5,2015
Shark Mountain,U.S.A.,Dominican Republic,74,3.5,2015
Shark's,U.S.A.,U.S.A.,73,2,2011
Shark's,U.S.A.,U.S.A.,73,2.5,2011
Shattell,Peru,Peru,75,3.5,2011
Shattell,Peru,Peru,70,3.25,2016
Sibu,Costa Rica,Costa Rica,82,3.25,2015
Sibu,Costa Rica,Costa Rica,70,3.5,2015
Sibu Sura,U.S.A.,Peru,70,2.5,2012
Silvio Bessone,Italy,Belize,67,3,2011
Silvio Bessone,Italy,Colombia,68,3,2011
Silvio Bessone,Italy,Sao Tome,65,3.25,2011
Silvio Bessone,Italy,Brazil,60,3.25,2011
Sirene,Canada,Madagascar,67,3.75,2014
Sirene,Canada,Madagascar,73,3.75,2014
Sirene,Canada,Ecuador,73,3.75,2014
Sirene,Canada,Madagascar,100,3,2015
Sirene,Canada,Ecuador,100,3,2015
Sirene,Canada,Guatemala,73,3,2015
Sirene,Canada,Guatemala,73,3.25,2015
Sirene,Canada,Haiti,73,3.25,2015
Sirene,Canada,Bolivia,73,3.5,2016
Sirene,Canada,Tanzania,73,3.5,2016
Sirene,Canada,Ecuador,73,3.75,2016
Sirene,Canada,Peru,73,3.75,2017
Sirene,Canada,Mexico,73,3,2021
Sirene,Canada,India,73,3.25,2021
Sjolinds,U.S.A.,Ghana,70,2.75,2015
Sjolinds,U.S.A.,Nicaragua,72,3,2015
"Smooth Chocolator, The",Australia,Bolivia,72,2.75,2015
"Smooth Chocolator, The",Australia,Peru,67,3,2015
"Smooth Chocolator, The",Australia,Madagascar,65,3.25,2015
"Smooth Chocolator, The",Australia,Madagascar,70,3.5,2015
"Smooth Chocolator, The",Australia,Papua New Guinea,65,3.5,2015
"Smooth Chocolator, The",Australia,Tanzania,67,3.75,2015
"Smooth Chocolator, The",Australia,Trinidad,70,3.75,2015
"Smooth Chocolator, The",Australia,Venezuela,70,3.75,2015
"Smooth Chocolator, The",Australia,Ecuador,72,4,2015
"Smooth Chocolator, The",Australia,Vietnam,70,3,2016
"Smooth Chocolator, The",Australia,Guatemala,70,3.25,2016
"Smooth Chocolator, The",Australia,Venezuela,70,3.75,2016
"Smooth Chocolator, The",Australia,Belize,70,3.75,2016
"Smooth Chocolator, The",Australia,Australia,67,3.75,2016
"Smooth Chocolator, The",Australia,Ecuador,70,4,2016
"Smooth Chocolator, The",Australia,Dominican Republic,70,3.5,2017
"Smooth Chocolator, The",Australia,Haiti,70,3.5,2017
Snake & Butterfly,U.S.A.,Madagascar,68,3,2010
Snake & Butterfly,U.S.A.,Ecuador,68,3.25,2010
Snake & Butterfly,U.S.A.,Ghana,67,1.5,2011
Soeka,Amsterdam,Sulawesi,66,3.25,2018
Soklet,India,India,70,2.75,2017
Sol Cacao,U.S.A.,Madagascar,72,3,2015
Sol Cacao,U.S.A.,Ecuador,70,3.5,2016
Solkiki,U.K.,Dominican Republic,85,2.75,2016
Solkiki,U.K.,Peru,68,2.75,2016
Solkiki,U.K.,Philippines,70,2.5,2019
Solomons Gold,New Zealand,Solomon Islands,70,3.25,2016
Solomons Gold,New Zealand,Solomon Islands,75,3.25,2016
Solstice,U.S.A.,Madagascar,70,3,2013
Solstice,U.S.A.,Venezuela,70,3,2013
Solstice,U.S.A.,Bolivia,70,3.25,2013
Solstice,U.S.A.,Peru,70,3.25,2013
Solstice,U.S.A.,Blend,70,3.5,2013
Solstice,U.S.A.,Uganda,70,3,2014
Solstice,U.S.A.,Tanzania,70,3.25,2017
Solstice,U.S.A.,India,70,3.25,2018
Solstice,U.S.A.,Vietnam,70,3.5,2021
Soma,Canada,Dominican Republic,70,3,2009
Soma,Canada,Dominican Republic,70,3,2009
Soma,Canada,Ghana,70,3.5,2009
Soma,Canada,Papua New Guinea,70,3.5,2009
Soma,Canada,Madagascar,70,3.75,2009
Soma,Canada,Venezuela,70,3.75,2009
Soma,Canada,Blend,70,3.75,2010
Soma,Canada,Grenada,70,2.75,2011
Soma,Canada,Bolivia,70,3.5,2011
Soma,Canada,Venezuela,70,3.5,2011
Soma,Canada,Dominican Republic,70,3.75,2011
Soma,Canada,Blend,70,4,2011
Soma,Canada,Peru,64,4,2011
Soma,Canada,Haiti,70,3.25,2012
Soma,Canada,Guatemala,70,3.5,2012
Soma,Canada,Blend,70,3.5,2012
Soma,Canada,Papua New Guinea,85,3.5,2012
Soma,Canada,U.S.A.,70,3.75,2012
Soma,Canada,Venezuela,70,3.75,2012
Soma,Canada,Blend,70,4,2012
Soma,Canada,Blend,70,4,2012
Soma,Canada,Peru,70,2.75,2013
Soma,Canada,Indonesia,70,3.25,2013
Soma,Canada,Blend,70,3.25,2013
Soma,Canada,Venezuela,70,3.25,2013
Soma,Canada,Dominican Republic,77,3.75,2013
Soma,Canada,Trinidad,70,3.75,2013
Soma,Canada,Venezuela,70,3.75,2013
Soma,Canada,Blend,88,4,2013
Soma,Canada,Venezuela,70,4,2013
Soma,Canada,Blend,67,4,2013
Soma,Canada,Jamaica,70,4,2013
Soma,Canada,Nicaragua,70,3.25,2014
Soma,Canada,Blend,70,3.25,2014
Soma,Canada,Nicaragua,70,3.5,2014
Soma,Canada,Ecuador,80,3.5,2014
Soma,Canada,Peru,70,3.75,2014
Soma,Canada,Vanuatu,70,3.75,2014
Soma,Canada,Venezuela,70,3.5,2015
Soma,Canada,Venezuela,75,4,2015
Soma,Canada,Ecuador,70,3.25,2016
Soma,Canada,Dominican Republic,62,3.5,2016
Soma,Canada,Madagascar,70,3.5,2016
Soma,Canada,Brazil,70,3.5,2016
Soma,Canada,Nicaragua,70,3.75,2016
Soma,Canada,Blend,75,3.75,2016
Soma,Canada,Vietnam,70,4,2016
Soma,Canada,Fiji,70,3.25,2017
Soma,Canada,Colombia,70,4,2017
Soma,Canada,Haiti,70,3,2018
Soma,Canada,Madagascar,70,4,2018
Soma,Canada,Venezuela,70,4,2018
Soma,Canada,Blend,62,3.25,2021
Soma,Canada,Madagascar,70,3.5,2021
Soma,Canada,Venezuela,70,3.5,2021
Soma,Canada,Vietnam,70,4,2021
Somerville,U.S.A.,Nicaragua,70,3.25,2014
Somerville,U.S.A.,U.S.A.,70,3.5,2014
Soul,Canada,Dominican Republic,70,3.25,2017
Soul,Canada,Ecuador,75,3.25,2017
Soul,Canada,Papua New Guinea,77,3.25,2017
Soul,Canada,Madagascar,70,3.5,2017
Soul,Canada,Venezuela,75,3.5,2017
Soul,Canada,Tanzania,80,3.5,2017
Spagnvola,U.S.A.,Dominican Republic,70,3,2012
Spagnvola,U.S.A.,Dominican Republic,80,3,2012
Spagnvola,U.S.A.,Dominican Republic,75,3.25,2012
Spencer,Australia,Vanuatu,72,2.75,2014
Spencer,Australia,Dominican Republic,70,3.5,2016
Spencer,Australia,Ecuador,70,3.75,2016
Spencer,Australia,Madagascar,70,3.75,2016
Spencer,U.S.A.,Peru,70,2.75,2017
Spencer,U.S.A.,Ecuador,70,3.5,2017
Spencer,U.S.A.,Dominican Republic,70,3.75,2017
Spinnaker,U.S.A.,Belize,70,3.25,2021
Spinnaker,U.S.A.,Madagascar,70,3.5,2021
Spinnaker,U.S.A.,Uganda,70,3.5,2021
Sprungli (Felchlin),Switzerland,Bolivia,70,3,2013
SRSLY,U.S.A.,Dominican Republic,84,2.25,2013
SRSLY,U.S.A.,Dominican Republic,70,3,2013
Starchild,U.S.A.,Ecuador,70,3,2015
Starchild,U.S.A.,Dominican Republic,70,3,2015
Starchild,U.S.A.,Guatemala,70,3,2015
Starchild,U.S.A.,Nicaragua,70,3,2015
Starchild,U.S.A.,Madagascar,70,3,2015
Stella (aka Bernrain),Switzerland,India,72,3.25,2011
Stella (aka Bernrain),Switzerland,Brazil,68,2.75,2012
Stone Grindz,U.S.A.,Ecuador,84,3.5,2014
Stone Grindz,U.S.A.,Ecuador,70,3.5,2014
Stone Grindz,U.S.A.,Bolivia,70,2.5,2017
StRita Supreme,U.S.A.,Philippines,65,2.5,2012
StRita Supreme,U.S.A.,Philippines,70,2.5,2012
StRita Supreme,U.S.A.,Philippines,75,2.75,2012
Sublime Origins,U.S.A.,Madagascar,67,2.75,2013
Sublime Origins,U.S.A.,Belize,78,3.25,2013
Summerbird,Denmark,Peru,61,2.5,2016
Summerbird,Denmark,Peru,71,3,2016
Suruca Chocolate,Venezuela,Venezuela,70,2.75,2016
Suruca Chocolate,Venezuela,Venezuela,60,3,2016
Svenska Kakaobolaget,Sweden,Sri Lanka,70,2.75,2015
Svenska Kakaobolaget,Sweden,Tanzania,74,2.75,2019
sweet beans,U.S.A.,Honduras,72,3,2021
sweet beans,U.S.A.,Peru,72,3,2021
sweet beans,U.S.A.,Uganda,77,3.5,2021
sweet beans,U.S.A.,Trinidad,80,3.75,2021
Sweet Escalier,Japan,Peru,70,2.5,2018
Sweet Escalier,Japan,Tanzania,75,2.75,2018
Sweet Escalier,Japan,Belize,70,3,2018
Sweet Escalier,Japan,Brazil,70,3,2018
Sweet Escalier,Japan,Venezuela,75,3.25,2018
Sweetness,Canada,Mexico,74,3,2020
Sweetness,Canada,Peru,68,3.25,2020
Sweetness,Canada,Papua New Guinea,73,3.25,2020
Szanto Tibor,Hungary,Venezuela,70,3,2011
Szanto Tibor,Hungary,Dominican Republic,70,3.25,2012
Szanto Tibor,Hungary,Madagascar,70,3.25,2012
Szanto Tibor,Hungary,Peru,70,3.75,2012
Szanto Tibor,Hungary,Nicaragua,70,3.25,2013
Szanto Tibor,Hungary,Madagascar,70,3.5,2013
Szanto Tibor,Hungary,Madagascar,70,3.5,2013
Szanto Tibor,Hungary,Venezuela,70,3.5,2014
Szanto Tibor,Hungary,Cuba,70,3.75,2014
Szanto Tibor,Hungary,Ecuador,70,3.25,2015
Szanto Tibor,Hungary,Cuba,88,3.25,2015
Szanto Tibor,Hungary,Madagascar,70,3.25,2015
Szanto Tibor,Hungary,Vietnam,70,3.25,2015
Szanto Tibor,Hungary,Brazil,70,3.5,2015
Szanto Tibor,Hungary,Ecuador,70,3.75,2015
Tabal,U.S.A.,Mexico,70,2.5,2013
Tabal,U.S.A.,Costa Rica,70,2.75,2013
Tabal,U.S.A.,Dominican Republic,70,2.75,2013
Tabal,U.S.A.,Peru,70,3,2013
Tablette (aka Vanillabeans),Japan,Trinidad,77,2.75,2015
Tablette (aka Vanillabeans),Japan,Colombia,70,3,2015
Tablette (aka Vanillabeans),Japan,Papua New Guinea,62,3.25,2015
Tablette (aka Vanillabeans),Japan,Vietnam,60,3.25,2015
Tala,Vietnam,Vietnam,70,2.75,2019
Tala,Vietnam,Vietnam,75,3,2019
Tan Ban Skrati,Suriname,Suriname,70,3.25,2016
Taste Artisan,U.S.A.,Venezuela,75,3,2019
Taste Artisan,U.S.A.,Peru,75,3.25,2019
Taste Artisan,U.S.A.,Peru,75,4,2019
Taste Artisan aka Coleman and Davis,U.S.A.,Madagascar,75,3,2015
Taucherli,Switzerland,Nicaragua,72,3,2019
Taucherli,Switzerland,Mexico,70,3.25,2019
Taylor Made,U.S.A.,Haiti,67,2.75,2021
Taza,U.S.A.,Dominican Republic,70,3,2007
Taza,U.S.A.,Mexico,75,2.75,2009
Taza,U.S.A.,Bolivia,87,3.25,2011
Taza,U.S.A.,Belize,68,3,2014
TCHO,U.S.A.,Ghana,70,2.5,2008
TCHO,U.S.A.,Peru,70,2.5,2008
TCHO,U.S.A.,Peru,70,2.5,2008
TCHO,U.S.A.,Madagascar,70,2.75,2008
TCHO,U.S.A.,Blend,60,2.75,2009
TCHO,U.S.A.,Blend,68,3,2009
TCHO,U.S.A.,Blend,99,3.25,2012
TCHO,U.S.A.,Blend,62,2,2016
Tejas,U.S.A.,Peru,70,2,2012
Tejas,U.S.A.,Madagascar,70,2.75,2012
Tejas,U.S.A.,Bolivia,70,2.75,2012
Tejas,U.S.A.,Brazil,70,2.75,2012
Tejas,U.S.A.,Blend,70,3,2012
Tejas,U.S.A.,Papua New Guinea,70,3,2012
Tejas,U.S.A.,Madagascar,70,3,2012
Tejas,U.S.A.,Venezuela,80,3,2012
Tejas,U.S.A.,Ecuador,70,3.25,2012
Tejas,U.S.A.,Ecuador,70,3.25,2012
Tejas,U.S.A.,Mexico,70,3.25,2012
Tejas,U.S.A.,Bolivia,67,3.25,2012
Tejas,U.S.A.,Dominican Republic,70,3.5,2012
Tejas,U.S.A.,Brazil,70,3.5,2012
Terroir,U.S.A.,Ecuador,77,3.25,2014
Terroir,U.S.A.,Madagascar,67,3.75,2014
Terroir,U.S.A.,Uganda,73,3.75,2014
Terroir,U.S.A.,Peru,70,2.75,2015
Terroir,U.S.A.,Ecuador,70,3.25,2015
Terroir,U.S.A.,Dominican Republic,70,3.5,2015
Terroir,U.S.A.,Belize,70,3.75,2015
Terroir,U.S.A.,Madagascar,70,3.75,2015
Terroir,U.S.A.,Guatemala,70,3.75,2015
Terroir,U.S.A.,Haiti,72,2.75,2019
Terroir,U.S.A.,Belize,77,3,2019
Terroir,U.S.A.,Bolivia,77,3.25,2019
The Barn,Sweden,Peru,70,3,2015
Theo,U.S.A.,Venezuela,91,2,2007
Theo,U.S.A.,Ivory Coast,75,2.5,2007
Theo,U.S.A.,Ghana,84,3,2007
Theo,U.S.A.,Blend,75,3,2007
Theo,U.S.A.,Madagascar,65,3.5,2007
Theo,U.S.A.,Congo,65,3.25,2012
Theobroma,Japan,Peru,70,3.25,2015
Thistle & Rose aka Aggie USU,U.S.A.,Ecuador,70,3.5,2019
Tibito,Colombia,Colombia,70,3,2018
Tibito,Colombia,Colombia,70,3.25,2018
Timo A. Meyer,Germany,Belize,72,3.75,2016
Tiny House,U.S.A.,Tanzania,71,2.75,2019
To'ak,Ecuador,Ecuador,75,3.25,2020
To'ak (Ecuatoriana),Ecuador,Ecuador,81,3.25,2014
Tobago Estate (Pralus),France,Tobago,70,4,2012
Tocoti,U.S.A.,Venezuela,72,2.75,2011
Tocoti,U.S.A.,Dominican Republic,74,3,2011
Tocoti,U.S.A.,Bolivia,77,3,2012
Tosier,U.K.,Haiti,70,2.75,2018
Tosier,U.K.,Bolivia,70,3,2018
Tosier,U.K.,Belize,70,3.5,2018
Tosier,U.K.,Colombia,70,2.75,2019
Tree to Bar,South Korea,Ecuador,70,3.5,2019
Treehouse,U.S.A.,Dominican Republic,72,3,2014
Treehouse aka Indaphoria,U.S.A.,Dominican Republic,70,2.75,2012
Treehouse aka Indaphoria,U.S.A.,Dominican Republic,70,3.25,2012
Triangle Roasters,U.S.A.,Nicaragua,70,3.25,2020
Triangle Roasters,U.S.A.,Haiti,70,3.25,2020
Triangle Roasters,U.S.A.,Guatemala,70,3.75,2020
Triangle Roasters,U.S.A.,Philippines,70,3.25,2021
Tribar,Peru,Peru,73,3,2018
Tribar,Peru,Peru,70,3.5,2018
Tribe,Canada,Vietnam,70,2.75,2020
Tribe,Canada,Honduras,70,2.75,2020
Tribe,Canada,Peru,70,3,2020
Tsara (Cinagra),Madagascar,Madagascar,72,3.5,2011
twenty-four blackbirds,U.S.A.,Dominican Republic,73,2.75,2011
twenty-four blackbirds,U.S.A.,Bolivia,75,2.5,2013
twenty-four blackbirds,U.S.A.,Dominican Republic,68,3.25,2013
twenty-four blackbirds,U.S.A.,Madagascar,75,3.5,2014
twenty-four blackbirds,U.S.A.,Dominican Republic,75,2.75,2015
twenty-four blackbirds,U.S.A.,Ecuador,75,3.5,2015
twenty-four blackbirds,U.S.A.,Tanzania,75,3.25,2017
Two Ravens,U.S.A.,Peru,60,3,2016
Un Dimanche A Paris,France,Dominican Republic,63,3.75,2011
Uncouth,Canada,Dominican Republic,75,2.75,2017
Uncouth,Canada,Tanzania,75,3,2017
Uncouth,Canada,Guatemala,75,3.25,2017
Undone,U.S.A.,Nicaragua,74,2.75,2014
Undone,U.S.A.,Dominican Republic,70,3,2014
Upchurch,U.S.A.,Madagascar,72,3,2016
Upchurch,U.S.A.,Tanzania,72,3.25,2016
Urzi,Italy,Venezuela,65,3.25,2014
Utopick,Spain,Colombia,70,3.75,2017
Utopick,Spain,Nicaragua,70,3.75,2018
Vaka,Canada,Belize,74,3.5,2020
Valrhona,France,Trinidad,64,2.5,2006
Valrhona,France,Blend,66,3,2006
Valrhona,France,Venezuela,64,3,2006
Valrhona,France,Madagascar,64,3.5,2006
Valrhona,France,Blend,70,3.75,2006
Valrhona,France,Blend,85,1.5,2007
Valrhona,France,Blend,85,2.5,2007
Valrhona,France,Blend,71,2.75,2007
Valrhona,France,Blend,72,3,2007
Valrhona,France,Venezuela,64,3.25,2007
Valrhona,France,Venezuela,65,3.75,2007
Valrhona,France,Madagascar,64,4,2007
Valrhona,France,Ghana,68,3.5,2009
Valrhona,France,Dominican Republic,64,3.75,2009
Valrhona,France,Ecuador,66,3.75,2009
Valrhona,France,Blend,56,3.25,2011
Valrhona,France,Venezuela,64,4,2011
Valrhona,France,Venezuela,69,4,2012
Valrhona,France,Blend,70,3.5,2013
Valrhona,France,Dominican Republic,64,3.5,2013
Valrhona,France,Peru,63,4,2015
Valrhona,France,Blend,60,3.25,2017
Vanleer (Barry Callebaut),U.S.A.,Ghana,72,2.5,2012
Vanleer (Barry Callebaut),U.S.A.,Ghana,65,2.75,2012
Vao Vao (Chocolaterie Robert),Madagascar,Madagascar,72,2.75,2009
Vao Vao (Chocolaterie Robert),Madagascar,Madagascar,76,2.75,2009
Vao Vao (Chocolaterie Robert),Madagascar,Madagascar,80,2.75,2009
Vao Vao (Chocolaterie Robert),Madagascar,Madagascar,70,3,2009
Vao Vao (Chocolaterie Robert),Madagascar,Madagascar,68,3,2009
Vao Vao (Chocolaterie Robert),Madagascar,Madagascar,64,3.25,2009
Vicuna,U.S.A.,Bolivia,70,3.25,2015
Vicuna,U.S.A.,Bolivia,70,3.25,2015
Vicuna,U.S.A.,Bolivia,70,2.75,2018
Vicuna,U.S.A.,Guatemala,70,3,2018
Vicuna,U.S.A.,Dominican Republic,70,3.25,2018
Videri,U.S.A.,Blend,70,3.25,2012
Videri,U.S.A.,Blend,90,3.75,2013
Videri,U.S.A.,Dominican Republic,90,3.25,2014
Videri,U.S.A.,Trinidad,75,3.5,2014
Videri,U.S.A.,Ecuador,75,3.5,2014
Videri,U.S.A.,Guatemala,75,2.75,2021
Videri,U.S.A.,Dominican Republic,75,3,2021
Videri,U.S.A.,Blend,70,3.5,2021
Videri,U.S.A.,Ecuador,75,3.5,2021
Vietcacao (A. Morin),France,Vietnam,70,3.5,2012
Vintage Plantations,U.S.A.,Peru,75,3,2014
Vintage Plantations (Tulicorp),U.S.A.,Ecuador,100,2,2007
Vintage Plantations (Tulicorp),U.S.A.,Ecuador,90,2,2007
Vintage Plantations (Tulicorp),U.S.A.,Ecuador,75,3,2007
Vintage Plantations (Tulicorp),U.S.A.,Ecuador,65,3,2007
Violet Sky,U.S.A.,Madagascar,77,2.75,2015
Violet Sky,U.S.A.,Guatemala,77,2.75,2015
Violet Sky,U.S.A.,Belize,77,3,2015
Violet Sky,U.S.A.,Venezuela,77,3,2015
Violet Sky,U.S.A.,Peru,77,3.25,2015
Vivra,U.S.A.,Peru,70,2.5,2016
Vivra,U.S.A.,Venezuela,70,2.5,2016
Vivra,U.S.A.,Dominican Republic,70,3,2016
Vivra,U.S.A.,Bolivia,70,2.5,2018
Vivra,U.S.A.,Haiti,70,2.5,2018
Wellington Chocolate Factory,New Zealand,Dominican Republic,70,3.5,2016
Wellington Chocolate Factory,New Zealand,Peru,70,3.5,2016
Wellington Chocolate Factory,New Zealand,Samoa,77,3,2017
White Label aka Mutari,U.S.A.,Tanzania,68,3,2018
White Label aka Mutari,U.S.A.,Bolivia,72,3,2018
White Label aka Mutari,U.S.A.,Philippines,74,3.5,2021
White Label aka Mutari,U.S.A.,Uganda,72,3.5,2021
White Label aka Mutari,U.S.A.,Honduras,74,3.75,2021
White Label aka Mutari,U.S.A.,Trinidad,72,3.75,2021
Whittakers,New Zealand,Ghana,72,2.5,2011
Wilkie's Organic,Ireland,Peru,75,2.5,2013
Wilkie's Organic,Ireland,Peru,89,2.75,2013
Wilkie's Organic,Ireland,Peru,75,2.75,2013
Wilkie's Organic,Ireland,Peru,75,3.25,2013
Willie's Cacao,U.K.,Peru,70,3,2009
Willie's Cacao,U.K.,Venezuela,72,3.25,2009
Willie's Cacao,U.K.,Madagascar,71,3,2010
Willie's Cacao,U.K.,Venezuela,72,3.5,2010
Willie's Cacao,U.K.,Indonesia,69,3.75,2010
Willie's Cacao,U.K.,Indonesia,100,2.25,2013
Willie's Cacao,U.K.,Colombia,88,3,2014
Willie's Cacao,U.K.,Colombia,70,4,2016
Wm,U.S.A.,Venezuela,74,3,2016
Wm,U.S.A.,Bolivia,76,3.5,2016
Wm,U.S.A.,Ghana,75,3.75,2016
Wm,U.S.A.,Belize,68,3.25,2019
Wm,U.S.A.,Venezuela,70,3.5,2019
Wm,U.S.A.,Dominican Republic,70,3.5,2021
Woodblock,U.S.A.,Dominican Republic,70,3.5,2011
Woodblock,U.S.A.,Venezuela,70,4,2011
Woodblock,U.S.A.,Ecuador,70,2.5,2012
Woodblock,U.S.A.,Costa Rica,70,3,2012
Woodblock,U.S.A.,Madagascar,70,3.25,2012
Woodblock,U.S.A.,Ecuador,70,3.25,2013
Woodblock,U.S.A.,Trinidad,70,3.5,2013
Woodblock,U.S.A.,Peru,70,3,2014
Woodblock,U.S.A.,Tanzania,70,3,2021
Xocolat,Dominican Republic,Dominican Republic,66,3,2013
Xocolatisimo,El Salvador,El Salvador,65,2.75,2019
Xocolatisimo,El Salvador,El Salvador,75,3,2019
Xocolatisimo,El Salvador,El Salvador,70,3.25,2019
Xocolatl,U.S.A.,Tanzania,73,3.25,2020
Xocolatl,U.S.A.,Peru,70,3.5,2020
Xocolatl,U.S.A.,Nicaragua,72,3.5,2020
Xocolla,U.S.A.,Dominican Republic,70,2.5,2017
Xocolla,U.S.A.,Madagascar,70,2.75,2017
Zac Squared,U.S.A.,Trinidad,70,3.25,2021
Zac Squared,U.S.A.,Vietnam,70,3.5,2021
Zac Squared,U.S.A.,Dominican Republic,70,3.5,2021
Zacharias,U.S.A.,Bolivia,70,3,2021
Zak's,U.S.A.,Papua New Guinea,70,3,2015
Zak's,U.S.A.,Blend,60,3,2015
Zak's,U.S.A.,Dominican Republic,70,3.25,2015
Zak's,U.S.A.,Madagascar,70,3.25,2015
Zak's,U.S.A.,Peru,70,3.25,2015
Zak's,U.S.A.,Belize,70,3.5,2015
Zart Pralinen,Austria,Ecuador,70,2.75,2016
Zart Pralinen,Austria,Trinidad,85,2.75,2016
Zart Pralinen,Austria,Tanzania,85,3,2016
Zart Pralinen,Austria,Madagascar,70,3.5,2016
Zart Pralinen,Austria,Tanzania,70,3.5,2016
Zart Pralinen,Austria,Trinidad,78,3.5,2016
Zokoko,Australia,Bolivia,68,3.5,2011
Zokoko,Australia,Papua New Guinea,66,3.5,2011
Zokoko,Australia,Bolivia,72,3.75,2011
Zokoko,Australia,Blend,65,3.25,2016
Zokoko,Australia,Solomon Islands,78,3.75,2016
Zoto (Chocolatoa),Belgium,Nicaragua,72,3,2018
Zoto (Chocolatoa),Belgium,DR Congo,68,3,2018
Zoto (Chocolatoa),Belgium,Nicaragua,75,3.25,2018
Zoto (Chocolatoa),Belgium,Nicaragua,70,3.75,2018
Zotter,Austria,Brazil,65,3,2010
Zotter,Austria,Congo,65,3,2011
Zotter,Austria,India,62,3.25,2011
Zotter,Austria,India,65,3.5,2011
Zotter,Austria,Peru,70,3.75,2011
Zotter,Austria,Peru,70,3,2012
Zotter,Austria,Ecuador,75,3,2012
Zotter,Austria,Papua New Guinea,75,3,2012
Zotter,Austria,Bolivia,90,3.25,2012
Zotter,Austria,Congo,68,3.25,2012
Zotter,Austria,Panama,72,3.5,2012
Zotter,Austria,Blend,65,3.5,2012
Zotter,Austria,Peru,70,3.5,2012
Zotter,Austria,Blend,58,3.5,2012
Zotter,Austria,Dominican Republic,62,3.75,2012
Zotter,Austria,Dominican Republic,70,3.75,2012
Zotter,Austria,Blend,80,2.75,2014
Zotter,Austria,Colombia,75,3.75,2017
Zotter,Austria,Blend,75,3,2018
Zotter,Austria,Congo,70,3.25,2018
Zotter,Austria,Belize,72,3.5,2018
