연도,규모,깊이km,위도,경도,지역
2024,6.8,146,47.3,151.236,Kuril Islands
2024,6.1,47,-17.704,168.003,"33 km W of Port-Vila, Vanuatu"
2024,7.3,54.372,-17.691,168.084,"24 km WNW of Port-Vila, Vanuatu"
2024,6.4,109,-35.33,-70.726,"56 km ESE of Molina, Chile"
2024,6.1,10,50.859,-177.443,"126 km SSW of Adak, Alaska"
2024,6.3,19,50.998,-177.178,"104 km SSW of Adak, Alaska"
2024,6.3,18,51.002,-177.328,"108 km SSW of Adak, Alaska"
2024,6,207,48.867,152.307,Kuril Islands
2024,7,10,40.374,-125.022,"2024 Offshore Cape Mendocino, California Earthquake"
2024,6.1,8,36.955,136.365,"38 km WNW of Hakui, Japan"
2024,6.1,8,29.042,131.397,"156 km SSE of Koshima, Japan"
2024,6.6,56,-4.755,153.292,"122 km ESE of Kokopo, Papua New Guinea"
2024,6.8,14,19.797,-77.051,"42 km SSW of Bartolomé Masó, Cuba"
2024,6.3,10,-46.781,-75.64,"239 km WNW of Cochrane, Chile"
2024,6,10,43.584,-127.642,"267 km W of Bandon, Oregon"
2024,6,509,-4.406,150.083,"126 km N of Kimbe, Papua New Guinea"
2024,6.2,40,49.394,155.637,"146 km SSW of Severo-Kuril’sk, Russia"
2024,6,10,38.312,38.806,"19 km W of Doğanyol, Turkey"
2024,6.2,16,10.497,-86.15,"40 km WNW of Tamarindo, Costa Rica"
2024,6.6,10,-19.289,-173.001,"125 km SE of Neiafu, Tonga"
2024,6.1,576,-5.983,124.899,"260 km ESE of Baubau, Indonesia"
2024,6.3,10,-17.199,66.534,Mauritius - Reunion region
2024,6,143,-0.047,122.892,"67 km SSW of Gorontalo, Indonesia"
2024,6,141,-31.891,-66.887,"95 km NNW of Villa General Roca, Argentina"
2024,6.3,31,17.154,147.225,"266 km NE of Saipan, Northern Mariana Islands"
2024,6.5,3.766,51.609,-130.612,"271 km WNW of Port McNeill, Canada"
2024,6.3,8,-3.287,146.409,"168 km SW of Lorengau, Papua New Guinea"
2024,6.2,7,-3.543,144.195,"59 km NNE of Angoram, Papua New Guinea"
2024,6.4,39,-6.83,155.53,"56 km S of Panguna, Papua New Guinea"
2024,6,26,53.002,160.379,"117 km E of Petropavlovsk-Kamchatsky, Russia"
2024,6.1,26.358,13.047,-89.583,"56 km SSW of La Libertad, El Salvador"
2024,6,99.28,-19.767,-174.981,"65 km W of Pangai, Tonga"
2024,6.9,96,-19.812,-175.071,"75 km W of Pangai, Tonga"
2024,7,29,52.931,160.133,"102 km E of Petropavlovsk-Kamchatsky, Russia"
2024,6.1,14,23.749,121.767,"30 km SSE of Hualien City, Taiwan"
2024,6.5,402.166,47.223,144.792,"151 km E of Dolinsk, Russia"
2024,7.1,24,31.76,131.502,"2024 Hyuganada Sea, Japan Earthquake"
2024,6.3,15,8.204,126.835,"44 km E of Barcelona, Philippines"
2024,6.8,32,8.185,126.616,"20 km E of Barcelona, Philippines"
2024,6,9,-20.381,-173.981,"73 km SSE of Pangai, Tonga"
2024,6.1,4,-15.507,168.124,"99 km NE of Norsup, Vanuatu"
2024,6.2,272,14.645,-89.932,"6 km E of Jalapa, Guatemala"
2024,6,40.972,52.086,-170.912,"168 km SW of Nikolski, Alaska"
2024,7.4,127.291,-23.079,-67.84,"41 km ESE of San Pedro de Atacama, Chile"
2024,6.4,10,48.788,-128.71,"209 km WSW of Tofino, Canada"
2024,7.1,639.503,6.084,123.15,"106 km WSW of Sangay, Philippines"
2024,6.6,4,-53.309,25.348,south of Africa
2024,6.2,546,26.896,138.829,"Bonin Islands, Japan region"
2024,6.1,18,-16.049,-74.556,"34 km SW of Atiquipa, Peru"
2024,7.2,24,-15.828,-74.454,"10 km WSW of Atiquipa, Peru"
2024,6.3,149,-14.626,167.243,"49 km NNE of Port-Olry, Vanuatu"
2024,6,77,10.692,-62.687,"20 km NE of Yaguaraparo, Venezuela"
2024,6,27,-15.856,-74.435,"10 km SW of Atiquipa, Peru"
2024,6,7.727,-60.95,154.335,west of Macquarie Island
2024,6.2,10,-53.856,-133.951,Pacific-Antarctic Ridge
2024,6.2,16,-28.958,-176.865,Kermadec Islands region
2024,6.2,10,-43.306,41.723,Prince Edward Islands region
2024,6.6,137,-19.343,-174.841,"70 km NW of Fangale’ounga, Tonga"
2024,6.3,22,-17.117,167.871,"83 km NW of Port-Vila, Vanuatu"
2024,6,28,52.068,-170.912,"169 km SW of Nikolski, Alaska"
2024,6.4,61.91,14.426,-92.462,"28 km WSW of Brisas Barra de Suchiate, Mexico"
2024,6.1,19.175,-15.132,168.021,"101 km ENE of Luganville, Vanuatu"
2024,6.1,16,-3.317,130.962,"154 km WSW of Fakfak, Indonesia"
2024,6.1,59.701,-8.005,107.28,"91 km S of Banjar, Indonesia"
2024,6.5,496,27.821,139.619,"Bonin Islands, Japan region"
2024,6.1,10,23.859,121.566,"13 km SSW of Hualien City, Taiwan"
2024,6.1,9,23.714,121.66,"29 km S of Hualien City, Taiwan"
2024,6.3,32,33.25,132.365,"18 km W of Uwajima, Japan"
2024,6.5,49,-5.856,151.095,"111 km ESE of Kimbe, Papua New Guinea"
2024,6.4,22,2.698,127.062,"150 km NW of Tobelo, Indonesia"
2024,6.8,222,19.11,145.366,"Maug Islands region, Northern Mariana Islands"
2024,6.1,29,37.71,141.856,"77 km E of Minami-Sōma, Japan"
2024,6.4,13.931,24.102,121.681,"15 km NNE of Hualien City, Taiwan"
2024,7.4,40,23.836,121.598,"15 km S of Hualien City, Taiwan"
2024,6.2,10,15.815,146.878,"137 km ENE of Saipan, Northern Mariana Islands"
2024,6.4,10,-21.072,173.737,Vanuatu region
2024,6.9,41.464,-4.129,143.134,"36 km ENE of Ambunti, Papua New Guinea"
2024,6.4,9.471,-5.875,112.365,"110 km N of Paciran, Indonesia"
2024,6.2,10,29.797,-42.661,northern Mid-Atlantic Ridge
2024,6,44,-5.831,150.684,"68 km ESE of Kimbe, Papua New Guinea"
2024,6,115,5.817,126.941,"103 km SE of Pondaguitan, Philippines"
2024,6.1,10,-59.195,158.761,Macquarie Island region
2024,6.8,23.187,-58.888,159.144,Macquarie Island region
2024,6.3,10,-35.089,-110.775,southern East Pacific Rise
2024,6,14,11.005,138.572,"171 km NNE of Colonia, Micronesia"
2024,6.1,236,22.009,142.792,"Volcano Islands, Japan region"
2024,6.1,13,-29.927,-177.232,"Kermadec Islands, New Zealand"
2024,6.5,621.081,-8.236,-71.4,"70 km W of Tarauacá, Brazil"
2024,6.1,90,14.064,-90.616,"15 km W of Taxisco, Guatemala"
2024,6.3,31,-17.983,168.05,"39 km SW of Port-Vila, Vanuatu"
2024,7,13,41.255,78.654,"128 km WNW of Aykol, China"
2024,6.2,10,-39.93,46.197,Southwest Indian Ridge
2024,6.6,607,-7.288,-71.464,"123 km NW of Tarauacá, Brazil"
2024,6.1,184,18.519,145.634,"Pagan region, Northern Mariana Islands"
2024,6.4,209,-18.91,-175.423,"148 km NW of Fangale’ounga, Tonga"
2024,6.4,204,36.498,70.601,"45 km SSW of Jurm, Afghanistan"
2024,6.7,62.574,4.923,126.157,"93 km SE of Sarangani, Philippines"
2024,6.2,10,37.19,136.827,"8 km SW of Anamizu, Japan"
2024,7.5,10,37.487,137.271,"2024 Noto Peninsula, Japan Earthquake"
2023,6.3,33,-2.993,139.372,"146 km WSW of Abepura, Indonesia"
2023,6.5,31,44.596,149.039,"115 km SE of Kuril’sk, Russia"
2023,6.1,10,-52.088,27.952,south of Africa
2023,6.1,20,51.21,-175.331,"116 km SE of Adak, Alaska"
2023,6.2,93,-15.858,-72.521,"11 km E of Iray, Peru"
2023,6.2,248,-18.814,-175.654,"174 km NW of Fangale’ounga, Tonga"
2023,7.1,48,-20.615,169.309,"118 km S of Isangel, Vanuatu"
2023,6.9,20,8.97,126.612,"34 km ENE of Aras-asan, Philippines"
2023,6,13,8.732,126.823,"58 km E of Marihatag, Philippines"
2023,6.6,19,8.488,126.745,"47 km ENE of Hinatuan, Philippines"
2023,6,9,8.447,126.778,"49 km NE of Barcelona, Philippines"
2023,6.3,46.378,8.44,126.939,"63 km ENE of Barcelona, Philippines"
2023,6.1,36.091,8.423,126.722,"41 km NE of Barcelona, Philippines"
2023,6.4,35,8.438,126.757,"47 km NE of Barcelona, Philippines"
2023,7.6,40,8.527,126.416,"19 km E of Gamut, Philippines"
2023,6.5,10,-3.561,144.031,"44 km E of Wewak, Papua New Guinea"
2023,6.9,22.163,20.132,145.519,"Maug Islands region, Northern Mariana Islands"
2023,6.7,13,-14.96,167.972,"97 km E of Port-Olry, Vanuatu"
2023,6,102,1.783,127.189,"91 km W of Tobelo, Indonesia"
2023,6.7,52,5.563,125.001,"32 km SW of Kablalan, Philippines"
2023,6.1,9,-4.033,87.104,South Indian Ocean
2023,6.1,10,-3.885,151.067,"126 km WNW of Rabaul, Papua New Guinea"
2023,6.1,9.969,-6.098,130.061,Banda Sea
2023,6.7,10,-6.131,129.874,Banda Sea
2023,7.1,6,-6.416,129.547,Banda Sea
2023,6.7,10,-6.444,129.752,Banda Sea
2023,6.1,51,-10.056,123.754,"20 km NE of Kupang, Indonesia"
2023,6.6,34,-28.743,-71.557,"80 km WSW of Vallenar, Chile"
2023,6.5,560,-17.541,-179.026,"185 km ENE of Levuka, Fiji"
2023,6,68,-19.387,168.803,"53 km WNW of Isangel, Vanuatu"
2023,6,19,-29.933,-177.45,"Kermadec Islands, New Zealand"
2023,6.4,174,52.559,-176.924,"78 km NNW of Adak, Alaska"
2023,6.3,9,34.653,62.124,"34 km NNW of Herāt, Afghanistan"
2023,6.3,10,-52.045,139.613,west of Macquarie Island
2023,6.3,8,34.536,62.051,"24 km NNW of Herāt, Afghanistan"
2023,6,253,-22.915,-66.255,"61 km WSW of Abra Pampa, Argentina"
2023,6.9,52,-5.475,146.144,"48 km SE of Madang, Papua New Guinea"
2023,6.7,55,-5.573,146.138,"54 km SE of Madang, Papua New Guinea"
2023,6.3,8,34.544,61.889,"25 km NNE of Zindah Jān, Afghanistan"
2023,6.3,14,34.598,61.926,"32 km NNE of Zindah Jān, Afghanistan"
2023,6.1,10,30.141,139.968,"Izu Islands, Japan region"
2023,6.1,10,29.847,139.99,"Izu Islands, Japan region"
2023,6.4,113,5.317,126.044,"65 km E of Sarangani, Philippines"
2023,6,10,29.918,140.011,"Izu Islands, Japan region"
2023,6.1,125,-15.587,167.741,"62 km E of Luganville, Vanuatu"
2023,6.1,185,-14.019,167.247,Vanuatu
2023,6.3,176,26.531,125.231,"191 km N of Hirara, Japan"
2023,6.1,10,-36.23,-97.931,West Chile Rise
2023,6.2,31.11,19.235,121.229,"69 km N of Namuac, Philippines"
2023,6,151,1.125,127.489,"38 km NNE of Ternate, Indonesia"
2023,6,13,0.002,119.766,"101 km N of Palu, Indonesia"
2023,6.8,19,31.058,-8.385,"Al Haouz, Morocco"
2023,6.6,79,-32.8,-179.374,south of the Kermadec Islands
2023,6.3,36,-30.274,-71.482,"38 km SSW of Coquimbo, Chile"
2023,6.1,137,50.679,156.313,"13 km E of Severo-Kuril’sk, Russia"
2023,7.1,500,-6.789,116.521,"180 km NNE of Gili Air, Indonesia"
2023,6.2,554,-26.884,-63.295,"17 km NNW of El Hoyo, Argentina"
2023,6.1,10,4.346,-73.62,"10 km E of El Calvario, Colombia"
2023,6,10,-0.329,-19.58,central Mid-Atlantic Ridge
2023,6.5,188,-13.888,167.225,"35 km W of Sola, Vanuatu"
2023,6.1,8,13.347,147.53,Mariana Islands region
2023,6,10,-43.504,39.108,Prince Edward Islands region
2023,6.1,42,-15.208,-173.188,"105 km NE of Hihifo, Tonga"
2023,6.2,575,-28.177,-63.184,"Santiago del Estero, Argentina"
2023,6.4,13,-14.74,167.913,"96 km ENE of Port-Olry, Vanuatu"
2023,6,523,-24.096,178.742,"665 km S of Suva, Fiji"
2023,6.5,70.808,12.8,-88.08,"43 km S of Intipucá, El Salvador"
2023,6.6,186,-38.186,-70.443,"19 km SE of Loncopué, Argentina"
2023,7.2,25,54.393,-160.762,"2023 Sand Point, Alaska Earthquake"
2023,6.3,34,14.9,-93.901,"Offshore Chiapas, Mexico"
2023,6.6,14,20.063,-61.102,"278 km NNE of Codrington, Antigua and Barbuda"
2023,6.9,229,-17.881,-174.948,"132 km NW of Neiafu, Tonga"
2023,6.2,9,-24.082,-175.576,south of Tonga
2023,6.2,23.844,-4.473,144.834,"96 km ESE of Angoram, Papua New Guinea"
2023,6,8,-48.673,31.132,south of Africa
2023,6.4,4,23.167,-108.692,Gulf of California
2023,6.1,22,-23.465,-175.472,"241 km SSW of ‘Ohonua, Tonga"
2023,6.2,16,-23.558,-175.621,"254 km SSW of ‘Ohonua, Tonga"
2023,6,20,-23.52,-175.926,"261 km SSW of ‘Ohonua, Tonga"
2023,7.2,179,-22.994,-177.107,"274 km SW of Houma, Tonga"
2023,6.2,112,13.763,120.72,"Mindoro, Philippines"
2023,6.2,121,42.527,141.9,"20 km WSW of Biratori, Japan"
2023,6.3,14.778,-49.609,163.855,"Auckland Islands, New Zealand region"
2023,6,222,-18.484,-175.185,Tonga
2023,6,10,-39.006,-91.372,West Chile Rise
2023,6.1,42,35.529,140.528,"12 km SE of Narutō, Japan"
2023,6.5,13,8.922,-77.09,"45 km NE of Puerto Obaldía, Panama"
2023,6.2,158,-6.948,129.529,Banda Sea
2023,6.1,10,-22.995,170.307,"290 km E of Vao, New Caledonia"
2023,6.1,82.297,-10.273,161.444,"55 km WNW of Kirakira, Solomon Islands"
2023,6.8,28,-43.399,39.303,Prince Edward Islands region
2023,6.5,10,-22.956,170.552,southeast of the Loyalty Islands
2023,7.1,27.309,-23.042,170.56,southeast of the Loyalty Islands
2023,7.7,18.053,-23.206,170.742,southeast of the Loyalty Islands
2023,6.4,252,15.107,-90.805,"8 km SE of Canillá, Guatemala"
2023,7.6,210,-15.628,-174.493,"82 km WNW of Hihifo, Tonga"
2023,6.2,10,37.548,137.299,"49 km NE of Anamizu, Japan"
2023,6.6,563,-25.15,178.427,south of the Fiji Islands
2023,6,587.56,-25.147,178.506,south of the Fiji Islands
2023,7.1,34,-0.808,98.511,"171 km SSE of Teluk Dalam, Indonesia"
2023,7.1,46.755,-29.957,-177.839,"Kermadec Islands, New Zealand"
2023,6.2,4,-5.261,125.585,Banda Sea
2023,6.3,40,-5.95,149.635,"30 km NNE of Kandrian, Papua New Guinea"
2023,6.7,580,-22.319,179.451,south of the Fiji Islands
2023,7,597,-6.041,112.048,"Java, Indonesia"
2023,6,7,49.215,-129.618,"237 km SW of Port McNeill, Canada"
2023,6.3,16,7.567,-82.335,"73 km S of Boca Chica, Panama"
2023,6.2,10,13.732,125.538,"124 km E of Gigmoto, Philippines"
2023,6.1,84,0.839,98.835,"77 km SW of Padangsidempuan, Indonesia"
2023,6.5,101,52.723,158.494,"23 km SSE of Vilyuchinsk, Russia"
2023,7,70,-4.323,143.166,"40 km ESE of Ambunti, Papua New Guinea"
2023,6.3,26,-35.666,-73.496,"105 km WSW of Constitución, Chile"
2023,6,37,41.143,142.815,"Hokkaido, Japan region"
2023,6.2,79,-8.232,158.912,Solomon Islands
2023,6.4,228,-23.422,-66.495,"86 km WSW of El Aguilar, Argentina"
2023,6.5,192,36.523,70.943,"40 km SSE of Jurm, Afghanistan"
2023,6.8,68,-2.783,-79.852,"14 km NNW of Baláo, Ecuador"
2023,7,10,-30.174,-176.205,Kermadec Islands region
2023,6.3,213,-5.42,146.834,"118 km E of Madang, Papua New Guinea"
2023,6.9,211,-29.502,-178.797,"Kermadec Islands, New Zealand"
2023,6.5,17,-15.377,166.391,"83 km WSW of Port-Olry, Vanuatu"
2023,6.6,600.933,-4.825,149.504,"106 km NW of Kimbe, Papua New Guinea"
2023,6.2,34,-6.088,149.828,"33 km ENE of Kandrian, Papua New Guinea"
2023,6,55,42.826,145.021,"Hokkaido, Japan region"
2023,6.3,92,3.28,128.136,"172 km N of Tobelo, Indonesia"
2023,6.9,9,38.055,73.229,"65 km WSW of Murghob, Tajikistan"
2023,6.3,16,36.162,36.025,"2 km NNW of Uzunba?, Turkey"
2023,6.1,39.742,-6.618,132.106,"130 km SSW of Tual, Indonesia"
2023,6.1,8,12.31,123.861,"9 km NNE of Miaga, Philippines"
2023,6.1,354,-29.37,-178.972,"Kermadec Islands, New Zealand"
2023,6,8.516,38.058,36.511,"4 km NNE of Göksun, Turkey"
2023,6,10,38.032,38.098,"12 km W of Çelikhan, Turkey"
2023,7.5,7.432,38.011,37.196,"Elbistan earthquake, Kahramanmaras earthquake sequence"
2023,6.7,9.797,37.189,36.893,"14 km E of Nurda??, Turkey"
2023,7.8,10,37.226,37.014,"Pazarcik earthquake, Kahramanmaras earthquake sequence"
2023,6,19,7.743,126.057,"1 km NW of Babag, Philippines"
2023,6,131,-30.212,-178.661,"Kermadec Islands, New Zealand"
2023,6.4,580,-26.72,-63.113,"Santiago del Estero, Argentina"
2023,6.8,596.837,-26.751,-63.082,"29 km SW of Campo Gallo, Argentina"
2023,6.1,162,16.14,-62.153,"40 km WSW of Pointe-Noire, Guadeloupe"
2023,7,29.708,2.731,127.022,"156 km NW of Tobelo, Indonesia"
2023,6,154,-0.012,123.2,"62 km SSE of Gorontalo, Indonesia"
2023,6.3,405,28.98,139.345,"Bonin Islands, Japan region"
2023,6.1,37,1.984,97.998,"40 km SE of Singkil, Indonesia"
2023,7.6,104.95,-7.059,130.009,"Pulau Pulau Tanimbar, Indonesia"
2023,7,29,-14.947,166.879,"23 km WNW of Port-Olry, Vanuatu"
2023,6,203,36.474,70.746,"44 km S of Jurm, Afghanistan"
2022,6.1,4,-21.257,171.377,"289 km SE of Isangel, Vanuatu"
2022,6.4,17.91,40.525,-124.423,"15km WSW of Ferndale, CA"
2022,6.3,73,51.608,178.597,"Rat Islands, Aleutian Islands, Alaska"
2022,6,18,17.18,-100.53,"7 km W of Corral Falso, Mexico"
2022,6.8,38,-15.35,-172.987,"109 km NE of Hihifo, Tonga"
2022,6.1,10,40.836,30.983,"15 km W of Düzce, Turkey"
2022,6.2,10,30.794,-116.391,"28 km SW of Las Brisas, Mexico"
2022,6,10,-9.82,159.459,Solomon Islands
2022,7,14,-9.82,159.603,"18 km SW of Malango, Solomon Islands"
2022,6.9,25,-4.904,100.786,"204 km SW of Bengkulu, Indonesia"
2022,6.1,346,33.814,137.305,"85 km SSE of Toba, Japan"
2022,6.1,630.185,-26.003,178.203,south of the Fiji Islands
2022,6.2,18,-37.465,-73.676,"Near the coast of Bio-Bio, Chile"
2022,7,579,-20.111,-178.345,Fiji region
2022,7.3,37,-19.288,-172.147,"205 km ESE of Neiafu, Tonga"
2022,6.6,624.464,-25.578,178.261,south of the Fiji Islands
2022,7,660,-26.09,178.343,south of the Fiji Islands
2022,6.8,630.379,-26.008,178.278,south of the Fiji Islands
2022,6.1,10,28.157,-112.311,"82 km SSW of Bahía de Kino, Mexico"
2022,6.1,25,-60.784,-25.777,South Sandwich Islands region
2022,6,10,31.504,-133.351,North Pacific Ocean
2022,6.4,6,17.661,120.815,"11 km E of Dolores, Philippines"
2022,6.3,79,-58.777,-26.141,South Sandwich Islands region
2022,6.7,20,7.69,-82.334,"60 km SSW of Boca Chica, Panama"
2022,6.3,15,4.358,-87.567,off the coast of Central America
2022,6.4,72,-4.812,153.591,"155 km ESE of Kokopo, Papua New Guinea"
2022,6.2,10,-1.364,-23.904,central Mid-Atlantic Ridge
2022,6,10,53.705,-35.507,Reykjanes Ridge
2022,6.5,11,-60.831,-20.025,east of the South Sandwich Islands
2022,6.1,20,-41.379,-75.577,"156 km WNW of Ancud, Chile"
2022,6.2,42.181,3.811,96.051,"37 km SSW of Meulaboh, Indonesia"
2022,6.8,20,18.263,-102.955,"55 km SSW of Aguililla, Mexico"
2022,6,10,55.504,166.328,"254 km ESE of Ust’-Kamchatsk Staryy, Russia"
2022,7.6,26.943,18.455,-102.956,"35 km SSW of Aguililla, Mexico"
2022,6.9,10,23.138,121.344,"90 km E of Yujing, Taiwan"
2022,6.5,10,23.119,121.414,"96 km SE of Lugu, Taiwan"
2022,7,137,-21.191,170.267,"209 km SSE of Isangel, Vanuatu"
2022,7.6,116,-6.294,146.504,"70 km E of Kainantu, Papua New Guinea"
2022,6,20,-1.149,98.654,"173 km WSW of Pariaman, Indonesia"
2022,6.2,21,-2.231,138.178,"260 km ESE of Biak, Indonesia"
2022,6.2,18,-2.249,138.198,"Papua, Indonesia"
2022,6.6,12,29.679,102.236,"44 km SE of Kangding, China"
2022,6.2,10,-56.038,-124.478,southern East Pacific Rise
2022,6.9,10,-0.934,-21.715,central Mid-Atlantic Ridge
2022,6.1,125,-5.652,148.712,"110 km WNW of Kandrian, Papua New Guinea"
2022,6.3,10,-54.651,-136.152,Pacific-Antarctic Ridge
2022,6.2,17,-0.988,98.605,"173 km WSW of Pariaman, Indonesia"
2022,6.2,45.258,-5.093,103.079,"119 km S of Pagar Alam, Indonesia"
2022,6.4,78,-22.078,170.966,southeast of the Loyalty Islands
2022,6.6,30,-32.736,-179.009,south of the Kermadec Islands
2022,6.1,54,-21.931,-70.339,"22 km NW of Tocopilla, Chile"
2022,6.2,112,-22.188,-68.579,"Antofagasta, Chile"
2022,7,33.729,17.521,120.818,"11 km NE of Bantay, Philippines"
2022,6.4,24.499,-44.621,-79.65,"Off the coast of Aisen, Chile"
2022,6.8,10,-22.591,-114.258,Easter Island region
2022,6,10,-18.14,168.968,"82 km ESE of Port-Vila, Vanuatu"
2022,6,9,26.888,55.321,"57 km NE of Bandar-e Lengeh, Iran"
2022,6,16,26.906,55.239,"52 km NE of Bandar-e Lengeh, Iran"
2022,6,30,19.024,121.336,"49 km NNE of Namuac, Philippines"
2022,6,4,33.02,69.464,"55 km SW of Kh?st, Afghanistan"
2022,6.5,622.73,-9.047,-71.178,"107 km SSW of Tarauacá, Brazil"
2022,6.3,105,52.054,178.268,"Rat Islands, Aleutian Islands, Alaska"
2022,6.4,10,-57.724,148.677,west of Macquarie Island
2022,6.3,237,-17.96,-174.968,"129 km NW of Neiafu, Tonga"
2022,6.2,49,-8.257,127.208,"37 km NE of Lospalos, Timor Leste"
2022,6.2,10,-49.772,-114.97,southern East Pacific Rise
2022,6.6,15,-22.828,172.13,southeast of the Loyalty Islands
2022,7.2,236,-14.908,-70.292,"10 km W of Azángaro, Peru"
2022,6,12,33.228,141.412,"235 km SSE of Katsuura, Japan"
2022,6.3,603.79,-26.212,178.45,south of the Fiji Islands
2022,6.1,129,14.019,120.649,"1 km S of Lian, Philippines"
2022,6.9,10,-54.132,159.054,Macquarie Island region
2022,6.8,220,-23.496,-66.652,"86 km NNW of San Antonio de los Cobres, Argentina"
2022,6.3,10,-3.359,146.351,"178 km SW of Lorengau, Papua New Guinea"
2022,6.2,21,24.041,122.489,"70 km SW of Yonakuni, Japan"
2022,6,18,6.529,127.132,"94 km SE of Lukatan, Philippines"
2022,6.1,10,-3.915,146.69,"175 km NE of Madang, Papua New Guinea"
2022,6.6,27,11.554,-86.96,"55 km WSW of Masachapa, Nicaragua"
2022,6,19,6.969,126.924,"50 km ESE of Manay, Philippines"
2022,6.1,19,7.285,126.953,"41 km E of Santiago, Philippines"
2022,6.1,196,-15.704,167.846,Vanuatu
2022,6.1,149,-4.43,152.024,"28 km WSW of Kokopo, Papua New Guinea"
2022,6.3,17,-16.315,166.86,"63 km WSW of Norsup, Vanuatu"
2022,6,31,-17.472,167.863,"56 km WNW of Port-Vila, Vanuatu"
2022,6.4,20,-22.658,170.808,southeast of the Loyalty Islands
2022,7,10,-22.586,170.374,southeast of the Loyalty Islands
2022,6.9,10,-22.666,170.366,"284 km ESE of Tadine, New Caledonia"
2022,6,115,-15.069,167.452,Vanuatu
2022,6.7,24,23.384,121.612,"65 km S of Hualien City, Taiwan"
2022,6.7,10,10.745,-43.382,northern Mid-Atlantic Ridge
2022,6,44,-28.659,-177.353,Kermadec Islands region
2022,6.3,21,-25.298,-176.3,south of the Fiji Islands
2022,7.3,41,37.713,141.579,"57 km ENE of Namie, Japan"
2022,6,57.18,37.647,141.673,"62 km ENE of Namie, Japan"
2022,6.7,28,-0.629,98.626,"166 km W of Pariaman, Indonesia"
2022,6.4,11,14.096,119.381,"75 km WNW of Cabra, Philippines"
2022,6.1,581.83,-20.375,-178.405,Fiji region
2022,6,20,-58.731,-24.917,South Sandwich Islands region
2022,6.6,24,-30.075,-177.726,"Kermadec Islands, New Zealand"
2022,6.1,4,0.219,100.101,"65 km NNW of Bukittinggi, Indonesia"
2022,6,251,-22.666,-66.266,"58 km W of Abra Pampa, Argentina"
2022,6.3,14,-69.774,165.392,Balleny Islands region
2022,6.8,535,-23.768,179.998,south of the Fiji Islands
2022,6.2,60,14.148,-91.398,"12 km WSW of Nueva Concepción, Guatemala"
2022,6,15,11.788,144.284,"168 km SSW of Merizo Village, Guam"
2022,6.2,10,-0.417,-19.891,central Mid-Atlantic Ridge
2022,6.3,10,-48.033,99.495,southeast Indian Ridge
2022,6.5,110,-4.466,-76.928,"49 km NW of Barranca, Peru"
2022,6,119,-7.483,128.313,"184 km NE of Lospalos, Timor Leste"
2022,6.5,8,-29.564,-176.722,Kermadec Islands region
2022,6,8,5.497,-82.584,"281 km SW of Arenas, Panama"
2022,6.2,6.2,-19.099,-176.314,"220 km WNW of Pangai, Tonga"
2022,6,11,-55.37,-28.784,South Sandwich Islands region
2022,6.2,29,53.24,-166.682,"71 km S of Unalaska, Alaska"
2022,6,21,3.672,126.66,"232 km SE of Sarangani, Philippines"
2022,6.3,39,32.728,132.039,"27 km SSE of Saiki, Japan"
2022,6.1,379,-6.449,154.822,"74 km WSW of Panguna, Papua New Guinea"
2022,6.6,33,-6.86,105.289,"80 km SW of Labuan, Indonesia"
2022,6.6,19,52.579,-168.327,"53 km SE of Nikolski, Alaska"
2022,6.8,20,52.342,-167.755,"100 km SE of Nikolski, Alaska"
2022,6.6,21,35.227,31.944,"48 km WNW of Pólis, Cyprus"
2022,6.2,7,-33.782,179.574,south of the Kermadec Islands
2022,6.6,13,37.828,101.29,"northern Qinghai, China"
2022,6.1,17,11.937,-87.137,near the coast of Nicaragua
2022,6,544,-4.806,125.081,"284 km E of Katabu, Indonesia"
2022,6.2,19,24.008,122.259,"66 km E of Hualien City, Taiwan"
2022,6,104,-13.186,166.815,"110 km NW of Sola, Vanuatu"
2021,7.3,165.49,-7.548,127.577,"125 km NNE of Lospalos, Timor Leste"
2021,6.1,639.16,-18.11,-179.352,"141 km E of Levuka, Fiji"
2021,6,10,18.837,-107.071,"213 km SW of La Cruz de Loreto, Mexico"
2021,6.2,27.04,40.39,-124.298,"7km N of Petrolia, CA"
2021,6.2,10,-16.314,178.578,"85 km W of Labasa, Fiji"
2021,6,10,-47.126,33.508,Prince Edward Islands region
2021,6,15,-60.175,-23.837,South Sandwich Islands region
2021,7.3,14.27,-7.603,122.227,Flores Sea
2021,6.6,10,-60.796,154.139,west of Macquarie Island
2021,6,7,29.413,129.385,"116 km N of Naze, Japan"
2021,6,149,4.093,128.136,"261 km N of Tobelo, Indonesia"
2021,6,7.03,-60.465,-27.14,South Sandwich Islands region
2021,6.1,10,-28.482,-112.025,"295 km WSW of Hanga Roa, Chile"
2021,6.1,10,-3.625,151.352,"110 km NW of Rabaul, Papua New Guinea"
2021,6.3,10,-3.523,151.185,"113 km SSE of Kavieng, Papua New Guinea"
2021,6.3,11,31.196,142.503,"Izu Islands, Japan region"
2021,7.5,126,-4.467,-76.813,"43 km NNW of Barranca, Peru"
2021,6.2,43,22.823,93.506,"20 km WSW of Falam, Myanmar"
2021,6.1,10,-10.745,166.507,"77 km E of Lata, Solomon Islands"
2021,6.2,34,-5.312,153.707,"192 km SE of Kokopo, Papua New Guinea"
2021,6,10,-37.512,51.261,South Indian Ocean
2021,6.4,10,27.727,56.072,"63 km NNW of Bandar Abbas, Iran"
2021,6,9,27.716,56.074,"62 km NNW of Bandar Abbas, Iran"
2021,6,10,-4.324,134.18,"181 km SW of Nabire, Indonesia"
2021,6.6,12,23.593,126.447,"177 km SE of Hirara, Japan"
2021,6.3,20,11.22,-86.525,"62 km S of Masachapa, Nicaragua"
2021,6,34,-0.045,124.281,"150 km ESE of Gorontalo, Indonesia"
2021,6,8,0.208,96.709,"253 km S of Sinabang, Indonesia"
2021,6,22,-58.028,-25.268,South Sandwich Islands region
2021,6.2,69,24.511,121.831,"28 km SSE of Yilan, Taiwan"
2021,6.1,487,-25.316,179.604,south of the Fiji Islands
2021,6.2,93,-13.69,167.04,"59 km WNW of Sola, Vanuatu"
2021,6.4,33,-8.878,158.464,"148 km WSW of Buala, Solomon Islands"
2021,6.4,20,35.169,26.215,"4 km SW of Palekastro, Greece"
2021,6.9,51.6,56.295,-156.581,"112 km E of Chignik, Alaska"
2021,6.21,35.06,18.82,-155.527,"27 km SSE of Naalehu, Hawaii"
2021,6.9,535,-21.189,174.522,Vanuatu region
2021,6.2,10,-60.416,-27.519,South Sandwich Islands region
2021,6,10,-9.178,67.261,Mid-Indian Ridge
2021,7.3,527,-21.127,174.896,Vanuatu region
2021,6.1,364,38.889,135.453,"243 km NNW of Nanao, Japan"
2021,6,6,35.244,25.27,"6 km N of Thrapsanón, Greece"
2021,6.1,18,51.083,-179.015,"187 km WSW of Adak, Alaska"
2021,6.5,21,12.14,-87.865,"80 km SW of Jiquilillo, Nicaragua"
2021,6.4,18.8,-36.777,-73.933,"73 km W of Talcahuano, Chile"
2021,6.1,35,46.393,152.488,Kuril Islands
2021,6.2,205,-23.763,-67.013,"86 km NW of San Antonio de los Cobres, Argentina"
2021,7,20,16.947,-99.753,"Acapulco, Mexico"
2021,6,10,-19.386,-176.068,"185 km WNW of Pangai, Tonga"
2021,6.4,16,-29.921,-177.38,"Kermadec Islands, New Zealand"
2021,6,35,48.865,154.911,"219 km SSW of Severo-Kuril’sk, Russia"
2021,7.1,6,-60.285,-24.874,South Sandwich Islands region
2021,6.6,7,-60.14,-24.221,South Sandwich Islands region
2021,6,28,-59.634,-26.348,South Sandwich Islands region
2021,6.9,93,-14.882,167.059,"17 km N of Port-Olry, Vanuatu"
2021,6.1,32.62,-58.026,-25.416,South Sandwich Islands region
2021,6.9,16.7,-58.369,-23.355,South Sandwich Islands region
2021,7.2,10,18.433,-73.482,"Nippes, Haiti"
2021,6.9,20.74,55.177,-157.644,"125 km SE of Perryville, Alaska"
2021,6.1,10,-60.535,-27.25,South Sandwich Islands region
2021,6,35,-59.844,-26.451,South Sandwich Islands region
2021,6.1,35,-60.357,-26.761,South Sandwich Islands region
2021,6.7,35,-59.981,-26.431,South Sandwich Islands region
2021,8.1,22.79,-58.375,-25.264,2021 South Sandwich Islands Earthquake
2021,7.5,47.23,-57.567,-25.032,South Sandwich Islands region
2021,7.1,55.14,6.475,126.715,"60 km ENE of Pondaguitan, Philippines"
2021,6.1,10,8.881,94.019,"Nicobar Islands, India region"
2021,6,10,-4.499,133.958,"182 km NE of Tual, Indonesia"
2021,6.2,34,-4.915,-80.616,"7 km E of Sullana, Peru"
2021,8.2,35,55.364,-157.888,"2021 Chignik, Alaska Earthquake"
2021,6.3,11,-0.768,121.908,"99 km WNW of Luwuk, Indonesia"
2021,6.1,10,-29.927,-176.864,Kermadec Islands region
2021,6.7,110,13.705,120.726,"15 km S of Hukay, Philippines"
2021,6.7,10,7.393,-82.779,"71 km S of Burica, Panama"
2021,6,8.37,-3.231,146.8,"142 km SSW of Lorengau, Papua New Guinea"
2021,6.1,4.07,6.826,-82.677,"135 km S of Burica, Panama"
2021,6.1,44.33,2.949,126.498,"215 km NW of Tobelo, Indonesia"
2021,6,7.45,38.508,-119.5,"Antelope Valley, CA"
2021,6,22,-28.736,-71.482,"72 km WSW of Vallenar, Chile"
2021,6.1,599.56,-21.812,-179.416,Fiji region
2021,6.5,25,-30.216,-177.845,"Kermadec Islands, New Zealand"
2021,6.2,26,0.317,126.291,"132 km WSW of Ternate, Indonesia"
2021,6.1,44,62.449,-148.251,"73 km N of Chickaloon, Alaska"
2021,6.5,10,-16.601,-177.373,"265 km SSE of Alo, Wallis and Futuna"
2021,7.3,10,34.598,98.251,"Southern Qinghai, China"
2021,6.1,9,25.727,100.008,"25 km NW of Dali, China"
2021,6.7,10,-33.065,-109.394,southern East Pacific Rise
2021,6.7,11,0.136,96.644,"260 km S of Sinabang, Indonesia"
2021,6,32,37.717,141.817,"76 km ENE of Namie, Japan"
2021,6.1,10,6.714,-82.415,"154 km SSE of Punta de Burica, Panama"
2021,6.7,10,-17.387,66.314,Mauritius - Reunion region
2021,6,22,13.274,-90.227,"55 km SW of Acajutla, El Salvador"
2021,6.1,384,-18.744,-177.566,Fiji region
2021,6.1,10,-54.413,144.216,west of Macquarie Island
2021,6.9,43,38.2,141.597,"30 km SSE of Onagawa Ch?, Japan"
2021,6.1,10,-29.339,-176.321,Kermadec Islands region
2021,6,34,26.781,92.457,"8 km NNW of Dhekiajuli, India"
2021,6.1,10,-3.407,145.517,"176 km ENE of Angoram, Papua New Guinea"
2021,6.5,246,-21.61,-177.153,"207 km WSW of Haveluloto, Tonga"
2021,6.5,301,-18.904,-176.27,"225 km WNW of Pangai, Tonga"
2021,6.1,9,0.183,96.56,"254 km S of Sinabang, Indonesia"
2021,6,9,-3.444,145.733,"196 km N of Madang, Papua New Guinea"
2021,6.1,300,4.132,124.644,"167 km SSW of Sarangani, Philippines"
2021,6,67,-8.571,112.505,"45 km S of Sumberpucung, Indonesia"
2021,6.1,18,-29.049,-176.612,Kermadec Islands region
2021,6.1,24,-37.46,179.632,"194 km NE of Gisborne, New Zealand"
2021,6.6,10,-58.014,-7.843,east of the South Sandwich Islands
2021,6,595,-21.801,-179.38,Fiji region
2021,6.4,20,-29.961,-177.676,"Kermadec Islands, New Zealand"
2021,7,43,38.452,141.648,"30 km E of Ishinomaki, Japan"
2021,6,10,-59.618,150.327,west of Macquarie Island
2021,6,8,36.921,5.201,"21 km NNE of Bejaïa, Algeria"
2021,6.6,13.23,54.737,163.18,"171 km SSE of Ust’-Kamchatsk Staryy, Russia"
2021,6,10,-59.871,-29.482,South Sandwich Islands region
2021,6.1,10,-28.29,-177.628,Kermadec Islands region
2021,6.2,15,-28.357,-177.874,Kermadec Islands region
2021,6.2,10,-28.422,-177.766,Kermadec Islands region
2021,6.1,10,-28.626,-177.001,Kermadec Islands region
2021,6.3,13,-37.576,179.595,"183 km NE of Gisborne, New Zealand"
2021,6.2,14,-28.898,-176.61,Kermadec Islands region
2021,6,15,-29.502,-176.126,Kermadec Islands region
2021,6.3,17,-28.749,-176.558,Kermadec Islands region
2021,6.5,24,-28.517,-176.68,Kermadec Islands region
2021,6.1,10,-28.387,-176.69,Kermadec Islands region
2021,8.1,28.93,-29.723,-177.279,"2021 Kermadec Islands, New Zealand Earthquake"
2021,7.4,43,-29.677,-177.84,"Kermadec Islands, New Zealand"
2021,6.1,173.35,-14.433,167.333,"66 km SSW of Sola, Vanuatu"
2021,7.3,10,-37.479,179.458,"182 km NE of Gisborne, New Zealand"
2021,6.3,8,39.755,22.176,"9 km W of Týrnavos, Greece"
2021,6.1,3.7,-14.837,-176.757,"157 km ESE of Alo, Wallis and Futuna"
2021,6.2,14,-18.951,168.067,"136 km S of Port-Vila, Vanuatu"
2021,6.1,12,-23.184,171.779,southeast of the Loyalty Islands
2021,6.2,13,-17.829,167.541,"82 km W of Port-Vila, Vanuatu"
2021,7.1,43.98,37.727,141.775,"73 km ENE of Namie, Japan"
2021,6,10.56,-23.336,171.812,southeast of the Loyalty Islands
2021,6.3,12,-23.191,171.583,southeast of the Loyalty Islands
2021,6.1,14,-22.717,171.213,southeast of the Loyalty Islands
2021,6.1,11.69,-22.811,171.173,southeast of the Loyalty Islands
2021,7.7,10,-23.051,171.657,southeast of the Loyalty Islands
2021,6.1,10,-22.741,171.643,southeast of the Loyalty Islands
2021,6.3,10,-5.686,101.65,"219 km SSW of Bengkulu, Indonesia"
2021,6.1,11,-22.833,171.656,southeast of the Loyalty Islands
2021,6.3,10,-3.323,146.144,"189 km SW of Lorengau, Papua New Guinea"
2021,6,16,6.769,125.101,"9 km W of Magsaysay, Philippines"
2021,6.7,10,-36.28,-97.8,West Chile Rise
2021,6.9,15,-61.81,-55.503,South Shetland Islands
2021,7,80,4.993,127.514,"211 km SE of Pondaguitan, Philippines"
2021,6.4,20.81,-31.833,-68.799,"26 km SW of Pocito, Argentina"
2021,6.2,18,-2.972,118.89,"32 km S of Mamuju, Indonesia"
2021,6.7,10,51.281,100.438,"29 km SSW of Turt, Mongolia"
2021,6.1,160,-16.035,167.883,"50 km E of Lakatoro, Vanuatu"
2021,6.1,217,-24.041,-66.573,"32 km NW of San Antonio de los Cobres, Argentina"
2021,6.1,113,-20.737,169.882,"146 km SSE of Isangel, Vanuatu"
2021,6.3,224,-29.43,-178.744,"Kermadec Islands, New Zealand"
2021,6.1,148,0.066,122.949,"53 km SSW of Gorontalo, Indonesia"
2021,6.2,38.49,-28.636,-177.271,Kermadec Islands region
2021,6.1,21,51.22,-179.793,"230 km WSW of Adak, Alaska"
2020,6.4,10,45.424,16.257,"2 km WSW of Petrinja, Croatia"
2020,6.7,10,-39.34,-74.985,"146 km WNW of Corral, Chile"
2020,6.3,109,13.82,120.654,"2 km ESE of Calatagan, Philippines"
2020,6.1,11,6.254,133.636,"90 km SW of Angaur State, Palau"
2020,6.3,35,40.867,142.581,"100 km ENE of Hachinohe, Japan"
2020,6.1,14,5.179,125.421,"25 km S of Sarangani, Philippines"
2020,6,114,-21.806,-68.708,"75 km NNE of Calama, Chile"
2020,6.1,71,24.782,122.024,"27 km E of Yilan, Taiwan"
2020,6.1,105,-20.395,-69.061,"115 km E of Iquique, Chile"
2020,6,10,-61.95,154.734,Balleny Islands region
2020,6.4,23,52.755,-168.24,"46 km ESE of Nikolski, Alaska"
2020,6.3,189,-24.322,-67.005,"70 km W of San Antonio de los Cobres, Argentina"
2020,6.4,589,48.252,140.797,"88 km SSE of Sovetskaya Gavan’, Russia"
2020,6.1,22,-34.598,-73.06,"100 km NW of Constitución, Chile"
2020,6,19,-2.671,99.323,"222 km SSW of Padang, Indonesia"
2020,6,43,8.757,126.291,"5 km S of Marihatag, Philippines"
2020,6,417,-19.718,-177.561,"291 km WNW of Haveluloto, Tonga"
2020,6.2,34,-15.246,-173.528,"83 km NNE of Hihifo, Tonga"
2020,6,10,-44.411,-79.375,"Off the coast of Aisen, Chile"
2020,7,21,37.897,26.784,"13 km NNE of Néon Karlovásion, Greece"
2020,6.1,454,-25.634,-179.962,south of the Fiji Islands
2020,7.6,28.37,54.602,-159.626,"2020 Sand Point, Alaska Earthquake"
2020,6.3,106,-6.094,146.174,"40 km ENE of Kainantu, Papua New Guinea"
2020,6.1,74,-5.996,148.666,"100 km WNW of Kandrian, Papua New Guinea"
2020,6.4,28,-19.538,-174.122,"39 km NE of Pangai, Tonga"
2020,6.1,10,-48.025,31.74,south of Africa
2020,6.9,10,0.93,-26.853,central Mid-Atlantic Ridge
2020,6.4,344,55.973,158.378,"21 km WNW of Esso, Russia"
2020,6.1,34,38.748,142.245,"58 km SE of ?funato, Japan"
2020,6.2,51,-21.397,-69.91,"82 km NNE of Tocopilla, Chile"
2020,6.2,10,-17.11,168.503,"72 km NNE of Port-Vila, Vanuatu"
2020,6.3,120,6.269,125.829,"17 km E of Talagutong, Philippines"
2020,6.7,10,7.683,-37.154,central Mid-Atlantic Ridge
2020,6.2,10,-17.156,167.532,"104 km NW of Port-Vila, Vanuatu"
2020,6.3,30,-30.339,-71.491,"40 km NW of Ovalle, Chile"
2020,6.5,16,-27.916,-71.37,"94 km NW of Vallenar, Chile"
2020,6.3,16.18,-28.032,-71.266,"78 km NW of Vallenar, Chile"
2020,6.8,21,-27.969,-71.306,"86 km NW of Vallenar, Chile"
2020,6.1,10,-4.016,70.197,Chagos Archipelago region
2020,6.5,10,0.782,-29.866,central Mid-Atlantic Ridge
2020,6.2,22,-5.545,151.837,"141 km SSW of Kokopo, Papua New Guinea"
2020,6,23,-5.558,151.864,"141 km SSW of Kokopo, Papua New Guinea"
2020,6,20,9.579,-84.638,"4 km SSW of Jacó, Costa Rica"
2020,6.9,624,-6.71,123.465,"222 km SSE of Katabu, Indonesia"
2020,6.9,26,-4.207,101.241,"122 km WSW of Bengkulu, Indonesia"
2020,6.8,22,-4.322,101.135,"138 km WSW of Bengkulu, Indonesia"
2020,6.6,10,12.026,124.127,"13 km E of San Pedro, Philippines"
2020,6,17.55,-7.333,39.813,"66 km NNE of Kilindoni, Tanzania"
2020,6.3,10,-41.679,42.449,Prince Edward Islands region
2020,6.4,181.88,-16.094,168.065,"69 km E of Lakatoro, Vanuatu"
2020,6.1,10,-3.195,148.65,"199 km SE of Lorengau, Papua New Guinea"
2020,6.4,483,7.293,124.133,"11 km SW of Polloc, Philippines"
2020,6.1,35.15,54.791,-161.204,"75 km SW of Sand Point, Alaska"
2020,6.4,10,-60.783,-25.413,South Sandwich Islands region
2020,6.3,10,33.144,86.864,western Xizang
2020,6.1,16.53,54.969,-159.041,"101 km ESE of Sand Point, Alaska"
2020,7.8,28,55.072,-158.596,"2020 Perryville, Alaska Earthquake"
2020,6,605.2,-20.805,-178.632,Fiji region
2020,6.1,12,-15.255,-172.694,"141 km ENE of Hihifo, Tonga"
2020,6.1,10,11.848,94.936,"239 km E of Port Blair, India"
2020,7,73,-7.836,147.77,"114 km NNW of Popondetta, Papua New Guinea"
2020,6.6,533.76,-5.602,110.689,Java Sea
2020,6.2,10,12.081,140.248,"257 km N of Fais, Micronesia"
2020,6.3,10,35.595,82.416,"278 km SE of Hotan, China"
2020,7.4,20,15.886,-96.008,"9 km SE of Santa María Xadani, Mexico"
2020,6,109,0.037,123.787,"97 km SE of Gorontalo, Indonesia"
2020,6,10,66.381,-18.707,"27 km NNE of Siglufjörður, Iceland"
2020,7.4,10,-33.293,-177.857,south of the Kermadec Islands
2020,6.2,622,18.932,145.112,"Pagan region, Northern Mariana Islands"
2020,6.6,165,28.859,128.271,"130 km WNW of Naze, Japan"
2020,6,10,-15.807,-13.036,southern Mid-Atlantic Ridge
2020,6.4,112.86,2.911,128.248,"133 km NNE of Tobelo, Indonesia"
2020,6,69.85,-24.675,-176.711,south of the Fiji Islands
2020,6.8,112,-23.274,-68.468,"48 km SW of San Pedro de Atacama, Chile"
2020,6.1,186,-15.326,-70.773,"19 km SW of Vilavila, Peru"
2020,6,10,-22.215,-174.42,"111 km SSE of ‘Ohonua, Tonga"
2020,6.2,9.73,-17.53,167.874,"51 km WNW of Port-Vila, Vanuatu"
2020,6.1,10,22.415,-108.127,"173 km ESE of La Playa, Mexico"
2020,6.5,2.7,38.169,-117.85,"Monte Cristo Range, NV Earthquake"
2020,6.6,107,-12.066,166.649,"175 km SSE of Lata, Solomon Islands"
2020,6.1,471.17,-4.464,154.741,"215 km NNW of Arawa, Papua New Guinea"
2020,6.8,96,-6.776,129.785,Banda Sea
2020,6.5,10,34.182,25.71,"91 km S of Néa Anatolí, Greece"
2020,6.1,19,-6.534,154.235,"140 km W of Panguna, Papua New Guinea"
2020,6.3,38,38.895,142.005,"31 km SE of ?funato, Japan"
2020,6.6,453,27.126,140.135,"Bonin Islands, Japan region"
2020,6.1,12,16.959,-85.685,"59 km NNE of Savannah Bight, Honduras"
2020,6,31,-30.389,-176.348,Kermadec Islands region
2020,6.1,10,-36.956,77.393,Mid-Indian Ridge
2020,6,42,1.395,126.438,"124 km WNW of Ternate, Indonesia"
2020,6.5,12.06,44.465,-115.118,"Stanley, Idaho"
2020,6.1,59,5.567,125.052,"27 km SW of Burias, Philippines"
2020,7.5,57.8,48.964,157.696,"221 km SSE of Severo-Kuril’sk, Russia"
2020,6.1,10,-4.674,-104.952,central East Pacific Rise
2020,6.2,20.68,-11.052,115.138,"249 km S of Nusa Dua, Indonesia"
2020,6.1,176,-13.136,167.028,"99 km NW of Sola, Vanuatu"
2020,6,10,-16.025,-172.191,"171 km E of Hihifo, Tonga"
2020,6.4,11,-27.367,-175.61,Kermadec Islands region
2020,6,10,-31.368,58.324,Southwest Indian Ridge
2020,6,54,-7.489,131.12,"273 km SW of Tual, Indonesia"
2020,6,10,38.496,44.373,"37 km ESE of Özalp, Turkey"
2020,7,143,45.616,148.959,"95 km ENE of Kuril’sk, Russia"
2020,6.1,34,-5.492,152.152,"127 km S of Kokopo, Papua New Guinea"
2020,6,16,-59.921,-25.553,South Sandwich Islands region
2020,6,19,5.454,126.569,"109 km SSE of Pondaguitan, Philippines"
2020,6.2,592.42,-6.082,113.078,"113 km NNE of Bangkalan, Indonesia"
2020,6,85,-10.418,161.276,"70 km W of Kirakira, Solomon Islands"
2020,6.1,10,18.946,-80.741,"55 km SE of East End, Cayman Islands"
2020,7.7,14.86,19.419,-78.756,"123 km NNW of Lucea, Jamaica"
2020,6.3,21,-10.093,161.061,"102 km WNW of Kirakira, Solomon Islands"
2020,6.1,17,51.134,-179.889,"240 km WSW of Adak, Alaska"
2020,6.7,10,38.431,39.061,"13 km N of Do?anyol, Turkey"
2020,6.2,10,51.984,-177.855,"84 km W of Adak, Alaska"
2020,6.1,93,-59.228,-26.282,South Sandwich Islands region
2020,6.1,121.72,-0.104,123.802,"108 km SE of Gorontalo, Indonesia"
2020,6,5.55,39.835,77.108,"104 km ENE of Kashgar, China"
2020,6,44,-2.841,139.336,"146 km W of Abepura, Indonesia"
2020,6.4,10,62.358,171.061,"Chukotskiy Avtonomnyy Okrug, Russia"
2020,6,117,-5.205,151.266,"130 km ENE of Kimbe, Papua New Guinea"
2020,6.4,6,17.958,-66.811,"4 km SSE of Indios, Puerto Rico"
2020,6.3,17,2.348,96.358,"14 km S of Sinabang, Indonesia"
2019,6.1,10,-25.223,-115.844,southern East Pacific Rise
2019,6.3,6.58,50.611,-129.963,"203 km W of Port McNeill, Canada"
2019,6,11,3.536,-74.018,"1 km NE of Lejanías, Colombia"
2019,6,572.44,-26.964,-63.386,"16 km WNW of El Hoyo, Argentina"
2019,6,10,50.517,-129.757,"189 km W of Port McNeill, Canada"
2019,6,10,50.607,-129.937,"201 km W of Port McNeill, Canada"
2019,6.1,212,36.537,70.456,"49 km SW of Jurm, Afghanistan"
2019,6.8,18,6.697,125.174,"7 km S of Magsaysay, Philippines"
2019,6,7.51,-14.363,167.709,"56 km SSE of Sola, Vanuatu"
2019,6,10,-15.259,-175.103,"159 km WNW of Hihifo, Tonga"
2019,6,266,-19.068,169.575,"60 km NNE of Isangel, Vanuatu"
2019,6,38,-18.504,-70.576,"29 km W of Arica, Chile"
2019,6,28,51.187,-178.1,"127 km SW of Adak, Alaska"
2019,6,69,35.717,23.228,"45 km WNW of Kíssamos, Greece"
2019,6.4,22,41.514,19.526,"15 km WSW of Mamurras, Albania"
2019,6.3,20,51.381,-175.512,"95 km SE of Adak, Alaska"
2019,6.2,5,1.644,132.815,"241 km SE of Tobi Village, Palau"
2019,6.2,10,19.453,101.356,"43 km WNW of Sainyabuli, Laos"
2019,6.3,496,53.128,153.68,"264 km NW of Ozernovskiy, Russia"
2019,6.3,15,13.886,-93.207,"125 km SW of Puerto Madero, Mexico"
2019,6,23,1.536,126.416,"135 km NW of Ternate, Indonesia"
2019,7.1,33,1.621,126.416,"141 km NW of Ternate, Indonesia"
2019,6.2,10,-18.863,-175.368,"147 km W of Neiafu, Tonga"
2019,6.5,577,-21.945,-179.511,Fiji region
2019,6,10,-13.721,167.809,Vanuatu
2019,6,19,-13.799,167.749,"23 km ENE of Sola, Vanuatu"
2019,6.3,10,-57.924,-9.322,east of the South Sandwich Islands
2019,6.6,10,-18.575,-175.272,"136 km W of Neiafu, Tonga"
2019,6.1,53,-31.836,-71.375,"29 km SW of Illapel, Chile"
2019,6.1,8,-55.735,-26.24,South Sandwich Islands region
2019,6.5,10,6.91,125.178,"2 km ENE of Bulatukan, Philippines"
2019,6.6,15,6.757,125.008,"10 km NE of Columbio, Philippines"
2019,6.3,10,-1.099,-13.837,north of Ascension Island
2019,6.4,231,-19.018,169.488,"61 km NNE of Isangel, Vanuatu"
2019,6.4,16.12,6.715,125.007,"7 km ENE of Columbio, Philippines"
2019,6,10,-55.928,-122.559,southern East Pacific Rise
2019,6.7,11,-35.476,-73.163,"70 km WSW of Constitución, Chile"
2019,6.2,73,5.676,126.548,"86 km SSE of Pondaguitan, Philippines"
2019,6.1,34,-30.173,-177.863,"Kermadec Islands, New Zealand"
2019,6.1,129,-40.815,-71.999,"30 km W of Villa La Angostura, Argentina"
2019,6.5,12.26,-3.453,128.37,"33 km NE of Ambon, Indonesia"
2019,6,10,-33.821,56.3,Southwest Indian Ridge
2019,6,10,19.077,-67.27,"67 km NNW of San Antonio, Puerto Rico"
2019,6.1,610,-6.071,111.842,"81 km NNE of Lasem, Indonesia"
2019,6.6,591,-20.364,-178.57,Fiji region
2019,6.3,10,43.542,-127.882,"285 km W of Bandon, Oregon"
2019,6.6,16,-60.215,-26.58,South Sandwich Islands region
2019,6,115,-14.309,167.19,"61 km SW of Sola, Vanuatu"
2019,6,10,-50.33,139.324,western Indian-Antarctic Ridge
2019,6,37,-11.368,166.291,Santa Cruz Islands
2019,6.3,38,37.759,141.603,"61 km ENE of Namie, Japan"
2019,6.9,49,-7.282,104.791,"152 km SW of Labuan, Indonesia"
2019,6,10,-49.731,-113.833,southern East Pacific Rise
2019,6.8,25,-34.236,-72.31,"96 km SW of San Antonio, Chile"
2019,6.6,181,-16.198,167.998,"63 km E of Lakatoro, Vanuatu"
2019,6.3,367,33.149,137.303,"138 km ESE of Shing?, Japan"
2019,6,9,20.837,121.974,"43 km N of Basco, Philippines"
2019,6,10,-61.287,154.114,Balleny Islands region
2019,6.3,42,-5.971,149.488,"26 km NNW of Kandrian, Papua New Guinea"
2019,7.2,18.98,-0.586,128.034,"155 km SSE of Sofifi, Indonesia"
2019,6.6,10,-18.224,120.358,"198 km W of Cable Beach, Australia"
2019,6.1,251,29.353,128.153,"169 km NW of Naze, Japan"
2019,6,495.17,-4.641,155.224,"179 km NNW of Arawa, Papua New Guinea"
2019,6.9,35,0.513,126.189,"136 km WSW of Ternate, Indonesia"
2019,7.1,8,35.77,-117.599,Ridgecrest Earthquake Sequence
2019,6.4,10.5,35.705,-117.504,Ridgecrest Earthquake Sequence
2019,6.2,10,51.237,-130.5,"250 km WNW of Port McNeill, Canada"
2019,6,91,-15.44,167.531,"40 km ENE of Luganville, Vanuatu"
2019,6.4,410,19.852,144.348,"Maug Islands region, Northern Mariana Islands"
2019,6.3,10,-30.396,-179.182,Kermadec Islands region
2019,6.2,32.58,8.461,-82.754,"4 km SE of Aserrío de Gariché, Panama"
2019,6.3,10,56.182,164.088,"100 km E of Ust’-Kamchatsk Staryy, Russia"
2019,6.4,10,56.202,164.233,"108 km E of Ust’-Kamchatsk Staryy, Russia"
2019,7.3,212,-6.408,129.169,Banda Sea
2019,6.1,28,-2.776,138.567,"230 km W of Abepura, Indonesia"
2019,6.2,14,-30.859,-177.468,"Kermadec Islands, New Zealand"
2019,6.3,10,-2.266,138.461,"244 km W of Abepura, Indonesia"
2019,6.4,30,-30.524,-177.848,"Kermadec Islands, New Zealand"
2019,6.4,12,38.639,139.477,"31 km WSW of Tsuruoka, Japan"
2019,6.1,12,-30.839,-177.481,"Kermadec Islands, New Zealand"
2019,6.3,21,-31.0,-178.082,Kermadec Islands region
2019,7.3,46,-30.644,-178.1,"Kermadec Islands, New Zealand"
2019,6.1,13,-21.181,-174.169,"82 km ENE of ‘Ohonua, Tonga"
2019,6.4,11,-30.056,-72.082,"72 km W of Coquimbo, Chile"
2019,6.4,422,29.067,139.289,"Izu Islands, Japan region"
2019,6,10,-21.207,-173.91,"108 km E of ‘Ohonua, Tonga"
2019,6.1,98.72,6.279,126.479,"34 km ESE of Pondaguitan, Philippines"
2019,6,177.85,-21.754,-176.317,"132 km WSW of Haveluloto, Tonga"
2019,6.6,57.92,13.199,-89.306,"32 km S of La Libertad, El Salvador"
2019,8,122.57,-5.812,-75.27,"78 km NE of Navarro, Peru"
2019,6,30,51.308,-178.239,"127 km WSW of Adak, Alaska"
2019,6.3,20,-21.607,169.469,"164 km E of Tadine, New Caledonia"
2019,6,16,-21.731,169.576,"176 km E of Tadine, New Caledonia"
2019,6.3,20,-21.662,169.778,"196 km E of Tadine, New Caledonia"
2019,7.6,10,-4.051,152.597,"48 km NE of Kokopo, Papua New Guinea"
2019,6,19,8.625,-82.83,"1 km W of Breñón, Panama"
2019,6.2,22,31.777,131.848,"43 km ESE of Miyazaki, Japan"
2019,7.1,146,-6.975,146.449,"32 km NW of Bulolo, Papua New Guinea"
2019,6.2,27,-6.948,160.113,"144 km NNE of Buala, Solomon Islands"
2019,6.3,10,10.865,57.228,Carlsberg Ridge
2019,6,385.58,-24.706,-178.764,south of the Fiji Islands
2019,6.4,56,11.755,125.201,"17 km ESE of Tutubigan, Philippines"
2019,6,79,-56.263,-27.351,South Sandwich Islands region
2019,6.1,21.84,14.954,120.515,"3 km WSW of San Francisco, Philippines"
2019,6.3,10,-51.127,139.321,western Indian-Antarctic Ridge
2019,6.1,20,24.037,121.65,"8 km NE of Hualien City, Taiwan"
2019,6,30,-6.488,148.739,"94 km WSW of Kandrian, Papua New Guinea"
2019,6,15.36,-15.407,-172.817,"121 km ENE of Hihifo, Tonga"
2019,6.8,15.46,-1.815,122.58,"Sulawesi, Indonesia"
2019,6,18,40.41,143.298,"143 km NE of Miyako, Japan"
2019,6.5,38,-58.626,-25.304,South Sandwich Islands region
2019,6.3,539,-6.829,125.042,"197 km N of Likisá, Timor Leste"
2019,6.4,57,-55.931,-27.852,South Sandwich Islands region
2019,6.4,7.98,52.17,178.071,"Rat Islands, Aleutian Islands, Alaska"
2019,6,10,-18.206,65.366,"262 km NE of Port Mathurin, Mauritius"
2019,6.2,18,-1.945,-80.81,"31 km N of Santa Elena, Ecuador"
2019,6.2,41,-5.7,151.105,"108 km E of Kimbe, Papua New Guinea"
2019,6.2,9,50.495,159.943,"266 km ESE of Ozernovskiy, Russia"
2019,6.1,45,1.66,126.395,"146 km NW of Ternate, Indonesia"
2019,6.1,122,4.559,-76.223,"3 km WSW of Versalles, Colombia"
2019,6.3,119,-15.597,167.655,"53 km E of Luganville, Vanuatu"
2019,6.3,359,-17.874,-65.907,"31 km SSE of Tarata, Bolivia"
2019,6,9,-10.132,152.065,"162 km ENE of Samarai, Papua New Guinea"
2019,6.2,578.19,-17.892,-178.603,"221 km E of Levuka, Fiji"
2019,6,30,10.384,126.006,"40 km N of Santa Monica, Philippines"
2019,6.4,29,-32.024,-177.885,south of the Kermadec Islands
2019,7,267,-14.713,-70.155,"22 km NNE of Azángaro, Peru"
2019,7.5,145,-2.186,-77.05,"115 km ESE of Palora, Ecuador"
2019,6.4,368.12,-3.341,152.132,"95 km N of Rabaul, Papua New Guinea"
2019,6.2,10,35.427,-36.038,northern Mid-Atlantic Ridge
2019,6,144.32,19.02,145.797,"Maug Islands region, Northern Mariana Islands"
2019,6,20,-2.846,100.074,"170 km WSW of Sungai Penuh, Indonesia"
2019,6.7,66,14.68,-92.453,"5 km SW of Puerto Madero, Mexico"
2019,6.2,588,-21.047,-178.959,Fiji region
2019,6.2,355,-7.009,156.321,"116 km SE of Kieta, Papua New Guinea"
2019,6.7,13,-43.122,42.357,Prince Edward Islands region
2019,6.3,24,-10.415,119.016,"160 km WSW of Waingapu, Indonesia"
2019,6,26,-10.328,119.152,"142 km WSW of Waingapu, Indonesia"
2019,6.7,63,-30.04,-71.382,"10 km SSW of Coquimbo, Chile"
2019,6,38.67,-19.204,168.745,"67 km WNW of Isangel, Vanuatu"
2019,6.2,10,-3.231,146.389,"164 km SW of Lorengau, Papua New Guinea"
2019,6.6,35,-13.336,166.875,"94 km NW of Sola, Vanuatu"
2019,6.3,35,30.587,131.044,"16 km SSE of Nishinoomote, Japan"
2019,6.6,43.21,2.258,126.758,Molucca Sea
2019,6.8,570.41,-8.144,-71.587,"90 km W of Tarauacá, Brazil"
2018,6,31,54.427,-161.513,"87 km SE of King Cove, Alaska"
2018,7,60.21,5.898,126.921,"96 km ESE of Pondaguitan, Philippines"
2018,6.1,10,55.344,164.51,"161 km SE of Ust’-Kamchatsk Staryy, Russia"
2018,6.4,113,-20.285,-175.071,"91 km SW of Pangai, Tonga"
2018,6,42,-13.4,166.815,"95 km WNW of Sola, Vanuatu"
2018,7.3,16.56,55.1,164.699,"187 km SE of Ust’-Kamchatsk Staryy, Russia"
2018,6.3,10,-36.138,-101.072,southeast of Easter Island
2018,6.1,61.97,-3.923,140.232,"153 km SSW of Abepura, Indonesia"
2018,6.3,10,-55.669,-128.664,Pacific-Antarctic Ridge
2018,7.1,133,-58.545,-26.386,South Sandwich Islands region
2018,6.6,10,-22.063,169.733,"199 km ESE of Tadine, New Caledonia"
2018,7.5,10,-21.95,169.427,"166 km ESE of Tadine, New Caledonia"
2018,6.3,10,-22.016,169.35,"160 km ESE of Tadine, New Caledonia"
2018,6.4,136,-7.384,128.707,"226 km NE of Lospalos, Timor Leste"
2018,7.1,46.7,61.346,-149.955,"1 km SE of Point MacKenzie, Alaska"
2018,6.3,18,34.361,45.744,"15 km SW of Sarpol-e Z?ah?b, Iran"
2018,6,10,13.182,-81.093,"36 km SE of Mountain, Colombia"
2018,6.8,540,-17.873,-178.927,"187 km E of Levuka, Fiji"
2018,6.2,10,-10.538,163.168,"136 km E of Kirakira, Solomon Islands"
2018,6.3,10,-56.236,-122.044,southern East Pacific Rise
2018,6.4,15,-56.706,-25.546,South Sandwich Islands region
2018,6.1,49,55.641,161.994,"71 km SSW of Ust’-Kamchatsk Staryy, Russia"
2018,6.3,10,15.565,-49.872,North Atlantic Ocean
2018,6.1,35,-20.454,-174.008,"79 km SSE of Pangai, Tonga"
2018,6.7,10,71.631,-11.243,"120 km NW of Olonkinbyen, Svalbard and Jan Mayen"
2018,6,600.71,7.76,123.867,"10 km SSE of Sapad, Philippines"
2018,6,433,47.833,146.697,"298 km E of Dolinsk, Russia"
2018,6.2,102,-19.583,-69.266,"115 km NE of Iquique, Chile"
2018,6.1,225.48,-39.057,174.958,"62 km E of Waitara, New Zealand"
2018,6.3,10,-57.434,-66.383,Drake Passage
2018,6.1,22,13.035,-90.369,"85 km SW of Acajutla, El Salvador"
2018,6.8,14,37.52,20.556,"32 km SW of Lithakiá, Greece"
2018,6.5,10,49.297,-129.724,"237 km SW of Port McNeill, Canada"
2018,6.8,10,49.335,-129.289,"210 km SW of Port McNeill, Canada"
2018,6.5,10,49.259,-129.412,"223 km SW of Port McNeill, Canada"
2018,6.5,17,-21.743,169.522,"171 km E of Tadine, New Caledonia"
2018,6.3,12,-21.923,169.487,"171 km ESE of Tadine, New Caledonia"
2018,6.7,461,52.855,153.243,"269 km WNW of Ozernovskiy, Russia"
2018,6.5,20,49.29,156.297,"154 km S of Severo-Kuril’sk, Russia"
2018,6.2,121,-4.962,151.723,"91 km SW of Kokopo, Papua New Guinea"
2018,7,39,-5.701,151.205,"119 km E of Kimbe, Papua New Guinea"
2018,6.1,41.56,-5.743,151.353,"136 km E of Kimbe, Papua New Guinea"
2018,6,9,-7.452,114.455,"49 km NE of Panji, Indonesia"
2018,6.1,19,49.396,156.243,"142 km S of Severo-Kuril’sk, Russia"
2018,6,29,-10.559,120.242,"99 km S of Waingapu, Indonesia"
2018,6.7,550,-18.36,-178.063,"279 km E of Levuka, Fiji"
2018,7.5,20,-0.256,119.846,"72 km N of Palu, Indonesia"
2018,6.1,4.99,-0.401,119.77,"57 km NNW of Palu, Indonesia"
2018,6,10,-37.813,49.776,Southwest Indian Ridge
2018,6.5,576,-25.415,178.199,south of the Fiji Islands
2018,6.3,12,-21.988,170.158,"240 km ESE of Tadine, New Caledonia"
2018,6.9,115,-31.745,-179.373,Kermadec Islands region
2018,6.5,68,-10.021,161.502,"66 km NW of Kirakira, Solomon Islands"
2018,6.2,10,7.238,126.478,"7 km WNW of Manay, Philippines"
2018,6.2,110.5,-2.253,-78.79,"8 km SE of Alausí, Ecuador"
2018,7.9,670.81,-18.474,179.35,"45 km S of Levuka, Fiji"
2018,6.6,35,42.686,141.929,"27 km ESE of Chitose, Japan"
2018,7.1,21.43,-22.029,170.126,"238 km ESE of Tadine, New Caledonia"
2018,6.4,55,16.804,146.839,"211 km NNE of Saipan, Northern Mariana Islands"
2018,6.2,14,-10.773,124.187,"92 km SE of Kupang, Indonesia"
2018,6,10,34.611,46.242,"32 km SW of Jav?nr?d, Iran"
2018,7.1,630,-11.036,-70.828,"136 km W of Iñapari, Peru"
2018,6.3,20,51.35,-177.76,"97 km SW of Adak, Alaska"
2018,6.2,10,43.564,-127.717,"272 km W of Bandon, Oregon"
2018,6.5,9,-16.032,168.143,"78 km E of Lakatoro, Vanuatu"
2018,7.3,146.82,10.773,-62.902,"40 km ENE of Carúpano, Venezuela"
2018,6.9,21,-8.319,116.627,"20 km NNW of Labuan Lombok, Indonesia"
2018,6.4,415.6,-16.978,-178.033,"284 km ESE of Labasa, Fiji"
2018,6.3,16,-8.337,116.599,"19 km NNW of Labuan Lombok, Indonesia"
2018,6.3,575.76,-18.445,-177.64,Fiji region
2018,8.2,600,-18.113,-178.153,2018 Fiji Earthquake
2018,6.1,15,8.779,-83.153,"19 km NNW of Golfito, Costa Rica"
2018,6.5,529,-7.372,119.802,"124 km N of Labuan Bajo, Indonesia"
2018,6.3,20,23.423,143.319,"Volcano Islands, Japan region"
2018,6.5,33.93,51.423,-178.026,"108 km WSW of Adak, Alaska"
2018,6.1,25,-58.134,-25.273,South Sandwich Islands region
2018,6,16.2,69.523,-144.339,"73 km SSW of Kaktovik, Alaska"
2018,6.4,15.8,69.576,-145.291,"89 km SW of Kaktovik, Alaska"
2018,6,27,48.459,154.939,"261 km SSW of Severo-Kuril’sk, Russia"
2018,6.9,34,-8.258,116.438,"36 km NW of Labuan Lombok, Indonesia"
2018,6.4,14,-8.239,116.508,"33 km NNW of Labuan Lombok, Indonesia"
2018,6,578.16,-7.104,122.726,"177 km NNE of Maumere, Indonesia"
2018,6,10,-0.299,-19.252,central Mid-Atlantic Ridge
2018,6,29.62,-6.114,148.73,"91 km W of Kandrian, Papua New Guinea"
2018,6,37.96,-11.594,166.432,"118 km SE of Lata, Solomon Islands"
2018,6,10,13.848,51.717,"192 km NNW of Kilmia, Yemen"
2018,6,10,14.062,51.736,"214 km NNW of Kilmia, Yemen"
2018,6.4,167,-18.928,169.047,"72 km NNW of Isangel, Vanuatu"
2018,6,35,-30.566,-178.07,"Kermadec Islands, New Zealand"
2018,6.1,45,51.499,157.84,"93 km E of Ozernovskiy, Russia"
2018,6.1,28,-17.791,168.057,"27 km WSW of Port-Vila, Vanuatu"
2018,6.1,11,-34.589,-178.414,south of the Kermadec Islands
2018,6.2,116,36.994,71.382,"36 km NW of Ishqoshim, Tajikistan"
2018,6,9,-5.882,151.784,"178 km SSW of Kokopo, Papua New Guinea"
2018,6.1,18,14.571,123.919,"64 km NNW of Pandan, Philippines"
2018,6.9,5.81,19.318,-155.0,"18 km SSW of Leilani Estates, Hawaii"
2018,6,10,-24.272,-111.633,Easter Island region
2018,6,10,-42.78,42.188,Prince Edward Islands region
2018,6,34,1.408,126.876,"88 km NW of Ternate, Indonesia"
2018,6.2,66,-31.026,-71.529,"56 km SW of Ovalle, Chile"
2018,6.3,18.07,-5.838,142.531,"45 km W of Tari, Papua New Guinea"
2018,6,34,6.832,126.778,"43 km ESE of Tarragona, Philippines"
2018,6.8,559,-20.659,-63.006,"38 km SE of Boyuibe, Bolivia"
2018,6.1,92,-24.719,-176.887,south of the Fiji Islands
2018,6.9,35,-5.532,151.5,"150 km E of Kimbe, Papua New Guinea"
2018,6.7,40,-5.502,151.403,"140 km E of Kimbe, Papua New Guinea"
2018,6.4,169,-6.634,129.817,Banda Sea
2018,6,10,-45.778,96.069,southeast Indian Ridge
2018,6.3,33,-5.496,151.497,"150 km E of Kimbe, Papua New Guinea"
2018,6.8,22.86,-4.376,153.2,"103 km E of Kokopo, Papua New Guinea"
2018,6.7,20.49,-6.304,142.612,"62 km SW of Tari, Papua New Guinea"
2018,6,10,-6.331,142.599,"66 km SW of Tari, Papua New Guinea"
2018,6.1,16,-6.17,142.468,"63 km SW of Tari, Papua New Guinea"
2018,6.1,10,-60.249,150.779,west of Macquarie Island
2018,6.3,19,-6.505,143.255,"59 km SW of Mendi, Papua New Guinea"
2018,6.1,9,-2.777,126.686,"194 km WNW of Ambon, Indonesia"
2018,7.5,25.21,-6.07,142.754,"32 km SW of Tari, Papua New Guinea"
2018,7.2,22,16.386,-97.979,"4 km S of Pinotepa de Don Luis, Mexico"
2018,6,10,13.82,146.438,"154 km SE of San Jose Village, Northern Mariana Islands"
2018,6,556.91,-17.871,-178.661,"215 km E of Levuka, Fiji"
2018,6.4,17,24.134,121.659,"18 km NNE of Hualien City, Taiwan"
2018,6.1,12,24.157,121.708,"22 km NNE of Hualien City, Taiwan"
2018,6,10,-16.519,-177.461,"254 km SSE of Alo, Wallis and Futuna"
2018,6.2,193.73,36.526,70.851,"37 km S of Jurm, Afghanistan"
2018,6.6,10,-53.062,9.684,southwest of Africa
2018,6.3,10,-3.514,145.848,"188 km N of Madang, Papua New Guinea"
2018,6.2,11.15,55.542,166.45,"259 km ESE of Ust’-Kamchatsk Staryy, Russia"
2018,6.3,31,41.103,142.432,"99 km ENE of Misawa, Japan"
2018,7.9,14.06,56.004,-149.166,"261 km SE of Chiniak, Alaska"
2018,6.3,116,-18.881,-69.445,"100 km ESE of Arica, Chile"
2018,6.3,10,26.686,-111.079,"79 km NNE of Loreto, Mexico"
2018,7.1,39,-15.768,-74.709,"37 km W of Atiquipa, Peru"
2018,6,9,18.372,96.072,"40 km WSW of Pyu, Myanmar"
2018,7.5,19,17.483,-83.52,"203 km NNE of Barra Patuca, Honduras"
2017,6.5,90,-7.492,108.174,"12 km SSW of Kawalu, Indonesia"
2017,6.5,17,-54.219,2.163,Bouvet Island region
2017,6,8,30.828,57.298,"63 km NNE of Kerman, Iran"
2017,6,12,30.737,57.279,"53 km NNE of Kerman, Iran"
2017,6.1,10,10.093,140.202,"50 km NW of Fais, Micronesia"
2017,6.3,8,10.012,140.187,"45 km NW of Fais, Micronesia"
2017,6.4,12.79,10.116,140.22,"50 km NW of Fais, Micronesia"
2017,6.1,17,-0.47,-80.31,"18 km NE of Bahía de Caráquez, Ecuador"
2017,6,34,-6.135,147.656,"51 km NNW of Finschhafen, Papua New Guinea"
2017,6.1,9,30.746,57.307,"55 km NNE of Kerman, Iran"
2017,6.5,10,-1.08,-23.432,central Mid-Atlantic Ridge
2017,6,54,-4.575,153.227,"109 km ESE of Kokopo, Papua New Guinea"
2017,6,9,-14.724,-175.048,"191 km NW of Hihifo, Tonga"
2017,6,10,-21.485,168.809,"96 km E of Tadine, New Caledonia"
2017,7,10,-21.325,168.672,"85 km ENE of Tadine, New Caledonia"
2017,6.6,13,-21.503,168.598,"74 km E of Tadine, New Caledonia"
2017,6.3,14,-21.638,168.673,"82 km E of Tadine, New Caledonia"
2017,6.4,8,29.833,94.984,"156 km NNE of Shi Yomi, India"
2017,6.5,19.36,9.515,-84.487,"18 km W of Parrita, Costa Rica"
2017,7.3,19,34.911,45.959,"29 km S of ?alabja, Iraq"
2017,6.1,10,-11.742,-14.114,Ascension Island region
2017,6,12,32.521,141.438,"Izu Islands, Japan region"
2017,6.5,110.57,-4.243,143.485,"67 km WSW of Angoram, Papua New Guinea"
2017,6.8,10,-15.32,-173.168,"97 km NE of Hihifo, Tonga"
2017,6.6,22,-21.648,168.858,"101 km E of Tadine, New Caledonia"
2017,6.1,11,-21.728,168.934,"110 km E of Tadine, New Caledonia"
2017,6.1,6,-3.745,127.752,"48 km W of Ambon, Indonesia"
2017,6.7,24,-21.697,169.149,"132 km E of Tadine, New Caledonia"
2017,6.7,553.81,-7.217,123.073,"181 km NNE of Maumere, Indonesia"
2017,6.1,10,-20.591,-173.802,"103 km SE of Pangai, Tonga"
2017,6.7,9,-54.263,8.609,Bouvet Island region
2017,6.3,85,-18.572,-69.753,"58 km E of Arica, Chile"
2017,6.5,119,52.391,176.769,"247 km ESE of Attu Station, Alaska"
2017,6.2,10,-61.747,154.599,Balleny Islands region
2017,6.1,10,-18.99,-175.566,"156 km NW of Pangai, Tonga"
2017,6.2,9,37.503,144.02,"259 km ESE of Ishinomaki, Japan"
2017,6.4,96,-23.581,-176.837,south of the Fiji Islands
2017,6.1,10,16.626,-95.078,"7 km NNE of Ixtepec, Mexico"
2017,6.4,197,-18.785,169.095,"85 km NNW of Isangel, Vanuatu"
2017,6.1,11,37.981,144.66,"282 km ESE of Kamaishi, Japan"
2017,6.1,8,-50.709,162.632,"Auckland Islands, New Zealand region"
2017,7.1,48,18.55,-98.489,"1 km S of Matzaco, Mexico"
2017,8.2,47.39,15.022,-93.899,"2017 Tehuantepec, Mexico Earthquake"
2017,6.1,451,27.783,139.804,"Bonin Islands, Japan region"
2017,6.1,25,-57.739,-25.613,South Sandwich Islands region
2017,6.3,43.14,-1.159,99.688,"76 km SW of Pariaman, Indonesia"
2017,6.3,8,-1.452,148.08,"110 km NE of Lorengau, Papua New Guinea"
2017,6.4,544,-17.961,-178.841,"195 km E of Levuka, Fiji"
2017,6.6,35,-1.112,-13.661,north of Ascension Island
2017,6.4,31,-3.768,101.623,"71 km W of Bengkulu, Indonesia"
2017,6.2,172,14.007,120.739,"1 km SE of Tuy, Philippines"
2017,6.3,20,44.302,82.832,"102 km NNW of Xinyuan, China"
2017,6.5,9,33.193,103.855,"168 km SW of Mawu, China"
2017,6,10,13.396,-49.326,North Atlantic Ocean
2017,6,12,26.898,130.184,"176 km SSE of Naze, Japan"
2017,6.6,7,36.929,27.414,"11 km ENE of Kos, Greece"
2017,6,10,-17.415,66.484,Mauritius - Reunion region
2017,6.4,43.68,-16.416,-73.636,"22 km S of Atico, Peru"
2017,7.7,10,54.443,168.857,"Komandorskiye Ostrova, Russia region"
2017,6.3,9,54.58,168.648,"Komandorskiye Ostrova, Russia region"
2017,6.4,34,-4.779,153.211,"115 km ESE of Kokopo, Papua New Guinea"
2017,6.6,10,-49.484,164.016,"Auckland Islands, New Zealand region"
2017,6.5,9,11.127,124.629,"2 km S of Lim-oo, Philippines"
2017,6,13,-0.285,-80.493,"35 km NNW of Bahía de Caráquez, Ecuador"
2017,6,404.82,-31.125,179.926,Kermadec Islands region
2017,6,19,-30.31,-177.662,"Kermadec Islands, New Zealand"
2017,6,10,-19.552,-176.226,"198 km W of Pangai, Tonga"
2017,6.8,38.12,13.717,-90.972,"28 km SW of Puerto San José, Guatemala"
2017,6.1,511,-24.093,179.604,south of the Fiji Islands
2017,6,34,-30.516,-178.056,"Kermadec Islands, New Zealand"
2017,6.9,93,14.909,-92.009,"2 km SSW of San Pablo, Guatemala"
2017,6.3,12,38.93,26.365,"5 km S of Plomári, Greece"
2017,6.8,5,54.031,170.92,"200 km NW of Attu Station, Alaska"
2017,6.6,12,-1.292,120.431,"37 km WNW of Poso, Indonesia"
2017,6,533,9.382,123.954,"25 km S of Alburquerque, Philippines"
2017,6.2,10,-4.022,152.478,"40 km ENE of Rabaul, Papua New Guinea"
2017,6.2,16,12.919,-90.061,"78 km SSW of Acajutla, El Salvador"
2017,6.5,15,-56.414,-25.743,South Sandwich Islands region
2017,6.8,169,-14.588,167.377,"59 km NNE of Port-Olry, Vanuatu"
2017,6,10,24.45,126.317,"110 km ESE of Hirara, Japan"
2017,6.2,13,51.734,-178.588,"135 km W of Adak, Alaska"
2017,6,11,39.494,71.444,"29 km NNW of Karakenja, Tajikistan"
2017,6.3,2.53,59.83,-136.704,"48 km NW of Mosquito Lake, Alaska"
2017,6.2,10,59.821,-136.711,"47 km NW of Mosquito Lake, Alaska"
2017,6.9,26,5.504,125.066,"31 km SW of Burias, Philippines"
2017,6.9,28,-33.038,-72.062,"40 km W of Valparaíso, Chile"
2017,6,21,-33.035,-72.03,"37 km W of Valparaíso, Chile"
2017,6,628,-18.088,-178.369,"245 km E of Levuka, Fiji"
2017,6.3,155,-23.265,-67.722,"62 km SE of San Pedro de Atacama, Chile"
2017,6.1,13,35.776,60.436,"61 km NNW of Torbat-e J?m, Iran"
2017,6.5,29,-22.678,25.156,"132 km WSW of Moijabana, Botswana"
2017,6.6,17,56.94,162.786,"81 km NNE of Ust’-Kamchatsk Staryy, Russia"
2017,6.2,20,52.759,172.262,"63 km W of Attu Station, Alaska"
2017,6,8.37,-8.136,160.754,"70 km N of Auki, Solomon Islands"
2017,6,10,6.146,92.304,"Nicobar Islands, India region"
2017,6.3,37,-5.995,149.362,"31 km NW of Kandrian, Papua New Guinea"
2017,6.1,17,-7.328,155.748,"115 km SSE of Panguna, Papua New Guinea"
2017,6.9,414.5,-23.259,-178.804,south of the Fiji Islands
2017,6.5,595.98,-19.281,-63.905,"41 km E of Padilla, Bolivia"
2017,6.4,222,-23.861,-66.659,"52 km NW of San Antonio de los Cobres, Argentina"
2017,6.5,15,9.907,125.452,"11 km N of Mabua, Philippines"
2017,6.3,29.07,25.191,63.264,"22 km WSW of Pasni, Pakistan"
2017,7.9,135,-6.246,155.172,"35 km WNW of Panguna, Papua New Guinea"
2017,6.5,36,-10.351,161.335,"65 km W of Kirakira, Solomon Islands"
2017,6.3,26,-10.113,161.027,"104 km WNW of Kirakira, Solomon Islands"
2017,7.3,627.17,4.478,122.617,"189 km SSE of Tabiauan, Philippines"
2017,6,31,74.386,-92.416,"Devon Island, Nunavut, Canada"
2017,6,10,-19.121,176.188,"195 km SW of Nadi, Fiji"
2017,6.9,12,-19.373,176.052,"225 km SW of Nadi, Fiji"
2017,6.3,551.62,-23.251,179.238,south of the Fiji Islands
2016,6.3,79,-9.028,118.664,"58 km SSE of Dompu, Indonesia"
2016,7.6,38,-43.406,-73.941,"41 km SW of Quellón, Chile"
2016,6,35,-5.245,153.575,"175 km SE of Kokopo, Papua New Guinea"
2016,6.7,152,-7.508,127.921,"151 km NE of Lospalos, Timor Leste"
2016,6,10,-10.178,160.915,"114 km WNW of Kirakira, Solomon Islands"
2016,6.4,20,-10.175,161.227,"81 km WNW of Kirakira, Solomon Islands"
2016,6.4,612,-9.974,-70.97,"186 km NW of Iñapari, Peru"
2016,6.2,19,8.373,137.674,"135 km SSW of Colonia, Micronesia"
2016,6.3,8.43,-5.629,154.022,"178 km WNW of Panguna, Papua New Guinea"
2016,7.9,94.54,-4.505,153.522,"140 km E of Kokopo, Papua New Guinea"
2016,6,22.37,21.29,144.404,Mariana Islands region
2016,6,142.58,-5.659,154.473,"133 km WNW of Panguna, Papua New Guinea"
2016,6.9,19.73,-10.749,161.132,"92 km WSW of Kirakira, Solomon Islands"
2016,6.5,12.26,-10.842,161.314,"79 km WSW of Kirakira, Solomon Islands"
2016,7.8,40,-10.681,161.327,"69 km WSW of Kirakira, Solomon Islands"
2016,6.6,8.45,40.453,-126.194,"164 km W of Ferndale, California"
2016,6,17.55,43.823,86.345,"58 km SSE of Shihezi, China"
2016,6.5,13,5.283,96.168,"14 km WNW of Reuleuet, Indonesia"
2016,6.3,526,-7.316,123.38,"193 km NE of Maumere, Indonesia"
2016,6.2,12,-15.312,-70.827,"22 km SW of Vilavila, Peru"
2016,6.6,17,39.273,73.978,"122 km N of Murghob, Tajikistan"
2016,6.9,10,11.91,-88.897,"156 km SSW of Puerto El Triunfo, El Salvador"
2016,6.9,9,37.393,141.387,"35 km ESE of Namie, Japan"
2016,6.4,108,-31.623,-68.626,"7 km NNW of Pocito, Argentina"
2016,6.5,9,-42.606,173.254,"74 km NE of Amberley, New Zealand"
2016,6.2,2.09,-42.309,173.696,"90 km SSW of Blenheim, New Zealand"
2016,6.1,13.99,-42.176,173.623,"78 km SSW of Blenheim, New Zealand"
2016,6.5,10,-42.321,173.669,"92 km SSW of Blenheim, New Zealand"
2016,7.8,15.11,-42.737,173.054,"53 km NNE of Amberley, New Zealand"
2016,6.1,42.4,38.497,141.566,"24 km ENE of Ishinomaki, Japan"
2016,6,20,-36.578,-73.56,"42 km WNW of Talcahuano, Chile"
2016,6.3,90,-35.094,-71.046,"21 km SE of Curicó, Chile"
2016,6,51.99,-6.104,148.659,"99 km W of Kandrian, Papua New Guinea"
2016,6.6,8,42.862,13.096,"5 km ESE of Preci, Italy"
2016,6,12.57,-33.777,-72.532,"88 km WSW of San Antonio, Chile"
2016,6.1,10,42.956,13.067,"2 km NNW of Visso, Italy"
2016,6.1,10,-15.437,-174.862,"127 km WNW of Hihifo, Tonga"
2016,6.2,5.63,35.374,133.809,"6 km S of Kurayoshi, Japan"
2016,6.6,614,-4.863,108.163,"161 km NNE of Pamanukan, Indonesia"
2016,6.8,42,-6.003,148.887,"76 km WNW of Kandrian, Papua New Guinea"
2016,6.3,442,-4.274,150.361,"143 km N of Kimbe, Papua New Guinea"
2016,6.9,596.4,-19.782,-178.244,Fiji region
2016,6.4,202,-18.171,-174.984,"118 km WNW of Neiafu, Tonga"
2016,6.3,65,6.572,126.492,"36 km SE of Tamisan, Philippines"
2016,6.2,10,34.462,141.637,"142 km ESE of Katsuura, Japan"
2016,6.1,9,30.502,142.048,"Izu Islands, Japan region"
2016,6,9,-2.083,140.572,"52 km NNW of Jayapura, Indonesia"
2016,6,14,-9.329,159.167,"72 km NW of Malango, Solomon Islands"
2016,6,18,7.374,-76.169,"32 km ENE of Mutatá, Colombia"
2016,6.1,121,-5.573,-76.954,"51 km N of Moyobamba, Peru"
2016,6.1,10,-54.614,158.713,Macquarie Island region
2016,6.1,8,54.415,168.542,"Komandorskiye Ostrova, Russia region"
2016,6.1,13.73,-37.052,178.929,"179 km NE of Opotiki, New Zealand"
2016,7,19,-37.359,179.146,"175 km NE of Gisborne, New Zealand"
2016,6.8,476,-3.685,152.792,"90 km NE of Rabaul, Papua New Guinea"
2016,7.1,10,-0.046,-17.826,north of Ascension Island
2016,6.8,82,20.923,94.569,"26 km W of Chauk, Myanmar"
2016,6.2,4.44,42.723,13.188,"5 km WNW of Accumoli, Italy"
2016,6,533,-7.287,122.434,"149 km N of Maumere, Indonesia"
2016,6.1,12,-55.313,-31.751,South Georgia Island region
2016,6,10,40.394,143.68,"170 km ENE of Miyako, Japan"
2016,7.4,10,-55.285,-31.877,South Georgia Island region
2016,6,10,-55.904,-123.241,southern East Pacific Rise
2016,6.1,112.85,-25.176,-177.343,south of the Fiji Islands
2016,7.2,16.37,-22.477,173.117,southeast of the Loyalty Islands
2016,6.3,510,24.945,142.014,"Volcano Islands, Japan region"
2016,6.2,270,-22.334,-66.008,"49 km WSW of La Quiaca, Argentina"
2016,7.7,196,18.543,145.507,"Pagan region, Northern Mariana Islands"
2016,6.4,14,-2.969,148.035,"133 km SE of Lorengau, Papua New Guinea"
2016,6.1,72,-26.107,-70.511,"54 km WNW of Diego de Almagro, Chile"
2016,6.1,167,-18.928,169.055,"71 km NNW of Isangel, Vanuatu"
2016,6.3,12,-28.005,-176.443,Kermadec Islands region
2016,6.3,21,0.581,-79.638,"33 km NNW of Rosa Zarate, Ecuador"
2016,6,8,-15.083,-173.201,"115 km NNE of Hihifo, Tonga"
2016,6,27,-16.056,167.47,"7 km NE of Lakatoro, Vanuatu"
2016,6.4,13,39.479,73.339,"92 km E of Kyzyl-Eshme, Kyrgyzstan"
2016,6.3,354,-3.42,151.88,"91 km NNW of Rabaul, Papua New Guinea"
2016,6.1,10,22.658,-45.14,northern Mid-Atlantic Ridge
2016,6,15,-20.207,168.76,"91 km SW of Isangel, Vanuatu"
2016,6.3,13,-20.279,169.074,"84 km SSW of Isangel, Vanuatu"
2016,6.2,111,-18.761,168.828,"98 km NNW of Isangel, Vanuatu"
2016,6.2,30.4,-8.676,160.559,"18 km WNW of Auki, Solomon Islands"
2016,6.1,10,12.832,-86.963,Nicaragua
2016,6.1,19,-11.249,116.267,"279 km S of Lembar, Indonesia"
2016,6.3,31,1.279,126.371,"125 km WNW of Ternate, Indonesia"
2016,6.3,10,18.364,-105.173,"106 km SSW of Barra de Navidad, Mexico"
2016,6.1,43.83,-30.023,-177.836,"Kermadec Islands, New Zealand"
2016,6.3,429.62,-4.587,125.626,Banda Sea
2016,6.6,50,-2.097,100.665,"80 km W of Sungai Penuh, Indonesia"
2016,6.4,246.4,25.561,122.546,Taiwan region
2016,7.2,78,-56.241,-26.935,South Sandwich Islands region
2016,6.9,405.69,-21.972,-178.204,Fiji region
2016,6.4,567.48,-20.81,-178.648,Fiji region
2016,6,10,-25.566,129.884,"116 km WSW of Yulara, Australia"
2016,6.9,29.95,0.495,-79.616,"24 km NW of Rosa Zarate, Ecuador"
2016,6.7,16,0.426,-79.79,"32 km SE of Muisne, Ecuador"
2016,6.6,10,10.275,-103.736,northern East Pacific Rise
2016,7,24,-16.043,167.379,"3 km NW of Norsup, Vanuatu"
2016,6,16,14.518,-93.088,"75 km WSW of Puerto Madero, Mexico"
2016,6,16,14.479,-93.151,"83 km WSW of Puerto Madero, Mexico"
2016,6,10,-0.292,-80.504,"34 km NNW of Bahía de Caráquez, Ecuador"
2016,6,10,0.708,-80.035,"10 km N of Muisne, Ecuador"
2016,6.2,14,0.639,-80.21,"21 km W of Muisne, Ecuador"
2016,6.2,14,-55.728,-27.231,South Sandwich Islands region
2016,7.8,20.59,0.382,-79.922,"27 km SSE of Muisne, Ecuador"
2016,7,10,32.791,130.754,"6 km ESE of Kumamoto, Japan"
2016,6.1,22.41,13.401,-92.367,"110 km SSW of Champerico, Guatemala"
2016,6.4,16,-14.528,166.433,"89 km NW of Port-Olry, Vanuatu"
2016,6,8,32.697,130.72,"5 km ENE of Uto, Japan"
2016,6.2,9,32.788,130.704,"2 km SSE of Kumamoto, Japan"
2016,6,17,7.792,122.023,"15 km NW of Siocon, Philippines"
2016,6.9,136,23.094,94.865,"76 km SE of Mawlaik, Myanmar"
2016,6.6,212,36.472,71.131,"42 km WSW of Ashk?sham, Afghanistan"
2016,6.7,27.59,-13.98,166.594,"104 km W of Sola, Vanuatu"
2016,6.1,29,-8.204,107.386,"111 km S of Banjar, Indonesia"
2016,6.7,24,-14.068,166.625,"102 km WSW of Sola, Vanuatu"
2016,6.9,26,-14.323,166.855,"82 km NNW of Port-Olry, Vanuatu"
2016,6.2,11.4,57.008,-157.932,"42 km E of Port Heiden, Alaska"
2016,6.2,6,-3.358,144.887,"119 km NE of Angoram, Papua New Guinea"
2016,6.4,30,54.294,162.813,"216 km S of Ust’-Kamchatsk Staryy, Russia"
2016,6,26,17.996,-60.702,"126 km ENE of Codrington, Antigua and Barbuda"
2016,6,17,51.514,-174.142,"75 km S of Atka, Alaska"
2016,6.3,19,51.565,-173.942,"72 km SSE of Atka, Alaska"
2016,7.8,24,-4.952,94.33,"southwest of Sumatra, Indonesia"
2016,6.1,10,-51.79,139.596,western Indian-Antarctic Ridge
2016,6,12,-30.424,-72.297,"105 km WSW of Coquimbo, Chile"
2016,6,9,0.86,129.06,"151 km SE of Tobelo, Indonesia"
2016,6.1,13,-55.784,-125.166,southern East Pacific Rise
2016,6,10,-20.998,-175.479,"32 km WNW of Haveluloto, Tonga"
2016,6.3,28,-9.634,119.401,"94 km W of Waingapu, Indonesia"
2016,6.3,29,-30.572,-71.584,"37 km W of Ovalle, Chile"
2016,6.4,29,-6.621,154.742,"88 km WSW of Panguna, Papua New Guinea"
2016,6.4,23,22.938,120.601,"25 km SE of Yujing, Taiwan"
2016,6.2,391,-30.754,-179.95,Kermadec Islands region
2016,6.1,10,-63.263,169.149,Balleny Islands region
2016,7.2,177,53.978,158.546,"80 km S of Mil’kovo, Russia"
2016,6.1,26,-5.295,153.245,"151 km SE of Kokopo, Papua New Guinea"
2016,6.3,12,35.649,-3.682,"49 km NNE of Al Hoceïma, Morocco"
2016,7.1,125.6,59.62,-153.339,"47 km ESE of Pedro Bay, Alaska"
2016,6.6,10,18.824,-106.934,"203 km SW of La Cruz de Loreto, Mexico"
2016,6.7,46,41.972,142.781,"52 km SE of Shizunai-furukawach?, Japan"
2016,6.1,582.56,-19.76,-63.329,"14 km WNW of Charagua, Bolivia"
2016,6.2,238.81,44.476,141.087,"74 km NW of Rumoi, Japan"
2016,6.5,13,3.897,126.862,"227 km SE of Sarangani, Philippines"
2016,6,10,-54.291,-136.26,Pacific-Antarctic Ridge
2016,6.7,55,24.804,93.65,"29 km W of Imph?l, India"
2016,6.3,10,-50.557,139.449,western Indian-Antarctic Ridge
2015,6.3,206,36.493,71.126,"42 km WSW of Ashk?sham, Afghanistan"
2015,6.2,12.28,-55.755,-123.116,southern East Pacific Rise
2015,6.1,14,3.646,117.636,"37 km N of Tarakan, Indonesia"
2015,6,10,-18.382,169.386,"128 km N of Isangel, Vanuatu"
2015,6.6,85,15.802,-93.633,"4 km W of Manuel Ávila Camacho (Ponte Duro), Mexico"
2015,6.1,10,-16.737,175.248,"253 km WNW of Lautoka, Fiji"
2015,6.9,21,-4.106,129.508,"107 km SE of Amahai, Indonesia"
2015,7.2,22,38.211,72.78,"104 km W of Murghob, Tajikistan"
2015,7.1,35,-47.617,85.091,southeast Indian Ridge
2015,6.2,34,-24.828,-70.601,"65 km N of Taltal, Chile"
2015,6.7,602.75,-9.182,-71.257,"125 km SSW of Tarauacá, Brazil"
2015,7.6,620.56,-10.06,-71.018,"185 km WNW of Iñapari, Peru"
2015,7.6,606.21,-10.537,-70.944,"155 km WNW of Iñapari, Peru"
2015,6,586.88,18.779,145.266,"Pagan region, Northern Mariana Islands"
2015,6.1,82,-7.148,129.938,"Kepulauan Babar, Indonesia"
2015,6.8,12.59,-8.899,158.422,"153 km WSW of Buala, Solomon Islands"
2015,6.5,11,38.67,20.6,"19 km SSW of Lefkáda, Greece"
2015,6.7,12,31.001,128.873,"140 km WSW of Makurazaki, Japan"
2015,6.9,10,-29.51,-72.058,"85 km NW of Coquimbo, Chile"
2015,6.9,12,-29.507,-72.007,"81 km NW of Coquimbo, Chile"
2015,6.5,15,51.639,-173.075,"99 km SE of Atka, Alaska"
2015,6.6,10,6.843,94.648,"Nicobar Islands, India region"
2015,6.8,46,-30.88,-71.452,"39 km SW of Ovalle, Chile"
2015,6.2,13,-29.464,-72.302,"107 km WNW of Coquimbo, Chile"
2015,6.5,20,-8.338,124.875,"47 km NW of Maubara, Timor Leste"
2015,7.5,231,36.524,70.368,"Hindu Kush region, Afghanistan"
2015,6,10,-45.815,37.171,Prince Edward Islands region
2015,6.2,11,-54.226,6.165,Bouvet Island region
2015,7.1,135,-14.86,167.303,"31 km NE of Port-Olry, Vanuatu"
2015,6,12,-16.202,-173.261,"63 km ESE of Hihifo, Tonga"
2015,6,12,48.859,156.226,"202 km S of Severo-Kuril’sk, Russia"
2015,6.1,10,-54.486,-135.708,Pacific-Antarctic Ridge
2015,6.3,46,-30.815,-71.322,"26 km SSW of Ovalle, Chile"
2015,6.6,18,-0.621,131.262,"28 km N of Sorong, Indonesia"
2015,6,58,-31.444,-71.265,"22 km NNW of Illapel, Chile"
2015,6.6,35,-31.727,-71.379,"22 km WSW of Illapel, Chile"
2015,6.1,30,-31.576,-71.743,"54 km W of Illapel, Chile"
2015,6.2,18,-32.334,-72.063,"79 km W of La Ligua, Chile"
2015,6.1,6,-29.641,-72.077,"79 km WNW of Coquimbo, Chile"
2015,6,10,15.277,-45.989,northern Mid-Atlantic Ridge
2015,6.2,8,-32.368,-72.229,"92 km NW of Valparaíso, Chile"
2015,6.7,23,-31.517,-71.804,"61 km WNW of Illapel, Chile"
2015,6.5,27,-31.424,-71.688,"54 km WNW of Illapel, Chile"
2015,6.4,42.32,-31.104,-71.65,"70 km SW of Ovalle, Chile"
2015,7,28.41,-31.562,-71.426,"25 km WNW of Illapel, Chile"
2015,6.1,35,-31.6,-71.919,"71 km W of Illapel, Chile"
2015,6.1,19.1,-31.75,-71.743,"55 km WSW of Illapel, Chile"
2015,6.4,26.7,-31.618,-71.745,"54 km W of Illapel, Chile"
2015,8.3,22.44,-31.573,-71.674,"48 km W of Illapel, Chile"
2015,6.1,6,-6.011,151.477,"156 km ESE of Kimbe, Papua New Guinea"
2015,6.3,41.55,1.884,126.429,"161 km NW of Ternate, Indonesia"
2015,6.7,10,24.913,-109.623,"95 km SW of Topolobampo, Mexico"
2015,6,20,52.099,-169.535,"104 km SSW of Nikolski, Alaska"
2015,6.3,17,-32.82,-177.86,south of the Kermadec Islands
2015,6,535,-24.243,179.128,south of the Fiji Islands
2015,6,8,31.181,141.6,"Izu Islands, Japan region"
2015,6,228,-30.65,-178.73,"Kermadec Islands, New Zealand"
2015,6.4,8,-10.897,163.823,"213 km ESE of Kirakira, Solomon Islands"
2015,6,10,-37.015,78.062,Mid-Indian Ridge
2015,6.5,6.43,-9.329,157.877,"177 km SE of Gizo, Solomon Islands"
2015,6.6,22,-9.344,158.053,"186 km WNW of Malango, Solomon Islands"
2015,6,269,-26.458,-178.251,south of the Fiji Islands
2015,6.4,119.3,59.894,-153.196,"52 km ENE of Pedro Bay, Alaska"
2015,7,48,-2.629,138.528,"234 km W of Abepura, Indonesia"
2015,6.9,29,52.376,-169.446,"Fox Islands, Aleutian Islands, Alaska"
2015,7,11,-10.401,165.141,"80 km WNW of Lata, Solomon Islands"
2015,6.5,20,13.867,-58.548,"128 km NE of Bathsheba, Barbados"
2015,6.7,12,-9.307,158.403,"150 km WNW of Malango, Solomon Islands"
2015,6.3,49,43.91,147.975,"101 km E of Shikotan, Russia"
2015,6.1,32,10.169,125.891,"23 km NW of Santa Monica, Philippines"
2015,6.4,20,37.459,78.154,"57 km WNW of Zangguy, China"
2015,6,12,-10.991,162.556,"91 km SE of Kirakira, Solomon Islands"
2015,6,43,-5.451,151.546,"146 km SSW of Kokopo, Papua New Guinea"
2015,6,10,-32.072,-178.324,south of the Kermadec Islands
2015,6.5,460,27.738,139.725,"Bonin Islands, Japan region"
2015,6,562.61,-20.431,-178.328,Fiji region
2015,6.4,11,-36.36,-73.812,"74 km WNW of Talcahuano, Chile"
2015,7,10,-35.364,-17.16,southern Mid-Atlantic Ridge
2015,6,48,-15.676,-173.01,"89 km ENE of Hihifo, Tonga"
2015,6,124,-22.4,-68.432,"50 km E of Calama, Chile"
2015,6.1,42,41.562,142.031,"74 km ENE of Mutsu, Japan"
2015,6,10,5.987,116.541,"14 km WNW of Ranau, Malaysia"
2015,6.2,6.05,30.786,142.972,"Izu Islands, Japan region"
2015,6,10,-15.722,-173.382,"51 km ENE of Hihifo, Tonga"
2015,7.8,664,27.839,140.493,"Bonin Islands, Japan region"
2015,6.8,72.6,56.594,-156.43,"117 km SSE of Ugashik, Alaska"
2015,6.2,10,-19.393,-175.963,"175 km WNW of Pangai, Tonga"
2015,6.3,10,-16.855,-14.171,southern Mid-Atlantic Ridge
2015,6.8,10,-11.109,163.215,"159 km ESE of Kirakira, Solomon Islands"
2015,6.9,11.19,-11.056,163.696,"205 km ESE of Kirakira, Solomon Islands"
2015,6.8,11,-10.876,164.169,"178 km W of Lata, Solomon Islands"
2015,6,203,-19.302,-175.525,"135 km WNW of Pangai, Tonga"
2015,6.7,7.2,-54.331,-132.162,Pacific-Antarctic Ridge
2015,6,151,-2.542,102.219,"106 km ESE of Sungai Penuh, Indonesia"
2015,6.8,35,38.906,142.032,"32 km SE of ?funato, Japan"
2015,6.3,15,27.625,86.162,"42 km SSE of Kod?ri??, Nepal"
2015,7.3,15,27.809,86.066,Nepal
2015,6,6,31.237,142.016,"Izu Islands, Japan region"
2015,7.1,10,-7.218,154.557,"143 km SW of Panguna, Papua New Guinea"
2015,7.5,55,-5.462,151.875,"131 km SSW of Kokopo, Papua New Guinea"
2015,6,24,-5.631,151.676,"156 km SSW of Kokopo, Papua New Guinea"
2015,6,35,-5.491,151.871,"134 km SSW of Kokopo, Papua New Guinea"
2015,6.8,44,-5.2,151.777,"109 km SSW of Kokopo, Papua New Guinea"
2015,6.7,31,-5.375,151.771,"126 km SSW of Kokopo, Papua New Guinea"
2015,6.1,581,-20.887,-178.633,Fiji region
2015,6.7,22.91,27.771,86.017,"21 km SSE of Kod?ri??, Nepal"
2015,6.6,10,28.224,84.822,"71 km NNE of Bharatpur, Nepal"
2015,6.1,10,27.628,85.54,"0 km NNW of Dhulikhel, Nepal"
2015,7.8,8.22,28.23,84.731,"67 km NNE of Bharatpur, Nepal"
2015,6.2,8,51.615,-130.771,"282 km WNW of Port McNeill, Canada"
2015,6.1,48,-42.06,173.007,"73 km S of Wakefield, New Zealand"
2015,6.2,72,-12.039,166.432,"161 km SSE of Lata, Solomon Islands"
2015,6.1,29,24.047,122.453,"72 km SW of Yonakuni, Japan"
2015,6,29,24.085,122.453,"69 km SW of Yonakuni, Japan"
2015,6.4,29,24.203,122.316,"75 km WSW of Yonakuni, Japan"
2015,6.5,10,-15.882,-178.601,"181 km SSW of Alo, Wallis and Futuna"
2015,6,20,35.189,26.823,"26 km SSW of Fry, Greece"
2015,6.3,30,-15.168,-173.225,"106 km NE of Hihifo, Tonga"
2015,6,39,-4.895,152.49,"65 km SSE of Kokopo, Papua New Guinea"
2015,6.5,11,-15.499,-173.029,"96 km ENE of Hihifo, Tonga"
2015,6.4,14.54,-15.392,-172.941,"110 km NE of Hihifo, Tonga"
2015,6,10,-15.43,-173.049,"98 km NE of Hihifo, Tonga"
2015,7.5,41,-4.729,152.562,"53 km SE of Kokopo, Papua New Guinea"
2015,6.4,130,-18.353,-69.166,"94 km SW of Curahuara de Carangas, Bolivia"
2015,6.2,13,-36.117,-73.522,"75 km NW of Tomé, Chile"
2015,6.2,44,1.669,126.522,"136 km NW of Ternate, Indonesia"
2015,6.1,31,-0.541,122.307,"70 km NW of Luwuk, Indonesia"
2015,6.2,155,6.776,-72.987,"2 km NNW of Cepitá, Colombia"
2015,6,10,-41.316,80.605,Mid-Indian Ridge
2015,6.1,28,-0.779,98.716,"157 km W of Pariaman, Indonesia"
2015,7,552.06,-7.297,122.535,"150 km NNE of Maumere, Indonesia"
2015,6.2,5,18.677,-106.848,"207 km WSW of José María Morelos, Mexico"
2015,6,7,39.819,143.486,"133 km E of Miyako, Japan"
2015,6.2,10,39.824,143.587,"142 km E of Miyako, Japan"
2015,6.4,10,-16.431,168.148,Vanuatu
2015,6.1,10,-10.76,164.122,"183 km W of Lata, Solomon Islands"
2015,6.7,23,39.856,142.881,"83 km ENE of Miyako, Japan"
2015,6.2,13,-55.52,-28.259,South Sandwich Islands region
2015,6.2,30,22.637,121.427,Taiwan region
2015,7.1,16.68,52.649,-31.902,northern Mid-Atlantic Ridge
2015,6.7,223,-23.113,-66.688,"103 km W of El Aguilar, Argentina"
2015,6.3,172,-32.718,-67.123,"63 km W of Villa General Roca, Argentina"
2015,6,7.08,-21.245,170.158,"209 km SSE of Isangel, Vanuatu"
2015,6.2,484.12,-20.966,-178.303,Fiji region
2015,6.8,219.96,-17.031,168.52,"81 km NNE of Port-Vila, Vanuatu"
2015,6.5,8,5.904,-82.658,"236 km S of Punta de Burica, Panama"
2014,6,599.28,-20.326,-178.564,Fiji region
2014,6.1,8,8.634,121.521,"122 km NNW of Siocon, Philippines"
2014,6.3,41,2.089,126.648,"156 km WNW of Tobelo, Indonesia"
2014,6.1,256,25.54,122.45,"77 km NE of Jiufen, Taiwan"
2014,6.6,20,7.94,-82.686,"22 km ESE of Punta de Burica, Panama"
2014,6.1,32,13.672,-91.473,"61 km SSW of Nueva Concepción, Guatemala"
2014,6.6,23,-6.511,154.46,"115 km W of Panguna, Papua New Guinea"
2014,6,116,-6.11,130.483,Banda Sea
2014,6,15,7.982,-82.734,"15 km ESE of Punta de Burica, Panama"
2014,6.6,614,6.157,123.126,"106 km WSW of Sangay, Philippines"
2014,6.8,39,1.96,126.575,"157 km NW of Ternate, Indonesia"
2014,6.2,9,36.641,137.887,"6 km SSE of Hakuba, Japan"
2014,6.5,35,2.3,127.056,"123 km WNW of Tobelo, Indonesia"
2014,6.1,10,-46.348,33.804,Prince Edward Islands region
2014,6.7,22,-37.648,179.662,"183 km NE of Gisborne, New Zealand"
2014,7.1,45,1.893,126.522,"155 km NW of Ternate, Indonesia"
2014,6,10,-15.216,173.084,Fiji region
2014,6.6,53.19,-5.987,148.232,"76 km NE of Finschhafen, Papua New Guinea"
2014,6.3,10,-41.732,79.96,Mid-Indian Ridge
2014,6,10,-61.22,154.278,Balleny Islands region
2014,7.1,434,-19.69,-177.759,Fiji region
2014,6,10,-31.852,-111.244,Easter Island region
2014,6,8,-15.295,-174.675,"119 km NW of Hihifo, Tonga"
2014,7.3,40,12.526,-88.123,"74 km S of Intipucá, El Salvador"
2014,6.1,22,41.027,143.165,"152 km ENE of Hachinohe, Japan"
2014,6.6,10,-32.095,-110.865,southern East Pacific Rise
2014,7,16.54,-32.108,-110.811,southern East Pacific Rise
2014,6.1,10,23.844,-108.331,"96 km SSW of Altata, Mexico"
2014,6.1,8.51,23.383,100.47,"125 km SW of Jianshui, China"
2014,6,42,-6.071,149.533,"15 km N of Kandrian, Papua New Guinea"
2014,6.2,108.9,61.945,-151.816,"22 km WSW of Skwentna, Alaska"
2014,6.1,4,-9.462,156.412,"157 km SSW of Gizo, Solomon Islands"
2014,6.2,224,-23.801,-66.632,"56 km NW of San Antonio de los Cobres, Argentina"
2014,6.7,130,13.764,144.429,"43 km NW of Piti Village, Guam"
2014,6.2,35,-0.242,125.104,"172 km S of Tondano, Indonesia"
2014,6.2,17,18.753,-107.049,"217 km SW of La Cruz de Loreto, Mexico"
2014,6.1,7,-26.648,-114.5,Easter Island region
2014,6,35,-21.387,-173.323,"168 km E of ‘Ohonua, Tonga"
2014,6.8,101,-14.598,-73.571,"38 km NW of Aniso, Peru"
2014,6.02,11.12,38.215,-122.312,"The 2014 South Napa, California Earthquake"
2014,6.4,32,-32.695,-71.442,"23 km WNW of Hacienda La Calera, Chile"
2014,6,5,32.583,47.704,"42 km ESE of Dehlor?n, Iran"
2014,6.2,10.2,32.703,47.695,"40 km E of Dehlor?n, Iran"
2014,6.1,41,41.158,142.131,"78 km E of Mutsu, Japan"
2014,6.2,10,-7.274,128.036,"179 km NE of Lospalos, Timor Leste"
2014,6.2,12,27.189,103.409,"33 km WSW of Zhaotong, China"
2014,6.9,13,0.83,146.169,Federated States of Micronesia region
2014,6,9.77,-3.422,146.769,"163 km SSW of Lorengau, Papua New Guinea"
2014,6.3,107,17.682,-95.653,"2 km SE of Santa Teresa, Mexico"
2014,6,10,23.724,-45.581,northern Mid-Atlantic Ridge
2014,6,10,58.335,-136.971,"40 km WNW of Elfin Cove, Alaska"
2014,6.9,615.42,-19.802,-178.4,Fiji region
2014,6.2,61,44.642,148.784,"96 km SE of Kuril’sk, Russia"
2014,6,10,11.745,57.638,Owen Fracture Zone region
2014,6.2,227.27,-15.824,-174.452,"71 km WNW of Hihifo, Tonga"
2014,6,10,60.3,-140.337,"90 km NNW of Yakutat, Alaska"
2014,6.3,20,5.714,126.478,"78 km SSE of Pondaguitan, Philippines"
2014,6.5,20,37.005,142.452,"139 km ESE of Namie, Japan"
2014,6.2,110.24,-17.686,168.398,"10 km ENE of Port-Vila, Vanuatu"
2014,6.9,53,14.724,-92.461,"4 km W of Puerto Madero, Mexico"
2014,6,20,1.933,96.939,"86 km SE of Sinabang, Indonesia"
2014,6.5,20,-6.23,152.808,"217 km SSE of Kokopo, Papua New Guinea"
2014,6.3,35,-30.46,-176.445,Kermadec Islands region
2014,6,10,-62.301,155.187,Balleny Islands region
2014,6.2,511,28.34,138.844,"Bonin Islands, Japan region"
2014,6.7,18,-14.983,-175.51,"201 km SSE of Mata-Utu, Wallis and Futuna"
2014,6.4,9,-14.78,-175.259,"193 km SSE of Mata-Utu, Wallis and Futuna"
2014,6,10,-55.358,-28.108,South Sandwich Islands region
2014,6.9,8,-55.47,-28.367,South Sandwich Islands region
2014,6.2,48,24.388,142.628,"Volcano Islands, Japan region"
2014,6.3,4,52.205,176.698,"248 km ESE of Attu Station, Alaska"
2014,6,106.6,51.959,178.584,"Rat Islands, Aleutian Islands, Alaska"
2014,6,101.88,51.936,178.429,"Rat Islands, Aleutian Islands, Alaska"
2014,6,102.85,51.956,178.456,"Rat Islands, Aleutian Islands, Alaska"
2014,7.9,109,51.849,178.735,"Rat Islands, Aleutian Islands, Alaska"
2014,6.7,26.59,-29.941,-177.607,"Kermadec Islands, New Zealand"
2014,6.5,10,-29.938,-177.516,"Kermadec Islands, New Zealand"
2014,6.9,20,-29.977,-177.725,"Kermadec Islands, New Zealand"
2014,6.2,36,-13.559,166.828,"85 km WNW of Sola, Vanuatu"
2014,6.5,4,-10.123,91.092,South Indian Ocean
2014,6.2,5,18.788,-107.469,"250 km WSW of La Cruz de Loreto, Mexico"
2014,6.9,6.43,40.289,25.389,"21 km SSW of Kamariótissa, Greece"
2014,6,47.23,18.201,88.038,"276 km SE of Kon?rka, India"
2014,6,35,4.248,92.757,off the west coast of northern Sumatra
2014,6.3,15.46,9.383,122.06,"51 km WSW of Alim, Philippines"
2014,6.3,11,6.426,144.936,"State of Yap, Federated States of Micronesia"
2014,6.1,10,6.451,144.924,"State of Yap, Federated States of Micronesia"
2014,6.5,10,7.21,-82.305,"110 km SE of Punta de Burica, Panama"
2014,6.5,10.47,-49.94,-114.799,southern East Pacific Rise
2014,6,23,17.219,-100.812,"6 km W of Nuxco, Mexico"
2014,6.4,17.09,17.235,-100.746,"3 km NNE of Nuxco, Mexico"
2014,6,10,-6.96,154.901,"96 km SW of Panguna, Papua New Guinea"
2014,6.3,16.83,-36.17,-97.054,West Chile Rise
2014,6.1,6,19.656,99.67,"32 km SSW of Chiang Rai, Thailand"
2014,6,153,34.912,139.419,"31 km ESE of It?, Japan"
2014,6.3,634.21,-25.807,178.24,south of the Fiji Islands
2014,6.6,527,-24.611,179.086,south of the Fiji Islands
2014,6.6,106,-21.454,170.355,"239 km SSE of Isangel, Vanuatu"
2014,6.1,45,-20.752,-174.707,"56 km NE of Kolonga, Tonga"
2014,6.5,10,49.639,-127.732,"107 km WSW of Vernon, Canada"
2014,6.2,20,-7.165,155.335,"95 km S of Panguna, Papua New Guinea"
2014,7.5,43.37,-6.755,155.024,"70 km SW of Panguna, Papua New Guinea"
2014,6.6,29,-6.656,155.087,"57 km SW of Panguna, Papua New Guinea"
2014,7.2,24,17.397,-100.972,"9 km ENE of Coyuquilla Norte, Mexico"
2014,6.1,10,-11.139,164.814,"116 km WSW of Lata, Solomon Islands"
2014,6.2,20.56,-62.87,155.743,Balleny Islands region
2014,6.8,11.18,-53.497,8.722,Bouvet Island region
2014,6.6,10,-11.128,162.052,"75 km S of Kirakira, Solomon Islands"
2014,7.4,39,-11.463,162.051,"112 km S of Kirakira, Solomon Islands"
2014,7.6,22.56,-11.27,162.148,"93 km SSE of Kirakira, Solomon Islands"
2014,6.1,20,-7.103,155.238,"91 km SSW of Panguna, Papua New Guinea"
2014,6.6,135,11.642,-85.878,"15 km N of Belén, Nicaragua"
2014,6.5,20,-6.788,154.95,"78 km SW of Panguna, Papua New Guinea"
2014,7.1,60.53,-6.586,155.048,"56 km WSW of Panguna, Papua New Guinea"
2014,6.2,13.77,-20.659,-70.647,"71 km SW of Iquique, Chile"
2014,6.1,13,12.403,-86.378,"16 km SW of Valle San Francisco, Nicaragua"
2014,6,57,-10.537,161.703,"25 km WSW of Kirakira, Solomon Islands"
2014,6.3,13.71,-20.643,-70.654,"70 km SW of Iquique, Chile"
2014,6.4,25,-20.797,-70.587,"79 km SW of Iquique, Chile"
2014,7.7,22.4,-20.571,-70.493,"53 km SW of Iquique, Chile"
2014,6.5,24.07,-20.311,-70.576,"45 km WSW of Iquique, Chile"
2014,6,25,7.94,-82.34,"33 km SSW of Boca Chica, Panama"
2014,6.9,28.42,-19.893,-70.945,"90 km WNW of Iquique, Chile"
2014,8.2,25,-19.61,-70.769,"93 km NW of Iquique, Chile"
2014,6,98,-12.099,166.589,"174 km SSE of Lata, Solomon Islands"
2014,6.3,495,-26.169,179.288,south of the Fiji Islands
2014,6.3,21,-19.69,-70.854,"93 km NW of Iquique, Chile"
2014,6.2,20,-19.762,-70.874,"90 km WNW of Iquique, Chile"
2014,6.4,21.54,7.745,94.334,"232 km NNW of Sabang, Indonesia"
2014,6.4,21,-20.017,-70.884,"79 km WNW of Iquique, Chile"
2014,6.7,20,-19.981,-70.702,"63 km WNW of Iquique, Chile"
2014,6.3,29,-5.574,-80.971,"16 km W of Sechura, Peru"
2014,6.1,20,-14.085,-76.311,"24 km SSW of Paracas, Peru"
2014,6.3,79,33.684,131.825,"32 km SSW of Hikari, Japan"
2014,6.1,7,-3.086,148.553,"183 km SE of Lorengau, Papua New Guinea"
2014,6.4,10,-60.862,-19.977,east of the South Sandwich Islands
2014,6.8,16.441,40.829,-125.134,"77 km WNW of Indianola, California"
2014,6.3,638,-14.738,169.823,"262 km ESE of Sola, Vanuatu"
2014,6,18.47,14.183,-93.153,"98 km SW of Puerto Madero, Mexico"
2014,6.5,119,27.431,127.367,"109 km NW of Nago, Japan"
2014,6.2,60,12.556,-87.688,"33 km SW of Jiquilillo, Nicaragua"
2014,6.1,265,53.605,-171.821,"210 km WNW of Nikolski, Alaska"
2014,6.5,14.83,14.668,-58.927,"171 km NNE of Greenland, Barbados"
2014,6.9,10,35.905,82.586,"272 km ESE of Hotan, China"
2014,6,41.8,-5.965,154.435,"122 km WNW of Panguna, Papua New Guinea"
2014,6.5,122,-15.069,167.372,"32 km E of Port-Olry, Vanuatu"
2014,6,5,38.264,20.39,"8 km NNW of Lixoúri, Greece"
2014,6.5,44.26,-32.908,-177.881,south of the Kermadec Islands
2014,6.1,129.97,-56.827,-27.339,South Sandwich Islands region
2014,6.1,8,38.208,20.453,"1 km ENE of Lixoúri, Greece"
2014,6.1,66,-7.986,109.265,"39 km S of Kroya, Indonesia"
2014,6.1,6.12,-15.144,-174.681,"130 km NW of Hihifo, Tonga"
2014,6.1,28,-40.66,175.814,"35 km NNE of Masterton, New Zealand"
2014,6.4,20,19.043,-66.81,"61 km N of Hatillo, Puerto Rico"
2014,6.5,187,-13.863,167.249,"32 km W of Sola, Vanuatu"
2013,6.2,9,20.773,146.79,Mariana Islands region
2013,6,28,44.444,149.167,"134 km SE of Kuril’sk, Russia"
2013,6,20,2.044,96.826,"69 km SE of Sinabang, Indonesia"
2013,6.4,9.87,-7.027,128.379,"224 km NE of Lospalos, Timor Leste"
2013,6,14.83,-53.871,-53.911,South Atlantic Ocean
2013,7,11.78,-53.945,-55.003,Falkland Islands region
2013,6,34,45.561,151.005,"247 km E of Kuril’sk, Russia"
2013,6.5,371,-17.117,-176.545,Fiji region
2013,6,511,18.475,145.204,"Pagan region, Northern Mariana Islands"
2013,6,38,2.64,128.434,"111 km NNE of Tobelo, Indonesia"
2013,7.7,10,-60.274,-46.401,Scotia Sea
2013,6.9,9.97,-60.263,-47.062,Scotia Sea
2013,6.1,11.07,-60.281,-47.123,Scotia Sea
2013,6.4,43,54.686,162.302,"172 km S of Ust’-Kamchatsk Staryy, Russia"
2013,6.2,10.05,-19.171,-172.641,"152 km ESE of Neiafu, Tonga"
2013,6,9.98,-23.636,-112.596,Easter Island region
2013,6.6,27,-30.292,-71.522,"41 km SSW of Coquimbo, Chile"
2013,6.3,10,23.59,121.437,"46 km SSW of Hualien City, Taiwan"
2013,6.2,41.5,-35.314,-73.395,"89 km W of Constitución, Chile"
2013,7.1,35,37.156,144.661,"off the east coast of Honshu, Japan"
2013,6.7,22.87,-58.153,-12.796,east of the South Sandwich Islands
2013,6,160,-23.007,-177.143,"285 km SW of Vaini, Tonga"
2013,6.6,9.45,26.091,-110.321,"98 km SW of Etchoropo, Mexico"
2013,6.8,35,-6.446,154.931,"62 km WSW of Panguna, Papua New Guinea"
2013,7.1,19.04,9.88,124.117,"4 km SE of Sagbayan, Philippines"
2013,6.6,40,35.514,23.252,"36 km W of Kíssamos, Greece"
2013,6,63,10.905,-62.315,"36 km N of Güiria, Venezuela"
2013,6.2,151,-30.662,-178.484,"Kermadec Islands, New Zealand"
2013,6.2,10.28,-36.727,-97.476,West Chile Rise
2013,6,104,12.312,141.69,Mariana Islands region
2013,6.4,12.72,-38.606,78.369,Mid-Indian Ridge
2013,6.7,573,53.2,152.786,Sea of Okhotsk
2013,6.5,41.54,-30.925,-178.323,"Kermadec Islands, New Zealand"
2013,6.8,12,27.183,65.505,"129 km WSW of Khuzdar, Pakistan"
2013,7.1,40,-15.838,-74.511,"16 km WSW of Atiquipa, Peru"
2013,6.1,10,-49.959,-113.744,southern East Pacific Rise
2013,7.7,15,26.951,65.501,"113 km NW of Bela, Pakistan"
2013,6.1,549.92,-7.331,120.011,"129 km N of Labuan Bajo, Indonesia"
2013,6.1,24.02,51.575,-174.716,"77 km SSW of Atka, Alaska"
2013,6.1,10.52,-4.547,-104.578,central East Pacific Rise
2013,6.4,66,14.606,-92.121,"7 km ESE of Ignacio López Rayón, Mexico"
2013,6,10,15.184,-45.232,northern Mid-Atlantic Ridge
2013,6,17,51.573,-174.854,"82 km SSW of Atka, Alaska"
2013,6.5,20,51.557,-174.767,"81 km SSW of Atka, Alaska"
2013,6,9.92,51.183,-130.225,"230 km WNW of Port McNeill, Canada"
2013,6.5,402,29.938,138.833,"Izu Islands, Japan region"
2013,6.1,2.73,51.244,-130.397,"243 km WNW of Port McNeill, Canada"
2013,6.5,112,-7.44,128.221,"180 km NE of Lospalos, Timor Leste"
2013,6,18,51.238,-174.941,"118 km SSW of Atka, Alaska"
2013,7,29,51.537,-175.23,"101 km SW of Atka, Alaska"
2013,6.2,478,-27.783,179.633,Kermadec Islands region
2013,6.2,21,16.878,-99.498,"5 km ESE of Barrio Nuevo de los Muertos, Mexico"
2013,6.1,10,-34.885,54.093,Southwest Indian Ridge
2013,6.5,8.2,-41.734,174.152,"29 km SE of Blenheim, New Zealand"
2013,6.7,12,5.773,-78.2,"101 km WSW of Bahía Solano, Colombia"
2013,6.2,10,-5.396,-81.927,"96 km WSW of Paita, Peru"
2013,6.1,340.6,-30.628,-179.678,Kermadec Islands region
2013,6,95,-7.135,129.809,"Kepulauan Babar, Indonesia"
2013,6,31.65,-15.244,-173.501,"84 km NNE of Hihifo, Tonga"
2013,6.3,13,-57.915,-23.841,South Sandwich Islands region
2013,6.1,124,-15.379,167.689,"58 km ENE of Luganville, Vanuatu"
2013,6.3,10,-46.049,34.78,Prince Edward Islands region
2013,6.5,17,-41.704,174.337,"38 km ESE of Blenheim, New Zealand"
2013,6,7,-15.657,-71.74,"3 km ESE of Maca, Peru"
2013,7.3,11,-60.857,-25.07,South Sandwich Islands region
2013,6.6,56,-6.029,149.706,"26 km NE of Kandrian, Papua New Guinea"
2013,7.3,385.5,-3.917,153.927,"190 km ENE of Kokopo, Papua New Guinea"
2013,6,21,-3.269,100.564,"162 km SW of Sungai Penuh, Indonesia"
2013,6.1,29,-7.028,155.726,"83 km SSE of Panguna, Papua New Guinea"
2013,6.1,13,4.645,96.665,"61 km S of Bireun, Indonesia"
2013,6.6,10,10.701,-42.594,northern Mid-Atlantic Ridge
2013,6,19,34.347,25.159,"73 km S of Pýrgos, Greece"
2013,6.5,30,11.763,-86.926,"44 km W of Masachapa, Nicaragua"
2013,6.2,10,34.4,25.02,"68 km S of Pýrgos, Greece"
2013,6,195,-33.853,179.402,south of the Kermadec Islands
2013,6.7,9,-10.004,107.236,"south of Java, Indonesia"
2013,6.1,39,-11.401,166.299,"92 km SE of Lata, Solomon Islands"
2013,6.2,17,23.789,121.141,"26 km SE of Puli, Taiwan"
2013,6.7,624,52.235,151.444,Sea of Okhotsk
2013,8.3,598.1,54.892,153.221,2013 Sea of Okhotsk Earthquake
2013,6.3,150,-20.578,-175.759,"85 km NW of Nuku‘alofa, Tonga"
2013,7.4,173.7,-23.009,-177.232,"292 km SW of Vaini, Tonga"
2013,6.1,30,52.281,160.072,"128 km SE of Petropavlovsk-Kamchatsky, Russia"
2013,6,30,52.52,160.362,"129 km ESE of Petropavlovsk-Kamchatsky, Russia"
2013,6.4,10,-44.866,-80.746,"Off the coast of Aisen, Chile"
2013,6.1,18,52.34,160.065,"123 km SE of Petropavlovsk-Kamchatsky, Russia"
2013,6,39,37.739,141.471,"50 km NE of Namie, Japan"
2013,6.8,602.2,18.728,145.288,"Pagan region, Northern Mariana Islands"
2013,6.4,212.9,-17.965,-175.107,"140 km WNW of Neiafu, Tonga"
2013,6.1,15,26.56,57.77,"92 km SE of M?n?b, Iran"
2013,6,11,-19.622,175.051,south of the Fiji Islands
2013,6.1,351,-28.681,-178.916,Kermadec Islands region
2013,6.5,10,-3.898,152.127,"33 km N of Rabaul, Papua New Guinea"
2013,6,30,18.081,-102.182,"7 km NNE of Guacamayas, Mexico"
2013,6.1,421.9,29.933,138.887,"Izu Islands, Japan region"
2013,6.1,18,50.099,157.148,"96 km SE of Severo-Kuril’sk, Russia"
2013,6.6,14,30.308,102.888,"56 km WSW of Linqiong, China"
2013,6.1,15,49.965,157.652,"134 km SE of Severo-Kuril’sk, Russia"
2013,7.2,110,46.221,150.788,"252 km ENE of Kuril’sk, Russia"
2013,6.6,13,-3.214,142.542,"23 km ESE of Aitape, Papua New Guinea"
2013,7.7,80,28.033,61.996,"79 km ESE of Kh?sh, Iran"
2013,6.6,31,-6.475,154.607,"98 km W of Panguna, Papua New Guinea"
2013,6,280.2,-19.141,169.535,"51 km NNE of Isangel, Vanuatu"
2013,6.4,12,28.428,51.593,"95 km SE of Bushehr, Iran"
2013,7,66,-3.517,138.476,"260 km WSW of Abepura, Indonesia"
2013,6.3,563.3,42.736,131.003,"13 km NNW of Zarubino, Russia"
2013,6,14,39.526,143.167,"104 km E of Yamada, Japan"
2013,6.2,189,14.487,-90.463,"3 km NW of Fraijanes, Guatemala"
2013,6.1,10,-20.757,173.37,Vanuatu region
2013,6.5,28,-6.598,148.174,"36 km E of Finschhafen, Papua New Guinea"
2013,6.5,29,50.958,157.408,"87 km SE of Ozernovskiy, Russia"
2013,6.4,33,50.895,157.453,"94 km SE of Ozernovskiy, Russia"
2013,6.9,41,50.954,157.283,"81 km SE of Ozernovskiy, Russia"
2013,6.1,575.2,-27.932,-63.097,"32 km E of Suncho Corral, Argentina"
2013,6.1,105,5.812,125.748,"16 km SE of Caburan, Philippines"
2013,6.6,11,67.631,142.508,"183 km SW of Belaya Gora, Russia"
2013,6,11,-10.94,165.461,"43 km WSW of Lata, Solomon Islands"
2013,6.6,18,-10.994,165.741,"30 km SSW of Lata, Solomon Islands"
2013,6.9,145,1.135,-77.393,"2 km NNE of Yacuanquer, Colombia"
2013,7.1,21,-10.928,166.018,"32 km SE of Lata, Solomon Islands"
2013,6.8,12,-10.838,165.969,"22 km ESE of Lata, Solomon Islands"
2013,6.7,11,-10.997,165.655,"33 km SSW of Lata, Solomon Islands"
2013,6,8,-11.658,164.94,"139 km SW of Lata, Solomon Islands"
2013,6,14,-11.243,165.728,"57 km S of Lata, Solomon Islands"
2013,6,10,-10.642,164.765,"113 km W of Lata, Solomon Islands"
2013,6.1,10,-10.791,164.551,"136 km W of Lata, Solomon Islands"
2013,7,8.8,-10.499,165.588,"33 km NW of Lata, Solomon Islands"
2013,7.1,10,-11.183,164.882,"112 km WSW of Lata, Solomon Islands"
2013,8,24,-10.799,165.114,2013 Santa Cruz Islands Earthquake
2013,6,11,-10.864,165.248,"62 km WSW of Lata, Solomon Islands"
2013,6,6,-10.887,165.284,"58 km WSW of Lata, Solomon Islands"
2013,6.9,107,42.77,143.092,"18 km SSW of Obihiro, Japan"
2013,6.4,10,-11.12,165.378,"63 km SW of Lata, Solomon Islands"
2013,6.3,10,-10.896,165.379,"49 km WSW of Lata, Solomon Islands"
2013,6,15,-11.104,165.532,"50 km SW of Lata, Solomon Islands"
2013,6.1,9,-10.64,166.367,"63 km E of Lata, Solomon Islands"
2013,6.1,10,-10.634,166.372,"63 km E of Lata, Solomon Islands"
2013,6.8,45,-28.094,-70.653,"54 km N of Vallenar, Chile"
2013,6.1,15,42.605,79.708,"61 km SE of Kegen, Kazakhstan"
2013,6.1,12,4.927,95.907,"50 km S of Sigli, Indonesia"
2013,6.1,10,-62.571,-161.432,Pacific-Antarctic Ridge
2013,7.5,8.7,55.228,-134.859,"110 km SW of Edna Bay, Alaska"
2012,6.7,200.7,-14.344,167.286,"59 km SSW of Sola, Vanuatu"
2012,6.1,44.2,-0.649,123.807,"118 km ENE of Luwuk, Indonesia"
2012,6.1,52,-4.632,153.016,"88 km ESE of Kokopo, Papua New Guinea"
2012,6,26,52.291,174.011,"83 km SE of Attu Station, Alaska"
2012,6.3,13,31.095,-119.66,"279 km SSW of Avalon, California"
2012,6,30,0.533,126.231,Molucca Sea
2012,7.1,155,-6.533,129.825,Banda Sea
2012,6.3,163,-38.428,176.067,"27 km SE of Tokoroa, New Zealand"
2012,6.2,32,37.914,143.764,"220 km SE of ?funato, Japan"
2012,7.3,31,37.89,143.949,"234 km SE of ?funato, Japan"
2012,6.1,32,-16.975,167.645,"99 km SSE of Lakatoro, Vanuatu"
2012,6,13,-5.705,151.602,"163 km E of Kimbe, Papua New Guinea"
2012,6.5,29,49.28,155.425,"163 km SSW of Severo-Kuril’sk, Russia"
2012,6.1,53,18.346,-100.382,"8 km N of San José Poliutla, Mexico"
2012,6.1,63,-29.118,-71.19,"73 km SW of Vallenar, Chile"
2012,6.1,9,-45.761,-77.053,"Off the coast of Aisen, Chile"
2012,6.3,9,57.792,-142.855,"266 km SW of Yakutat, Alaska"
2012,6.5,20,14.129,-92.164,"32 km SW of Champerico, Guatemala"
2012,6.8,13.7,23.005,95.885,"51 km NNE of Shwebo, Myanmar"
2012,6,129,-8.866,-75.071,"16 km ESE of San Alejandro, Peru"
2012,6.1,13.7,49.231,-128.477,"176 km WSW of Vernon, Canada"
2012,7.4,24,13.988,-91.895,"33 km S of Champerico, Guatemala"
2012,6.1,37,9.219,126.161,"2 km NW of Tigao, Philippines"
2012,6.2,9,52.365,-131.902,"241 km SSW of Prince Rupert, Canada"
2012,6.3,9,52.674,-132.602,"237 km SW of Prince Rupert, Canada"
2012,7.8,14,52.788,-132.101,"206 km SW of Prince Rupert, Canada"
2012,6.5,17,10.086,-85.298,Costa Rica
2012,6.2,36,-13.552,166.564,"112 km WNW of Sola, Vanuatu"
2012,6,326,4.232,124.52,"166 km SW of Sarangani, Philippines"
2012,6.6,13,-4.892,134.03,"163 km ENE of Tual, Indonesia"
2012,6.6,10,-60.326,153.699,west of Macquarie Island
2012,6.1,10,-4.472,129.129,"127 km S of Amahai, Indonesia"
2012,6.1,15,39.808,143.099,"100 km E of Miyako, Japan"
2012,7.3,170,1.929,-76.362,"11 km WNW of San Agustín, Colombia"
2012,6.4,16,51.592,-178.295,"118 km WSW of Adak, Alaska"
2012,6.3,10,24.666,-110.173,"59 km NNE of La Paz, Mexico"
2012,6.2,19,-3.319,100.594,"165 km SSW of Sungai Penuh, Indonesia"
2012,6.1,21,-3.177,135.109,"48 km WNW of Nabire, Indonesia"
2012,7.6,35,10.085,-85.315,"11 km ENE of Hojancha, Costa Rica"
2012,6,27,-12.476,166.513,"191 km NW of Sola, Vanuatu"
2012,6.1,14,-10.708,113.931,"251 km SSW of Jimbaran, Indonesia"
2012,7.6,28,10.811,126.638,"89 km E of Sulangan, Philippines"
2012,6.8,14,71.441,-10.605,"89 km NW of Olonkinbyen, Svalbard and Jan Mayen"
2012,7.3,28,12.139,-88.59,"126 km S of Puerto El Triunfo, El Salvador"
2012,6.6,91.1,2.19,126.837,"140 km WNW of Tobelo, Indonesia"
2012,6.2,73,-4.766,144.57,"95 km SE of Angoram, Papua New Guinea"
2012,6.3,10,-1.315,120.096,"51 km SSE of Palu, Indonesia"
2012,7.7,583.2,49.8,145.064,"156 km ENE of Poronaysk, Russia"
2012,6.2,13,35.661,82.518,"281 km SE of Hotan, China"
2012,6.2,12,38.389,46.745,"30 km WSW of Ahar, Iran"
2012,6.4,11,38.329,46.826,"26 km SW of Ahar, Iran"
2012,6.2,13,52.633,-167.421,"102 km ESE of Nikolski, Alaska"
2012,6.1,46,-4.654,153.275,"116 km ESE of Kokopo, Papua New Guinea"
2012,6.1,144.6,-8.414,-74.259,"30 km E of San Fernando, Peru"
2012,6.5,41,-4.651,153.173,"105 km ESE of Kokopo, Papua New Guinea"
2012,6.7,20,-17.592,66.391,Mauritius - Reunion region
2012,6.4,20,-9.694,159.727,"1 km E of Malango, Solomon Islands"
2012,6.4,22,2.707,96.045,"44 km NW of Sinabang, Indonesia"
2012,6,19,49.407,155.907,"141 km S of Severo-Kuril’sk, Russia"
2012,6,20,45.497,151.288,"268 km E of Kuril’sk, Russia"
2012,6.3,160.1,-14.657,167.34,"51 km NE of Port-Olry, Vanuatu"
2012,6.3,229.8,-40.023,173.756,"63 km S of Opunake, New Zealand"
2012,6.3,18,43.433,84.7,"117 km E of Xinyuan, China"
2012,6,10,57.601,163.195,"159 km NNE of Ust’-Kamchatsk Staryy, Russia"
2012,6.1,95,3.009,97.896,"66 km W of Kabanjahe, Indonesia"
2012,6,14,53.351,171.619,"119 km WNW of Attu Station, Alaska"
2012,6.3,36,38.919,141.831,"19 km SSE of ?funato, Japan"
2012,6,35,36.42,28.88,"28 km SW of Ölüdeniz, Turkey"
2012,6.1,110,-15.877,-72.413,"16 km S of Uñon, Peru"
2012,6,8,-36.074,-70.57,"86 km ESE of Colbún, Chile"
2012,6.1,15,34.943,141.132,"75 km ESE of ?hara, Japan"
2012,6.3,7,5.508,-82.563,"278 km SW of Arenas, Panama"
2012,6.3,7,5.305,-82.629,south of Panama
2012,6.7,586.9,-28.043,-63.094,"35 km ESE of Suncho Corral, Argentina"
2012,6,487.4,26.91,140.055,"Bonin Islands, Japan region"
2012,6.1,10,72.96,5.683,Norwegian Sea
2012,6,10,-50.42,139.516,western Indian-Antarctic Ridge
2012,6.3,11,39.646,143.164,"105 km E of Miyako, Japan"
2012,6,6.3,44.89,11.23,"4 km NNE of Massa Finalese, Italy"
2012,6.3,10,-44.806,-80.159,"Off the coast of Aisen, Chile"
2012,6.2,105.9,-17.678,-69.591,"40 km ENE of Palca, Peru"
2012,6,14,14.376,-92.897,"63 km SW of Puerto Madero, Mexico"
2012,6.6,134.7,-18.685,-174.705,"76 km W of Neiafu, Tonga"
2012,6,114,-28.556,-177.412,Kermadec Islands region
2012,6,17.4,-1.635,134.197,"86 km S of Manokwari, Indonesia"
2012,6.7,16,-1.617,134.276,"86 km SSE of Manokwari, Indonesia"
2012,6.2,12,-59.016,-16.612,east of the South Sandwich Islands
2012,6.8,198,-5.462,147.117,"140 km N of Lae, Papua New Guinea"
2012,6.7,29,-32.625,-71.365,"22 km NW of Hacienda La Calera, Chile"
2012,6.2,25,2.581,90.269,off the west coast of northern Sumatra
2012,6.2,11,-18.972,168.741,"84 km NW of Isangel, Vanuatu"
2012,6.2,15,-57.679,-65.308,Drake Passage
2012,7,13,28.696,-113.104,"69 km ENE of San Luis, Mexico"
2012,6,9,28.837,-113.027,"83 km ENE of San Luis, Mexico"
2012,6.5,20,18.229,-102.689,"41 km NW of El Habillal, Mexico"
2012,6,8,43.584,-127.638,"266 km W of Bandon, Oregon"
2012,8.2,25.1,0.802,92.463,2012 Wharton Basin Aftershock
2012,6,10,1.254,91.735,North Indian Ocean
2012,8.6,20,2.327,93.063,2012 Wharton Basin Earthquake
2012,6.1,108.5,-4.551,153.457,"133 km E of Kokopo, Papua New Guinea"
2012,6,9,16.395,-98.316,"7 km SSW of Santa María Cortijo, Mexico"
2012,6.1,15,39.859,142.017,"24 km NNE of Miyako, Japan"
2012,6,10,10.071,-104.16,northern East Pacific Rise
2012,7.1,40.7,-35.2,-72.217,"23 km NE of Constitución, Chile"
2012,6.6,118,-6.242,145.955,"11 km ENE of Kainantu, Papua New Guinea"
2012,7.4,20,16.493,-98.231,"6 km E of Santiago Llano Grande, Mexico"
2012,6.1,66,-3.812,140.266,"140 km SSW of Abepura, Indonesia"
2012,6.2,28,-5.595,151.042,"100 km E of Kimbe, Papua New Guinea"
2012,6,10,35.687,140.695,"5 km SE of Asahi, Japan"
2012,6.1,10,40.781,144.761,"245 km S of Kushiro, Japan"
2012,6.9,12,40.887,144.944,"236 km SSE of Kushiro, Japan"
2012,6.7,16,-19.125,169.613,"57 km NE of Isangel, Vanuatu"
2012,6.1,553.9,-28.246,-63.294,"37 km SSE of Suncho Corral, Argentina"
2012,6.6,14,-22.141,170.34,"262 km ESE of Tadine, New Caledonia"
2012,6.7,12,51.708,95.991,"38 km NE of Saryg-Sep, Russia"
2012,6,10,-24.495,-177.238,south of the Fiji Islands
2012,6.4,51,-10.39,161.102,"89 km W of Kirakira, Solomon Islands"
2012,6,9,9.885,123.095,"0 km NW of Amdos, Philippines"
2012,6.7,11,9.999,123.206,"2 km NNE of Jimalalud, Philippines"
2012,6.1,8,-17.948,167.226,"117 km WSW of Port-Vila, Vanuatu"
2012,6.1,145,-18.894,168.917,"81 km NNW of Isangel, Vanuatu"
2012,6.1,8,-17.378,167.277,"116 km WNW of Port-Vila, Vanuatu"
2012,7.1,23,-17.827,167.133,"125 km W of Port-Vila, Vanuatu"
2012,6.4,43,-14.168,-75.635,"6 km ESE of Pampa de Tate, Peru"
2012,6.3,580.3,-24.977,178.52,south of the Fiji Islands
2012,6.1,20,-36.409,-73.03,"24 km NNW of Tomé, Chile"
2012,6,13,-56.759,-25.147,South Sandwich Islands region
2012,6.2,45,14.873,-93.005,"46 km SW of El Arenal, Mexico"
2012,6,10,-60.882,-55.965,South Shetland Islands
2012,6.6,8,-60.948,-56.113,South Shetland Islands
2012,7.2,19,2.433,93.21,off the west coast of northern Sumatra
2012,6.4,28,-10.617,165.16,"70 km W of Lata, Solomon Islands"
2012,6.8,365.3,31.456,138.072,"Izu Islands, Japan region"
2011,6.6,15,51.842,95.911,"45 km NNE of Saryg-Sep, Russia"
2011,6,90,-16.198,-173.862,"27 km SSW of Hihifo, Tonga"
2011,6,32,-32.718,-179.099,south of the Kermadec Islands
2011,7.1,135,-7.551,146.809,"25 km SSE of Wau, Papua New Guinea"
2011,6,161,0.041,123.03,"55 km S of Gorontalo, Indonesia"
2011,6.2,116,-56.009,-28.184,South Sandwich Islands region
2011,6.5,59,17.986,-99.789,"6 km SSW of Nuevo Balsas, Mexico"
2011,6.1,20,-27.899,-70.918,"76 km NNW of Vallenar, Chile"
2011,6,9,15.455,118.999,"97 km W of Palauig, Philippines"
2011,6.1,25,-5.48,153.733,"205 km SE of Kokopo, Papua New Guinea"
2011,6.2,38,41.898,142.639,"53 km SSE of Shizunai-furukawach?, Japan"
2011,6.1,34,37.365,141.368,"35 km ESE of Namie, Japan"
2011,6.6,549.9,-15.364,-65.09,"62 km SSW of Trinidad, Bolivia"
2011,6,26.6,-1.702,-81.546,"87 km NW of Salinas, Ecuador"
2011,6.3,17,-0.949,126.91,"199 km SSW of Ternate, Indonesia"
2011,6,10,-55.981,-124.439,southern East Pacific Rise
2011,6.9,224.9,27.324,125.621,"238 km WNW of Naha, Japan"
2011,6,177,11.56,-85.861,"7 km NNE of Belén, Nicaragua"
2011,6.1,10,-55.294,-128.843,Pacific-Antarctic Ridge
2011,6.3,10,19.831,-109.205,Revilla Gigedo Islands region
2011,6.9,24,-14.438,-75.966,"39 km SW of Santiago, Peru"
2011,6,602.9,-17.941,-179.531,"122 km E of Levuka, Fiji"
2011,7.1,18,38.721,43.508,"27 km NNE of Van, Turkey"
2011,7.4,33,-28.993,-176.238,Kermadec Islands region
2011,6.1,187,43.892,142.479,"16 km NE of Asahikawa, Japan"
2011,6.1,26,-5.785,151.037,"102 km ESE of Kimbe, Papua New Guinea"
2011,6,12,54.08,123.722,"8 km ESE of Takhtamygda, Russia"
2011,6.5,37,-6.57,147.881,"4 km ESE of Finschhafen, Papua New Guinea"
2011,6.1,39,-9.35,114.587,"88 km SW of Jimbaran, Indonesia"
2011,6.1,36,-32.514,-179.038,south of the Kermadec Islands
2011,6.4,10,-15.437,-175.311,"172 km WNW of Hihifo, Tonga"
2011,6.9,50,27.73,88.155,"43 km NW of Mangan, India"
2011,6.7,30,40.273,142.779,"99 km NE of Miyako, Japan"
2011,7.3,644.6,-21.611,-179.528,Fiji region
2011,6.1,28,36.256,141.338,"68 km E of ?arai, Japan"
2011,6.1,10,-35.366,-179.039,east of the North Island of New Zealand
2011,6,15,53.107,172.984,"32 km NNW of Attu Station, Alaska"
2011,6.4,22,49.535,-126.893,"66 km SW of Vernon, Canada"
2011,6.7,91,2.965,97.893,"68 km WSW of Kabanjahe, Indonesia"
2011,6.2,37,-15.295,-173.621,"75 km NNE of Hihifo, Tonga"
2011,7,185.1,-20.671,169.716,"133 km SSE of Isangel, Vanuatu"
2011,6.4,84,-56.451,-26.847,South Sandwich Islands region
2011,6.7,578.9,-28.398,-63.029,"20 km WNW of Añatuya, Argentina"
2011,6.9,32,52.171,-171.708,"170 km E of Atka, Alaska"
2011,6,41,-12.36,166.656,"193 km NNW of Sola, Vanuatu"
2011,6.9,469.8,-6.362,126.752,"236 km N of Baukau, Timor Leste"
2011,6.2,13,-18.155,167.727,"77 km SW of Port-Vila, Vanuatu"
2011,7,147,-7.641,-74.525,"64 km ESE of Contamana, Peru"
2011,6.1,29,-6.282,104.054,"163 km SW of Bandar Lampung, Indonesia"
2011,7.1,28,-18.311,168.218,"64 km S of Port-Vila, Vanuatu"
2011,6.5,35,-18.308,168.156,"65 km SSW of Port-Vila, Vanuatu"
2011,7.2,32,-18.365,168.143,"71 km SSW of Port-Vila, Vanuatu"
2011,6.2,47,37.671,141.652,"61 km ENE of Namie, Japan"
2011,6.2,407.9,-16.522,-177.004,"271 km SSE of Alo, Wallis and Futuna"
2011,6.1,9,36.765,143.77,"258 km ESE of Namie, Japan"
2011,6.1,26,-2.323,128.011,"151 km NW of Amahai, Indonesia"
2011,6,10,-7.04,-12.618,"221 km ENE of Georgetown, Saint Helena"
2011,6.1,36,48.833,154.769,"227 km SSW of Severo-Kuril’sk, Russia"
2011,6.6,10,-3.518,144.828,"103 km NE of Angoram, Papua New Guinea"
2011,6.1,10,-17.016,171.579,Vanuatu region
2011,6.3,38,36.942,140.955,"13 km SSE of Iwaki, Japan"
2011,6.7,532,-23.801,179.751,south of the Fiji Islands
2011,6,12,25.101,-109.525,"73 km SW of Topolobampo, Mexico"
2011,6.3,10,-3.182,150.611,"70 km SSW of Kavieng, Papua New Guinea"
2011,6.3,40,37.73,141.39,"43 km NE of Namie, Japan"
2011,6.3,41,38.898,141.815,"21 km SSE of ?funato, Japan"
2011,6,10,-62.496,164.452,Balleny Islands region
2011,6,21,-10.34,162.01,"16 km NE of Kirakira, Solomon Islands"
2011,6.1,20,40.081,71.41,"16 km NNE of Aydarken, Kyrgyzstan"
2011,6.1,36,54.787,-161.29,"72 km ESE of King Cove, Alaska"
2011,6,20,-33.819,-71.832,"32 km SW of San Antonio, Chile"
2011,6.1,10,-60.762,-23.523,South Sandwich Islands region
2011,6.4,19,9.509,122.175,"33 km WSW of Cayhagan, Philippines"
2011,7,23,38.034,143.264,"177 km ESE of Ishinomaki, Japan"
2011,6,15.2,-29.436,-177.007,"Kermadec Islands, New Zealand"
2011,6,14,-29.337,-177.051,"Kermadec Islands, New Zealand"
2011,7.6,17,-29.539,-176.34,Kermadec Islands region
2011,6.3,17,-2.384,136.631,"146 km SSE of Biak, Indonesia"
2011,6.1,72.1,-10.925,165.931,"26 km SSE of Lata, Solomon Islands"
2011,7.3,52,52.05,-171.836,"Fox Islands, Aleutian Islands, Alaska"
2011,6.7,33,39.955,142.205,"41 km NNE of Miyako, Japan"
2011,6,14,-11.479,165.551,"87 km SSW of Lata, Solomon Islands"
2011,6.4,128,-21.701,-68.228,"110 km NE of Calama, Chile"
2011,6.4,16,-5.928,151.04,"108 km ESE of Kimbe, Papua New Guinea"
2011,6.3,61.1,2.515,126.457,"193 km WNW of Tobelo, Indonesia"
2011,6.4,3,-55.843,146.62,west of Macquarie Island
2011,6.1,14,37.285,143.907,"258 km E of Namie, Japan"
2011,6.3,21,-37.578,-73.691,"4 km NW of Lebu, Chile"
2011,6.4,40,-6.104,154.414,"120 km WNW of Panguna, Papua New Guinea"
2011,6.1,10,0.569,-25.647,central Mid-Atlantic Ridge
2011,6.1,35,37.396,141.341,"31 km ESE of Namie, Japan"
2011,6.8,11,-20.244,168.226,"124 km NE of Wé, New Caledonia"
2011,6,11,38.17,144.032,"224 km SE of Kamaishi, Japan"
2011,6.1,12,6.854,-82.33,"143 km SSE of Punta de Burica, Panama"
2011,6.1,8,-4.586,122.771,"47 km NE of Katabu, Indonesia"
2011,6.8,79,-10.375,161.2,"79 km W of Kirakira, Solomon Islands"
2011,6.2,43,35.579,140.305,"6 km WNW of T?gane, Japan"
2011,6.6,86,-34.336,179.874,south of the Kermadec Islands
2011,6,22,39.583,143.34,"120 km E of Yamada, Japan"
2011,6.2,15,35.417,140.575,"23 km SE of T?gane, Japan"
2011,6.6,11,37.001,140.401,"17 km SSW of Ishikawa, Japan"
2011,7.1,42,38.276,141.588,"29 km ESE of Ishinomaki, Japan"
2011,6.6,166.2,17.208,-94.338,"7 km SW of Helio García Alfaro, Mexico"
2011,6,20,1.612,97.086,"108 km SW of Singkil, Indonesia"
2011,6.7,14,-9.848,107.693,"278 km SSW of Kawalu, Indonesia"
2011,6.4,551.7,-17.642,-178.585,"227 km ENE of Levuka, Fiji"
2011,6,59.9,35.662,26.56,"42 km NW of Fry, Greece"
2011,6,42,38.922,141.821,"18 km SSE of ?funato, Japan"
2011,6.3,15.5,-16.541,-177.517,"254 km SSE of Alo, Wallis and Futuna"
2011,6.1,15,37.401,142.29,"114 km E of Namie, Japan"
2011,6.2,19,38.415,142.011,"62 km E of Ishinomaki, Japan"
2011,6,6,-15.848,-179.405,"146 km ENE of Labasa, Fiji"
2011,6.2,39,38.772,141.88,"36 km SSE of ?funato, Japan"
2011,6.9,8,20.687,99.822,"27 km NNW of Tachilek, Myanmar"
2011,6.4,13,39.851,143.437,"130 km E of Miyako, Japan"
2011,6.1,31,37.325,141.791,"72 km ESE of Namie, Japan"
2011,6.4,11,37.244,144.003,"267 km E of Namie, Japan"
2011,6,27,18.994,121.246,"43 km NNE of Namuac, Philippines"
2011,6.2,29,40.136,142.168,"57 km NNE of Miyako, Japan"
2011,6.2,17,-17.275,167.826,"72 km NW of Port-Vila, Vanuatu"
2011,6.1,18,40.335,143.288,"138 km ENE of Miyako, Japan"
2011,6,9,35.272,138.582,"6 km NNW of Fujinomiya, Japan"
2011,6,28,37.576,142.237,"109 km E of Namie, Japan"
2011,6,14,37.785,142.456,"123 km SE of Ishinomaki, Japan"
2011,6.1,8,35.723,141.637,"72 km E of Hasaki, Japan"
2011,6.1,15,38.047,141.72,"55 km SE of Ishinomaki, Japan"
2011,6.1,38,37.249,141.159,"29 km SSE of Namie, Japan"
2011,6.5,20,37.594,142.648,"146 km E of Namie, Japan"
2011,6.1,17.4,39.005,142.633,"72 km ESE of Kamaishi, Japan"
2011,6.2,10,40.483,139.055,"88 km WNW of Noshiro, Japan"
2011,6,27.1,39.342,142.872,"80 km E of Yamada, Japan"
2011,6.2,9.3,37.014,138.376,"13 km E of Arai, Japan"
2011,6,52.8,36.398,141.864,"108 km ESE of Takahagi, Japan"
2011,6.3,21,35.994,141.808,"92 km ENE of Hasaki, Japan"
2011,6.6,25.7,39.241,142.463,"50 km ESE of ?tsuchi, Japan"
2011,6,26.5,39.185,142.76,"76 km ESE of Yamada, Japan"
2011,6,27.6,39.14,142.967,"94 km ESE of Yamada, Japan"
2011,6,37.3,37.469,141.176,"15 km E of Namie, Japan"
2011,6,42.8,38.017,142.657,"126 km ESE of Ishinomaki, Japan"
2011,6.1,17,37.367,143.017,"178 km E of Namie, Japan"
2011,6.5,6.8,36.166,141.562,"81 km NE of Hasaki, Japan"
2011,6.1,41,37.047,144.541,"off the east coast of Honshu, Japan"
2011,6.2,39.6,36.569,141.486,"70 km ESE of Kitaibaraki, Japan"
2011,6,49.2,37.442,141.195,"17 km ESE of Namie, Japan"
2011,6.3,45.4,39.031,142.349,"49 km ESE of Kamaishi, Japan"
2011,6.1,28.4,36.823,141.824,"87 km ESE of Iwaki, Japan"
2011,6.1,39.5,37.934,144.529,"275 km ESE of Kamaishi, Japan"
2011,6.3,24.7,36.586,141.823,"near the east coast of Honshu, Japan"
2011,6.3,35.9,37.357,144.725,"off the east coast of Honshu, Japan"
2011,6,47.5,35.712,140.875,"4 km ESE of Hasaki, Japan"
2011,6.1,47.3,37.337,144.237,"284 km ESE of Ishinomaki, Japan"
2011,6.2,11.7,37.961,142.724,"134 km ESE of Ishinomaki, Japan"
2011,6.1,40.6,37.812,144.233,"260 km ESE of ?funato, Japan"
2011,7.7,18.6,38.058,144.59,"272 km ESE of Kamaishi, Japan"
2011,6.2,56.3,39.03,142.284,"45 km SE of Kamaishi, Japan"
2011,6.2,51.7,38.29,142.813,"128 km SE of ?funato, Japan"
2011,6.5,49.3,36.004,142.067,"115 km ENE of Hasaki, Japan"
2011,6.6,16,36.023,142.269,"133 km ENE of Hasaki, Japan"
2011,7.9,42.6,36.281,141.111,"47 km E of ?arai, Japan"
2011,6.3,35,37.93,143.802,"221 km SE of ?funato, Japan"
2011,6.2,40.1,37.211,141.601,"61 km ESE of Namie, Japan"
2011,6.2,25.4,37.788,144.233,"261 km ESE of ?funato, Japan"
2011,6.7,2.8,38.969,143.37,"134 km ESE of Kamaishi, Japan"
2011,6.4,32.3,36.419,141.876,"108 km ESE of Kitaibaraki, Japan"
2011,6.3,42.7,39.003,142.29,"47 km SE of Kamaishi, Japan"
2011,6.2,40.6,38.095,142.492,"110 km ESE of Ishinomaki, Japan"
2011,6.3,50.7,37.623,142.155,"103 km E of Namie, Japan"
2011,6.4,35,37.359,143.351,"208 km E of Namie, Japan"
2011,6.3,32.3,37.712,141.184,"30 km NNE of Namie, Japan"
2011,9.1,29,38.297,142.373,"2011 Great Tohoku Earthquake, Japan"
2011,6.5,510.6,-6.873,116.72,"178 km NNE of Gili Air, Indonesia"
2011,6.4,29,-5.985,149.777,"35 km NE of Kandrian, Papua New Guinea"
2011,6.5,15,38.296,142.808,"128 km SE of ?funato, Japan"
2011,6,23,38.345,142.648,"114 km SE of ?funato, Japan"
2011,6,22,38.315,142.434,"99 km E of Ishinomaki, Japan"
2011,7.3,32,38.435,142.842,"120 km SE of ?funato, Japan"
2011,6.3,22,-10.349,160.766,"126 km W of Kirakira, Solomon Islands"
2011,6.5,87.7,-56.422,-27.063,South Sandwich Islands region
2011,6.3,118,-18.021,-69.362,"68 km ESE of Palca, Peru"
2011,6,10,-29.701,-111.981,Easter Island region
2011,6.1,5.9,-43.583,172.68,"6 km SE of Christchurch, New Zealand"
2011,6.5,558.1,-26.142,178.394,south of the Fiji Islands
2011,6.1,33,55.918,162.117,"41 km SSW of Ust’-Kamchatsk Staryy, Russia"
2011,6.1,16.2,-2.497,121.483,"146 km SSE of Poso, Indonesia"
2011,6.7,21,-35.38,-72.834,"38 km W of Constitución, Chile"
2011,6,17,-36.649,-73.176,"9 km NNW of Talcahuano, Chile"
2011,6.1,85,-20.879,-175.672,"56 km WNW of Haveluloto, Tonga"
2011,6.1,16,-37.027,-72.954,"13 km SSE of Chiguayante, Chile"
2011,6.9,26,-36.422,-72.96,"21 km N of Tomé, Chile"
2011,6.6,525,4.077,123.039,"250 km SSE of Tabiauan, Philippines"
2011,6.5,523.2,4.195,122.974,"235 km SSE of Tabiauan, Philippines"
2011,6.4,415,-7.154,155.184,"98 km SSW of Panguna, Papua New Guinea"
2011,6.2,85,24.618,94.68,"62 km E of W?ngjing, India"
2011,6,76,-22.009,-175.622,"101 km SSW of Vaini, Tonga"
2011,6.2,15,70.931,-6.657,"75 km E of Olonkinbyen, Svalbard and Jan Mayen"
2011,6.2,10,28.195,59.015,"119 km SSE of Bam, Iran"
2011,6.1,23,2.205,96.829,"58 km ESE of Sinabang, Indonesia"
2011,6,110,38.413,72.791,"106 km WNW of Murghob, Tajikistan"
2011,7.2,68,28.777,63.951,"46 km WSW of Dalbandin, Pakistan"
2011,6,36,-5.03,102.647,"129 km SSW of Pagar Alam, Indonesia"
2011,7,9,-20.628,168.471,"118 km NNE of Tadine, New Caledonia"
2011,6.4,512,26.973,139.882,"Bonin Islands, Japan region"
2011,6.1,18,-19.201,168.155,"124 km WNW of Isangel, Vanuatu"
2011,6.5,22,-19.155,168.312,"110 km WNW of Isangel, Vanuatu"
2011,6.1,112.2,-22.26,171.631,southeast of the Loyalty Islands
2011,7.2,24,-38.355,-73.326,"42 km NNW of Carahue, Chile"
2011,7,576.8,-26.803,-63.136,"26 km NNE of El Hoyo, Argentina"
2010,6.4,16,-19.661,168.14,"120 km W of Isangel, Vanuatu"
2010,6.3,551,-23.407,-179.802,south of the Fiji Islands
2010,6,13,-19.616,168.284,"105 km W of Isangel, Vanuatu"
2010,7.3,16,-19.702,167.947,"141 km W of Isangel, Vanuatu"
2010,6.4,18,53.127,171.161,"139 km WNW of Attu Station, Alaska"
2010,6.4,18,26.81,143.595,"Bonin Islands, Japan region"
2010,7.4,14,26.901,143.698,"Bonin Islands, Japan region"
2010,6.7,12,28.412,59.18,"111 km SE of Bam, Iran"
2010,6,134.9,-7.268,128.786,"241 km NE of Lospalos, Timor Leste"
2010,6.2,135.8,-6.534,155.647,"30 km SE of Panguna, Papua New Guinea"
2010,6.3,29.4,-56.412,-25.741,South Sandwich Islands region
2010,6.6,33,-6.001,149.977,"52 km ENE of Kandrian, Papua New Guinea"
2010,6.1,15.2,-15.888,-178.956,"189 km ENE of Labasa, Fiji"
2010,6.8,470,28.349,139.187,"Bonin Islands, Japan region"
2010,6.1,68,-5.959,148.966,"69 km WNW of Kandrian, Papua New Guinea"
2010,6,10,-54.967,-131.479,Pacific-Antarctic Ridge
2010,6.5,10,-45.464,96.394,southeast Indian Ridge
2010,6.1,18,-20.466,-174.28,"72 km S of Pangai, Tonga"
2010,6,10,-4.617,134.071,"184 km NE of Tual, Indonesia"
2010,6.4,10,-56.586,-142.292,Pacific-Antarctic Ridge
2010,6.3,26,-2.958,100.372,"150 km SW of Sungai Penuh, Indonesia"
2010,7.8,20.1,-3.487,100.082,"215 km SW of Sungai Penuh, Indonesia"
2010,6.7,13,24.696,-109.156,"97 km SSW of El Huitusi, Mexico"
2010,6.2,120,2.831,128.217,"124 km N of Tobelo, Indonesia"
2010,6,27.7,51.287,-175.18,"120 km ESE of Adak, Alaska"
2010,6.4,19,51.374,-175.361,"104 km ESE of Adak, Alaska"
2010,6.3,32,24.27,125.154,"61 km SSW of Hirara, Japan"
2010,7,26,-4.963,133.76,"Near the south coast of Papua, Indonesia"
2010,6.2,10,-4.909,133.712,"132 km NE of Tual, Indonesia"
2010,6,30,-5.314,133.917,"133 km ENE of Tual, Indonesia"
2010,6.3,220.1,36.443,70.774,"47 km S of Jurm, Afghanistan"
2010,6.2,16,-37.034,-73.412,"23 km WNW of Lota, Chile"
2010,6.3,10,-20.671,169.818,"137 km SSE of Isangel, Vanuatu"
2010,6.3,9,-15.879,-179.306,"154 km ENE of Labasa, Fiji"
2010,6.1,69,-17.368,-173.999,"141 km N of Neiafu, Tonga"
2010,7,12,-43.522,171.83,"19 km NE of Methven, New Zealand"
2010,6.5,23.5,51.451,-175.87,"70 km SE of Adak, Alaska"
2010,6.2,10,18.795,-107.193,"226 km SW of La Cruz de Loreto, Mexico"
2010,6.1,19,-6.57,154.246,"139 km WSW of Panguna, Papua New Guinea"
2010,6.3,10,12.234,141.514,"293 km NNE of Fais, Micronesia"
2010,6.2,603.2,-20.799,-178.826,Fiji region
2010,6.3,9.8,-17.759,65.647,Mauritius - Reunion region
2010,6.3,174.7,-5.692,148.342,"110 km NNE of Finschhafen, Papua New Guinea"
2010,6.6,13,12.273,141.429,"294 km NNE of Fais, Micronesia"
2010,6.2,10,12.348,141.487,Mariana Islands region
2010,6.9,16,12.487,141.474,Mariana Islands region
2010,7.1,206.7,-1.266,-77.306,Ecuador
2010,7.3,25,-17.541,168.069,"33 km NW of Port-Vila, Vanuatu"
2010,6,27.8,45.98,153.175,east of the Kuril Islands
2010,7,44,-5.746,150.765,"72 km ESE of Kimbe, Papua New Guinea"
2010,6.4,27,51.423,-178.649,"148 km WSW of Adak, Alaska"
2010,6.5,220,-5.486,146.822,"118 km ESE of Madang, Papua New Guinea"
2010,6,19,-26.916,-177.245,south of the Fiji Islands
2010,6.3,41,1.239,126.213,"139 km WNW of Ternate, Indonesia"
2010,6.3,23,52.498,159.843,"100 km SE of Petropavlovsk-Kamchatsky, Russia"
2010,6.6,618,6.548,123.222,"89 km W of Bantogon, Philippines"
2010,6.6,553,6.218,123.519,"63 km WSW of Sangay, Philippines"
2010,7.5,640.6,6.776,123.259,"72 km S of Panubigan, Philippines"
2010,7.6,578,6.497,123.48,"61 km W of Bantogon, Philippines"
2010,7.3,607.1,6.718,123.409,"68 km W of Gadung, Philippines"
2010,6.1,6,-15.132,168.162,"115 km ENE of Luganville, Vanuatu"
2010,6.1,100,3.039,128.222,"146 km N of Tobelo, Indonesia"
2010,6.3,24,-5.902,150.712,"74 km ESE of Kimbe, Papua New Guinea"
2010,6,10,52.815,-169.719,"59 km WSW of Nikolski, Alaska"
2010,7.3,35,-5.931,150.59,"New Britain region, Papua New Guinea"
2010,6.9,28,-5.966,150.428,"56 km SE of Kimbe, Papua New Guinea"
2010,6.7,14,52.876,-169.848,"66 km W of Nikolski, Alaska"
2010,6.6,22,-38.067,-73.31,"30 km SSE of Cañete, Chile"
2010,6.3,115,-22.146,-68.216,"80 km ENE of Calama, Chile"
2010,6.3,13,11.143,145.999,"272 km SSE of Inarajan Village, Guam"
2010,6.3,27,39.697,142.369,"37 km E of Miyako, Japan"
2010,6.3,29,-13.643,166.485,"118 km WNW of Sola, Vanuatu"
2010,6.3,20,16.396,-97.782,"2 km ESE of San Agustín Chayuco, Mexico"
2010,6.4,581.4,-23.307,179.116,south of the Fiji Islands
2010,6.7,35,-10.627,161.447,"55 km WSW of Kirakira, Solomon Islands"
2010,6.1,40,-5.514,151.161,"113 km E of Kimbe, Papua New Guinea"
2010,6.2,28,44.448,148.689,"107 km SE of Kuril’sk, Russia"
2010,6,170.4,-33.168,179.719,south of the Kermadec Islands
2010,6.6,10.5,-2.329,136.484,"135 km SSE of Biak, Indonesia"
2010,7,18,-2.174,136.543,"121 km SSE of Biak, Indonesia"
2010,6.2,13,-2.386,136.635,"147 km SSE of Biak, Indonesia"
2010,7.5,35,7.881,91.936,"Nicobar Islands, India region"
2010,6,12,-18.597,169.485,"106 km NNE of Isangel, Vanuatu"
2010,6,18,9.331,-84.206,"12 km SSW of Quepos, Costa Rica"
2010,6.5,112,11.132,93.471,"98 km SE of Port Blair, India"
2010,6,20,6.948,124.025,"11 km SW of Rimpeso, Philippines"
2010,6.1,35,-13.658,166.745,"90 km WNW of Sola, Vanuatu"
2010,7.2,31,-13.698,166.643,"100 km WNW of Sola, Vanuatu"
2010,6.5,10,25.773,129.944,"216 km ESE of Katsuren-haebaru, Japan"
2010,6.3,10,35.336,-35.924,northern Mid-Atlantic Ridge
2010,6.5,581.2,-8.087,-71.558,"87 km W of Tarauacá, Brazil"
2010,6.1,101.4,-13.928,-74.352,"4 km WNW of Sacsamarca, Peru"
2010,6,10,-54.843,-135.398,Pacific-Antarctic Ridge
2010,6,10,-54.8,-135.252,Pacific-Antarctic Ridge
2010,6,132,-5.083,-77.541,"83 km NNE of Yambrasbamba, Peru"
2010,7.2,38,3.748,96.018,"45 km SSW of Meulaboh, Indonesia"
2010,6.2,37,-18.058,-70.547,"21 km S of Las Yaras, Peru"
2010,6.5,27,-4.054,101.096,"132 km WSW of Bengkulu, Indonesia"
2010,6.3,19,-38.072,-73.454,"30 km S of Cañete, Chile"
2010,6.1,84,29.645,140.951,"Izu Islands, Japan region"
2010,6.3,14.9,60.478,-177.65,Bering Sea
2010,6.5,12,60.473,-177.877,Bering Sea
2010,6.5,22,22.18,123.623,"245 km SSW of Ishigaki, Japan"
2010,6,27,-1.912,128.122,"181 km NNW of Amahai, Indonesia"
2010,6,32,-37.529,-72.969,"26 km W of Nacimiento, Chile"
2010,6.1,35,-15.271,-173.219,"97 km NE of Hihifo, Tonga"
2010,6.2,53,-6.669,147.291,"33 km E of Lae, Papua New Guinea"
2010,6.1,7.6,33.195,96.449,"239 km NNW of Qamdo, China"
2010,6.9,17,33.165,96.548,"233 km NNW of Qamdo, China"
2010,6.3,609.8,36.965,-3.542,"1 km S of Nigüelas, Spain"
2010,6.9,21,-10.878,161.116,"99 km WSW of Kirakira, Solomon Islands"
2010,6,273.2,-20.114,-176.223,"155 km NW of Nuku‘alofa, Tonga"
2010,6,23,-3.76,141.943,"82 km SSW of Aitape, Papua New Guinea"
2010,7.8,31,2.383,97.048,"75 km E of Sinabang, Indonesia"
2010,6.2,25,-0.183,125.009,"164 km S of Tondano, Indonesia"
2010,7.2,9.987,32.286,-115.295,"The 2010 Sierra El Mayor, B.C., Mexico Earthquake"
2010,6,24,-36.227,-72.878,"30 km W of Quirihue, Chile"
2010,6.6,34,13.667,92.831,"217 km N of Bamboo Flat, India"
2010,6,29.9,-35.387,-73.385,"88 km W of Constitución, Chile"
2010,6.3,42,-27.953,-70.821,"69 km N of Vallenar, Chile"
2010,6,16,13.827,120.071,"2 km SW of Tagbak, Philippines"
2010,6.6,414.6,-3.361,152.245,"New Ireland region, Papua New Guinea"
2010,6.7,18,-36.217,-73.257,"52 km NNW of Tomé, Chile"
2010,6.2,14,-35.802,-73.158,"76 km NW of Quirihue, Chile"
2010,6.5,32,37.745,141.59,"59 km ENE of Namie, Japan"
2010,6.4,53,-1.692,128.135,"202 km NNW of Amahai, Indonesia"
2010,6,31.5,-34.47,-72.004,"61 km WNW of Santa Cruz, Chile"
2010,7,18,-34.326,-71.799,"52 km NW of Santa Cruz, Chile"
2010,6.9,11,-34.29,-71.891,"61 km NW of Santa Cruz, Chile"
2010,6.1,427,19.348,144.743,"Maug Islands region, Northern Mariana Islands"
2010,6.1,12,38.864,39.986,"10 km SSW of Karakoçan, Turkey"
2010,6.3,18,-16.236,-115.296,southern East Pacific Rise
2010,6.8,26,-3.762,100.991,"141 km W of Bengkulu, Indonesia"
2010,6.6,18,-36.665,-73.374,"23 km WNW of Talcahuano, Chile"
2010,6.1,29.9,-36.631,-73.223,"14 km NW of Talcahuano, Chile"
2010,6.3,114,-22.227,-68.328,"66 km ENE of Calama, Chile"
2010,6.5,176,-13.571,167.227,"48 km NW of Sola, Vanuatu"
2010,6,24.2,-33.216,-72.125,"50 km WSW of Valparaíso, Chile"
2010,6.3,21,22.918,120.795,"41 km SE of Yujing, Taiwan"
2010,6.1,20,-36.61,-73.36,"25 km WNW of Talcahuano, Chile"
2010,6.2,46,-34.903,-71.617,"27 km W of Rauco, Chile"
2010,6,35,-34.7,-71.827,"42 km W of Santa Cruz, Chile"
2010,6.2,31.1,-33.422,-71.828,"25 km NW of Cartagena, Chile"
2010,6.1,19,-36.354,-73.208,"36 km NW of Tomé, Chile"
2010,6.3,10,-24.872,-65.602,"5 km NE of Campo Quijano, Argentina"
2010,6,35,-33.281,-71.955,"40 km SW of Valparaíso, Chile"
2010,6.1,35,-34.749,-72.427,"64 km N of Constitución, Chile"
2010,7.4,35,-37.773,-75.048,"124 km W of Lebu, Chile"
2010,6,35,-36.869,-72.673,"27 km NNW of Yumbel, Chile"
2010,6,35,-33.878,-71.943,"44 km SW of San Antonio, Chile"
2010,6.2,35,-34.867,-72.614,"54 km NNW of Constitución, Chile"
2010,6,39.8,-31.663,-69.141,"40 km WSW of Villa Basilio Nievas, Argentina"
2010,8.8,22.9,-36.122,-72.898,"2010 Maule, Chile Earthquake"
2010,7,25,25.93,128.425,"70 km SE of Katsuren-haebaru, Japan"
2010,6,15,-23.626,-176.036,"277 km SSW of ‘Ohonua, Tonga"
2010,6.9,577.7,42.587,130.703,"15 km SSW of Kraskino, Russia"
2010,6.2,126,-7.217,128.723,"238 km NE of Lospalos, Timor Leste"
2010,6.1,11,-21.902,-174.767,"65 km SSE of ‘Ohonua, Tonga"
2010,6.1,10,-15.053,-173.492,"104 km NNE of Hihifo, Tonga"
2010,6.3,21,23.488,123.615,"109 km SSW of Ishigaki, Japan"
2010,6,30,46.836,152.731,Kuril Islands
2010,6.2,1,-47.911,99.593,southeast Indian Ridge
2010,6.2,32,-6.112,154.463,"115 km WNW of Panguna, Papua New Guinea"
2010,6.3,5,-57.664,-65.879,Drake Passage
2010,6,10,18.387,-72.784,"4 km SSW of Grangwav, Haiti"
2010,7,13,18.443,-72.571,"10 km SE of Léogâne, Haiti"
2010,6.5,28.737,40.652,-124.692,"The 2010 Eureka, California Earthquake"
2010,6.2,12,-9.131,157.626,"142 km SE of Gizo, Solomon Islands"
2010,6,35,-9.05,157.892,"155 km SE of Gizo, Solomon Islands"
2010,6.8,15.4,-9.019,157.551,"127 km SE of Gizo, Solomon Islands"
2010,6.8,13,-58.173,-14.695,east of the South Sandwich Islands
2010,7.1,10,-8.783,157.354,"94 km SE of Gizo, Solomon Islands"
2010,6.6,10,-8.726,157.487,"98 km SE of Gizo, Solomon Islands"
2010,6.1,8,12.424,141.949,Mariana Islands region
2009,6,10,-59.401,-150.975,Pacific-Antarctic Ridge
2009,6.1,85,-5.53,131.205,"171 km W of Tual, Indonesia"
2009,6.3,392,42.245,134.719,"98 km SE of Preobrazheniye, Russia"
2009,6,19,-1.434,99.393,"119 km WSW of Padang, Indonesia"
2009,6,6,-10.108,33.818,"23 km SSW of Karonga, Malawi"
2009,6.4,43,23.796,121.605,"20 km S of Hualien City, Taiwan"
2009,6,39,-5.958,154.444,"121 km WNW of Panguna, Papua New Guinea"
2009,6.3,656.2,53.417,152.756,Sea of Okhotsk
2009,6,21,2.759,95.91,"60 km WNW of Sinabang, Indonesia"
2009,6.4,10,-0.642,-21.072,central Mid-Atlantic Ridge
2009,6.4,45,-22.15,170.963,southeast of the Loyalty Islands
2009,6,10,-56.476,-122.321,southern East Pacific Rise
2009,6.1,38.8,5.326,126.288,"91 km E of Sarangani, Philippines"
2009,6,28,-29.216,-177.018,"Kermadec Islands, New Zealand"
2009,6,15,-10.403,118.885,"172 km WSW of Waingapu, Indonesia"
2009,6.8,18,-20.708,-174.035,"104 km SSE of Pangai, Tonga"
2009,6.2,435.7,-31.569,179.467,Kermadec Islands region
2009,6.4,522.6,-17.794,-178.425,"241 km E of Levuka, Fiji"
2009,6.6,17,52.123,-131.395,"254 km SSW of Prince Rupert, Canada"
2009,6.2,220.4,-22.965,-66.641,"100 km WSW of Abra Pampa, Argentina"
2009,6.5,27,-19.394,-70.321,"92 km N of Iquique, Chile"
2009,6,23,8.082,91.899,"Nicobar Islands, India region"
2009,7.3,595,-17.239,178.331,"77 km ENE of Ba, Fiji"
2009,6.6,18,-8.207,118.631,"29 km NNW of Bima, Indonesia"
2009,6,10,-52.292,160.703,Macquarie Island region
2009,6.2,9,-24.121,-175.173,south of Tonga
2009,6.8,34,29.218,129.782,"98 km NNE of Naze, Japan"
2009,6.2,210,36.391,70.722,"53 km S of Jurm, Afghanistan"
2009,6,10,-59.955,-65.163,Drake Passage
2009,6,417.9,-23.091,-179.205,south of the Fiji Islands
2009,6.9,130,-6.133,130.385,"268 km WSW of Tual, Indonesia"
2009,6,31.1,-12.196,166.047,"164 km S of Lata, Solomon Islands"
2009,6.2,185.9,36.517,70.95,"39 km SSE of Jurm, Afghanistan"
2009,6,18,6.729,-82.579,"147 km SSE of Punta de Burica, Panama"
2009,6,18,-15.36,-172.264,"159 km SSW of Lotofag?, Samoa"
2009,6.1,38,-6.534,105.223,"69 km WSW of Labuan, Indonesia"
2009,6,10,3.272,-103.823,Galapagos Triple Junction region
2009,6,105.7,-3.058,139.539,"131 km WSW of Abepura, Indonesia"
2009,6.3,10,-14.91,-174.823,"159 km NW of Hihifo, Tonga"
2009,6.4,14,52.604,-167.118,"123 km ESE of Nikolski, Alaska"
2009,6,32,2.93,128.232,"135 km N of Tobelo, Indonesia"
2009,6.5,24,52.754,-166.997,"127 km E of Nikolski, Alaska"
2009,6.2,42,-12.414,166.498,"198 km NW of Sola, Vanuatu"
2009,6.2,10,-17.099,66.688,Mauritius - Reunion region
2009,6,10,-22.0,170.248,"249 km E of Tadine, New Caledonia"
2009,6,112,47.851,152.455,Kuril Islands
2009,6,35,-12.912,166.314,"171 km NW of Sola, Vanuatu"
2009,6.1,44.7,-11.263,165.819,"59 km S of Lata, Solomon Islands"
2009,6,35,-12.237,166.489,"183 km SSE of Lata, Solomon Islands"
2009,6.8,35,-13.298,165.91,"188 km WNW of Sola, Vanuatu"
2009,7.4,31.1,-13.093,166.497,"143 km NW of Sola, Vanuatu"
2009,6.8,21,-12.39,166.086,"186 km S of Lata, Solomon Islands"
2009,7.8,35,-12.517,166.382,"196 km NW of Sola, Vanuatu"
2009,7.7,45,-13.006,166.51,"148 km NW of Sola, Vanuatu"
2009,6.8,574,4.079,122.371,"221 km SSE of Tabiauan, Philippines"
2009,6.6,620,6.74,123.378,"71 km W of Gadung, Philippines"
2009,6.1,28,23.63,121.452,"41 km SSW of Hualien City, Taiwan"
2009,6,10,-17.017,174.505,Fiji region
2009,6.1,8,-16.335,-173.471,"54 km SE of Hihifo, Tonga"
2009,6.6,9,-2.482,101.524,"49 km SSE of Sungai Penuh, Indonesia"
2009,7.6,81,-0.72,99.867,"30 km WSW of Pariaman, Indonesia"
2009,6,10,-15.832,-172.551,"134 km E of Hihifo, Tonga"
2009,6,10,-15.355,-173.159,"95 km NE of Hihifo, Tonga"
2009,8.1,18,-15.489,-172.095,2009 Samoa Earthquake
2009,6.4,13,18.829,-107.339,"236 km WSW of La Cruz de Loreto, Mexico"
2009,6,10,-52.963,159.911,Macquarie Island region
2009,6.1,14,27.332,91.437,"11 km W of Trashigang, Bhutan"
2009,6.2,10,-29.144,-112.267,Easter Island region
2009,6.4,14,10.709,-67.927,"27 km NNE of Puerto Cabello, Venezuela"
2009,6,36,48.317,154.192,"297 km SSW of Severo-Kuril’sk, Russia"
2009,6,15,42.66,43.443,"8 km N of Oni, Georgia"
2009,6.2,23,-10.198,110.628,"250 km S of Pundong, Indonesia"
2009,6.2,163,31.14,130.014,"32 km WSW of Makurazaki, Japan"
2009,6.2,257,-29.395,-178.956,"Kermadec Islands, New Zealand"
2009,7,46,-7.782,107.297,"66 km SSW of Banjar, Indonesia"
2009,6.6,11,-15.223,-172.571,"154 km ENE of Hihifo, Tonga"
2009,6.3,13,37.696,95.718,"294 km SW of Laojunmiao, China"
2009,6.9,642.4,-7.146,123.427,"211 km NE of Maumere, Indonesia"
2009,6,6,72.2,0.944,Norwegian Sea
2009,6.3,269.8,-26.064,-178.391,south of the Fiji Islands
2009,6.1,15,23.426,123.516,"120 km SSW of Ishigaki, Japan"
2009,6.7,20,23.501,123.499,"114 km SW of Ishigaki, Japan"
2009,6.7,20,-1.479,99.49,"112 km WSW of Padang, Indonesia"
2009,6.6,53,32.821,140.395,"244 km SSE of Tateyama, Japan"
2009,6.2,40.4,34.743,138.264,"8 km NE of Sagara, Japan"
2009,7.5,24,14.099,92.902,"266 km N of Bamboo Flat, India"
2009,6.6,35,-11.612,166.09,"103 km SSE of Lata, Solomon Islands"
2009,7.1,292,33.167,137.944,"161 km S of ?yama, Japan"
2009,6.1,10,-45.554,166.356,"107 km W of Te Anau, New Zealand"
2009,6.1,25,24.233,125.095,"66 km SSW of Hirara, Japan"
2009,6.2,10,29.31,-113.728,"97 km N of San Luis, Mexico"
2009,6.9,10,29.039,-112.903,"96 km WNW of Bahía de Kino, Mexico"
2009,6.1,20,-0.447,132.908,"136 km WNW of Manokwari, Indonesia"
2009,6.1,10,-56.234,-124.296,southern East Pacific Rise
2009,6.1,13.4,-3.375,150.506,"94 km SSW of Kavieng, Papua New Guinea"
2009,7.8,12,-45.762,166.562,"97 km WSW of Te Anau, New Zealand"
2009,6.3,17,24.056,122.201,"61 km E of Hualien City, Taiwan"
2009,6.1,198.9,-15.041,-70.445,"10 km SSW of Tirapata, Peru"
2009,6,12,-36.004,-102.686,southeast of Easter Island
2009,6.1,19,75.351,-72.453,Baffin Bay
2009,6.1,22,50.435,176.992,"Rat Islands, Aleutian Islands, Alaska"
2009,6.1,38,9.59,-78.966,"4 km NNW of El Porvenir, Panama"
2009,6,10,25.131,-109.754,"82 km SSW of Campo Pesquero el Colorado, Mexico"
2009,6.4,19,34.164,25.471,"95 km S of Néa Anatolí, Greece"
2009,6.7,64,-5.157,153.782,"190 km ESE of Kokopo, Papua New Guinea"
2009,6.1,10,-54.366,5.871,Bouvet Island region
2009,6.1,35,5.361,126.438,"107 km SE of Caburan, Philippines"
2009,6,15,-17.611,167.812,"55 km WNW of Port-Vila, Vanuatu"
2009,6,14,23.864,-46.105,northern Mid-Atlantic Ridge
2009,6.4,29,41.824,143.445,"105 km ESE of Shizunai-furukawach?, Japan"
2009,6,16,-45.833,35.139,Prince Edward Islands region
2009,6.3,15,-17.757,167.949,"38 km W of Port-Vila, Vanuatu"
2009,7.3,19,16.731,-86.217,"46 km NW of Guanaja, Honduras"
2009,6,4,-31.475,-177.683,Kermadec Islands region
2009,6.5,43,-31.553,-178.833,Kermadec Islands region
2009,6.1,89,-5.664,149.543,"60 km N of Kandrian, Papua New Guinea"
2009,6.1,6,1.393,-85.169,off the coast of Ecuador
2009,6.3,108,14.546,-91.143,"5 km S of San Lucas Tolimán, Guatemala"
2009,6.1,131.7,-30.3,-178.582,"Kermadec Islands, New Zealand"
2009,6.2,152,50.833,155.009,"80 km WNW of Severo-Kuril’sk, Russia"
2009,6.1,25,4.136,126.678,"194 km SE of Sarangani, Philippines"
2009,6.6,35,46.015,151.427,"290 km ENE of Kuril’sk, Russia"
2009,6.1,25,-19.584,-70.483,"77 km NNW of Iquique, Chile"
2009,6.7,20,-60.203,-26.858,South Sandwich Islands region
2009,6.3,22,-3.115,100.471,"155 km SW of Sungai Penuh, Indonesia"
2009,6.9,31,46.049,151.548,Kuril Islands
2009,6.3,8.8,42.334,13.334,"3 km SE of Sassa, Italy"
2009,6.3,48,5.149,127.201,Philippine Islands region
2009,6.4,10,-3.522,144.102,"52 km E of Wewak, Papua New Guinea"
2009,6,93,-2.952,139.543,"127 km WSW of Abepura, Indonesia"
2009,7.6,31,-23.043,-174.66,"191 km S of ‘Ohonua, Tonga"
2009,6.3,35,3.807,126.552,"213 km SE of Sarangani, Philippines"
2009,6.3,9,5.686,-82.767,"259 km S of Punta de Burica, Panama"
2009,6.5,9,80.324,-1.853,north of Svalbard
2009,6.3,15,-60.525,-24.796,South Sandwich Islands region
2009,6,32,3.679,126.561,"226 km SSE of Sarangani, Philippines"
2009,7,25,-27.424,-176.33,Kermadec Islands region
2009,6,13,-30.724,-178.617,"Kermadec Islands, New Zealand"
2009,6.1,21,-5.854,-80.891,near the coast of northern Peru
2009,6.3,27,4.036,126.548,"193 km SE of Sarangani, Philippines"
2009,6,35,3.972,126.724,"211 km SE of Sarangani, Philippines"
2009,6,26,3.947,126.411,"192 km SSE of Sarangani, Philippines"
2009,6,35,4.026,126.783,"211 km SE of Sarangani, Philippines"
2009,7.2,20,3.886,126.387,"196 km SSE of Sarangani, Philippines"
2009,6,15,-6.567,-81.15,"117 km SSW of Sechura, Peru"
2009,6,21,-13.582,-76.558,"40 km WNW of Pisco, Peru"
2009,6.1,146.7,-7.307,128.568,"219 km NE of Lospalos, Timor Leste"
2009,6.1,44,-5.912,148.511,"New Britain region, Papua New Guinea"
2009,6.1,24,-22.689,171.043,southeast of the Loyalty Islands
2009,6,35,-22.477,170.806,southeast of the Loyalty Islands
2009,6.6,12,-22.596,170.911,southeast of the Loyalty Islands
2009,6.4,33,-30.199,-177.951,"Kermadec Islands, New Zealand"
2009,7.4,36,46.857,155.154,east of the Kuril Islands
2009,6.7,27,-22.352,170.635,"298 km ESE of Tadine, New Caledonia"
2009,6,10,-13.147,66.078,Mid-Indian Ridge
2009,6.1,14,10.165,-84.197,"10 km NNE of Sabanilla, Costa Rica"
2009,6,16,-0.659,133.434,"73 km WNW of Manokwari, Indonesia"
2009,7.4,23,-0.691,133.305,"86 km WNW of Manokwari, Indonesia"
2009,6.6,204.8,36.419,70.743,"50 km S of Jurm, Afghanistan"
2009,7.7,17,-0.414,132.885,"140 km WNW of Manokwari, Indonesia"
2008,6.3,206,5.752,125.377,"11 km SSE of Kiupo, Philippines"
2008,6,9,-17.29,-171.909,"249 km SE of Hihifo, Tonga"
2008,6.3,19,36.541,142.425,"148 km ESE of Iwaki, Japan"
2008,6,25,-32.473,-72.051,"73 km NNW of Valparaíso, Chile"
2008,6.2,18,-32.458,-71.726,"46 km W of La Ligua, Chile"
2008,6,51,-12.337,166.572,"197 km SSE of Lata, Solomon Islands"
2008,6.1,224.1,-15.929,168.173,"83 km ENE of Lakatoro, Vanuatu"
2008,6.8,18,-31.232,-176.924,Kermadec Islands region
2008,6.3,11,-53.005,106.823,southeast Indian Ridge
2008,6.4,398,-7.393,124.745,"144 km NNW of Maubara, Timor Leste"
2008,6,386,-18.701,-177.716,Fiji region
2008,7.3,492.3,54.203,154.322,"284 km WSW of Mil’kovo, Russia"
2008,6.3,10,-1.23,-13.933,north of Ascension Island
2008,6.4,57.3,-22.523,171.199,southeast of the Loyalty Islands
2008,6.3,24,-4.348,101.259,"127 km WSW of Bengkulu, Indonesia"
2008,6.1,118,-8.947,159.553,"67 km WNW of Tulagi, Solomon Islands"
2008,6.3,32,8.267,-82.967,"11 km W of Puerto Armuelles, Panama"
2008,7.4,30,1.271,122.091,"135 km NW of Gorontalo, Indonesia"
2008,6.3,19,37.565,95.833,"northern Qinghai, China"
2008,6,121,-15.223,-174.232,"93 km NNW of Hihifo, Tonga"
2008,6.2,10,-6.712,129.074,Banda Sea
2008,6.4,13,-14.829,168.032,"105 km ENE of Port-Olry, Vanuatu"
2008,6.3,205.7,-17.135,168.458,"68 km NNE of Port-Vila, Vanuatu"
2008,6.1,36,51.552,-174.366,"72 km S of Atka, Alaska"
2008,6,10,-3.399,148.712,"220 km SE of Lorengau, Papua New Guinea"
2008,6.1,10,-9.02,-108.246,central East Pacific Rise
2008,6.4,14,30.598,67.455,"13 km NNW of Alik Ghund, Pakistan"
2008,6.4,15,30.639,67.351,"23 km NW of Alik Ghund, Pakistan"
2008,6,18.3,-3.494,145.867,"191 km N of Madang, Papua New Guinea"
2008,6.3,10,-2.635,145.574,"200 km WSW of Lorengau, Papua New Guinea"
2008,6.4,233.4,-18.414,-175.351,"146 km W of Neiafu, Tonga"
2008,6.9,29,-21.863,-173.819,"130 km ESE of ‘Ohonua, Tonga"
2008,6.7,24,14.423,-92.364,"19 km SW of Brisas Barra de Suchiate, Mexico"
2008,6.2,352.7,-20.123,-64.971,"62 km NNE of Camargo, Bolivia"
2008,6.1,23,19.161,-64.833,"91 km N of Charlotte Amalie, U.S. Virgin Islands"
2008,6.3,12,29.807,90.35,"39 km WSW of Dêqên, China"
2008,6,10,33.886,69.47,"35 km SSW of ?uk?mat? Azrah, Afghanistan"
2008,6.7,27.4,39.533,73.824,"131 km SE of Nookat, Kyrgyzstan"
2008,6.1,10,-30.184,-177.176,"Kermadec Islands, New Zealand"
2008,7,36,-29.756,-177.683,"Kermadec Islands, New Zealand"
2008,6,4,30.836,83.487,"213 km NE of Jumla, Nepal"
2008,6.4,12,17.612,-105.497,"196 km SSW of Barra de Navidad, Mexico"
2008,6,11,-4.554,-105.999,central East Pacific Rise
2008,6.8,25,41.892,143.754,"122 km SSE of Obihiro, Japan"
2008,6.6,96,1.885,127.363,"73 km WNW of Tobelo, Indonesia"
2008,6.6,9,8.093,-38.705,central Mid-Atlantic Ridge
2008,6.1,12,26.743,55.828,"49 km WSW of Qeshm, Iran"
2008,6.9,110,-13.501,166.967,"75 km WNW of Sola, Vanuatu"
2008,6.2,36,-19.964,169.108,"50 km SSW of Isangel, Vanuatu"
2008,6.3,569.6,-26.736,-63.225,"32 km N of El Hoyo, Argentina"
2008,6,171.1,-25.387,-177.636,south of the Fiji Islands
2008,6,11,26.241,101.889,"Sichuan-Yunnan border region, China"
2008,6.4,75,-6.146,147.258,"70 km NNE of Lae, Papua New Guinea"
2008,6.3,12,-0.252,-17.358,north of Ascension Island
2008,6.3,16,51.607,104.158,"10 km N of Baykal’sk, Russia"
2008,6.4,154,-7.641,-74.377,"78 km ESE of Contamana, Peru"
2008,6.7,12,30.901,83.52,"221 km NE of Jumla, Nepal"
2008,6,6,-17.769,65.394,"297 km NE of Port Mathurin, Mauritius"
2008,6,10,25.039,97.697,"48 km SE of Myitkyina, Myanmar"
2008,6.1,8,-15.087,-173.476,"101 km NNE of Hihifo, Tonga"
2008,6,10,12.897,124.319,"19 km E of Barcelona, Philippines"
2008,6,13,-1.02,-21.843,central Mid-Atlantic Ridge
2008,6.2,20,11.055,91.814,"121 km SW of Bamboo Flat, India"
2008,6.3,10,-60.693,153.826,west of Macquarie Island
2008,6.5,10,-60.648,153.771,west of Macquarie Island
2008,6,6,32.756,105.494,"46 km NW of Guangyuan, China"
2008,6.3,173.9,-5.916,130.195,"285 km W of Tual, Indonesia"
2008,6,10,-10.578,163.103,"130 km E of Kirakira, Solomon Islands"
2008,6.2,27,50.967,157.584,"95 km SE of Ozernovskiy, Russia"
2008,6.8,108,39.802,141.464,"29 km ENE of Morioka, Japan"
2008,6,22,37.186,142.051,"98 km ESE of Namie, Japan"
2008,6.4,391,-17.337,-177.312,Fiji region
2008,6.2,10,-11.066,164.616,"134 km WSW of Lata, Solomon Islands"
2008,6.6,11,-11.041,164.493,"146 km WSW of Lata, Solomon Islands"
2008,7,22,37.552,142.214,"107 km E of Namie, Japan"
2008,6.4,52,35.8,27.86,"35 km SSW of Lárdos, Greece"
2008,6.2,14,21.014,121.149,"105 km NW of Basco, Philippines"
2008,6.2,123,-15.986,-71.748,"28 km E of Lluta, Peru"
2008,6,43,27.532,128.334,"107 km NNE of Nago, Japan"
2008,7.7,632.8,53.882,152.886,Sea of Okhotsk
2008,6.2,581.2,-23.37,-179.778,south of the Fiji Islands
2008,7,8,-58.227,-22.099,South Sandwich Islands region
2008,6,326,45.156,137.446,"66 km E of Terney, Russia"
2008,6.1,15,10.847,91.712,"144 km SW of Bamboo Flat, India"
2008,6.6,17,11.005,91.824,"124 km SW of Bamboo Flat, India"
2008,6.2,38,-20.768,-173.342,"149 km SE of Pangai, Tonga"
2008,6.1,18,67.698,141.276,"187 km SSE of Deputatsky, Russia"
2008,6,10,-36.623,-107.45,southern East Pacific Rise
2008,6.9,7.8,39.03,140.881,"24 km WSW of Mizusawa, Japan"
2008,6.4,16,37.963,21.525,"15 km ESE of Várda, Greece"
2008,6,122,-7.495,127.885,"149 km NE of Lospalos, Timor Leste"
2008,6,10,-38.844,-91.623,West Chile Rise
2008,6,14,-8.1,120.231,"57 km NE of Labuan Bajo, Indonesia"
2008,6.2,84,-10.509,161.273,"71 km W of Kirakira, Solomon Islands"
2008,6.5,10,-59.384,149.66,west of Macquarie Island
2008,6.3,31,20.124,121.35,"74 km WSW of Basco, Philippines"
2008,6.4,9,-41.198,80.479,Mid-Indian Ridge
2008,6.3,9,64.005,-21.013,"8 km N of Selfoss, Iceland"
2008,6,20,55.906,-153.508,"122 km SSE of Akhiok, Alaska"
2008,6.1,18,32.56,105.423,"39 km WNW of Guangyuan, China"
2008,6.5,8,7.313,-34.897,central Mid-Atlantic Ridge
2008,6.3,27,51.162,178.759,"Rat Islands, Aleutian Islands, Alaska"
2008,6,10,1.64,99.147,"31 km NNW of Padangsidempuan, Indonesia"
2008,6.1,10,31.214,103.618,"39 km NW of Tianpeng, China"
2008,7.9,19,31.002,103.322,"58 km W of Tianpeng, China"
2008,6.8,76,12.516,143.181,"181 km WSW of Merizo Village, Guam"
2008,6.9,27,36.164,141.526,"78 km NE of Hasaki, Japan"
2008,6.1,23.3,36.156,141.756,"95 km ENE of Hasaki, Japan"
2008,6.2,19,36.178,141.545,"80 km NE of Hasaki, Japan"
2008,6.6,14,51.864,-177.528,"61 km W of Adak, Alaska"
2008,6.1,35,-20.238,168.824,"90 km SSW of Isangel, Vanuatu"
2008,6.4,32,-19.941,168.953,"56 km SW of Isangel, Vanuatu"
2008,6.1,35,-58.739,-24.714,South Sandwich Islands region
2008,6.1,10,-49.091,164.117,"Auckland Islands, New Zealand region"
2008,6.5,10,-1.182,-23.471,central Mid-Atlantic Ridge
2008,6,10,22.881,121.619,"121 km S of Hualien City, Taiwan"
2008,6,10,-7.875,125.722,"72 km N of Metinaro, Timor Leste"
2008,6.3,14,-20.273,168.796,"95 km SSW of Isangel, Vanuatu"
2008,6.1,13,-7.815,125.694,"79 km N of Metinaro, Timor Leste"
2008,6.3,553.8,-17.342,-179.022,"193 km ENE of Levuka, Fiji"
2008,6.6,13,51.878,-179.165,"174 km W of Adak, Alaska"
2008,6.3,10,-18.609,-175.699,"181 km W of Neiafu, Tonga"
2008,6.4,11,51.856,-179.361,"187 km W of Adak, Alaska"
2008,6.1,33,13.564,-90.599,"42 km SSE of Iztapa, Guatemala"
2008,6,140.2,-56.022,-28.035,South Sandwich Islands region
2008,7.1,16,-55.664,158.453,Macquarie Island region
2008,6.1,11,-20.392,168.839,"104 km SSW of Isangel, Vanuatu"
2008,6.3,35,-19.997,168.874,"66 km SW of Isangel, Vanuatu"
2008,7.3,33,-20.071,168.892,"71 km SW of Isangel, Vanuatu"
2008,6.3,35,-20.185,168.905,"81 km SSW of Isangel, Vanuatu"
2008,6.4,16,-20.175,168.861,"82 km SSW of Isangel, Vanuatu"
2008,6.3,20,2.855,95.296,"127 km WNW of Sinabang, Indonesia"
2008,6.2,120,-20.043,-68.963,"125 km E of Iquique, Chile"
2008,6.2,132,52.176,-178.716,"146 km WNW of Adak, Alaska"
2008,7.2,10,35.49,81.467,"226 km SE of Hotan, China"
2008,6.1,45,6.192,126.934,"85 km ESE of Pondaguitan, Philippines"
2008,6.2,25,-29.252,-177.44,"Kermadec Islands, New Zealand"
2008,6,25,2.708,94.596,"199 km W of Sinabang, Indonesia"
2008,6,10,26.988,142.599,"Bonin Islands, Japan region"
2008,6,10,-45.492,35.008,Prince Edward Islands region
2008,6.3,10,-16.489,167.183,"49 km SSW of Lakatoro, Vanuatu"
2008,6.4,13,-16.567,167.335,"52 km S of Lakatoro, Vanuatu"
2008,6.9,24,13.351,125.63,Philippine Islands region
2008,6,10,19.913,121.334,"89 km SW of Basco, Philippines"
2008,6.5,10,46.406,153.175,Kuril Islands
2008,6.2,25,-2.18,99.823,"148 km SSW of Padang, Indonesia"
2008,6.2,15,26.816,142.438,"Bonin Islands, Japan region"
2008,6.7,25,-2.245,99.808,"155 km SSW of Padang, Indonesia"
2008,6.6,25,-2.332,99.891,"161 km SSW of Padang, Indonesia"
2008,7.2,25,-2.486,99.972,"164 km WSW of Sungai Penuh, Indonesia"
2008,6.5,22,-2.405,99.931,"166 km WSW of Sungai Penuh, Indonesia"
2008,6.8,14,-57.335,-23.433,South Sandwich Islands region
2008,6.1,12,77.079,18.571,"145 km SSE of Longyearbyen, Svalbard and Jan Mayen"
2008,6.2,9.9,36.288,21.775,"58 km SSW of Koróni, Greece"
2008,7.4,26,2.768,95.964,"56 km NW of Sinabang, Indonesia"
2008,6.1,130.1,-21.346,-68.385,"134 km NNE of Calama, Chile"
2008,6.5,28,36.345,21.863,"50 km S of Koróni, Greece"
2008,6.9,29,36.501,21.67,"35 km S of Methóni, Greece"
2008,6.2,19,-8.158,128.644,"185 km ENE of Lospalos, Timor Leste"
2008,6.5,83,16.357,-94.304,"9 km SSW of General Pascual Fentes, Mexico"
2008,6.6,8,-60.797,-25.586,South Sandwich Islands region
2008,6,38,-0.236,125.084,"171 km S of Tondano, Indonesia"
2008,6.9,9,10.671,-41.899,northern Mid-Atlantic Ridge
2008,6.3,35,-20.166,-70.037,"12 km ENE of Iquique, Chile"
2008,6,604.2,-21.495,-179.352,Fiji region
2008,6.2,8,-7.302,127.688,"154 km NNE of Lospalos, Timor Leste"
2008,6.2,20,1.011,97.442,"146 km SSW of Singkil, Indonesia"
2008,6.1,10,-15.419,-175.589,"201 km WNW of Hihifo, Tonga"
2008,6,6,-15.277,-175.348,"182 km WNW of Hihifo, Tonga"
2008,6.1,35,2.346,126.816,"149 km WNW of Tobelo, Indonesia"
2008,6.5,597.6,-21.984,-179.535,Fiji region
2008,6.3,13,43.785,-127.264,"242 km WNW of Bandon, Oregon"
2008,6.1,10,51.649,-131.183,"Haida Gwaii Region, Canada"
2008,6.4,10,32.288,85.166,western Xizang
2008,6.2,75,37.216,22.693,"15 km WNW of Leonídio, Greece"
2008,6.4,10,51.163,-130.542,"251 km WNW of Port McNeill, Canada"
2008,6.6,15,51.254,-130.746,"267 km WNW of Port McNeill, Canada"
2008,6,35,-2.782,101.032,"89 km SSW of Sungai Penuh, Indonesia"
2008,6.3,34,-5.878,146.884,"eastern New Guinea region, Papua New Guinea"
2007,6.4,25,52.558,-168.221,"60 km SE of Nikolski, Alaska"
2007,6.1,48.4,38.503,142.026,"64 km E of Ishinomaki, Japan"
2007,6.1,23,2.087,96.806,"64 km SE of Sinabang, Indonesia"
2007,6.2,20,-2.407,139.067,"175 km W of Abepura, Indonesia"
2007,6.3,25,51.366,-178.979,"171 km WSW of Adak, Alaska"
2007,6.6,20,-39.011,178.291,"46 km SSE of Gisborne, New Zealand"
2007,7.2,34,51.36,-179.509,"207 km WSW of Adak, Alaska"
2007,6.7,45,-22.954,-70.182,"80 km NNE of Antofagasta, Chile"
2007,6.4,57,-6.622,131.09,"214 km WSW of Tual, Indonesia"
2007,6,175.9,-7.526,127.474,"121 km NNE of Lospalos, Timor Leste"
2007,6.2,17,-15.213,-172.367,"147 km SSW of Lotofag?, Samoa"
2007,6.2,16,-23.202,-70.549,"52 km NNW of Antofagasta, Chile"
2007,6,15,-23.157,-70.479,"55 km N of Antofagasta, Chile"
2007,7.8,152.5,-25.996,-177.514,south of the Fiji Islands
2007,7.4,156,14.944,-61.274,"18 km WNW of Basse-Pointe, Martinique"
2007,6.3,10,-36.756,-97.404,West Chile Rise
2007,6.6,16,-10.95,162.149,"60 km SSE of Kirakira, Solomon Islands"
2007,6.5,18,-8.224,118.467,"34 km N of Dompu, Indonesia"
2007,6,35,-2.238,100.413,"110 km W of Sungai Penuh, Indonesia"
2007,6.5,20,-8.292,118.37,"28 km NNW of Dompu, Indonesia"
2007,6.8,53,-5.757,147.098,"107 km N of Lae, Papua New Guinea"
2007,6.1,15,-22.917,-70.483,"81 km N of Antofagasta, Chile"
2007,6,52.6,-6.907,155.672,"68 km SSE of Panguna, Papua New Guinea"
2007,6,10,-21.968,173.486,Vanuatu region
2007,6.3,558.3,-21.185,-178.752,Fiji region
2007,6,246.4,-22.643,-66.323,"Jujuy, Argentina"
2007,6.8,122.9,-2.312,-77.838,"30 km E of Macas, Ecuador"
2007,6.8,26,-22.925,-70.237,"82 km NNE of Antofagasta, Chile"
2007,6.3,27,-22.867,-70.407,"86 km N of Antofagasta, Chile"
2007,7.7,40,-22.247,-69.89,"36 km ESE of Tocopilla, Chile"
2007,6.6,10,-51.777,161.318,north of Macquarie Island
2007,6.1,10,-55.466,-128.966,Pacific-Antarctic Ridge
2007,6,28,51.418,-178.38,"131 km WSW of Adak, Alaska"
2007,7.2,207,18.9,145.388,"Pagan region, Northern Mariana Islands"
2007,6.1,20,46.011,154.231,east of the Kuril Islands
2007,6.8,21,-3.899,101.02,"138 km W of Bengkulu, Indonesia"
2007,6,46.3,-6.31,154.77,"79 km W of Panguna, Papua New Guinea"
2007,6.6,509.3,-25.775,179.53,south of the Fiji Islands
2007,6.1,19,-44.793,167.458,"72 km NNW of Te Anau, New Zealand"
2007,6.8,18,-44.796,167.553,"70 km N of Te Anau, New Zealand"
2007,6.1,37,-21.23,169.195,"140 km ENE of Tadine, New Caledonia"
2007,6,39,-4.808,152.892,"86 km SE of Kokopo, Papua New Guinea"
2007,6.1,20,18.73,147.148,Mariana Islands region
2007,6.5,509.4,-25.189,179.459,south of the Fiji Islands
2007,6.2,35,2.543,92.903,off the west coast of northern Sumatra
2007,6.3,32,54.511,-161.708,"72 km SSE of King Cove, Alaska"
2007,6.6,18,-49.138,164.11,"Auckland Islands, New Zealand region"
2007,7.4,10,-49.271,164.115,"Auckland Islands, New Zealand region"
2007,6.9,14,10.454,145.718,south of the Mariana Islands
2007,6,35,2.9,95.523,"106 km WNW of Sinabang, Indonesia"
2007,7.5,260,22.013,142.668,"Volcano Islands, Japan region"
2007,6.5,10,-21.133,169.373,"161 km ENE of Tadine, New Caledonia"
2007,6.3,12,-21.207,169.362,"158 km ENE of Tadine, New Caledonia"
2007,6.1,9,-21.103,169.283,"153 km ENE of Tadine, New Caledonia"
2007,6.1,26,-1.787,99.488,"133 km SW of Padang, Indonesia"
2007,6.8,40,-4.99,153.5,"154 km ESE of Kokopo, Papua New Guinea"
2007,6.2,416.7,-30.965,179.998,Kermadec Islands region
2007,6.7,30,-1.999,100.141,"118 km SSW of Padang, Indonesia"
2007,6,35,-2.746,100.892,"94 km SW of Sungai Penuh, Indonesia"
2007,6.4,23,-4.075,101.169,"125 km WSW of Bengkulu, Indonesia"
2007,6,10,-57.625,-147.303,Pacific-Antarctic Ridge
2007,6,53,-3.172,101.524,"107 km NW of Bengkulu, Indonesia"
2007,6.3,26,3.801,126.342,"202 km SSE of Sarangani, Philippines"
2007,7,22,-2.13,99.627,"153 km SSW of Padang, Indonesia"
2007,6.5,28.9,-1.689,99.668,"Kepulauan Mentawai region, Indonesia"
2007,7.9,35,-2.625,100.841,"87 km SW of Sungai Penuh, Indonesia"
2007,8.4,34,-4.438,101.367,"122 km SW of Bengkulu, Indonesia"
2007,6.8,15,2.966,-77.963,"39 km WNW of Timbiquí, Colombia"
2007,6.2,53,24.34,122.219,"66 km SE of Yilan, Taiwan"
2007,6.2,94,45.836,150.06,"183 km ENE of Kuril’sk, Russia"
2007,6.3,36.7,-11.766,165.699,"115 km S of Lata, Solomon Islands"
2007,7.2,35,-11.61,165.762,"97 km S of Lata, Solomon Islands"
2007,6.1,9,24.902,-109.689,"100 km SW of Topolobampo, Mexico"
2007,6.1,127.4,-17.457,-174.335,"137 km NNW of Neiafu, Tonga"
2007,6.5,6,8.037,-39.251,central Mid-Atlantic Ridge
2007,6.4,8,6.134,127.381,"135 km E of Pondaguitan, Philippines"
2007,6,30,-13.805,-76.291,"7 km NNW of Paracas, Peru"
2007,6.4,10,-5.261,129.432,"219 km SSE of Amahai, Indonesia"
2007,6,35,-14.286,-76.214,"46 km S of Paracas, Peru"
2007,6.5,15,-9.834,159.465,"31 km WSW of Malango, Solomon Islands"
2007,6.4,23.4,-14.282,-76.127,"46 km WSW of Santiago, Peru"
2007,8,39,-13.386,-76.603,"41 km SW of San Vicente de Cañete, Peru"
2007,6.5,9,50.322,-177.548,"184 km SSW of Adak, Alaska"
2007,6.1,10,-60.549,153.785,west of Macquarie Island
2007,6,42,-11.378,166.273,"88 km SE of Lata, Solomon Islands"
2007,7.5,280,-5.859,107.419,"35 km NNE of Rengasdengklok, Indonesia"
2007,6.1,291.2,-5.926,107.681,"42 km NNW of Pamanukan, Indonesia"
2007,6,18.1,27.292,126.836,"136 km WNW of Nago, Japan"
2007,6,40,-19.148,168.718,"73 km NW of Isangel, Vanuatu"
2007,6.1,10,-4.797,-105.406,central East Pacific Rise
2007,6.7,21,51.307,-179.971,"239 km WSW of Adak, Alaska"
2007,6.2,5,47.116,141.798,"20 km WSW of Yablochnyy, Russia"
2007,7.2,120,-15.595,167.68,"56 km E of Luganville, Vanuatu"
2007,6.2,11,-0.162,-17.795,north of Ascension Island
2007,6.1,10,-21.459,170.939,"273 km SE of Isangel, Vanuatu"
2007,6.9,25,2.872,127.464,"140 km NNW of Tobelo, Indonesia"
2007,6.1,15,7.157,92.518,"Nicobar Islands, India region"
2007,6.4,289.5,-22.151,-65.777,"19 km WSW of La Quiaca, Argentina"
2007,6.1,644.9,-8.133,-71.272,"55 km W of Tarauacá, Brazil"
2007,6.1,10,-26.295,-177.738,south of the Fiji Islands
2007,6.1,10,-26.206,-177.744,south of the Fiji Islands
2007,6.8,350.4,36.808,134.85,"133 km WNW of Mikuni, Japan"
2007,6.6,12,37.535,138.446,"20 km NNW of Kashiwazaki, Japan"
2007,6.1,15,52.491,-168.035,"74 km SE of Nikolski, Alaska"
2007,6.1,8,-15.383,168.597,"149 km ENE of Norsup, Vanuatu"
2007,6,35,51.838,-176.28,"24 km E of Adak, Alaska"
2007,6.1,152.1,-7.933,-74.379,"52 km NNE of Pucallpa, Peru"
2007,6.1,113,16.35,-93.99,"6 km N of Lázaro Cárdenas, Mexico"
2007,6.3,10,0.715,-30.272,central Mid-Atlantic Ridge
2007,6.7,18,-7.979,154.635,"206 km SSW of Panguna, Papua New Guinea"
2007,6,10,-10.492,108.149,"south of Java, Indonesia"
2007,6.5,10,-55.645,-2.626,southern Mid-Atlantic Ridge
2007,6.3,9,-3.55,150.962,"109 km S of Kavieng, Papua New Guinea"
2007,6.7,23,13.554,-90.618,"43 km SSE of Iztapa, Guatemala"
2007,6.2,4.7,-3.316,146.761,"152 km SSW of Lorengau, Papua New Guinea"
2007,6.1,5,23.028,101.052,"119 km NNE of Jinghong, China"
2007,6.4,116,52.137,157.293,"89 km NE of Ozernovskiy, Russia"
2007,6.1,24,-1.065,127.343,"200 km S of Sofifi, Indonesia"
2007,6.1,132.5,-4.587,151.841,"54 km WSW of Kokopo, Papua New Guinea"
2007,6,40.7,-30.658,-178.202,"Kermadec Islands, New Zealand"
2007,6.3,9,20.503,100.732,"40 km NE of Ban Houakhoua, Laos"
2007,6.1,10,-44.85,-80.453,"Off the coast of Aisen, Chile"
2007,6.1,688,-19.406,-179.315,"206 km SE of Levuka, Fiji"
2007,6.5,676.4,-19.401,-179.354,"203 km SE of Levuka, Fiji"
2007,6.1,9,34.248,81.967,western Xizang
2007,6.2,7,-1.41,-14.921,north of Ascension Island
2007,6.2,117,52.007,-179.972,"230 km W of Adak, Alaska"
2007,6.1,10,-60.789,-20.208,east of the South Sandwich Islands
2007,6.4,55,-14.285,166.863,"86 km NNW of Port-Olry, Vanuatu"
2007,6.2,36.7,-45.243,-72.648,"18 km N of Puerto Aysén, Chile"
2007,6.1,40.7,-13.838,166.843,"76 km W of Sola, Vanuatu"
2007,6.1,407.4,-3.548,151.266,"119 km SSE of Kavieng, Papua New Guinea"
2007,6,11.1,25.623,125.043,"94 km NNW of Hirara, Japan"
2007,6.3,9,25.71,125.108,"102 km N of Hirara, Japan"
2007,6.1,10,25.722,125.093,"103 km NNW of Hirara, Japan"
2007,6.4,10,-58.015,147.964,west of Macquarie Island
2007,6.1,10,-35.051,-108.836,southern East Pacific Rise
2007,6,34,17.302,-100.198,"5 km SE of El Paraíso, Mexico"
2007,6,10,-61.828,160.96,Balleny Islands region
2007,6.1,30,2.916,95.7,"89 km WNW of Sinabang, Indonesia"
2007,6.1,8,37.306,-24.494,"82 km SE of Senhora do Rosário, Portugal"
2007,6.3,14,37.306,-24.621,"74 km SE of Povoação, Portugal"
2007,6.5,10,-20.688,169.056,"129 km S of Isangel, Vanuatu"
2007,6.2,13,-20.715,168.828,"134 km NE of Tadine, New Caledonia"
2007,6.4,17,-7.76,156.49,"54 km NW of Gizo, Solomon Islands"
2007,6,10,-7.141,156.047,"110 km SE of Panguna, Papua New Guinea"
2007,6.2,12,-20.633,168.994,"124 km SSW of Isangel, Vanuatu"
2007,6.1,8,-7.857,155.801,"117 km WNW of Gizo, Solomon Islands"
2007,6.2,222.1,36.451,70.688,"47 km SSW of Jurm, Afghanistan"
2007,6.2,18,-8.617,157.386,"82 km SE of Gizo, Solomon Islands"
2007,6.2,14,-8.706,157.62,"108 km SE of Gizo, Solomon Islands"
2007,6.1,34,-7.225,156.243,"117 km NW of Gizo, Solomon Islands"
2007,6.1,4.9,-45.382,-73.058,"21 km WNW of Puerto Chacabuco, Chile"
2007,6,10,-7.303,155.682,"111 km SSE of Panguna, Papua New Guinea"
2007,6.9,10,-7.306,155.741,"113 km SSE of Panguna, Papua New Guinea"
2007,6.6,10,-7.169,155.777,"99 km SSE of Panguna, Papua New Guinea"
2007,6.1,24.3,-9.505,156.934,"155 km S of Gizo, Solomon Islands"
2007,8.1,24,-8.466,157.043,2007 Solomon Islands Earthquake
2007,6.2,10,-56.083,-123.27,southern East Pacific Rise
2007,6.9,35,-20.754,169.354,"134 km S of Isangel, Vanuatu"
2007,6.7,8,37.336,136.588,"46 km NW of Nanao, Japan"
2007,7.1,34,-20.617,169.357,"119 km S of Isangel, Vanuatu"
2007,6.2,7,4.585,-78.494,"130 km WNW of Santa Genoveva de Docordó, Colombia"
2007,6,10,4.551,-78.536,"133 km WNW of Santa Genoveva de Docordó, Colombia"
2007,6.2,35,1.132,126.216,"135 km WNW of Ternate, Indonesia"
2007,6,26.1,26.261,-110.537,"85 km ENE of Loreto, Mexico"
2007,6,441.2,43.224,133.526,"19 km SE of Sergeyevka, Russia"
2007,6.2,10,-58.217,-7.615,east of the South Sandwich Islands
2007,6.1,139.6,29.908,140.204,"Izu Islands, Japan region"
2007,6.3,11,-0.488,100.53,"26 km SE of Bukittinggi, Indonesia"
2007,6.4,19,-0.493,100.498,"24 km SE of Bukittinggi, Indonesia"
2007,6,10,26.581,-44.594,northern Mid-Atlantic Ridge
2007,6.2,10,-55.245,-29.142,South Sandwich Islands region
2007,6.3,23,-7.006,-80.485,"63 km WSW of Pimentel, Peru"
2007,6,11,-1.032,126.975,"206 km SSW of Sofifi, Indonesia"
2007,6.7,12,-1.034,126.976,"206 km SSW of Sofifi, Indonesia"
2007,6,31,41.794,143.553,"115 km ESE of Shizunai-furukawach?, Japan"
2007,6.1,24,5.561,126.073,"62 km SE of Caburan, Philippines"
2007,6,20,35.804,-10.312,"181 km SW of Sagres, Portugal"
2007,6.2,10,-55.883,-122.721,southern East Pacific Rise
2007,6.2,10,19.372,-78.518,"108 km NNW of Lucea, Jamaica"
2007,6.5,34,-29.776,-178.002,"Kermadec Islands, New Zealand"
2007,6.6,20,20.98,144.705,"Maug Islands region, Northern Mariana Islands"
2007,6.9,11,-54.74,146.298,west of Macquarie Island
2007,6,36.2,22.564,121.926,"136 km ENE of Hengchun, Taiwan"
2007,6.2,23,1.06,126.345,"119 km WNW of Ternate, Indonesia"
2007,7.5,22,1.065,126.282,"126 km WNW of Ternate, Indonesia"
2007,6.2,10,-55.419,-29.533,South Sandwich Islands region
2007,6.2,8,10.125,58.708,Carlsberg Ridge
2007,6,100.8,-3.322,139.834,"119 km SW of Abepura, Indonesia"
2007,6,10,46.913,156.276,east of the Kuril Islands
2007,8.1,10,46.243,154.524,2007 Kuril Islands Earthquake
2007,6,13,-3.655,127.283,"100 km W of Ambon, Indonesia"
2007,6.3,406.8,-18.58,-177.847,Fiji region
2007,6,16,39.803,70.312,"23 km WSW of Vorukh, Tajikistan"
2007,6.1,11,8.077,92.437,"Nicobar Islands, India region"
2006,6.6,15,13.313,51.365,"156 km NW of Kilmia, Yemen"
2006,6,355,-5.724,154.424,"134 km WNW of Panguna, Papua New Guinea"
2006,6,10,48.321,154.837,"278 km SSW of Severo-Kuril’sk, Russia"
2006,6.9,10,21.974,120.493,"26 km W of Hengchun, Taiwan"
2006,7.1,10,21.799,120.547,"30 km SW of Hengchun, Taiwan"
2006,6.2,24,10.653,92.361,"Andaman Islands, India region"
2006,6.3,213.5,3.733,124.684,"203 km SSW of Sarangani, Philippines"
2006,6.4,16,46.153,154.386,east of the Kuril Islands
2006,6,61.2,13.994,-91.207,"19 km WSW of La Gomera, Guatemala"
2006,6.3,19,-8.261,118.753,"22 km N of Bima, Indonesia"
2006,6.3,204,3.39,99.079,"northern Sumatra, Indonesia"
2006,6.2,10,-53.844,-134.359,Pacific-Antarctic Ridge
2006,6,13.5,-21.297,-174.677,"28 km E of ‘Ohonua, Tonga"
2006,6.2,39,2.52,128.283,"92 km NNE of Tobelo, Indonesia"
2006,6.1,10,-4.521,-104.832,central East Pacific Rise
2006,6.2,22,28.591,129.895,"Ryukyu Islands, Japan"
2006,6.1,10,-51.996,139.473,western Indian-Antarctic Ridge
2006,6,9,46.358,154.468,east of the Kuril Islands
2006,6,10,47.006,154.979,Kuril Islands
2006,6.7,10,46.483,154.726,east of the Kuril Islands
2006,6.4,10,46.652,155.305,east of the Kuril Islands
2006,6.2,10,46.371,154.475,east of the Kuril Islands
2006,6,10,46.086,154.1,east of the Kuril Islands
2006,6,10,47.518,152.647,Kuril Islands
2006,8.3,10,46.592,153.266,2006 Kuril Islands Earthquake
2006,6.1,345,-6.39,127.998,"260 km NNE of Lospalos, Timor Leste"
2006,6.2,11,-6.38,151.23,"151 km SE of Kimbe, Papua New Guinea"
2006,6.8,572,-26.052,-63.283,"48 km S of Taco Pozo, Argentina"
2006,6.2,12,-6.225,151.05,"125 km SE of Kimbe, Papua New Guinea"
2006,6.6,11,-6.482,151.195,"155 km SE of Kimbe, Papua New Guinea"
2006,6,133.2,-5.45,146.637,"97 km ESE of Madang, Papua New Guinea"
2006,6,28.1,-13.371,-76.618,"41 km SW of San Vicente de Cañete, Peru"
2006,6.1,10,4.898,125.295,"58 km SSW of Sarangani, Philippines"
2006,6.4,11,29.351,140.27,"Izu Islands, Japan region"
2006,6.1,10,-45.727,95.987,southeast Indian Ridge
2006,6.7,23,-13.457,-76.677,"52 km SW of San Vicente de Cañete, Peru"
2006,6.4,115,-15.053,167.266,"20 km E of Port-Olry, Vanuatu"
2006,6.7,32,-5.881,150.982,"100 km ESE of Kimbe, Papua New Guinea"
2006,6,16.235,20.128,-155.983,"20 km SW of Hawi, Hawaii"
2006,6.7,38.182,19.877,-155.935,"14 km SW of Puako, Hawaii"
2006,6.4,31,-31.256,-71.368,"45 km NNW of Illapel, Chile"
2006,6,9,37.197,142.664,"150 km ESE of Namie, Japan"
2006,6,10,-56.101,-122.373,southern East Pacific Rise
2006,6.3,14,20.654,120.023,"167 km SSW of Hengchun, Taiwan"
2006,6.3,161,-18.84,169.001,"83 km NNW of Isangel, Vanuatu"
2006,6.5,19,46.47,153.24,Kuril Islands
2006,6,10,46.185,153.169,Kuril Islands
2006,6.6,11,46.351,153.166,Kuril Islands
2006,6,107,-15.588,-73.16,"26 km W of Chichas, Peru"
2006,6.1,53,10.876,-61.756,"30 km NW of Petit Valley, Trinidad and Tobago"
2006,6.9,28,-16.592,-172.033,"201 km ESE of Hihifo, Tonga"
2006,6,598.3,-26.868,-63.149,"19 km NNE of El Hoyo, Argentina"
2006,6,25,-9.05,110.365,"121 km S of Pundong, Indonesia"
2006,6.2,137,-31.733,-67.145,"108 km E of Caucete, Argentina"
2006,6.3,17,-3.08,129.441,"57 km ENE of Masohi, Indonesia"
2006,6,114,-28.944,-68.898,"70 km WSW of Vinchina, Argentina"
2006,6.3,572,-7.219,120.106,"143 km N of Labuan Bajo, Indonesia"
2006,6.8,38,-6.759,155.512,"49 km S of Panguna, Papua New Guinea"
2006,6.6,184,-24.403,-67.028,"74 km WSW of San Antonio de los Cobres, Argentina"
2006,6.5,43,51.148,157.522,"81 km ESE of Ozernovskiy, Russia"
2006,7,13,-61.029,-34.371,Scotia Sea
2006,6,26,49.823,156.415,"97 km SSE of Severo-Kuril’sk, Russia"
2006,6.1,154,-21.189,-176.25,"107 km W of Haveluloto, Tonga"
2006,6.2,22,2.403,96.348,"9 km SSW of Sinabang, Indonesia"
2006,6.1,56,18.541,-101.048,"10 km NW of Zirándaro de los Chávez, Mexico"
2006,6.8,150,-15.798,167.789,"51 km NE of Norsup, Vanuatu"
2006,6.3,20,1.707,97.146,"96 km SW of Singkil, Indonesia"
2006,6,28,-0.336,123.286,"87 km NE of Luwuk, Indonesia"
2006,6.4,28.2,-5.474,150.684,"61 km E of Kimbe, Papua New Guinea"
2006,6.1,45,-6.535,105.389,"51 km WSW of Labuan, Indonesia"
2006,6.1,21,-9.42,108.319,"220 km SSW of Sidareja, Indonesia"
2006,6,10,-9.087,107.76,"194 km SSW of Kawalu, Indonesia"
2006,7.7,20,-9.284,107.419,"226 km SSW of Singaparna, Indonesia"
2006,6.2,10,-28.715,-72.543,"175 km W of Vallenar, Chile"
2006,6.6,22,51.214,-179.312,"199 km WSW of Adak, Alaska"
2006,6,35,-15.244,-173.61,"81 km NNE of Hihifo, Tonga"
2006,6.3,28.8,6.501,92.793,"287 km WNW of Sabang, Indonesia"
2006,6.3,569.9,-19.865,-178.287,Fiji region
2006,6.2,17,52.23,176.158,"212 km ESE of Attu Station, Alaska"
2006,6.3,26,-0.39,123.195,"76 km NE of Luwuk, Indonesia"
2006,6,95,45.417,149.343,"116 km E of Kuril’sk, Russia"
2006,6,16,6.938,92.454,"Nicobar Islands, India region"
2006,6,9,33.028,-39.702,northern Mid-Atlantic Ridge
2006,6,29.1,51.948,177.128,"286 km ESE of Attu Station, Alaska"
2006,6.5,14,51.752,177.082,"292 km ESE of Attu Station, Alaska"
2006,6.3,140,33.134,131.145,"15 km S of Tsukawaki, Japan"
2006,6.1,564.4,-17.531,-178.747,"213 km ENE of Levuka, Fiji"
2006,6,10,1.175,-28.065,central Mid-Atlantic Ridge
2006,6,591.6,-20.837,-178.701,Fiji region
2006,6.5,34,-5.724,151.133,"111 km E of Kimbe, Papua New Guinea"
2006,6.3,12.5,-7.961,110.446,"10 km E of Pundong, Indonesia"
2006,6.1,2.8,-4.715,126.811,"189 km SW of Ambon, Indonesia"
2006,6.2,197,54.271,158.447,"48 km SSW of Mil’kovo, Russia"
2006,6.6,19,60.772,165.743,"42 km NNW of Tilichiki, Russia"
2006,6,10,1.55,-85.311,off the coast of Ecuador
2006,6.3,35,-0.143,124.713,"161 km S of Tondano, Indonesia"
2006,6,11,-20.634,-173.952,"99 km SSE of Pangai, Tonga"
2006,6.8,12,0.093,97.05,"256 km SSW of Singkil, Indonesia"
2006,7.4,152,-31.81,-179.307,Kermadec Islands region
2006,6.4,18,52.515,-169.256,"54 km SSW of Nikolski, Alaska"
2006,6.1,10,-36.805,78.545,Mid-Indian Ridge
2006,6,10,-38.62,78.57,Mid-Indian Ridge
2006,6,11,-20.579,-174.036,"90 km SSE of Pangai, Tonga"
2006,8,55,-20.187,-174.123,2006 Tonga Earthquake
2006,6.5,12,-27.211,-71.056,"73 km WNW of Copiapó, Chile"
2006,6,10,-15.523,-173.101,"88 km ENE of Hihifo, Tonga"
2006,6.7,12,-27.017,-71.022,"78 km WNW of Copiapó, Chile"
2006,6.1,127.7,-15.103,167.441,Vanuatu
2006,6.6,11,60.491,167.516,"80 km E of Tilichiki, Russia"
2006,6.1,10,-57.482,147.568,west of Macquarie Island
2006,6.3,21,1.994,96.995,"87 km SE of Sinabang, Indonesia"
2006,6.1,12,61.354,167.525,"130 km NE of Tilichiki, Russia"
2006,6.1,9,60.527,165.816,"17 km NW of Tilichiki, Russia"
2006,6.1,10,60.874,167.007,"71 km NE of Tilichiki, Russia"
2006,7.6,22,60.949,167.089,"80 km NE of Tilichiki, Russia"
2006,6.2,17,2.643,93.226,off the west coast of northern Sumatra
2006,6.1,16,-12.475,166.508,"191 km NW of Sola, Vanuatu"
2006,6,19.8,-29.772,-72.003,"67 km WNW of Coquimbo, Chile"
2006,6,28.8,56.397,163.99,"95 km E of Ust’-Kamchatsk Staryy, Russia"
2006,6.5,14,-16.527,176.989,"130 km NNW of Lautoka, Fiji"
2006,6,33.5,18.716,-106.992,"215 km SW of La Cruz de Loreto, Mexico"
2006,6.1,9,22.868,121.278,"88 km ESE of Yujing, Taiwan"
2006,6.2,37,3.798,126.344,"202 km SSE of Sarangani, Philippines"
2006,6.5,13,-29.435,-176.768,Kermadec Islands region
2006,6.1,7,33.5,48.78,"18 km SW of Azn?, Iran"
2006,6,10,-16.885,174.504,Fiji region
2006,6.1,12,-3.245,143.144,"63 km WNW of Wewak, Papua New Guinea"
2006,6.7,30.1,-3.595,127.214,"108 km W of Ambon, Indonesia"
2006,6.1,10,-60.419,-46.505,Scotia Sea
2006,6,10,0.791,-26.125,central Mid-Atlantic Ridge
2006,6.2,136.2,-14.805,167.368,"41 km NE of Port-Olry, Vanuatu"
2006,6.2,10,-40.103,78.486,Mid-Indian Ridge
2006,6.1,205.8,-20.118,-175.661,"122 km NNW of Nuku‘alofa, Tonga"
2006,6,10,-55.695,-4.232,southern Mid-Atlantic Ridge
2006,6,18,28.12,56.865,"111 km NNW of M?n?b, Iran"
2006,6,32.5,-15.283,-176.239,"221 km S of Mata-Utu, Wallis and Futuna"
2006,6.4,535.2,-23.607,-179.989,south of the Fiji Islands
2006,6.1,622.4,-17.995,-179.59,"116 km E of Levuka, Fiji"
2006,6.2,10,-54.669,1.765,Bouvet Island region
2006,7,11,-21.324,33.583,"160 km SE of Chipinge, Zimbabwe"
2006,6.2,44.2,-5.193,152.053,"96 km SSW of Kokopo, Papua New Guinea"
2006,6.3,40,20.821,146.18,Mariana Islands region
2006,6.1,19,11.86,92.372,"41 km WNW of Bamboo Flat, India"
2006,6.7,597.5,-17.747,-178.39,"245 km E of Levuka, Fiji"
2006,7.6,397,-5.473,128.131,"196 km S of Ambon, Indonesia"
2006,6.2,14,6.864,-77.793,"26 km S of Juradó, Colombia"
2006,6.4,23,-17.391,167.715,"74 km WNW of Port-Vila, Vanuatu"
2006,6.1,264.8,-7.826,122.597,"97 km NNE of Maumere, Indonesia"
2006,6.7,66,36.311,23.212,"26 km NE of Kýthira, Greece"
2006,6.1,7.4,6.635,-82.337,"163 km SW of Río Grande, Panama"
2006,6.6,14,28.164,-112.117,"75 km SSW of Bahía de Kino, Mexico"
2006,7.2,582.9,-19.926,-178.178,Fiji region
2006,7.4,13,-60.957,-21.606,east of the South Sandwich Islands
2005,6.1,10,7.529,-82.266,"76 km S of Boca Chica, Panama"
2005,6.1,192.9,-1.386,-77.517,"54 km SE of Tena, Ecuador"
2005,6.3,10,-54.719,-135.868,Pacific-Antarctic Ridge
2005,6,7,6.643,-82.755,"154 km S of Punta de Burica, Panama"
2005,6.3,25,-0.066,124.672,"153 km S of Tomohon, Indonesia"
2005,6.1,22.8,12.232,140.995,"277 km N of Fais, Micronesia"
2005,6,42.9,38.506,141.9,"53 km E of Ishinomaki, Japan"
2005,6.7,10,-15.265,-178.571,"116 km SSW of Leava, Wallis and Futuna"
2005,6.5,224.6,36.357,71.093,"53 km SW of Ashk?sham, Afghanistan"
2005,6.6,17,-6.584,152.223,"247 km S of Kokopo, Papua New Guinea"
2005,6.1,216.8,-5.408,146.953,"130 km E of Madang, Papua New Guinea"
2005,6.4,21,-30.012,-177.637,"Kermadec Islands, New Zealand"
2005,6.8,22,-6.224,29.83,"76 km ESE of Kalemie, Democratic Republic of the Congo"
2005,6.5,29,38.089,142.122,"80 km ESE of Ishinomaki, Japan"
2005,6.4,13,6.27,124.029,"18 km WNW of Palimbang, Philippines"
2005,6,11,20.29,146.055,Mariana Islands region
2005,6.2,68,-5.154,145.284,"56 km W of Madang, Papua New Guinea"
2005,6.1,145,31.019,129.997,"41 km SW of Makurazaki, Japan"
2005,6.2,30,53.843,-164.093,"115 km ESE of Akutan, Alaska"
2005,6.5,21,2.164,96.786,"57 km SE of Sinabang, Indonesia"
2005,6.8,147,-22.361,-67.895,"68 km NNE of San Pedro de Atacama, Chile"
2005,7,11,38.107,144.896,"293 km ESE of Kamaishi, Japan"
2005,6.4,25,-3.149,148.143,"156 km SE of Lorengau, Papua New Guinea"
2005,6.5,8,-45.214,96.898,southeast Indian Ridge
2005,6.3,32,36.405,140.839,"25 km ENE of ?arai, Japan"
2005,6.4,192,25.309,123.351,"99 km NNE of Yonakuni, Japan"
2005,6.1,42.8,46.816,154.113,east of the Kuril Islands
2005,6.4,8,34.733,73.1,"9 km NE of Battagram, Pakistan"
2005,7.6,26,34.539,73.588,"21 km NNE of Muzaffar?b?d, Pakistan"
2005,6.2,28,-5.563,151.865,"142 km SSW of Kokopo, Papua New Guinea"
2005,6.6,25,-5.437,151.84,"129 km SSW of Kokopo, Papua New Guinea"
2005,7.5,115,-5.678,-76.398,"39 km NW of Yurimaguas, Peru"
2005,6.1,30,-17.515,167.801,"59 km WNW of Port-Vila, Vanuatu"
2005,6.1,103,43.892,146.145,"27 km ESE of Yuzhno-Kurilsk, Russia"
2005,7.6,90,-4.539,153.474,"135 km E of Kokopo, Papua New Guinea"
2005,6.2,10,-56.41,-142.392,Pacific-Antarctic Ridge
2005,6,443.9,3.004,123.073,"259 km NW of Manado, Indonesia"
2005,6.1,21.1,38.481,143.175,"142 km ESE of ?funato, Japan"
2005,6.1,10,6.817,-82.432,"142 km SSE of Punta de Burica, Panama"
2005,6.2,10,14.417,52.365,"199 km S of Al Ghayz?ah, Yemen"
2005,6.1,10,38.564,142.987,"123 km ESE of ?funato, Japan"
2005,7.2,36,38.276,142.039,"66 km ESE of Ishinomaki, Japan"
2005,6,48.6,20.134,145.801,"Maug Islands region, Northern Mariana Islands"
2005,6.2,10,-22.677,169.509,"206 km E of Vao, New Caledonia"
2005,6.1,35,-21.097,173.874,Vanuatu region
2005,6.1,23.6,-20.942,173.825,Vanuatu region
2005,6,10,-14.449,-177.293,"89 km E of Alo, Wallis and Futuna"
2005,6.2,10,-47.09,33.62,Prince Edward Islands region
2005,6,205.4,-19.614,-175.85,"158 km W of Pangai, Tonga"
2005,6.3,14,11.247,-85.541,"6 km NNW of Cárdenas, Nicaragua"
2005,6,10,-61.474,154.249,Balleny Islands region
2005,7.2,16,7.92,92.19,"Nicobar Islands, India region"
2005,6,10,-30.254,-178.068,"Kermadec Islands, New Zealand"
2005,6,10,-27.001,-176.322,Kermadec Islands region
2005,6.1,10,-36.31,-97.264,West Chile Rise
2005,6.7,21,1.819,97.082,"94 km WSW of Singkil, Indonesia"
2005,6.3,10,-42.283,42.37,Prince Edward Islands region
2005,6.6,27,11.245,-86.172,"32 km W of San Juan del Sur, Nicaragua"
2005,6.2,20,18.781,-107.298,"236 km SW of La Cruz de Loreto, Mexico"
2005,6.6,12,40.773,-126.574,"196 km W of Ferndale, California"
2005,6.4,10,-44.865,-80.562,"Off the coast of Aisen, Chile"
2005,6.2,74.6,-4.595,153.191,"106 km ESE of Kokopo, Papua New Guinea"
2005,7.2,16,41.292,-125.953,"153 km W of Big Lagoon, California"
2005,6.8,17,51.239,179.314,"289 km WSW of Adak, Alaska"
2005,7.8,115.6,-19.987,-69.197,"102 km ENE of Iquique, Chile"
2005,6,94.1,-56.293,-27.075,South Sandwich Islands region
2005,6.1,23.5,2.17,96.724,"51 km SE of Sinabang, Indonesia"
2005,6.1,26,-6.319,146.846,"47 km NNW of Lae, Papua New Guinea"
2005,6.1,196.2,-24.221,-67.003,"69 km W of San Antonio de los Cobres, Argentina"
2005,6.3,39.5,-3.286,-80.987,"55 km NW of Zorritos, Peru"
2005,6,565.3,-24.529,178.84,south of the Fiji Islands
2005,6.9,30,1.989,97.041,"89 km WSW of Singkil, Indonesia"
2005,6.1,2.5,5.439,93.357,"219 km W of Banda Aceh, Indonesia"
2005,6.2,10,-15.318,-173.24,"92 km NE of Hihifo, Tonga"
2005,6,102.2,-56.413,-26.863,South Sandwich Islands region
2005,6.6,34,-32.589,-179.353,south of the Kermadec Islands
2005,6.7,34,0.587,98.459,"125 km SW of Padangsidempuan, Indonesia"
2005,6.5,10,-57.382,-139.231,Pacific-Antarctic Ridge
2005,6.3,17,-6.226,103.139,"southwest of Sumatra, Indonesia"
2005,6.5,18,5.71,-82.845,"256 km S of Punta de Burica, Panama"
2005,6.2,22,2.132,96.799,"60 km SE of Sinabang, Indonesia"
2005,6.4,31,1.812,97.662,"54 km SSW of Singkil, Indonesia"
2005,6.7,68,-21.975,170.612,"286 km E of Tadine, New Caledonia"
2005,6,129.9,-7.293,-77.886,"18 km ENE of Shirac, Peru"
2005,6.6,11.4,-3.484,145.909,"192 km N of Madang, Papua New Guinea"
2005,6.1,24,2.169,96.759,"54 km SE of Sinabang, Indonesia"
2005,6.4,30,-1.591,99.717,"100 km SW of Padang, Indonesia"
2005,6.5,30,-1.714,99.779,"106 km SW of Padang, Indonesia"
2005,6.7,19,-1.644,99.607,"113 km SW of Padang, Indonesia"
2005,6.1,10,-23.144,169.265,"189 km ESE of Vao, New Caledonia"
2005,6.1,20.9,-0.215,97.731,"245 km SSW of Sibolga, Indonesia"
2005,6.3,11,30.491,83.662,"196 km NE of Jumla, Nepal"
2005,6.3,36,2.022,97.942,"33 km SSE of Singkil, Indonesia"
2005,6,30,0.368,98.319,"154 km SW of Padangsidempuan, Indonesia"
2005,6.1,10,78.607,6.098,"218 km W of Longyearbyen, Svalbard and Jan Mayen"
2005,6,10,-18.448,175.99,"166 km WSW of Nadi, Fiji"
2005,6.1,588.7,-22.459,-179.754,south of the Fiji Islands
2005,6.3,22,2.993,95.414,"121 km WNW of Sinabang, Indonesia"
2005,6.1,36.1,0.923,97.867,"136 km SW of Sibolga, Indonesia"
2005,8.6,30,2.085,97.108,"78 km WSW of Singkil, Indonesia"
2005,6.1,10,-4.894,129.938,"205 km SSE of Amahai, Indonesia"
2005,6.4,570.1,-24.725,-63.507,"59 km ESE of Apolinario Saravia, Argentina"
2005,6.9,579.1,-24.983,-63.47,"67 km ENE of Joaquín V. González, Argentina"
2005,6.6,10,33.807,130.131,"28 km NNW of Maebaru-ch??, Japan"
2005,6.3,598.7,-21.893,-179.547,Fiji region
2005,6.1,18,-20.407,-174.337,"65 km S of Pangai, Tonga"
2005,6.1,197.4,15.144,-91.381,"10 km NE of San Bartolo, Guatemala"
2005,6,54,27.095,61.887,"119 km E of Iranshahr, Iran"
2005,6.3,10,84.948,99.391,north of Severnaya Zemlya
2005,6.1,10,-11.045,163.045,"139 km ESE of Kirakira, Solomon Islands"
2005,7.1,201.7,-6.527,129.933,Banda Sea
2005,6.8,36,2.908,95.592,"99 km WNW of Sinabang, Indonesia"
2005,6,10,-6.245,150.66,"96 km SE of Kimbe, Papua New Guinea"
2005,6.4,14,30.754,56.816,"24 km ESE of Zarand, Iran"
2005,6.5,10,-5.562,122.129,"81 km SSW of Katabu, Indonesia"
2005,6.6,10,-36.32,-16.558,southern Mid-Atlantic Ridge
2005,6.5,39.7,4.756,126.421,"Pulau-Pulau Talaud, Indonesia"
2005,6.1,22,41.728,79.44,"92 km NW of Aksu, China"
2005,6.3,9,-23.097,169.219,"183 km ESE of Vao, New Caledonia"
2005,6.3,24,26.088,143.997,"Bonin Islands, Japan region"
2005,6,44.5,4.797,95.117,"85 km SSW of Banda Aceh, Indonesia"
2005,6.7,206.3,-14.252,167.259,"52 km SW of Sola, Vanuatu"
2005,6.1,36.5,-4.525,153.187,"103 km E of Kokopo, Papua New Guinea"
2005,7.1,525,5.293,123.337,"138 km SW of Palimbang, Philippines"
2005,6,30,2.255,94.992,"156 km W of Sinabang, Indonesia"
2005,6.6,142.7,16.011,145.867,"89 km N of Saipan, Northern Mariana Islands"
2005,6.3,158.7,14.08,144.715,"63 km NNW of Yigo Village, Guam"
2005,6.2,10,-1.089,-81.157,"51 km WSW of Manta, Ecuador"
2005,6.1,10,-1.183,-81.499,"90 km WSW of Manta, Ecuador"
2005,6.2,22.2,2.699,94.602,"199 km W of Sinabang, Indonesia"
2005,6.1,16.9,-1.364,-80.785,"23 km W of Jipijapa, Ecuador"
2005,6.3,30,7.33,92.482,"Nicobar Islands, India region"
2005,6.3,11,-1.198,119.933,"32 km SSE of Palu, Indonesia"
2005,6.4,29,-7.727,159.475,"47 km NNW of Buala, Solomon Islands"
2005,6,10,-1.134,-80.829,"21 km WSW of Montecristi, Ecuador"
2005,6.6,27.8,34.064,141.491,"161 km SE of Katsuura, Japan"
2005,6.3,42,42.946,144.866,"40 km E of Kushiro, Japan"
2005,6.1,12,10.986,140.682,"136 km N of Fais, Micronesia"
2005,6.6,24.9,10.934,140.842,"133 km NNE of Fais, Micronesia"
2005,6.2,16,-25.528,-176.299,south of the Fiji Islands
2005,6,58.7,-6.462,105.236,"66 km W of Labuan, Indonesia"
2005,6.1,10,-4.238,152.717,"51 km ENE of Kokopo, Papua New Guinea"
2005,6.8,10,-0.878,-21.194,central Mid-Atlantic Ridge
2005,6.1,40,4.926,95.108,"72 km SSW of Banda Aceh, Indonesia"
2005,6,10,-55.299,-27.956,South Sandwich Islands region
2005,6.1,23.2,10.672,92.362,"Andaman Islands, India region"
2005,6.1,10,-50.659,161.866,north of Macquarie Island
2005,6.4,30,6.36,92.787,"284 km W of Sabang, Indonesia"
2005,6.1,55.4,7.336,94.455,"Nicobar Islands, India region"
2005,6.7,11.7,5.099,92.304,off the west coast of northern Sumatra
2004,6,11,6.204,92.913,"268 km W of Sabang, Indonesia"
2004,6.1,14,7.12,92.533,"Nicobar Islands, India region"
2004,6.2,12,8.791,93.198,"Nicobar Islands, India region"
2004,6.1,8,9.109,93.756,"Nicobar Islands, India region"
2004,6.1,35,5.348,94.65,"78 km WSW of Banda Aceh, Indonesia"
2004,6.1,30,2.794,94.162,"249 km W of Sinabang, Indonesia"
2004,6,17.8,3.651,94.086,"233 km WSW of Meulaboh, Indonesia"
2004,6.2,13.3,13.533,92.84,"203 km N of Bamboo Flat, India"
2004,6.3,26.4,13.462,92.738,"194 km N of Bamboo Flat, India"
2004,6.6,16.1,8.879,92.375,"Nicobar Islands, India region"
2004,7.2,39.2,6.91,92.958,"284 km WNW of Sabang, Indonesia"
2004,6,30,6.848,94.667,"128 km NW of Sabang, Indonesia"
2004,6.1,30,5.499,94.213,"124 km W of Banda Aceh, Indonesia"
2004,6,30,7.421,93.985,"224 km NW of Sabang, Indonesia"
2004,6.1,30,6.34,93.361,"222 km WNW of Sabang, Indonesia"
2004,9.1,30,3.295,95.982,2004 Sumatra - Andaman Islands Earthquake
2004,8.1,10,-49.312,161.345,2004 Tasman Sea Earthquake
2004,6.1,10,-55.942,-124.997,southern East Pacific Rise
2004,6.2,11,48.837,156.309,"204 km S of Severo-Kuril’sk, Russia"
2004,6.8,10,18.958,-81.409,"36 km S of George Town, Cayman Islands"
2004,6,62.3,13.385,-89.37,"12 km SSW of La Libertad, El Salvador"
2004,6.1,439.2,-18.481,-178.076,Fiji region
2004,6.8,35,42.9,145.228,"54 km SSW of Nemuro, Japan"
2004,7,39,43.006,145.119,"51 km SW of Nemuro, Japan"
2004,6.2,23.1,-3.638,135.445,"31 km SSW of Nabire, Indonesia"
2004,6.6,10,-26.525,-113.834,Easter Island region
2004,7.1,10,-3.609,135.404,"29 km SSW of Nabire, Indonesia"
2004,7.1,10,-46.676,164.721,"255 km W of Riverton, New Zealand"
2004,6.3,14,15.679,-61.706,"20 km SSW of Petites Anses, Guadeloupe"
2004,6,256.1,-15.403,-174.908,"133 km WNW of Hihifo, Tonga"
2004,6.3,40.6,13.376,-90.056,"34 km SW of Acajutla, El Salvador"
2004,6.4,16,9.602,-84.172,"17 km SSE of Tejar, Costa Rica"
2004,6.6,622.6,-20.068,-178.71,Fiji region
2004,6.1,55.7,-5.627,151.452,"145 km E of Kimbe, Papua New Guinea"
2004,7.2,15,4.695,-77.508,"32 km SSW of Pizarro, Colombia"
2004,6.1,568.7,-26.705,-63.319,"36 km NNW of El Hoyo, Argentina"
2004,6.4,10,-8.255,124.93,"49 km NW of Maubara, Timor Leste"
2004,7.5,10,-8.152,124.868,"63 km NW of Maubara, Timor Leste"
2004,6.7,10,-11.128,162.208,"80 km SSE of Kirakira, Solomon Islands"
2004,6.1,32.8,42.139,144.344,"92 km S of Kushiro, Japan"
2004,6.9,13,-11.15,163.706,"209 km ESE of Kirakira, Solomon Islands"
2004,6.3,29,24.104,122.542,"61 km SW of Yonakuni, Japan"
2004,6.2,474,47.948,144.477,"144 km ENE of Dolinsk, Russia"
2004,6,125.7,-4.361,143.925,"36 km SSW of Angoram, Papua New Guinea"
2004,6,10,14.474,146.842,"142 km ESE of San Jose Village, Northern Mariana Islands"
2004,6.7,10,49.277,-128.772,"189 km SW of Port McNeill, Canada"
2004,6,14.1,37.284,138.885,"7 km ESE of Ojiya, Japan"
2004,6.4,10,-57.071,-24.679,South Sandwich Islands region
2004,6,10,-57.067,-24.829,South Sandwich Islands region
2004,6.3,10,37.318,138.808,"2 km NNE of Ojiya, Japan"
2004,6.1,10.5,37.318,138.816,"2 km NE of Ojiya, Japan"
2004,6.6,16,37.226,138.779,"8 km SSW of Ojiya, Japan"
2004,6.1,59.8,-14.027,166.612,"102 km W of Sola, Vanuatu"
2004,6.7,94,24.53,122.694,"31 km WNW of Yonakuni, Japan"
2004,7,35,11.422,-86.665,"43 km SSW of Masachapa, Nicaragua"
2004,6.5,105,13.925,120.534,"9 km W of Talisay, Philippines"
2004,6.8,36,-10.951,162.161,"60 km SSE of Kirakira, Solomon Islands"
2004,6.2,10,-0.67,134.426,"45 km ENE of Manokwari, Indonesia"
2004,6,7.2,14.546,146.993,"152 km ESE of Saipan, Northern Mariana Islands"
2004,6.4,10,-52.515,28.016,south of Africa
2004,6.2,25,52.205,174.027,"91 km SE of Attu Station, Alaska"
2004,6,115.4,14.22,120.411,"24 km WNW of Looc, Philippines"
2004,6.1,8,43.998,151.408,east of the Kuril Islands
2004,6.1,63.9,-57.976,-25.342,South Sandwich Islands region
2004,6,25.2,17.759,-81.55,"170 km S of George Town, Cayman Islands"
2004,6.1,21.2,33.14,137.2,"130 km ESE of Shing?, Japan"
2004,6.4,22.3,-28.573,-65.84,"12 km SSW of San Fernando del Valle de Catamarca, Argentina"
2004,6.6,10,33.205,137.227,"129 km ESE of Shing?, Japan"
2004,6.9,10,-55.372,-28.976,South Sandwich Islands region
2004,6.51,15,33.202,137.101,"119 km ESE of Shing?, Japan"
2004,7.4,10,33.184,137.071,"118 km ESE of Shing?, Japan"
2004,7.2,14,33.07,136.618,"94 km SE of Shing?, Japan"
2004,6.2,10,-15.254,-173.34,"91 km NNE of Hihifo, Tonga"
2004,6.5,5,-35.173,-70.525,"67 km ESE of Teno, Chile"
2004,6,207,36.444,70.796,"46 km S of Jurm, Afghanistan"
2004,6,8,51.753,-166.313,"218 km SE of Nikolski, Alaska"
2004,6,10,-63.563,-166.666,Pacific-Antarctic Ridge
2004,6.5,13.4,-0.443,133.091,"117 km WNW of Manokwari, Indonesia"
2004,7.3,582.1,-2.427,103.981,"100 km SSE of Jambi City, Indonesia"
2004,6.1,20.9,26.489,128.894,"91 km E of Nago, Japan"
2004,6.4,23.7,49.623,-126.967,"62 km SW of Vernon, Canada"
2004,6.2,10,-65.651,-179.574,Pacific-Antarctic Ridge
2004,7.1,565.5,-17.656,-178.76,"208 km ENE of Levuka, Fiji"
2004,6.1,12,-20.252,-126.928,South Pacific Ocean
2004,6.2,13,30.694,83.672,"213 km NE of Jumla, Nepal"
2004,6,10,-25.055,-115.964,southern East Pacific Rise
2004,6.4,128.5,47.198,151.303,Kuril Islands
2004,6.2,10,-49.581,163.669,"Auckland Islands, New Zealand region"
2004,6.3,90.8,0.797,124.726,"58 km S of Tomohon, Indonesia"
2004,6.3,9,10.738,-87.043,"129 km SSW of Masachapa, Nicaragua"
2004,6.8,19.9,55.072,-134.532,"98 km WSW of Craig, Alaska"
2004,6.1,70.5,-6.711,130.375,"289 km WSW of Tual, Indonesia"
2004,6.1,37.8,-38.854,-73.155,"15 km S of Carahue, Chile"
2004,6.9,188.6,55.682,160.003,"24 km ENE of Atlasovo, Russia"
2004,6.4,10,-51.603,139.615,western Indian-Antarctic Ridge
2004,6.2,43.1,-32.875,-179.447,south of the Kermadec Islands
2004,6.5,16,34.251,141.406,"140 km SE of Katsuura, Japan"
2004,6.3,17,36.29,51.61,"41 km SSE of Nowshahr, Iran"
2004,6.2,20,22.662,121.505,"107 km NE of Hengchun, Taiwan"
2004,6.4,10,-3.584,150.73,"111 km S of Kavieng, Papua New Guinea"
2004,6.1,21,0.415,97.825,"181 km SW of Sibolga, Indonesia"
2004,6.3,14,-21.988,170.276,"252 km E of Tadine, New Caledonia"
2004,6.6,21,-37.695,-73.406,"11 km N of Cañete, Chile"
2004,6.2,10,10.805,-85.995,"49 km SW of La Cruz, Costa Rica"
2004,6,10,-17.757,167.756,"59 km W of Port-Vila, Vanuatu"
2004,6.1,8,-21.899,-174.822,"64 km SSE of ‘Ohonua, Tonga"
2004,6.7,65.8,-9.362,122.839,"105 km WNW of Naisano Dua, Indonesia"
2004,6,35,-3.355,146.853,"153 km SSW of Lorengau, Papua New Guinea"
2004,6,10,-17.587,167.888,"48 km WNW of Port-Vila, Vanuatu"
2004,6,44.5,-5.214,102.718,"southern Sumatra, Indonesia"
2004,6,10,-24.522,-175.879,south of Tonga
2004,6.3,10,-19.374,169.631,"41 km ENE of Isangel, Vanuatu"
2004,6,12.2,71.067,-7.747,"38 km ENE of Olonkinbyen, Svalbard and Jan Mayen"
2004,6.2,51.3,55.226,162.659,"112 km S of Ust’-Kamchatsk Staryy, Russia"
2004,6,143.5,-17.848,-174.559,"107 km NW of Neiafu, Tonga"
2004,6.1,41.8,42.918,144.836,"38 km E of Kushiro, Japan"
2004,6.2,20,-3.729,140.081,"139 km SSW of Abepura, Indonesia"
2004,6.5,228.4,-13.174,167.198,"86 km NNW of Sola, Vanuatu"
2004,6.4,10,-36.256,-97.827,West Chile Rise
2004,6.6,187.1,36.512,71.029,Afghanistan-Tajikistan-Pakistan region
2004,6.2,8,-20.436,-173.936,"81 km SSE of Pangai, Tonga"
2004,6,31,36.428,141.008,"37 km ESE of Hitachi, Japan"
2004,6,8,33.954,89.179,western Xizang
2004,6.2,10,-23.759,-176.002,"289 km SSW of ‘Ohonua, Tonga"
2004,6.1,24.5,34.589,23.326,"74 km WSW of Kastrí, Greece"
2004,6.1,289.8,-21.118,-65.586,"38 km NNE of Tupiza, Bolivia"
2004,6.1,12,-17.267,-172.316,"214 km SE of Hihifo, Tonga"
2004,6,271.5,-15.579,-175.096,"145 km WNW of Hihifo, Tonga"
2004,6.2,18.4,-32.265,-178.358,south of the Kermadec Islands
2004,6,10,10.48,-43.919,northern Mid-Atlantic Ridge
2004,6,7,-32.381,-178.191,south of the Kermadec Islands
2004,6.2,28,11.61,-86.767,"33 km SW of Masachapa, Nicaragua"
2004,6,10,-53.159,159.651,Macquarie Island region
2004,6.3,10,-18.171,66.419,Mauritius - Reunion region
2004,6.4,0,35.142,-3.997,"11 km SSW of Tirhanimîne, Morocco"
2004,6.3,31,-14.74,-175.63,"171 km SSE of Mata-Utu, Wallis and Futuna"
2004,6,42,-1.559,100.488,"69 km SSE of Padang, Indonesia"
2004,6.6,10,-58.425,-14.963,east of the South Sandwich Islands
2004,6,84,-11.608,166.45,"120 km SE of Lata, Solomon Islands"
2004,6.7,25.7,-3.665,135.339,"38 km SSW of Nabire, Indonesia"
2004,7.3,10,-4.003,135.023,"Near the south coast of Papua, Indonesia"
2004,7,16.6,-3.615,135.538,"28 km S of Nabire, Indonesia"
2004,6.1,29.2,8.358,-82.877,"2 km S of Finca Blanco, Panama"
2004,6.1,10,-50.206,-114.78,southern East Pacific Rise
2004,6.7,17.4,-3.12,127.4,"107 km NW of Ambon, Indonesia"
2004,6.7,129.8,-16.83,-174.196,"105 km SSW of Hihifo, Tonga"
2004,6.2,10,7.641,-37.704,central Mid-Atlantic Ridge
2004,6.2,10,-3.528,151.064,"109 km SSE of Kavieng, Papua New Guinea"
2004,6,673.1,-20.14,-179.154,"280 km SE of Levuka, Fiji"
2004,6.2,5.3,-36.696,53.352,South Indian Ocean
2004,6.3,57.7,-6.072,149.401,"22 km NW of Kandrian, Papua New Guinea"
2004,6.1,10,-22.438,169.919,"232 km ESE of Tadine, New Caledonia"
2004,7.1,22,-22.253,169.683,"202 km ESE of Tadine, New Caledonia"
2004,6.4,10,-22.324,169.616,southeast of the Loyalty Islands
2004,6.1,10,-22.163,169.55,"185 km ESE of Tadine, New Caledonia"
2004,6,10,-22.376,169.728,"211 km ESE of Tadine, New Caledonia"
2004,6.1,29.4,17.488,-101.303,"6 km SW of Petatlán, Mexico"
2003,6.1,33,42.423,144.613,"64 km SSE of Kushiro, Japan"
2003,6.3,10,-21.648,169.766,"195 km E of Tadine, New Caledonia"
2003,6.7,10,-21.672,169.835,"202 km E of Tadine, New Caledonia"
2003,7.3,10,-22.015,169.766,"201 km ESE of Tadine, New Caledonia"
2003,6.1,10,-22.107,169.35,"164 km ESE of Tadine, New Caledonia"
2003,6.8,10,-22.273,169.314,"168 km ESE of Tadine, New Caledonia"
2003,6.6,10,28.995,58.311,"13 km SSW of Bam, Iran"
2003,6,10,-22.305,169.531,"190 km ESE of Tadine, New Caledonia"
2003,6.5,10,-22.252,169.488,"183 km ESE of Tadine, New Caledonia"
2003,6,34.6,-34.954,-178.249,south of the Kermadec Islands
2003,6.5,33,8.416,-82.824,"3 km SSE of Progreso, Panama"
2003,6.5,8.382,35.7,-121.1,"10 km NE of San Simeon, California"
2003,6.6,10,-0.769,-20.601,central Mid-Atlantic Ridge
2003,6.8,10,23.039,121.362,"92 km E of Yujing, Taiwan"
2003,6.2,33,51.334,-179.272,"192 km WSW of Adak, Alaska"
2003,6.7,10,55.538,165.78,"220 km ESE of Ust’-Kamchatsk Staryy, Russia"
2003,6,10,42.905,80.515,"106 km E of Kegen, Kazakhstan"
2003,6.6,35,-5.581,150.88,"82 km E of Kimbe, Papua New Guinea"
2003,6.5,35,12.025,125.416,"4 km NW of Can-Avid, Philippines"
2003,7.8,33,51.146,178.65,"Rat Islands, Aleutian Islands, Alaska"
2003,6.1,10,-16.737,172.331,Vanuatu region
2003,6,10,-54.213,143.824,west of Macquarie Island
2003,6.4,384.9,33.171,137.072,"118 km ESE of Shing?, Japan"
2003,6.2,33,1.593,126.48,"134 km NW of Ternate, Indonesia"
2003,6,101,22.321,143.246,"Volcano Islands, Japan region"
2003,6.1,33,-30.659,-179.376,Kermadec Islands region
2003,6.1,33,-30.616,-179.01,Kermadec Islands region
2003,6.6,10,-0.674,-19.689,central Mid-Atlantic Ridge
2003,6.6,113.7,-19.262,168.892,"51 km NW of Isangel, Vanuatu"
2003,6,33,4.973,-77.77,"44 km W of Pizarro, Colombia"
2003,6.4,10,-45.19,166.535,"96 km WNW of Te Anau, New Zealand"
2003,7,10,37.812,142.619,"133 km ESE of Ishinomaki, Japan"
2003,6,65,-5.376,151.509,"141 km SW of Kokopo, Papua New Guinea"
2003,6.3,53.5,-6.058,147.727,"56 km NNW of Finschhafen, Papua New Guinea"
2003,6.4,33,0.444,126.103,"147 km WSW of Ternate, Indonesia"
2003,6.4,133,-5.471,154.155,"174 km WNW of Panguna, Papua New Guinea"
2003,6,582.6,-17.822,-178.704,"211 km E of Levuka, Fiji"
2003,6,10,-15.937,-178.426,"183 km S of Alo, Wallis and Futuna"
2003,6.2,33,13.755,119.939,"18 km WSW of Tagbak, Philippines"
2003,6.7,32,42.648,144.57,"39 km SSE of Kushiro, Japan"
2003,6.2,10,-16.526,-170.192,"246 km SSE of Vaitogi, American Samoa"
2003,6.7,10,50.211,87.721,"9 km S of Aktash, Russia"
2003,6,33,-30.494,-177.18,"Kermadec Islands, New Zealand"
2003,6.4,10,-30.437,-177.398,"Kermadec Islands, New Zealand"
2003,6,10,-60.318,-33.401,Scotia Sea
2003,6.5,25,42.45,144.38,"58 km S of Kushiro, Japan"
2003,6.4,10,50.091,87.765,"23 km S of Aktash, Russia"
2003,7.3,16,50.038,87.813,"29 km S of Aktash, Russia"
2003,6,33,41.988,144.576,"110 km S of Kushiro, Japan"
2003,7.4,33,41.774,143.593,"119 km ESE of Shizunai-furukawach?, Japan"
2003,8.16,27,41.815,143.91,2003 Tokachi-Oki Earthquake
2003,6.4,10,19.777,-70.673,"2 km SE of Puerto Plata, Dominican Republic"
2003,6,10,-1.007,-14.059,north of Ascension Island
2003,6.6,10,19.917,95.672,"16 km SE of Taungdwingyi, Myanmar"
2003,6,50.4,-5.273,151.502,"133 km SW of Kokopo, Papua New Guinea"
2003,6,10,-8.205,156.159,"76 km W of Gizo, Solomon Islands"
2003,6.4,33,-22.472,172.123,southeast of the Loyalty Islands
2003,6.1,10,-4.623,-106.045,central East Pacific Rise
2003,6.4,10,-15.229,-173.223,"101 km NE of Hihifo, Tonga"
2003,6.2,481.1,43.393,132.267,"6 km E of Knevichi, Russia"
2003,6,137,-14.796,167.238,"32 km NNE of Port-Olry, Vanuatu"
2003,6,409.2,-7.324,126.051,"131 km N of Manatutu, Timor Leste"
2003,6.2,10,-49.816,-114.811,southern East Pacific Rise
2003,6,100,14.034,-91.069,"5 km SSW of La Gomera, Guatemala"
2003,7.2,28,-45.104,167.144,"56 km NW of Te Anau, New Zealand"
2003,6.3,10,39.16,20.605,"8 km S of Kanaláki, Greece"
2003,6,100.2,12.124,93.53,"99 km ENE of Port Blair, India"
2003,6,10,-56.906,147.611,west of Macquarie Island
2003,6,10,1.142,128.152,"66 km SSE of Tobelo, Indonesia"
2003,7.6,10,-60.532,-43.411,Scotia Sea
2003,6,345.3,-20.134,-65.185,"56 km N of Camargo, Bolivia"
2003,6.8,470.3,47.151,139.248,"97 km NE of Svetlaya, Russia"
2003,6.6,212.9,-21.08,-176.585,"142 km W of Haveluloto, Tonga"
2003,6.1,6,38.415,140.996,"7 km NW of Matsushima, Japan"
2003,6.4,24,-1.528,149.694,"168 km NW of Kavieng, Papua New Guinea"
2003,6,33,-15.416,166.142,"108 km WSW of Port-Olry, Vanuatu"
2003,6,10,25.975,101.29,"75 km SSW of Dadukou, China"
2003,6.4,189.6,-5.481,148.853,"111 km NW of Kandrian, Papua New Guinea"
2003,6,10,18.507,-107.129,"241 km SW of La Cruz de Loreto, Mexico"
2003,7.6,10,-2.598,68.382,Carlsberg Ridge
2003,6.5,33,-3.828,152.174,"41 km N of Rabaul, Papua New Guinea"
2003,6.1,10,-5.473,151.691,"140 km SSW of Kokopo, Papua New Guinea"
2003,6,10,-21.278,-174.522,"44 km E of ‘Ohonua, Tonga"
2003,6,33,12.803,124.898,"22 km NW of Cabodiongan, Philippines"
2003,6,635.4,4.529,122.511,"179 km SSE of Tabiauan, Philippines"
2003,6.3,10,-3.325,146.148,"189 km SW of Lorengau, Papua New Guinea"
2003,6,10,12.253,123.85,"4 km ENE of Miaga, Philippines"
2003,6.9,20,51.439,176.783,"291 km SE of Attu Station, Alaska"
2003,6.8,33,-30.608,-71.637,"42 km W of Ovalle, Chile"
2003,7.1,558.1,-7.606,-71.722,"105 km E of Cruzeiro do Sul, Brazil"
2003,6.9,174.8,55.492,159.999,"25 km ESE of Atlasovo, Russia"
2003,6.5,20,51.552,176.923,"293 km ESE of Attu Station, Alaska"
2003,6.3,186.3,-5.985,154.758,"88 km WNW of Panguna, Papua New Guinea"
2003,6,44.5,23.52,121.628,"50 km S of Hualien City, Taiwan"
2003,6.6,33,-5.095,152.502,"87 km SSE of Kokopo, Papua New Guinea"
2003,6,33,-17.36,-72.807,"81 km SSW of Quilca, Peru"
2003,6.2,10,-17.646,66.116,Mauritius - Reunion region
2003,6.9,565.8,6.761,123.707,"34 km W of Gadung, Philippines"
2003,7,31,2.354,128.855,"116 km NE of Tobelo, Indonesia"
2003,7,68,38.849,141.568,"27 km SSW of ?funato, Japan"
2003,6.8,12,36.964,3.634,"25 km WNW of Dellys, Algeria"
2003,6.1,10,17.546,-105.473,"201 km SSW of Barra de Navidad, Mexico"
2003,6,563.8,-18.044,-178.67,"213 km E of Levuka, Fiji"
2003,6,79.1,-8.06,107.315,"96 km S of Banjar, Indonesia"
2003,6.7,41.5,18.266,-58.633,North Atlantic Ocean
2003,6.3,33,-17.287,167.744,"78 km NW of Port-Vila, Vanuatu"
2003,6.1,30.2,-0.988,126.938,"202 km SSW of Ternate, Indonesia"
2003,6.3,10,-48.209,32.272,Prince Edward Islands region
2003,6.2,56,3.715,127.954,"219 km N of Tobelo, Indonesia"
2003,6.4,123.6,0.215,127.354,"62 km SSW of Sofifi, Indonesia"
2003,6.4,45.6,-30.587,-178.29,"Kermadec Islands, New Zealand"
2003,6,33,-11.287,166.314,"83 km SE of Lata, Solomon Islands"
2003,6.7,62.4,-30.531,-178.232,"Kermadec Islands, New Zealand"
2003,6.2,33,-15.143,-173.747,"89 km N of Hihifo, Tonga"
2003,6.4,10,39.007,40.464,"13 km N of Bingöl, Turkey"
2003,6,62.5,43.706,147.805,"87 km E of Shikotan, Russia"
2003,6,559.9,-8.195,-71.592,"91 km W of Tarauacá, Brazil"
2003,6.3,77.4,-20.944,169.773,"163 km SSE of Isangel, Vanuatu"
2003,6.1,43.8,48.764,154.991,"227 km SSW of Severo-Kuril’sk, Russia"
2003,6.5,10,-54.624,1.432,Bouvet Island region
2003,6.4,14,37.529,96.476,"278 km SSW of Laojunmiao, China"
2003,6.2,10,7.033,-82.353,"124 km SSE of Punta de Burica, Panama"
2003,6.3,10,35.28,-35.729,northern Mid-Atlantic Ridge
2003,6.2,46.8,-6.183,151.429,"159 km ESE of Kimbe, Papua New Guinea"
2003,6.2,33,-3.169,127.542,"92 km NW of Ambon, Indonesia"
2003,6.2,41.2,-15.324,-173.508,"76 km NNE of Hihifo, Tonga"
2003,6.5,33,-8.294,120.743,"46 km NE of Ruteng, Indonesia"
2003,6.2,33.5,-9.388,156.587,"144 km S of Gizo, Solomon Islands"
2003,6.2,33,51.295,177.971,"Rat Islands, Aleutian Islands, Alaska"
2003,7.1,33,51.272,177.978,"Rat Islands, Aleutian Islands, Alaska"
2003,6.1,30.2,52.249,160.387,"147 km SE of Petropavlovsk-Kamchatsky, Russia"
2003,6.4,274.9,-17.416,-175.183,"186 km NW of Neiafu, Tonga"
2003,6.3,33,-0.406,132.951,"133 km WNW of Manokwari, Indonesia"
2003,6.4,10,26.556,-110.587,"87 km SW of Paredón Colorado, Mexico"
2003,6.8,40.2,-4.694,153.238,"114 km ESE of Kokopo, Papua New Guinea"
2003,6.4,93.8,1.692,127.296,"Halmahera, Indonesia"
2003,6,45.9,-6.82,130.985,"235 km SW of Tual, Indonesia"
2003,6.2,10,-36.958,-20.879,southern Mid-Atlantic Ridge
2003,6,28.1,-1.699,134.313,"96 km SSE of Manokwari, Indonesia"
2003,6.3,11,39.61,77.23,"107 km E of Kashgar, China"
2003,6.6,19,53.645,-164.643,"92 km SE of Akutan, Alaska"
2003,6.3,10,12.168,124.079,"11 km SSW of San Vicente, Philippines"
2003,6.2,10,-3.652,144.242,"49 km NNE of Angoram, Papua New Guinea"
2003,6.3,33,-6.011,149.792,"34 km NE of Kandrian, Papua New Guinea"
2003,6.4,10,-46.048,35.057,Prince Edward Islands region
2003,6.1,10,39.5,39.878,"2 km NW of Pulumer, Turkey"
2003,7.6,24,18.77,-104.104,"16 km SSW of Cuyutlán, Mexico"
2003,6.5,24,13.626,-90.774,"33 km S of Puerto San José, Guatemala"
2003,7.3,33,-10.491,160.77,"126 km W of Kirakira, Solomon Islands"
2003,6.3,10,44.284,-129.024,off the coast of Oregon
2003,6.7,71.9,-5.311,153.701,"191 km SE of Kokopo, Papua New Guinea"
2003,6,10,-19.664,-176.295,"199 km NW of Nuku‘alofa, Tonga"
2003,6,10,15.651,119.658,"25 km WSW of Bolitoc, Philippines"
2003,6.5,378,-20.57,-177.661,"262 km WNW of Haveluloto, Tonga"
2002,6.3,10,7.471,123.407,"0 km NNW of Tabina, Philippines"
2002,6,33,16.957,-85.578,"63 km NNE of Savannah Bight, Honduras"
2002,6.3,33,-3.076,147.943,"137 km SSE of Lorengau, Papua New Guinea"
2002,6.1,10,-57.092,-24.981,South Sandwich Islands region
2002,6.2,10,-56.952,-24.825,South Sandwich Islands region
2002,6.7,34,-4.786,153.275,"New Ireland region, Papua New Guinea"
2002,6.3,10,-3.81,135.123,"65 km SW of Nabire, Indonesia"
2002,6.1,530.6,-24.139,179.24,south of the Fiji Islands
2002,6,10,-50.028,-114.121,southern East Pacific Rise
2002,6.1,20.6,51.465,-173.537,"93 km SSE of Atka, Alaska"
2002,6.3,33,35.414,74.515,"58 km SSE of Gilgit, Pakistan"
2002,7.3,459.1,47.824,146.209,"262 km E of Dolinsk, Russia"
2002,6.6,10,-56.051,-36.404,South Georgia Island region
2002,6.2,120,-56.55,-27.536,South Sandwich Islands region
2002,6,33,13.743,-91.187,"40 km SSW of La Gomera, Guatemala"
2002,6.6,33,51.197,179.334,"289 km WSW of Adak, Alaska"
2002,7.9,4.2,63.514,-147.453,"2002 Denali Fault, Alaska Earthquake"
2002,6.4,39,38.886,141.977,"30 km SE of ?funato, Japan"
2002,6.3,27,2.954,96.394,"52 km N of Sinabang, Indonesia"
2002,7.4,30,2.824,96.085,"50 km NW of Sinabang, Indonesia"
2002,6.1,10,-3.441,148.638,"217 km SE of Lorengau, Papua New Guinea"
2002,6.2,11,-1.884,29.004,"34 km SW of Goma, Democratic Republic of the Congo"
2002,6.6,4.2,63.514,-147.912,"53 km ENE of Cantwell, Alaska"
2002,6.2,549,-20.633,-178.391,Fiji region
2002,6.3,33,44.297,149.96,"194 km ESE of Kuril’sk, Russia"
2002,6,33,-3.667,140.312,"123 km SSW of Abepura, Indonesia"
2002,6.1,10,-57.185,-142.751,Pacific-Antarctic Ridge
2002,6.3,33,-3.597,140.226,"119 km SSW of Abepura, Indonesia"
2002,6.2,627.6,-19.842,-178.401,Fiji region
2002,6,33,-15.676,-173.048,Tonga
2002,6.2,102.4,51.952,157.323,"76 km NE of Ozernovskiy, Russia"
2002,6.1,61.4,41.174,142.249,"87 km E of Mutsu, Japan"
2002,6.1,10,-14.596,-175.416,"166 km SSE of Mata-Utu, Wallis and Futuna"
2002,6.1,33,15.096,118.504,"155 km WSW of Palauig, Philippines"
2002,6.9,534.3,-8.295,-71.738,"108 km W of Tarauacá, Brazil"
2002,6,10,-1.478,134.111,"68 km S of Manokwari, Indonesia"
2002,6,10,-1.401,133.934,"61 km SSW of Manokwari, Indonesia"
2002,6.7,10,-1.511,133.973,"72 km S of Manokwari, Indonesia"
2002,7.6,10,-1.757,134.297,"102 km SSE of Manokwari, Indonesia"
2002,6,10,-42.039,88.379,southeast Indian Ridge
2002,6.3,10,-8.197,118.341,"39 km NNW of Dompu, Indonesia"
2002,6.3,621.1,-20.991,-179.016,Fiji region
2002,6,315.8,-7.526,115.663,"90 km NE of Singaraja, Indonesia"
2002,6.5,10,23.324,-108.53,"111 km ESE of La Rivera, Mexico"
2002,6.3,19,-10.65,161.21,"80 km WSW of Kirakira, Solomon Islands"
2002,6.3,10,-10.565,161.11,"89 km W of Kirakira, Solomon Islands"
2002,6.1,10,-10.535,161.2,"79 km W of Kirakira, Solomon Islands"
2002,6.3,119.6,-31.519,-69.2,"29 km SE of Calingasta, Argentina"
2002,6.4,10,-1.68,134.234,"92 km SSE of Manokwari, Indonesia"
2002,6,10,-1.743,134.013,"97 km S of Manokwari, Indonesia"
2002,6,10,-3.284,142.769,"49 km ESE of Aitape, Papua New Guinea"
2002,6.3,10,-3.313,142.679,"41 km ESE of Aitape, Papua New Guinea"
2002,6.4,586.3,44.833,129.923,"21 km ENE of Chaihe, China"
2002,6.5,21,13.036,93.068,"152 km NNE of Bamboo Flat, India"
2002,7.6,13,-3.302,142.945,"68 km ESE of Aitape, Papua New Guinea"
2002,6,618.8,-22.836,178.933,south of the Fiji Islands
2002,6,209.9,-20.275,-176.036,"129 km NW of Nuku‘alofa, Tonga"
2002,6,5,38.381,13.701,"34 km NNE of Santa Flavia, Italy"
2002,6,10,14.284,51.945,"214 km S of Al Ghayz?ah, Yemen"
2002,6.1,42.6,43.11,146.118,"50 km ESE of Nemuro, Japan"
2002,6.3,9,30.986,141.966,"Izu Islands, Japan region"
2002,6.1,677.4,-23.899,178.375,south of the Fiji Islands
2002,7.7,675.4,-23.884,178.495,south of the Fiji Islands
2002,7.7,580,-21.696,-179.513,Fiji region
2002,6.2,10,-1.196,121.333,"68 km ENE of Poso, Indonesia"
2002,6.5,30,14.101,146.199,"114 km SSE of San Jose Village, Northern Mariana Islands"
2002,6.3,10,7.831,136.88,"231 km SW of Colonia, Micronesia"
2002,6,112.2,-19.506,169.036,"26 km W of Isangel, Vanuatu"
2002,6.1,364.1,-16.309,-176.172,"257 km W of Hihifo, Tonga"
2002,6,10,7.851,-82.895,"20 km S of Punta de Burica, Panama"
2002,6,10,-35.457,-16.238,southern Mid-Atlantic Ridge
2002,6.3,426.1,29.28,138.97,"Izu Islands, Japan region"
2002,6.5,10,7.929,-82.793,"14 km SE of Punta de Burica, Panama"
2002,6.2,33,-57.889,-23.242,South Sandwich Islands region
2002,6.1,10,-56.623,-140.69,Pacific-Antarctic Ridge
2002,6.2,31.2,-5.032,147.336,"173 km E of Madang, Papua New Guinea"
2002,6.5,620.4,-22.201,179.25,south of the Fiji Islands
2002,6.2,33,-12.4,166.524,"197 km NW of Sola, Vanuatu"
2002,7.3,566,43.752,130.666,"50 km SW of Dongning, China"
2002,6,186.7,-13.275,167.051,"85 km NW of Sola, Vanuatu"
2002,6.5,11,-6.963,104.181,"193 km WSW of Labuan, Indonesia"
2002,6.5,10,35.626,49.047,"59 km SSW of Abhar, Iran"
2002,6,33,-4.495,146.768,"135 km NE of Madang, Papua New Guinea"
2002,6.6,54,-30.805,-71.124,"20 km SW of Monte Patria, Chile"
2002,6.7,33,-12.592,166.383,"190 km NW of Sola, Vanuatu"
2002,6,10,-4.651,-105.379,central East Pacific Rise
2002,6.4,35,8.784,-83.992,"55 km WSW of Ciudad Cortés, Costa Rica"
2002,6.6,10,-47.801,99.751,southeast Indian Ridge
2002,6.1,33,10.985,140.69,"136 km N of Fais, Micronesia"
2002,6.3,10,-0.879,148.33,"173 km NE of Lorengau, Papua New Guinea"
2002,6.1,33,24.069,122.264,"67 km E of Hualien City, Taiwan"
2002,6,22.2,-28.937,-66.797,"39 km S of Arauco, Argentina"
2002,6.4,33,53.815,-161.116,"159 km SSE of King Cove, Alaska"
2002,6,52.1,-30.749,-71.197,"16 km S of Ovalle, Chile"
2002,6.2,10,24.636,121.922,"21 km SE of Yilan, Taiwan"
2002,6.2,10,-36.518,78.932,Mid-Indian Ridge
2002,6.2,130.8,-17.948,-174.573,"99 km NW of Neiafu, Tonga"
2002,7.1,85.7,13.088,144.619,"20 km SSW of Merizo Village, Guam"
2002,6.2,10,-56.135,-122.312,southern East Pacific Rise
2002,6,33,-16.382,173.259,Fiji region
2002,6.7,62,-27.535,-70.586,"31 km SW of Copiapó, Chile"
2002,6.8,24.9,16.985,-100.865,"27 km SSW of Nuxco, Mexico"
2002,6.2,10,-14.392,167.687,"58 km SSE of Sola, Vanuatu"
2002,6.2,10,-51.068,139.269,western Indian-Antarctic Ridge
2002,6.2,10,-60.94,154.25,west of Macquarie Island
2002,6.4,71,-29.67,-71.384,"29 km NNW of La Serena, Chile"
2002,7.1,32.8,24.279,122.179,"67 km ENE of Hualien City, Taiwan"
2002,6.5,125.1,-21.663,-68.329,"107 km NE of Calama, Chile"
2002,6.4,33,23.346,124.09,"110 km S of Ishigaki, Japan"
2002,6.1,8,36.062,69.315,"16 km E of Nahr?n, Afghanistan"
2002,6.1,148.1,-6.486,129.901,Banda Sea
2002,6,10,-45.221,35.105,Prince Edward Islands region
2002,6,118.4,-56.019,-27.332,South Sandwich Islands region
2002,6,23.3,5.871,124.274,"28 km SSW of Maguling, Philippines"
2002,7.5,31,6.033,124.249,"Mindanao, Philippines"
2002,7.4,225.6,36.502,70.482,"51 km SW of Jurm, Afghanistan"
2002,6.3,209,36.429,70.438,"54 km ESE of Farkh?r, Afghanistan"
2002,6.3,40.2,-5.685,151.258,"125 km E of Kimbe, Papua New Guinea"
2002,6.1,10,-3.731,150.992,"129 km S of Kavieng, Papua New Guinea"
2002,6,10,-36.231,-100.301,southeast of Easter Island
2002,6.6,39,-5.345,151.248,"125 km E of Kimbe, Papua New Guinea"
2002,6,10,38.632,30.902,"11 km WNW of Çay, Turkey"
2002,6.5,5,38.573,31.271,"5 km NE of Sultanda??, Turkey"
2002,6,33,-6.252,150.887,"113 km SE of Kimbe, Papua New Guinea"
2002,6.2,33,-15.304,-173.225,"94 km NE of Hihifo, Tonga"
2002,6.1,33,49.381,155.594,"148 km SSW of Severo-Kuril’sk, Russia"
2002,6.2,88,35.79,26.617,"49 km NW of Fry, Greece"
2002,6.4,80.2,15.502,-93.133,"2 km SW of Las Brisas, Mexico"
2002,6.2,41.1,-5.527,151.097,"106 km E of Kimbe, Papua New Guinea"
2002,6.1,10,-6.314,105.205,"69 km W of Labuan, Indonesia"
2002,6,10,-17.334,167.722,"77 km NW of Port-Vila, Vanuatu"
2002,6.4,43.6,-5.651,151.074,"104 km E of Kimbe, Papua New Guinea"
2002,6.7,11,-3.212,142.427,"11 km SE of Aitape, Papua New Guinea"
2002,6.6,10,-17.664,168.004,"33 km WNW of Port-Vila, Vanuatu"
2002,6.2,129.3,36.088,70.687,"77 km NNW of P?r?n, Afghanistan"
2002,7.2,21,-17.6,167.856,"50 km WNW of Port-Vila, Vanuatu"
2002,6.2,665.8,-17.983,178.744,"36 km ENE of Suva, Fiji"
2002,6.3,138.1,6.303,125.65,"3 km S of Lais, Philippines"
2002,6,10,-55.214,-129.0,Pacific-Antarctic Ridge
2001,6,160.6,-8.357,-74.22,"35 km E of San Fernando, Peru"
2001,6.2,153.2,-14.647,167.262,"48 km NNE of Port-Olry, Vanuatu"
2001,6.8,16,-9.613,159.53,"22 km WNW of Malango, Solomon Islands"
2001,6,74.2,-10.91,165.863,"21 km SSE of Lata, Solomon Islands"
2001,6.8,14,23.954,122.734,"62 km SSW of Yonakuni, Japan"
2001,7.1,10,-42.813,124.688,south of Australia
2001,6.1,33,-17.189,167.721,"87 km NW of Port-Vila, Vanuatu"
2001,6.1,156.3,-0.002,122.87,"63 km SSW of Gorontalo, Indonesia"
2001,6.2,33,28.251,129.574,"15 km SE of Naze, Japan"
2001,6.4,10,-16.496,-177.54,"249 km SSE of Alo, Wallis and Futuna"
2001,6.5,123.8,39.402,141.089,"3 km NW of Hanamaki, Japan"
2001,6,100.5,-12.738,166.664,"158 km NW of Sola, Vanuatu"
2001,6.4,84.9,15.571,-93.106,"2 km ESE of El Carmen, Mexico"
2001,6,10,-33.228,-178.573,south of the Kermadec Islands
2001,6.1,106.5,36.392,71.506,"32 km S of Ashk?sham, Afghanistan"
2001,6.2,10,-16.242,178.054,"141 km W of Labasa, Fiji"
2001,6.3,10,-16.255,178.019,"145 km W of Labasa, Fiji"
2001,6.2,33,-6.88,128.921,"279 km NE of Lospalos, Timor Leste"
2001,6.3,10,-1.587,-15.578,north of Ascension Island
2001,7.8,10,35.946,90.541,"Southern Qinghai, China"
2001,6,33,53.627,170.551,"196 km WNW of Attu Station, Alaska"
2001,6.1,33,22.371,-106.973,"109 km SW of Barrón, Mexico"
2001,6.1,10,9.643,-82.3,"33 km NE of Changuinola, Panama"
2001,6.3,564.1,-17.289,-179.251,"174 km ENE of Levuka, Fiji"
2001,7,33,-5.912,150.196,"40 km S of Kimbe, Papua New Guinea"
2001,6.1,33,-18.494,168.108,"86 km SSW of Port-Vila, Vanuatu"
2001,6.7,18,-37.137,178.982,"178 km ENE of Opotiki, New Zealand"
2001,7.5,33,-4.102,123.907,"155 km E of Kendari, Indonesia"
2001,6,33,19.354,-64.932,"112 km N of Charlotte Amalie, U.S. Virgin Islands"
2001,6,33,0.839,125.98,"129 km ESE of Tondano, Indonesia"
2001,7,37,12.686,144.98,"69 km SSE of Inarajan Village, Guam"
2001,6.1,20,52.63,-132.2,"225 km SSW of Prince Rupert, Canada"
2001,6.4,33,52.631,160.214,"114 km ESE of Petropavlovsk-Kamchatsky, Russia"
2001,6.5,48.5,52.591,160.324,"123 km ESE of Petropavlovsk-Kamchatsky, Russia"
2001,6.2,10,-3.296,142.934,"67 km ESE of Aitape, Papua New Guinea"
2001,6.2,106.9,-16.183,-173.82,"25 km S of Hihifo, Tonga"
2001,6.2,33,-18.419,168.121,"78 km SSW of Port-Vila, Vanuatu"
2001,6.4,33,-18.503,168.159,"86 km S of Port-Vila, Vanuatu"
2001,6,131.8,-7.506,127.739,"138 km NE of Lospalos, Timor Leste"
2001,6,10,-22.393,-175.01,"117 km S of ‘Ohonua, Tonga"
2001,6,10,48.69,-128.71,"211 km WSW of Tofino, Canada"
2001,6.5,608.1,-20.993,-179.109,Fiji region
2001,6.5,33,-0.578,133.13,"108 km WNW of Manokwari, Indonesia"
2001,6.3,10,-54.356,-137.016,Pacific-Antarctic Ridge
2001,6.1,10,0.889,82.501,North Indian Ocean
2001,6.1,33,1.091,126.36,"118 km WNW of Ternate, Indonesia"
2001,6.1,24.5,7.633,-82.766,"45 km SSE of Punta de Burica, Panama"
2001,6.2,10,-3.373,146.311,"182 km SW of Lorengau, Papua New Guinea"
2001,7.1,33,-36.813,-179.575,"295 km NE of Gisborne, New Zealand"
2001,6.4,38,41.046,142.308,"87 km ENE of Misawa, Japan"
2001,6.7,10,-55.537,-123.422,southern East Pacific Rise
2001,6.3,14,56.26,163.79,"81 km E of Ust’-Kamchatsk Staryy, Russia"
2001,6.6,131.8,58.775,-154.701,"74 km S of Kokhanok, Alaska"
2001,6.5,10,39.059,24.244,"32 km WNW of Skýros, Greece"
2001,6.4,33,-19.448,-69.255,"126 km NE of Iquique, Chile"
2001,6,33,-5.147,132.338,"70 km NW of Tual, Indonesia"
2001,6.2,10,-6.663,152.108,"250 km ESE of Kimbe, Papua New Guinea"
2001,7.6,33,-17.543,-72.077,"51 km SW of Punta de Bombón, Peru"
2001,6.6,62,-16.086,-73.987,"31 km S of Achanizo, Peru"
2001,6.2,33,-17.003,-65.711,"41 km NNE of Colomi, Bolivia"
2001,6.5,184.6,-21.725,-176.705,"167 km WSW of Haveluloto, Tonga"
2001,6.5,290,21.641,142.984,Mariana Islands region
2001,6.1,28,-4.312,152.956,"76 km E of Kokopo, Papua New Guinea"
2001,6.1,273.9,-19.522,-66.254,"53 km W of Potosí, Bolivia"
2001,6.1,10,-4.07,-104.469,central East Pacific Rise
2001,6.7,24,-17.745,-71.649,"34 km WSW of Pacocha, Peru"
2001,6,33,44.189,148.51,"125 km SSE of Kuril’sk, Russia"
2001,6.1,33,-17.181,-72.641,"56 km SSW of Quilca, Peru"
2001,8.4,33,-16.265,-73.641,"6 km SSW of Atico, Peru"
2001,6,146.6,-22.739,-67.877,"38 km ENE of San Pedro de Atacama, Chile"
2001,6,10,-14.889,-173.339,"127 km NNE of Hihifo, Tonga"
2001,6,10,13.903,51.679,"199 km NNW of Kilmia, Yemen"
2001,6,33,18.833,146.983,"Pagan region, Northern Mariana Islands"
2001,6.5,18,51.16,-179.828,"235 km WSW of Adak, Alaska"
2001,6,10,-6.815,146.41,"49 km NNW of Bulolo, Papua New Guinea"
2001,6.4,10,-6.884,146.388,"45 km NW of Bulolo, Papua New Guinea"
2001,7.2,178.1,-29.666,-178.633,"Kermadec Islands, New Zealand"
2001,6.4,14,-7.022,155.037,"92 km SSW of Panguna, Papua New Guinea"
2001,6,33,-6.609,132.346,"117 km SSW of Tual, Indonesia"
2001,6.4,406.5,-20.292,-177.842,Fiji region
2001,6.3,143.1,-7.869,110.179,"11 km NW of Srandakan, Indonesia"
2001,6.7,33,44.268,148.393,"114 km SSE of Kuril’sk, Russia"
2001,6.3,33,18.816,-104.446,"33 km SW of El Colomo, Mexico"
2001,6,368.7,-19.903,-177.515,"277 km WNW of Haveluloto, Tonga"
2001,6.3,67.9,-10.318,161.232,"76 km WNW of Kirakira, Solomon Islands"
2001,6.2,10,-56.186,-144.471,Pacific-Antarctic Ridge
2001,6.2,10,18.736,-104.545,"45 km SSW of El Naranjo, Mexico"
2001,6.9,351.8,-18.064,-176.937,Fiji region
2001,6,86,43.097,145.923,"37 km SE of Nemuro, Japan"
2001,6.7,17,-7.41,155.865,"128 km SSE of Panguna, Papua New Guinea"
2001,6.2,20,-7.306,155.965,"121 km SSE of Panguna, Papua New Guinea"
2001,6,12,-7.455,155.893,"126 km NW of Gizo, Solomon Islands"
2001,6,10,30.092,141.768,"Izu Islands, Japan region"
2001,6.2,26,-59.723,-25.586,South Sandwich Islands region
2001,6.7,11,-32.668,-73.109,"144 km WNW of Valparaíso, Chile"
2001,6.2,33,-27.554,-176.336,Kermadec Islands region
2001,6.4,33,-5.176,132.369,"65 km NW of Tual, Indonesia"
2001,6.8,50,34.083,132.526,"16 km SSW of Kure, Japan"
2001,6,33,44.071,148.054,"111 km ENE of Shikotan, Russia"
2001,6.5,33,-4.029,128.02,"41 km SSW of Ambon, Indonesia"
2001,6,37,-32.321,-71.492,"28 km WNW of La Ligua, Chile"
2001,6,33,8.656,94.013,"Nicobar Islands, India region"
2001,6,109.4,0.451,121.892,"130 km W of Gorontalo, Indonesia"
2001,6,10,-6.81,-12.911,"206 km NE of Georgetown, Saint Helena"
2001,6.4,10,-54.588,157.271,Macquarie Island region
2001,6.8,51.798,47.149,-122.727,"7 km SSE of Longbranch, Washington"
2001,6.1,65.3,13.283,-88.827,"24 km S of Zacatecoluca, El Salvador"
2001,6.3,10,-22.002,170.108,"235 km ESE of Tadine, New Caledonia"
2001,6.7,10,-21.986,170.207,"245 km E of Tadine, New Caledonia"
2001,6.1,392,46.815,144.525,"135 km E of Korsakov, Russia"
2001,6.2,202.5,36.424,70.881,"49 km S of Jurm, Afghanistan"
2001,6.2,33,1.555,126.431,"135 km NW of Ternate, Indonesia"
2001,7.1,35,1.271,126.249,"137 km WNW of Ternate, Indonesia"
2001,6,10,-47.456,32.386,Prince Edward Islands region
2001,6.2,20,53.92,-133.61,"151 km SSW of Hydaburg, Alaska"
2001,6.1,521,-7.161,117.488,"138 km N of Pototano, Indonesia"
2001,6.2,10,-19.691,177.39,"204 km SSW of Suva, Fiji"
2001,6.1,10,-19.494,177.33,"187 km S of Nadi, Fiji"
2001,7.4,36,-4.68,102.562,"102 km SSE of Bengkulu, Indonesia"
2001,6.6,10,13.671,-88.938,"5 km S of Cojutepeque, El Salvador"
2001,6,33,51.437,-177.797,"94 km WSW of Adak, Alaska"
2001,6.2,33,-0.677,133.334,"83 km WNW of Manokwari, Indonesia"
2001,7.7,16,23.419,70.232,"17 km NW of Bhach?u, India"
2001,6,33,-58.161,-9.472,east of the South Sandwich Islands
2001,6.3,50,-11.662,166.38,"121 km SSE of Lata, Solomon Islands"
2001,6,93.2,15.402,-92.718,"6 km NNE of Hidalgo, Mexico"
2001,6.9,28,-4.022,101.776,"59 km WSW of Bengkulu, Indonesia"
2001,6,33,-3.957,101.746,"60 km WSW of Bengkulu, Indonesia"
2001,6.4,10,-40.344,78.362,Mid-Indian Ridge
2001,7.7,60,13.049,-88.66,"28 km SSW of Puerto El Triunfo, El Salvador"
2001,6,10,48.89,-129.31,"247 km SW of Port McNeill, Canada"
2001,6.9,36.4,56.774,-153.281,"47 km S of Old Harbor, Alaska"
2001,7.1,103,-14.928,167.17,"16 km NE of Port-Olry, Vanuatu"
2001,6,33,-11.16,162.44,"96 km SE of Kirakira, Solomon Islands"
2001,6.4,33,6.749,126.809,"51 km SE of Lukatan, Philippines"
2001,6.8,33,6.631,126.899,"Mindanao, Philippines"
2001,7.5,33,6.898,126.579,"21 km SE of Lukatan, Philippines"
2000,6.2,33,-4.05,152.307,"23 km NE of Rabaul, Papua New Guinea"
2000,6,61.7,-7.873,135.816,"Kepulauan Aru region, Indonesia"
2000,6.2,140.4,44.79,147.196,"72 km SW of Kuril’sk, Russia"
2000,6,386.7,-5.354,154.133,"183 km NW of Panguna, Papua New Guinea"
2000,6.4,33,-5.706,151.122,"110 km E of Kimbe, Papua New Guinea"
2000,6.6,33,-9.231,154.353,D'Entrecasteaux Islands region
2000,6.5,11,-39.008,-74.662,"134 km WSW of Carahue, Chile"
2000,6.2,33,11.765,144.76,"166 km S of Merizo Village, Guam"
2000,6.6,628.2,-21.178,-179.124,Fiji region
2000,6,10,38.457,31.351,"12 km NNW of Ak?ehir, Turkey"
2000,6.1,10,6.015,-82.679,"224 km S of Punta de Burica, Panama"
2000,6.5,31,-4.218,152.725,"52 km ENE of Kokopo, Papua New Guinea"
2000,7,30,39.566,54.799,"37 km E of Balkanabat, Turkmenistan"
2000,6.1,33,14.876,-93.944,"104 km SW of El Palmarcito, Mexico"
2000,6.3,58.2,-24.869,-70.886,"72 km NW of Taltal, Chile"
2000,6.5,33,40.167,49.954,"23 km SSE of Badamdar, Azerbaijan"
2000,6.8,50.4,40.245,49.946,"15 km SSE of Baku, Azerbaijan"
2000,6.3,33,-4.585,153.058,"91 km ESE of Kokopo, Papua New Guinea"
2000,6.1,33,-5.43,152.688,"128 km SSE of Kokopo, Papua New Guinea"
2000,6.2,33,-5.486,152.153,"New Britain region, Papua New Guinea"
2000,6.1,33,-5.588,151.867,"144 km SSW of Kokopo, Papua New Guinea"
2000,6,57.8,-5.133,151.655,"110 km SW of Kokopo, Papua New Guinea"
2000,6.1,33,-5.384,153.452,"174 km SE of Kokopo, Papua New Guinea"
2000,6.8,33,-5.228,151.771,"112 km SSW of Kokopo, Papua New Guinea"
2000,6.6,33,-5.097,153.181,"131 km SE of Kokopo, Papua New Guinea"
2000,7.8,33,-5.496,151.781,"138 km SSW of Kokopo, Papua New Guinea"
2000,6.2,33,-5.29,152.968,"130 km SE of Kokopo, Papua New Guinea"
2000,6.5,33,-4.827,153.226,"118 km ESE of Kokopo, Papua New Guinea"
2000,7.8,30,-5.233,153.102,"135 km SE of Kokopo, Papua New Guinea"
2000,6,33,-5.069,153.238,"134 km SE of Kokopo, Papua New Guinea"
2000,8,33,-3.98,152.169,2000 New Ireland Earthquake
2000,6,33,42.489,144.765,"62 km SSE of Kushiro, Japan"
2000,6.5,17,7.042,-77.829,"10 km SW of Juradó, Colombia"
2000,6.2,90.5,-5.432,154.016,"189 km WNW of Panguna, Papua New Guinea"
2000,6,33,-5.538,151.592,"151 km SSW of Kokopo, Papua New Guinea"
2000,6.8,10,-55.627,-29.876,South Sandwich Islands region
2000,6.1,24.5,-45.07,167.009,"67 km NW of Te Anau, New Zealand"
2000,6.2,33,-17.867,-175.312,"165 km WNW of Neiafu, Tonga"
2000,6,33,-9.708,119.075,"130 km W of Waingapu, Indonesia"
2000,7,50,-4.766,153.945,"191 km ESE of Kokopo, Papua New Guinea"
2000,6.1,388,26.266,140.46,"Bonin Islands, Japan region"
2000,6.1,10,-34.678,-109.458,southern East Pacific Rise
2000,6.8,38,-6.549,105.63,"29 km SW of Labuan, Indonesia"
2000,6,10,-34.605,-109.648,southern East Pacific Rise
2000,6,10,-47.347,-12.403,southern Mid-Atlantic Ridge
2000,6.3,291.8,-17.286,-175.176,"196 km NW of Neiafu, Tonga"
2000,6.7,10,35.456,133.134,"8 km ESE of Matsue, Japan"
2000,6.1,87.3,6.853,126.822,"46 km ESE of Jovellar, Philippines"
2000,6.1,10,31.732,-40.958,northern Mid-Atlantic Ridge
2000,7,23,-15.421,166.91,"29 km WNW of Luganville, Vanuatu"
2000,6.2,110.3,11.124,-62.559,"66 km NNW of Güiria, Venezuela"
2000,6.3,33,40.282,143.124,"123 km NE of Miyako, Japan"
2000,6.5,34,-7.977,30.709,"15 km W of Nkove, Tanzania"
2000,6.4,22.9,-0.215,-80.582,"45 km NNW of Bahía de Caráquez, Ecuador"
2000,6.4,56,-17.178,-173.927,"136 km S of Hihifo, Tonga"
2000,6.2,33,-4.964,102.104,"129 km S of Bengkulu, Indonesia"
2000,6.2,33,-15.742,179.801,"89 km NNE of Labasa, Fiji"
2000,6,33,-5.435,101.823,"187 km SSW of Bengkulu, Indonesia"
2000,6.1,10,35.389,99.343,"257 km WSW of Xining, China"
2000,6.3,115.4,-15.877,-173.691,Tonga
2000,6.1,33,-1.112,129.332,"216 km W of Sorong, Indonesia"
2000,6,687.6,-20.073,-179.135,"275 km SE of Levuka, Fiji"
2000,6,33,1.438,96.591,"117 km SSE of Sinabang, Indonesia"
2000,6.3,33,-4.124,127.027,"136 km WSW of Ambon, Indonesia"
2000,6,33,-4.163,127.311,"109 km WSW of Ambon, Indonesia"
2000,6.1,10,-3.986,127.325,"100 km WSW of Ambon, Indonesia"
2000,6.8,16,-4.11,127.394,"98 km WSW of Ambon, Indonesia"
2000,6.1,10,-53.02,-45.966,South Atlantic Ocean
2000,6.6,357.7,-31.511,179.725,Kermadec Islands region
2000,6,10,-9.377,153.854,D'Entrecasteaux Islands region
2000,6,33,-3.072,136.112,"75 km ENE of Nabire, Indonesia"
2000,6.4,33,-16.797,174.332,Fiji region
2000,6.5,45.8,18.198,-102.48,"24 km NNW of El Habillal, Mexico"
2000,6.3,33,-15.693,167.986,"75 km ENE of Norsup, Vanuatu"
2000,6.5,648.5,-7.018,123.357,"217 km NE of Maumere, Indonesia"
2000,7.4,394.8,28.856,139.556,"Bonin Islands, Japan region"
2000,6.8,10,48.786,142.246,"35 km SSE of Uglegorsk, Russia"
2000,6.6,33,-12.037,166.448,"161 km SSE of Lata, Solomon Islands"
2000,6.2,10,-29.279,-176.35,Kermadec Islands region
2000,6.2,10,-16.697,174.542,Fiji region
2000,6.5,10,33.901,139.376,"94 km SSE of Shimoda, Japan"
2000,6.4,33,9.416,-85.329,"55 km SSE of Sámara, Costa Rica"
2000,6,47.1,36.51,140.983,"31 km ESE of Hitachi, Japan"
2000,6.3,141.4,36.283,70.924,"65 km S of Jurm, Afghanistan"
2000,6.1,33,-12.404,166.509,"198 km NW of Sola, Vanuatu"
2000,6.6,10,-7.747,150.917,"227 km SE of Kandrian, Papua New Guinea"
2000,6.4,33,20.253,122.043,"22 km SSE of Basco, Philippines"
2000,6.1,10,34.319,139.26,"near the south coast of Honshu, Japan"
2000,6.5,42.9,57.355,-154.198,"24 km SSW of Larsen Bay, Alaska"
2000,6.1,10,34.221,139.131,"53 km SSE of Shimoda, Japan"
2000,6,10,31.183,131.206,"33 km S of Kushima, Japan"
2000,6.5,10,63.98,-20.758,"12 km ENE of Selfoss, Iceland"
2000,7.9,10,-13.802,97.453,South Indian Ocean
2000,6.5,10,63.966,-20.487,"25 km E of Selfoss, Iceland"
2000,6.4,120.2,-33.877,-70.088,"53 km ESE of Puente Alto, Chile"
2000,6.1,10,29.368,132.082,"177 km ESE of Koshima, Japan"
2000,6,33,-17.902,176.212,"128 km W of Nadi, Fiji"
2000,6.3,89.5,4.542,127.722,"264 km SE of Pondaguitan, Philippines"
2000,6.4,604.6,-25.516,178.046,south of the Fiji Islands
2000,6.6,10,-50.579,139.55,western Indian-Antarctic Ridge
2000,6.4,33,23.843,121.225,"29 km ESE of Puli, Taiwan"
2000,6.3,485.3,30.491,137.73,"Izu Islands, Japan region"
2000,6.1,33,-11.301,162.062,"94 km S of Kirakira, Solomon Islands"
2000,6,33,-5.549,102.679,"179 km SSW of Pagar Alam, Indonesia"
2000,6.3,33,-5.071,152.495,"84 km SSE of Kokopo, Papua New Guinea"
2000,6.7,33,-4.612,101.905,"98 km SSW of Bengkulu, Indonesia"
2000,6.3,33,26.856,97.238,"83 km NNE of Sarupathar, India"
2000,6.4,33,29.424,131.421,"124 km SE of Koshima, Japan"
2000,6.2,33,-5.093,102.699,"132 km SSW of Pagar Alam, Indonesia"
2000,6,10,40.693,32.992,"12 km NW of Orta, Turkey"
2000,6,33,28.723,65.383,"15 km NNW of Kharan, Pakistan"
2000,6.7,33,-4.646,102.102,"95 km S of Bengkulu, Indonesia"
2000,7.9,33,-4.721,102.087,"103 km S of Bengkulu, Indonesia"
2000,6.2,62.3,35.552,140.464,"6 km SE of Narut?, Japan"
2000,6.2,10,44.513,-130.081,off the coast of Oregon
2000,6,33,11.359,139.245,"224 km NW of Fais, Micronesia"
2000,6,10,71.19,-8.263,"34 km NNE of Olonkinbyen, Svalbard and Jan Mayen"
2000,6.3,33,-4.296,123.164,"80 km ESE of Kendari, Indonesia"
2000,6.3,107.7,35.975,70.657,"66 km NNW of P?r?n, Afghanistan"
2000,7.2,225,-23.548,-66.452,"75 km N of San Antonio de los Cobres, Argentina"
2000,6.1,502,-4.457,150.004,"121 km N of Kimbe, Papua New Guinea"
2000,6.3,12,-11.295,165.432,"74 km SSW of Lata, Solomon Islands"
2000,6.5,515.8,-17.914,-178.522,"229 km E of Levuka, Fiji"
2000,7.6,26,-1.105,123.573,"89 km E of Luwuk, Indonesia"
2000,6,55,17.439,147.516,Mariana Islands region
2000,6.1,609.8,-28.384,-62.943,"13 km NW of Añatuya, Argentina"
2000,7,608.5,-28.307,-62.99,"22 km NW of Añatuya, Argentina"
2000,6,33,51.422,-178.137,"115 km WSW of Adak, Alaska"
2000,6,220.7,-20.664,-176.469,"141 km WNW of Haveluloto, Tonga"
2000,6.3,10,-18.045,65.517,"286 km NE of Port Mathurin, Mauritius"
2000,6.2,150,4.082,125.61,"147 km S of Sarangani, Philippines"
2000,7.6,126.5,22.338,143.73,"Volcano Islands, Japan region"
2000,6.3,62,14.975,-92.444,"3 km ESE of Plan de Ayala, Mexico"
2000,6.1,10,-62.902,145.637,south of Australia
2000,6.4,10,-60.167,149.868,west of Macquarie Island
2000,6.6,10,-6.817,143.807,"62 km SSW of Ialibu, Papua New Guinea"
2000,6.4,141.9,-7.321,128.491,"211 km NE of Lospalos, Timor Leste"
2000,6,33,-18.158,169.014,"87 km ESE of Port-Vila, Vanuatu"
2000,6,10,-50.066,-114.201,southern East Pacific Rise
2000,6,538,-17.588,-178.984,"187 km ENE of Levuka, Fiji"
2000,6.1,65,9.406,-78.532,"7 km SE of Narganá, Panama"
2000,6.2,132.2,13.795,144.782,"30 km NNW of Yigo Village, Guam"
2000,7.1,33,-19.528,173.818,Vanuatu region
2000,6,513.6,42.853,131.572,"15 km E of Slavyanka, Russia"
2000,6.6,33,-5.844,150.876,"87 km ESE of Kimbe, Papua New Guinea"
2000,6,193.9,26.076,124.496,"162 km NNW of Hirara, Japan"
2000,6.8,61.1,43.046,146.837,"84 km S of Shikotan, Russia"
2000,6.3,33,-17.272,-174.002,"147 km S of Hihifo, Tonga"
2000,6.1,10,43.649,-127.257,"238 km WNW of Bandon, Oregon"
2000,6,206.9,36.372,70.379,"51 km ESE of Farkh?r, Afghanistan"
2000,6,632.8,-21.216,-179.255,Fiji region
2000,6.2,535,-17.61,-178.742,"211 km ENE of Levuka, Fiji"
2000,6.5,33,-18.823,174.37,Fiji region
2000,7.2,183.4,-16.925,-174.248,"117 km SSW of Hihifo, Tonga"
2000,6.4,36,-23.169,-70.122,"60 km NNE of Antofagasta, Chile"
2000,6.4,33,-9.805,159.811,"15 km SE of Malango, Solomon Islands"
2000,6.2,33,16.095,119.484,"Luzon, Philippines"
2000,6.1,1,58.04,-136.87,"35 km WSW of Elfin Cove, Alaska"
2000,6.1,33,-11.371,165.378,"84 km SSW of Lata, Solomon Islands"
2000,6,10,-60.722,153.67,west of Macquarie Island
1999,6.2,33,-11.165,165.33,"70 km SW of Lata, Solomon Islands"
1999,6.9,33,-10.86,165.354,"50 km WSW of Lata, Solomon Islands"
1999,6.2,10,5.609,-82.645,"269 km S of Punta de Burica, Panama"
1999,6.1,10,-56.369,147.056,west of Macquarie Island
1999,6.3,10,-56.211,146.723,west of Macquarie Island
1999,6,33,-10.885,165.457,"41 km WSW of Lata, Solomon Islands"
1999,6.5,56,-6.845,105.555,"59 km SSW of Labuan, Indonesia"
1999,6,50.9,12.87,144.571,"45 km SSW of Merizo Village, Guam"
1999,6.2,16.2,-2.425,139.675,"108 km W of Abepura, Indonesia"
1999,6,10,-50.26,139.423,western Indian-Antarctic Ridge
1999,6,10,-50.149,138.989,western Indian-Antarctic Ridge
1999,6.3,33,-5.786,150.974,"New Britain region, Papua New Guinea"
1999,7.3,33,15.766,119.74,"14 km WNW of Bolitoc, Philippines"
1999,6.5,10,-36.206,-97.316,West Chile Rise
1999,6.4,58.3,-6.028,148.144,"67 km NNE of Finschhafen, Papua New Guinea"
1999,6.1,33,-9.843,159.965,"31 km ESE of Malango, Solomon Islands"
1999,6.4,137.7,-15.911,-173.984,"20 km WNW of Hihifo, Tonga"
1999,6.4,43.9,57.203,-154.257,"29 km N of Akhiok, Alaska"
1999,7,43.6,57.342,-154.347,"26 km SSE of Karluk, Alaska"
1999,6.3,10,17.647,-82.356,"209 km SSW of George Town, Cayman Islands"
1999,6.6,128.1,-18.901,-69.171,"127 km ESE of Arica, Chile"
1999,6.4,10,-1.275,89.043,South Indian Ocean
1999,7.5,33,-16.423,168.214,"92 km ESE of Lakatoro, Vanuatu"
1999,6,33,55.133,165.364,"218 km SE of Ust’-Kamchatsk Staryy, Russia"
1999,6.2,33,18.544,-107.168,"242 km SW of La Cruz de Loreto, Mexico"
1999,7,33,-6.351,148.763,"88 km W of Kandrian, Papua New Guinea"
1999,6,33,0.523,126.066,"149 km WSW of Ternate, Indonesia"
1999,6.3,45.3,-6.004,148.803,"85 km WNW of Kandrian, Papua New Guinea"
1999,6.9,47.5,-5.978,148.82,"84 km WNW of Kandrian, Papua New Guinea"
1999,6.1,10,-55.823,-125.134,southern East Pacific Rise
1999,7,10,-1.339,88.976,South Indian Ocean
1999,7.2,10,40.758,31.161,"8 km S of Düzce, Turkey"
1999,6.2,211,1.276,100.322,"106 km SSE of Rantauprapat, Indonesia"
1999,6.1,33,49.315,155.633,"155 km SSW of Severo-Kuril’sk, Russia"
1999,6.5,228.4,36.522,71.24,"31 km SW of Ashk?sham, Afghanistan"
1999,6.3,33,23.378,121.52,"66 km S of Hualien City, Taiwan"
1999,6.2,158.7,-38.699,175.803,"24 km W of Taupo, New Zealand"
1999,6,33,44.612,149.44,"141 km ESE of Kuril’sk, Russia"
1999,6.3,83.3,-4.808,153.414,"137 km ESE of Kokopo, Papua New Guinea"
1999,6.3,33,-56.121,-26.578,South Sandwich Islands region
1999,7.1,13.73,34.603,-116.265,"The 1999 Hector Mine, California Earthquake"
1999,6.4,30,54.657,-161.189,"85 km ESE of King Cove, Alaska"
1999,6.1,33,-1.99,134.279,"126 km S of Manokwari, Indonesia"
1999,7.5,60.6,16.059,-96.931,"15 km W of San Baltazar Loxicha, Mexico"
1999,6,33,-30.738,-71.993,"77 km W of Ovalle, Chile"
1999,6.1,33,54.59,168.263,"Komandorskiye Ostrova, Russia region"
1999,6.5,17,23.738,121.158,"31 km SE of Puli, Taiwan"
1999,6.4,26,23.729,121.167,"33 km SE of Puli, Taiwan"
1999,6.4,33,23.39,120.964,"44 km SSE of Lugu, Taiwan"
1999,6.2,33,23.756,121.246,"36 km SE of Puli, Taiwan"
1999,6.1,33,23.746,121.189,"33 km SE of Puli, Taiwan"
1999,6.3,33,23.57,121.299,"54 km SW of Hualien City, Taiwan"
1999,6.1,33,23.785,121.202,"31 km SE of Puli, Taiwan"
1999,7.7,33,23.772,120.982,"21 km S of Puli, Taiwan"
1999,6,60,51.207,157.556,"80 km ESE of Ozernovskiy, Russia"
1999,6.3,196.8,-13.79,167.238,"35 km WNW of Sola, Vanuatu"
1999,6.4,218,-20.934,-67.275,"70 km SW of Uyuni, Bolivia"
1999,6,33,-32.831,-178.27,south of the Kermadec Islands
1999,6,10,38.119,23.605,"5 km WNW of Fylí, Greece"
1999,6,10,3.103,65.855,Carlsberg Ridge
1999,6.3,196.4,-1.287,-77.549,"43 km SE of Tena, Ecuador"
1999,6.2,33,-3.522,145.657,"186 km ENE of Angoram, Papua New Guinea"
1999,6.6,33,-16.117,168.039,"66 km E of Lakatoro, Vanuatu"
1999,6.4,33,-40.509,-74.756,"132 km WSW of Corral, Chile"
1999,6.2,10,-58.311,-13.196,east of the South Sandwich Islands
1999,6.9,20,9.044,-84.159,"42 km S of Quepos, Costa Rica"
1999,7.6,17,40.748,29.864,"4 km ESE of Derince, Turkey"
1999,6.4,101.4,-5.885,104.711,"79 km SW of Bandar Lampung, Indonesia"
1999,6.2,33,-1.716,122.456,"92 km SSW of Luwuk, Indonesia"
1999,6.5,10,-30.367,-177.832,"Kermadec Islands, New Zealand"
1999,6.3,25,-30.285,-178.014,"Kermadec Islands, New Zealand"
1999,6.1,33,-28.69,-177.523,Kermadec Islands region
1999,6.2,69.4,-5.151,151.942,"96 km SSW of Kokopo, Papua New Guinea"
1999,6.5,39,-28.629,-177.608,Kermadec Islands region
1999,6,590.9,-22.546,179.412,south of the Fiji Islands
1999,6.7,10,15.782,-88.33,"16 km N of Potrerillos, Honduras"
1999,6.3,29,-6.514,154.944,"63 km WSW of Panguna, Papua New Guinea"
1999,6.1,33,49.233,155.559,"165 km SSW of Severo-Kuril’sk, Russia"
1999,6.1,430.6,26.323,140.482,"Bonin Islands, Japan region"
1999,6,10,49.371,-129.204,"203 km SW of Port McNeill, Canada"
1999,6,590.4,-17.956,-178.187,"264 km E of Levuka, Fiji"
1999,6.3,68.7,18.324,-101.539,"20 km E of Coahuayutla de Guerrero, Mexico"
1999,6.4,33,5.514,126.639,"106 km SSE of Pondaguitan, Philippines"
1999,7,70,18.386,-97.436,"1 km SE of Texcala, Mexico"
1999,6.3,33,13.897,-90.768,"6 km ESE of Puerto San José, Guatemala"
1999,6.1,33,-20.731,169.881,"145 km SSE of Isangel, Vanuatu"
1999,6.1,127.3,-5.65,148.533,"125 km NE of Finschhafen, Papua New Guinea"
1999,6.6,27,-5.165,152.877,"113 km SE of Kokopo, Papua New Guinea"
1999,6.4,59.2,-2.642,138.217,"268 km W of Abepura, Indonesia"
1999,7.1,73.7,-4.751,152.486,"51 km SSE of Kokopo, Papua New Guinea"
1999,6.2,102.7,43.032,143.835,"44 km W of Kushiro, Japan"
1999,6,10,-36.102,-110.64,southern East Pacific Rise
1999,7.1,138,-5.159,150.88,"92 km ENE of Kimbe, Papua New Guinea"
1999,6.1,39.2,14.214,-91.945,"9 km SSW of Champerico, Guatemala"
1999,6.2,10,56.175,-152.325,"129 km SSE of Old Harbor, Alaska"
1999,6.2,33,29.501,51.88,"25 km ESE of K?zer?n, Iran"
1999,6.1,33,14.364,-94.673,"197 km SW of Manuel Ávila Camacho (Ponte Duro), Mexico"
1999,6,172.6,-1.648,-77.783,"21 km ENE of Palora, Ecuador"
1999,6.5,95.7,-31.888,-179.04,Kermadec Islands region
1999,6.8,164.2,-21.422,-176.46,"132 km WSW of Haveluloto, Tonga"
1999,6,58.3,-6.0,148.495,"94 km NE of Finschhafen, Papua New Guinea"
1999,6.2,621.2,-26.354,178.221,south of the Fiji Islands
1999,7.1,565.7,43.607,130.35,"57 km ENE of Wangqing, China"
1999,6.4,33,-6.527,147.007,"21 km N of Lae, Papua New Guinea"
1999,7.4,150,-5.591,149.568,"63 km W of Kimbe, Papua New Guinea"
1999,6,38.4,13.173,-87.634,"13 km S of Amapala, Honduras"
1999,6.8,87.2,-16.66,-72.662,"6 km SE of Camaná, Peru"
1999,6.2,10,-19.899,168.193,"120 km WSW of Isangel, Vanuatu"
1999,6.2,33,-4.357,152.707,"48 km E of Kokopo, Papua New Guinea"
1999,6.3,10,5.827,-82.616,"245 km S of Punta de Burica, Panama"
1999,6.6,15,30.512,79.403,"9 km NNW of P?palkoti, India"
1999,6.9,33,51.587,-177.668,"78 km WSW of Adak, Alaska"
1999,6.9,56.6,52.056,159.52,"123 km SE of Vilyuchinsk, Russia"
1999,6.1,33,-15.766,-179.526,"139 km ENE of Labasa, Fiji"
1999,6,10,-34.673,-69.6,"110 km ESE of Machalí, Chile"
1999,7.1,33,5.397,121.937,"69 km S of Tabiauan, Philippines"
1999,6.6,33,28.343,57.193,"110 km SSE of K?h Sef?d, Iran"
1999,6.2,33,0.2,119.541,"127 km NNW of Palu, Indonesia"
1999,6.4,33,-21.452,169.682,"187 km E of Tadine, New Caledonia"
1999,6,10,-15.507,167.996,"89 km NE of Norsup, Vanuatu"
1999,6.2,10,-3.558,144.83,"101 km ENE of Angoram, Papua New Guinea"
1999,6,33,34.259,69.364,"27 km WNW of ?uk?mat? Azrah, Afghanistan"
1999,7.3,90.1,-12.853,166.697,"146 km NW of Sola, Vanuatu"
1999,6,33,19.2,121.265,"66 km N of Namuac, Philippines"
1999,6.3,33,-20.305,-174.365,"54 km S of Pangai, Tonga"
1999,6.4,101,-4.582,153.658,"156 km E of Kokopo, Papua New Guinea"
1999,6.6,67.2,52.886,-169.123,"18 km WSW of Nikolski, Alaska"
1999,6.1,17,4.461,-75.724,Colombia
1999,6.3,10,-26.463,74.476,Mid-Indian Ridge
1999,6.1,33,-21.132,-174.659,"37 km NE of ‘Ohonua, Tonga"
1999,6.4,33,30.618,131.086,"15 km SSE of Nishinoomote, Japan"
1999,7,114.1,-4.596,153.235,"110 km ESE of Kokopo, Papua New Guinea"
1999,6,21,56.233,-147.427,Gulf of Alaska
1999,6,42.6,-5.421,151.681,"135 km SSW of Kokopo, Papua New Guinea"
1999,6,33,-18.502,-174.067,"18 km NNW of Neiafu, Tonga"
1998,6.8,144.3,-21.632,-176.376,"131 km WSW of Haveluloto, Tonga"
1998,6.1,33,-1.364,123.644,"Sulawesi, Indonesia"
1998,6.2,33,1.12,126.175,"139 km WNW of Ternate, Indonesia"
1998,6,41.6,31.287,131.286,"22 km S of Kushima, Japan"
1998,6,139.9,-15.057,167.313,"25 km E of Port-Olry, Vanuatu"
1998,6,138.4,-38.214,-71.033,"39 km WSW of Loncopué, Argentina"
1998,6.6,33,1.253,126.198,"138 km E of Laikit, Laikit II (Dimembe), Indonesia"
1998,7.7,33,-2.071,124.891,"264 km ESE of Luwuk, Indonesia"
1998,6.2,47.9,-7.859,158.622,"111 km WNW of Buala, Solomon Islands"
1998,6.1,223.2,-16.515,-174.751,"119 km WSW of Hihifo, Tonga"
1998,6.3,10,22.605,125.783,"248 km SSE of Hirara, Japan"
1998,6,33,-3.315,130.766,"205 km E of Amahai, Indonesia"
1998,6.3,149.1,-21.589,-176.504,"142 km WSW of Haveluloto, Tonga"
1998,6,115.1,-14.946,167.367,"33 km ENE of Port-Olry, Vanuatu"
1998,7,33,-6.92,128.946,"278 km NE of Lospalos, Timor Leste"
1998,6.7,33,-6.954,129.022,"282 km NE of Lospalos, Timor Leste"
1998,6.4,33,-9.135,121.421,"41 km SW of Ende, Indonesia"
1998,6.6,33,0.839,125.966,"128 km ESE of Tondano, Indonesia"
1998,6.3,10,-56.913,-142.618,Pacific-Antarctic Ridge
1998,6,33,-0.403,119.84,"55 km N of Palu, Indonesia"
1998,6,68.7,11.321,-86.451,"51 km S of El Rosario, Nicaragua"
1998,6.2,136.2,-16.119,-71.404,"16 km SSE of Pucara, Peru"
1998,6.2,226.6,28.505,127.615,"183 km W of Naze, Japan"
1998,6,10,13.738,-45.565,northern Mid-Atlantic Ridge
1998,6.2,30.1,3.84,126.407,"202 km SSE of Sarangani, Philippines"
1998,6.6,151.6,-8.194,112.413,"8 km WSW of Sumberpucung, Indonesia"
1998,6,9.2,11.822,143.154,"229 km SW of Merizo Village, Guam"
1998,6.4,33,-13.573,166.791,"88 km WNW of Sola, Vanuatu"
1998,6,147.4,0.262,122.467,"72 km WSW of Gorontalo, Indonesia"
1998,6.3,83,-5.624,151.637,"158 km SSW of Kokopo, Papua New Guinea"
1998,6.1,33,51.618,-173.15,"96 km SE of Atka, Alaska"
1998,6.1,10,-34.75,-107.981,southern East Pacific Rise
1998,6.1,10,-36.24,-97.711,West Chile Rise
1998,6.6,27,-29.45,-71.715,"66 km NNW of Coquimbo, Chile"
1998,6.8,50,5.41,126.764,"123 km SSE of Pondaguitan, Philippines"
1998,6.1,10,50.91,-130.66,"254 km W of Port McNeill, Canada"
1998,6.3,33,17.092,148.133,Mariana Islands region
1998,6,33,-55.737,-27.045,South Sandwich Islands region
1998,6.1,66.2,-0.154,125.018,"161 km S of Tondano, Indonesia"
1998,6.4,33,39.66,77.343,"118 km E of Kashgar, China"
1998,6.7,54.6,11.663,-88.038,"130 km SW of Corinto, Nicaragua"
1998,6.1,70.1,14.697,120.046,"22 km W of Sabang, Philippines"
1998,6.3,33,51.618,175.248,"196 km SE of Attu Station, Alaska"
1998,7.1,440.5,28.932,139.329,"Bonin Islands, Japan region"
1998,6,33,7.324,94.305,"194 km NW of Sabang, Indonesia"
1998,6.2,10,-54.674,-135.521,Pacific-Antarctic Ridge
1998,7.2,33,-0.593,-80.393,"3 km E of Bahía de Caráquez, Ecuador"
1998,6,33,-21.644,169.919,"211 km E of Tadine, New Caledonia"
1998,6.1,33,-21.614,169.82,"201 km E of Tadine, New Caledonia"
1998,6.7,33,-2.693,138.901,"192 km W of Abepura, Indonesia"
1998,6.4,51.1,-32.312,-71.286,"16 km NNW of La Ligua, Chile"
1998,6.3,43.5,-13.608,166.867,"79 km WNW of Sola, Vanuatu"
1998,6.1,33,21.254,122.019,"89 km N of Basco, Philippines"
1998,6,72.1,-21.836,-175.792,"95 km SW of Vaini, Tonga"
1998,6.1,33,-18.369,168.173,"71 km SSW of Port-Vila, Vanuatu"
1998,7,10,-2.961,141.926,"50 km WNW of Aitape, Papua New Guinea"
1998,7,110.2,-11.04,166.16,"52 km SE of Lata, Solomon Islands"
1998,6.1,131.2,60.378,-152.819,"73 km WNW of Ninilchik, Alaska"
1998,6.9,129.5,-30.487,-178.994,"Kermadec Islands, New Zealand"
1998,6,26,38.717,48.507,"10 km SE of Lerik, Azerbaijan"
1998,6.2,10,38.65,-28.626,"12 km N of Horta, Portugal"
1998,6.3,10,-60.354,153.143,west of Macquarie Island
1998,6.3,33,36.878,35.307,"12 km S of Adana, Turkey"
1998,6,10,-37.295,-17.391,southern Mid-Atlantic Ridge
1998,6,57.4,-30.105,-177.925,"Kermadec Islands, New Zealand"
1998,6.3,10,-11.572,-13.894,Ascension Island region
1998,6.2,10,-52.988,159.837,Macquarie Island region
1998,6.3,86.6,15.959,-93.776,"2 km NNE of Cabeza de Toro, Mexico"
1998,6.4,43.7,52.889,160.067,"96 km E of Petropavlovsk-Kamchatsky, Russia"
1998,6.2,33,39.027,143.441,"137 km ESE of Yamada, Japan"
1998,6.6,33,37.106,70.11,"24 km E of Rust?q, Afghanistan"
1998,6,60.1,52.239,159.526,"107 km SSE of Petropavlovsk-Kamchatsky, Russia"
1998,6,33,-5.845,149.704,"43 km NNE of Kandrian, Papua New Guinea"
1998,6,657.8,8.138,123.726,"6 km WNW of Tabid, Philippines"
1998,6.6,24,-17.731,-65.431,"25 km NNW of Mizque, Bolivia"
1998,6.3,10,-43.4,41.387,Prince Edward Islands region
1998,6.7,33,0.207,119.584,"127 km NNW of Palu, Indonesia"
1998,6.9,586.1,-22.227,-179.519,south of the Fiji Islands
1998,6,154.1,14.178,144.88,"71 km N of Yigo Village, Guam"
1998,6,33,40.254,143.253,"130 km ENE of Miyako, Japan"
1998,6.6,61.4,-5.147,151.714,"108 km SW of Kokopo, Papua New Guinea"
1998,6.3,33,13.676,-90.747,"28 km S of Iztapa, Guatemala"
1998,7.5,33,22.306,125.308,"254 km SSE of Ishigaki, Japan"
1998,6.2,53,-2.995,136.282,"95 km ENE of Nabire, Indonesia"
1998,6.3,10,-35.266,-17.326,southern Mid-Atlantic Ridge
1998,6,67.3,18.525,-101.203,"17 km ENE of Aratichanguío, Mexico"
1998,6.1,498.6,-23.821,-179.871,south of the Fiji Islands
1998,6.2,33,-23.635,-176.111,"281 km SSW of ‘Ohonua, Tonga"
1998,6.2,10,-1.322,-15.651,north of Ascension Island
1998,6.6,164.6,-8.148,-74.238,"43 km NE of San Fernando, Peru"
1998,6.7,9,-40.316,-74.874,"131 km WSW of Corral, Chile"
1998,7,55.7,-0.544,99.261,"95 km W of Pariaman, Indonesia"
1998,7.2,537.2,-17.552,-179.092,"178 km ENE of Levuka, Fiji"
1998,6.1,10,-0.239,-17.932,north of Ascension Island
1998,6.4,10,-63.612,147.937,south of Australia
1998,8.1,10,-62.877,149.527,1998 Balleny Islands Earthquake
1998,6.1,10,-11.43,66.245,Mid-Indian Ridge
1998,6.2,10,79.888,1.856,Greenland Sea
1998,6.7,10,-50.008,163.107,"Auckland Islands, New Zealand region"
1998,6.6,9,30.154,57.605,"52 km ESE of Kerman, Iran"
1998,6.1,62.8,14.38,-91.466,"9 km SSW of San José El Ídolo, Guatemala"
1998,6.4,235.6,36.479,71.086,"46 km WSW of Ashk?sham, Afghanistan"
1998,6.5,33,-4.476,129.082,"126 km S of Amahai, Indonesia"
1998,6.8,10,52.718,-33.677,Reykjanes Ridge
1998,6.4,525.3,24.821,141.746,"Volcano Islands, Japan region"
1998,6.4,33,15.883,-96.298,"2 km E of Benito Juárez, Mexico"
1998,6,10,-35.763,-97.058,West Chile Rise
1998,7.1,42,-23.913,-70.207,"34 km SSE of Antofagasta, Chile"
1998,6.5,610.1,-22.411,179.035,south of the Fiji Islands
1998,6.3,611,-22.542,179.048,south of the Fiji Islands
1998,6,642.8,-20.768,-179.178,Fiji region
1998,6.2,10,-44.971,-79.488,"Off the coast of Aisen, Chile"
1998,6,10,-2.11,68.094,Carlsberg Ridge
1998,6.6,33,-15.731,-179.329,"159 km ENE of Labasa, Fiji"
1998,6.7,23.4,-15.848,-179.376,"149 km ENE of Labasa, Fiji"
1998,6.6,34.8,-30.985,-71.41,"47 km SSW of Ovalle, Chile"
1998,6.6,33,14.374,-91.473,"10 km SSW of San José El Ídolo, Guatemala"
1998,6.4,33,-12.029,-72.074,"101 km E of Pangoa, Peru"
1998,7.5,100.6,-22.301,170.911,southeast of the Loyalty Islands
1998,6.3,10,-35.474,-16.191,southern Mid-Atlantic Ridge
1998,6.3,95.6,23.913,141.907,"Volcano Islands, Japan region"
1997,6.2,10,-55.783,-4.218,southern Mid-Atlantic Ridge
1997,6.1,59.3,13.742,-90.316,"28 km SSW of Pasaco, Guatemala"
1997,7.2,179.3,-5.495,147.867,"117 km N of Finschhafen, Papua New Guinea"
1997,6.1,182.1,13.84,-88.739,"11 km WSW of Sensuntepeque, El Salvador"
1997,6.3,207,36.387,70.773,"53 km S of Jurm, Afghanistan"
1997,6.6,20,51.187,178.871,"Rat Islands, Aleutian Islands, Alaska"
1997,6,10,16.107,-98.852,"46 km SSW of Barra de Tecoanapa, Mexico"
1997,6.4,177.5,3.929,-75.787,"22 km WSW of Roncesvalles, Colombia"
1997,6.2,33,54.658,162.882,"176 km S of Ust’-Kamchatsk Staryy, Russia"
1997,6.1,33,53.972,161.909,"228 km ESE of Mil’kovo, Russia"
1997,6.4,33,53.752,161.746,"220 km ENE of Petropavlovsk-Kamchatsky, Russia"
1997,7.8,33,54.841,162.035,"156 km S of Ust’-Kamchatsk Staryy, Russia"
1997,6,80.5,13.639,-90.658,"33 km S of Iztapa, Guatemala"
1997,6.7,586,-13.74,-68.788,"97 km NE of Sandia, Peru"
1997,7,24,1.241,122.536,"97 km NW of Gorontalo, Indonesia"
1997,6.1,54.4,22.212,92.702,"42 km SW of Saiha, India"
1997,6.6,33,37.57,20.656,"22 km SW of Lithakiá, Greece"
1997,7,123.1,-15.145,167.375,"34 km ESE of Port-Olry, Vanuatu"
1997,6.1,161,43.813,145.019,"19 km NNW of Shibetsu, Japan"
1997,6,17.9,38.859,25.795,"36 km SSW of Eresós, Greece"
1997,6.2,86,31.187,140.486,"Izu Islands, Japan region"
1997,6.5,176.4,13.849,-88.808,"13 km NNE of San Sebastián, El Salvador"
1997,7.5,33,35.069,87.325,western Xizang
1997,6.1,215.6,-6.736,129.021,"298 km NE of Lospalos, Timor Leste"
1997,6.2,45,-30.744,-71.224,"16 km S of Ovalle, Chile"
1997,7.2,112,-4.368,-76.681,"51 km N of Barranca, Peru"
1997,6,578.9,-20.888,-178.839,Fiji region
1997,6.2,10,-57.538,147.97,west of Macquarie Island
1997,6.4,22,51.43,-177.877,"99 km WSW of Adak, Alaska"
1997,7.1,58,-30.933,-71.22,"36 km SW of Monte Patria, Chile"
1997,7.8,167.3,-22.101,-176.772,"192 km WSW of Haveluloto, Tonga"
1997,6.4,24,36.379,22.071,"47 km SSE of Koróni, Greece"
1997,6,33,-9.321,158.732,"115 km WNW of Malango, Solomon Islands"
1997,6.1,33,-9.302,158.691,"120 km WNW of Malango, Solomon Islands"
1997,6.5,105.6,9.79,125.779,"18 km E of Talisay, Philippines"
1997,6.3,273.9,-59.739,-29.198,South Sandwich Islands region
1997,6.2,10,31.959,141.878,"Izu Islands, Japan region"
1997,6,253.8,-5.385,128.994,"207 km SSE of Ambon, Indonesia"
1997,6,10,43.084,12.812,"3 km SSE of Nocera Umbra, Italy"
1997,6,10,-13.761,66.248,Mid-Indian Ridge
1997,7,30,-28.683,-177.624,Kermadec Islands region
1997,6,33,2.109,126.597,"162 km WNW of Tobelo, Indonesia"
1997,6.2,50.7,8.098,126.642,"23 km ESE of Barcelona, Philippines"
1997,6.1,10,-21.349,-174.386,"58 km E of ‘Ohonua, Tonga"
1997,6.8,624.7,-26.569,178.336,south of the Fiji Islands
1997,6.1,10,-55.19,-128.989,Pacific-Antarctic Ridge
1997,6.8,198.7,3.849,-75.749,"24 km SW of Roncesvalles, Colombia"
1997,6.6,22.8,-3.562,144.362,"64 km NNE of Angoram, Papua New Guinea"
1997,6.5,33,-15.235,-175.576,"206 km WNW of Hihifo, Tonga"
1997,6.5,10,-41.715,80.134,Mid-Indian Ridge
1997,6,33,4.358,96.494,"47 km ENE of Meulaboh, Indonesia"
1997,6,25.9,-13.592,167.391,"35 km NNW of Sola, Vanuatu"
1997,6.3,10,-4.373,-105.698,central East Pacific Rise
1997,6.2,55.3,25.03,125.77,"53 km ENE of Hirara, Japan"
1997,6.3,10,-16.013,124.329,"161 km NNE of Derby, Australia"
1997,6.6,10,-15.477,-179.14,"168 km SW of Leava, Wallis and Futuna"
1997,6,33,-15.212,-175.434,"193 km WNW of Hihifo, Tonga"
1997,6.1,33,-15.16,-175.273,"181 km WNW of Hihifo, Tonga"
1997,6,58.6,-6.637,130.917,"231 km WSW of Tual, Indonesia"
1997,6.3,33,-30.517,-71.862,"64 km W of Ovalle, Chile"
1997,6.1,33,-30.554,-72.016,"78 km W of Ovalle, Chile"
1997,6.2,33,-30.462,-71.906,"69 km WNW of Ovalle, Chile"
1997,6,33,-30.328,-71.917,"69 km SW of Coquimbo, Chile"
1997,6.1,256.1,-22.982,-66.301,"68 km WSW of Abra Pampa, Argentina"
1997,6.1,14.4,52.562,-167.484,"102 km ESE of Nikolski, Alaska"
1997,6.9,33,16.333,-98.216,"4 km ENE of El Ciruelo, Mexico"
1997,6.1,33,43.249,146.381,"65 km E of Nemuro, Japan"
1997,6,574.4,-5.697,110.796,"87 km N of Batang, Indonesia"
1997,7,19.9,10.598,-63.486,"26 km WSW of Carúpano, Venezuela"
1997,6.1,33,16.157,-87.917,"30 km NNW of Baja Mar, Honduras"
1997,6.8,19,-30.058,-71.872,"52 km WSW of Coquimbo, Chile"
1997,6.3,10,-49.692,-114.57,southern East Pacific Rise
1997,6.4,33,-1.924,127.899,"193 km NW of Amahai, Indonesia"
1997,6.4,33,51.347,-179.332,"195 km WSW of Adak, Alaska"
1997,6.1,33,-5.951,147.026,"85 km N of Lae, Papua New Guinea"
1997,6.5,10,-35.815,-108.135,southern East Pacific Rise
1997,6,33,-21.331,171.542,southeast of the Loyalty Islands
1997,6.1,33,-57.776,-25.466,South Sandwich Islands region
1997,6.5,10,-35.964,-102.511,southeast of Easter Island
1997,6.4,14,-15.212,-173.328,"96 km NNE of Hihifo, Tonga"
1997,6.1,10,-54.925,-136.17,Pacific-Antarctic Ridge
1997,7.1,332.7,-32.115,179.791,south of the Kermadec Islands
1997,6.1,33.9,18.915,121.336,"38 km NNE of Namuac, Philippines"
1997,6.5,70,18.684,-101.604,"5 km ENE of Churumuco de Morelos, Mexico"
1997,6,33,-18.902,175.947,"197 km SW of Nadi, Fiji"
1997,6.8,57,-20.438,169.287,"99 km S of Isangel, Vanuatu"
1997,6,33,-21.628,169.878,"207 km E of Tadine, New Caledonia"
1997,6.5,196,36.411,70.945,"51 km S of Jurm, Afghanistan"
1997,6.1,33,31.824,130.281,"1 km WNW of Satsumasendai, Japan"
1997,6.5,10,-36.383,-97.703,West Chile Rise
1997,7.3,10,33.825,59.809,"58 km E of Q?’en, Iran"
1997,6,29,13.199,144.704,"8 km SSE of Merizo Village, Guam"
1997,6,33,51.717,-170.799,"189 km SW of Nikolski, Alaska"
1997,6,34.9,24.894,92.25,"11 km WNW of Kar?mganj, India"
1997,6.9,108.3,-31.791,-179.382,Kermadec Islands region
1997,6.9,33,18.993,-107.35,"228 km WSW of La Cruz de Loreto, Mexico"
1997,6.8,10,-42.504,42.686,Prince Edward Islands region
1997,6.1,41.6,-19.171,168.728,"71 km NW of Isangel, Vanuatu"
1997,6.5,100.8,13.986,144.901,"49 km N of Yigo Village, Guam"
1997,6,33,-13.599,166.39,"129 km WNW of Sola, Vanuatu"
1997,6.7,5,11.112,-60.892,"18 km WSW of Scarborough, Trinidad and Tobago"
1997,6,33,-13.406,166.344,"140 km WNW of Sola, Vanuatu"
1997,6.2,33,-13.5,166.541,"116 km WNW of Sola, Vanuatu"
1997,6.1,33,-12.881,166.464,"161 km NW of Sola, Vanuatu"
1997,7.7,33,-12.584,166.676,"171 km NNW of Sola, Vanuatu"
1997,6,183.6,-28.171,-178.369,Kermadec Islands region
1997,6.2,15,39.527,76.941,"82 km E of Kashgar, China"
1997,6,33,39.537,76.998,"87 km E of Kashgar, China"
1997,6.5,69.1,-6.485,147.408,"49 km W of Finschhafen, Papua New Guinea"
1997,6.1,45,11.412,-60.942,"33 km NW of Scarborough, Trinidad and Tobago"
1997,6.2,115.6,-18.351,-69.347,"90 km SE of Palca, Peru"
1997,6.2,113.8,-18.298,-69.526,"73 km SE of Palca, Peru"
1997,6.1,33,7.774,-82.401,"53 km SSW of Boca Chica, Panama"
1997,6.1,10,31.92,130.429,"16 km NE of Satsumasendai, Japan"
1997,6.7,33,51.277,179.533,"273 km WSW of Adak, Alaska"
1997,6.1,602.6,-9.063,-71.295,"115 km SSW of Tarauacá, Brazil"
1997,6.3,448.7,-31.163,179.624,Kermadec Islands region
1997,6.4,33,-6.614,105.514,"43 km SW of Labuan, Indonesia"
1997,6.9,10,7.742,127.647,"121 km E of Kinablangan, Philippines"
1997,6.1,10,-31.078,-177.732,Kermadec Islands region
1997,6.2,33,-29.815,-71.147,"13 km NE of La Serena, Chile"
1997,6.1,10,38.075,48.05,"24 km SSW of Om?dcheh, Iran"
1997,6,33,29.985,67.977,"13 km SSE of Harnai, Pakistan"
1997,7.1,33,29.976,68.208,"29 km ESE of Harnai, Pakistan"
1997,6.1,10,-47.497,100.282,southeast Indian Ridge
1997,6.1,33,43.829,149.167,"186 km SSE of Kuril’sk, Russia"
1997,6,33,41.859,142.742,"61 km SSE of Shizunai-furukawach?, Japan"
1997,6.1,33,-14.486,-76.276,"68 km S of Paracas, Peru"
1997,6.4,28,-19.859,-173.289,"111 km E of Pangai, Tonga"
1997,6.5,10,37.661,57.291,Turkmenistan-Iran border region
1997,6.2,33,-12.904,166.376,"166 km NW of Sola, Vanuatu"
1997,7.1,276.2,-21.999,-65.719,"16 km NW of Villazón, Bolivia"
1997,6.3,33,28.814,129.953,"67 km NE of Naze, Japan"
1997,6.2,110.7,-8.899,123.542,"81 km NNW of Naisano Dua, Indonesia"
1997,7.2,33,18.219,-102.756,"46 km WNW of El Habillal, Mexico"
1997,6,140.3,-19.224,-174.838,"82 km NW of Pangai, Tonga"
1996,6.4,99.5,15.83,-92.971,"4 km SW of El Ramal (Porvenir), Mexico"
1996,6,33,-3.993,128.105,"33 km SSW of Ambon, Indonesia"
1996,6.3,33,-2.236,138.938,"192 km WNW of Abepura, Indonesia"
1996,6.5,226.5,43.207,138.92,"131 km W of Iwanai, Japan"
1996,6.7,10,0.87,-30.039,central Mid-Atlantic Ridge
1996,6,10,29.85,-42.855,northern Mid-Atlantic Ridge
1996,6.1,50.9,-7.936,107.489,"82 km S of Banjar, Indonesia"
1996,6.2,32.7,-18.351,-172.275,"183 km E of Neiafu, Tonga"
1996,6.7,49.2,31.789,131.314,"17 km SW of Miyazaki, Japan"
1996,6.2,355.8,-30.522,-179.675,Kermadec Islands region
1996,6.3,10,-1.222,-24.17,central Mid-Atlantic Ridge
1996,6.1,33,34.35,141.132,"115 km SE of Katsuura, Japan"
1996,6.9,33,35.345,78.133,"130 km ENE of Thang, India"
1996,6.1,591.6,-22.196,-179.704,south of the Fiji Islands
1996,6,33,11.081,-86.052,"27 km SW of San Juan del Sur, Nicaragua"
1996,6,33,-15.101,-176.3,"201 km S of Mata-Utu, Wallis and Futuna"
1996,6.2,191.6,-21.237,-176.621,"146 km W of Haveluloto, Tonga"
1996,6,109.2,-11.384,166.461,"102 km SE of Lata, Solomon Islands"
1996,6,33,-15.474,-75.414,"29 km WSW of San Juan, Peru"
1996,6.1,33,-14.843,-75.692,"54 km WSW of Changuillo, Peru"
1996,7.7,33,-14.993,-75.675,"60 km SW of Changuillo, Peru"
1996,6,80,19.33,95.013,"17 km W of Thayetmyo, Myanmar"
1996,6.2,33,-32.538,-179.049,south of the Kermadec Islands
1996,6.1,33,9.785,126.34,"25 km E of Union, Philippines"
1996,6.6,9,27.999,143.538,"Bonin Islands, Japan region"
1996,6,33,9.756,126.36,"27 km E of Union, Philippines"
1996,6.8,369.4,-31.16,179.998,Kermadec Islands region
1996,6.3,14,7.306,-77.393,"33 km WSW of Riosucio, Colombia"
1996,6.1,19.9,66.986,-173.229,"179 km NNW of Lorino, Russia"
1996,6.9,590.8,-20.412,-178.51,Fiji region
1996,6.7,22,31.885,131.468,"5 km SE of Miyazaki, Japan"
1996,6.6,10,30.568,131.093,"20 km SSE of Nishinoomote, Japan"
1996,6,116.8,5.704,125.945,"41 km SE of Caburan, Philippines"
1996,6.8,24,-7.133,155.568,"90 km S of Panguna, Papua New Guinea"
1996,6.1,33,-7.25,155.471,"103 km S of Panguna, Papua New Guinea"
1996,6.3,33,3.445,97.943,"62 km WSW of Binjai, Indonesia"
1996,6.8,33,34.556,32.126,"36 km SW of Paphos, Cyprus"
1996,6.1,10,-45.778,96.025,southeast Indian Ridge
1996,6.2,10,49.047,-127.88,"144 km W of Tofino, Canada"
1996,6,33,45.133,151.168,"258 km E of Kuril’sk, Russia"
1996,6.4,33,11.761,125.484,"3 km ENE of San Julian, Philippines"
1996,6.4,10,12.434,58.066,Owen Fracture Zone region
1996,6.3,234.8,10.038,125.369,"22 km E of San Francisco, Philippines"
1996,6.1,33,9.446,126.544,"42 km ENE of Cortes, Philippines"
1996,6.6,33,9.454,126.334,"24 km NE of Cortes, Philippines"
1996,6.6,33,9.463,126.284,"22 km NNE of Cortes, Philippines"
1996,6.4,33,9.597,126.293,"26 km SE of Union, Philippines"
1996,6.4,72.7,-10.878,165.991,"27 km SE of Lata, Solomon Islands"
1996,6.2,55,35.537,140.943,"23 km SSE of Hasaki, Japan"
1996,6,39,-31.9,-71.56,"47 km SW of Illapel, Chile"
1996,6.2,33,-7.31,155.887,"118 km SSE of Panguna, Papua New Guinea"
1996,6.8,20,21.898,121.498,"78 km E of Hengchun, Taiwan"
1996,6,10,42.803,17.936,"9 km ESE of Podgora, Croatia"
1996,6.2,10,-22.056,-113.083,Easter Island region
1996,6.9,10,-22.118,-113.436,Easter Island region
1996,6.2,32.5,9.365,-84.266,"13 km WSW of Quepos, Costa Rica"
1996,6,10,-36.883,78.486,Mid-Indian Ridge
1996,6,595.7,-7.124,123.275,"202 km NE of Maumere, Indonesia"
1996,6.1,10,-41.523,80.416,Mid-Indian Ridge
1996,6,33,51.451,-178.367,"Andreanof Islands, Aleutian Islands, Alaska"
1996,6.2,33,-13.302,166.838,"99 km NW of Sola, Vanuatu"
1996,6,42.3,-0.266,125.094,"174 km S of Tondano, Indonesia"
1996,6.1,99.8,-13.396,166.692,"107 km WNW of Sola, Vanuatu"
1996,6,10,38.909,140.53,"25 km NE of Shinj?, Japan"
1996,6.2,33,-4.938,152.131,"67 km SSW of Kokopo, Papua New Guinea"
1996,7.4,550.2,-20.69,-178.31,Fiji region
1996,6.3,33,-1.996,-81.001,"24 km NNW of Salinas, Ecuador"
1996,6.7,41.2,-15.267,-173.126,"104 km NE of Hihifo, Tonga"
1996,6.9,33,-10.769,161.445,"62 km WSW of Kirakira, Solomon Islands"
1996,6.1,33,14.509,119.954,"38 km WSW of Sabang, Philippines"
1996,6,33,1.006,120.196,"214 km N of Palu, Indonesia"
1996,6.1,10,-50.149,-113.538,southern East Pacific Rise
1996,6.2,33,-26.769,-177.25,south of the Fiji Islands
1996,6.5,33,-26.753,-177.199,south of the Fiji Islands
1996,7,33,1.0,120.45,"220 km NNE of Palu, Indonesia"
1996,6.2,33,36.147,27.103,"Dodecanese Islands, Greece"
1996,6.6,33,1.016,120.254,"217 km NNE of Palu, Indonesia"
1996,6.5,33,56.084,164.998,"157 km E of Ust’-Kamchatsk Staryy, Russia"
1996,6.8,18.3,17.6,-100.965,"26 km NNE of Coyuquilla Norte, Mexico"
1996,6.3,176.5,18.726,145.628,"Pagan region, Northern Mariana Islands"
1996,6.2,241.1,21.968,142.83,Mariana Islands region
1996,6.1,33,51.726,159.812,"164 km SE of Vilyuchinsk, Russia"
1996,6.3,468.5,27.727,139.747,"Bonin Islands, Japan region"
1996,6.2,33,51.398,159.239,"179 km SSE of Vilyuchinsk, Russia"
1996,6.4,10,-53.774,8.8,Bouvet Island region
1996,6.7,20,51.568,159.119,"159 km SSE of Vilyuchinsk, Russia"
1996,6,33,-16.073,178.118,"139 km WNW of Labasa, Fiji"
1996,7.9,587.3,-7.137,122.589,"169 km NNE of Maumere, Indonesia"
1996,6.1,28.8,12.811,125.055,"16 km N of Cabodiongan, Philippines"
1996,7.1,33,12.614,125.154,"8 km NNE of Palapag, Philippines"
1996,7.3,26.3,51.478,-176.847,"46 km SSW of Adak, Alaska"
1996,7.9,33,51.564,-177.632,"77 km WSW of Adak, Alaska"
1996,6.7,200.1,-13.481,167.13,"63 km NW of Sola, Vanuatu"
1996,6.5,149,17.444,145.458,"248 km N of Saipan, Northern Mariana Islands"
1996,6.5,33,51.491,-178.128,"111 km WSW of Adak, Alaska"
1996,6.3,20.4,-41.329,80.666,Mid-Indian Ridge
1996,6,10,-9.32,157.239,Solomon Islands
1996,6.1,33,-9.27,157.198,"134 km SSE of Gizo, Solomon Islands"
1996,6,33,-9.309,157.17,Solomon Islands
1996,7,10,10.797,-42.254,northern Mid-Atlantic Ridge
1996,6,84,-56.72,-26.311,South Sandwich Islands region
1996,6.2,108.2,-22.191,171.475,southeast of the Loyalty Islands
1996,6.3,33,-6.605,155.038,"58 km WSW of Panguna, Papua New Guinea"
1996,6.2,53.9,43.708,147.607,"72 km E of Shikotan, Russia"
1996,6,33,1.621,126.558,"129 km NW of Ternate, Indonesia"
1996,6,26,40.774,109.661,"36 km NW of Baotou, China"
1996,6.6,500,-4.548,154.833,"202 km NNW of Arawa, Papua New Guinea"
1996,6,33,-6.44,154.577,"101 km W of Panguna, Papua New Guinea"
1996,6.1,33,-6.741,154.895,"80 km SW of Panguna, Papua New Guinea"
1996,6.1,33,-6.659,154.848,"79 km WSW of Panguna, Papua New Guinea"
1996,7.2,44,-6.518,154.999,"58 km WSW of Panguna, Papua New Guinea"
1996,6.2,10,2.368,-79.341,"84 km WNW of Salahonda, Colombia"
1996,6.6,49.5,-23.944,-70.093,"44 km SE of Antofagasta, Chile"
1996,7.2,110.9,-24.061,-177.036,south of the Fiji Islands
1996,6,33,-11.178,165.644,"52 km SSW of Lata, Solomon Islands"
1996,6.3,33,52.214,-168.734,"81 km S of Nikolski, Alaska"
1996,6.1,10,-55.852,-125.666,southern East Pacific Rise
1996,6,33,-1.036,-78.737,"9 km SSW of Pujilí, Ecuador"
1996,6.1,10,11.919,57.805,Owen Fracture Zone region
1996,6,33,11.777,-87.935,"113 km SW of Corinto, Nicaragua"
1996,6.1,10,-55.42,146.006,west of Macquarie Island
1996,6.8,20.4,51.221,178.695,"Rat Islands, Aleutian Islands, Alaska"
1996,6.3,28.2,39.993,76.696,"83 km NE of Kashgar, China"
1996,6.1,33,-6.269,147.904,"32 km NNE of Finschhafen, Papua New Guinea"
1996,6.7,164.4,-14.705,167.297,"44 km NNE of Port-Olry, Vanuatu"
1996,6.7,477.2,28.983,138.944,"Bonin Islands, Japan region"
1996,6.1,33,43.425,148.009,"111 km ESE of Shikotan, Russia"
1996,6.3,29.5,24.092,122.215,"63 km ENE of Hualien City, Taiwan"
1996,6.7,33,11.905,-86.772,"30 km WSW of Villa El Carmen, Nicaragua"
1996,6.6,33,11.657,-86.856,"39 km WSW of Masachapa, Nicaragua"
1996,6.1,58.7,-5.973,146.565,"84 km ENE of Kainantu, Papua New Guinea"
1996,6.4,115.5,1.756,126.048,"123 km ENE of Laikit, Laikit II (Dimembe), Indonesia"
1996,6.2,12.3,16.122,-97.93,"7 km SE of Santa María Chico Ometepec, Mexico"
1996,7.1,21.1,15.978,-98.07,"24 km SSW of Santa María Chico Ometepec, Mexico"
1996,6.2,33,-0.869,137.346,"144 km ENE of Biak, Indonesia"
1996,6.3,124.2,45.263,148.542,"52 km E of Kuril’sk, Russia"
1996,6,43.3,-33.672,-71.671,"10 km SW of San Antonio, Chile"
1996,7.5,10,-9.593,-79.587,"123 km WSW of Puerto Santa, Peru"
1996,6,7.6,-42.132,-75.283,"124 km WSW of Ancud, Chile"
1996,6.6,10,-1.266,-14.273,north of Ascension Island
1996,6.4,10,-1.336,136.464,"46 km ESE of Biak, Indonesia"
1996,6.5,31.9,-0.917,136.225,"32 km NNE of Biak, Indonesia"
1996,6.5,19.2,-0.567,135.84,"67 km NNW of Insrom, Indonesia"
1996,6,33,-0.837,136.588,"Biak region, Indonesia"
1996,8.09,33,-0.891,136.952,"1996 Biak, Indonesia Earthquake"
1996,6.7,40.8,37.353,142.38,"123 km E of Namie, Japan"
1996,6,33,-15.282,-173.218,"96 km NE of Hihifo, Tonga"
1996,6.6,10.6,-1.496,-15.279,north of Ascension Island
1996,6.1,8,-11.044,118.67,"232 km SW of Waingapu, Indonesia"
1996,6.1,68.5,-6.0,146.629,"89 km NNW of Lae, Papua New Guinea"
1996,6,33,44.12,149.479,"176 km SE of Kuril’sk, Russia"
1996,7.2,42.6,45.324,149.892,"158 km E of Kuril’sk, Russia"
1996,6.1,13.8,1.019,120.187,"216 km N of Palu, Indonesia"
1996,6.6,11.1,27.291,100.276,"47 km N of Lijiang, China"
1996,6.2,170,44.853,146.273,"93 km NNE of Otrada, Russia"
1996,6,20.6,44.468,149.37,"145 km SE of Kuril’sk, Russia"
1996,6.4,33,-32.921,-178.298,south of the Kermadec Islands
1996,6.1,14.2,-32.953,-178.253,south of the Kermadec Islands
1996,6,33,9.187,126.416,"26 km E of Tigao, Philippines"
1996,6.2,10.1,-60.614,-25.901,South Sandwich Islands region
1996,6.1,109.1,-4.399,140.068,"208 km SSW of Abepura, Indonesia"
1996,6.6,33,53.826,159.586,"106 km NE of Yelizovo, Russia"
1996,7.9,24,0.729,119.931,"181 km N of Palu, Indonesia"
1996,6,33,-20.391,-174.234,"65 km S of Pangai, Tonga"
1995,6.3,22,40.752,143.339,"158 km E of Hachinohe, Japan"
1995,6.1,10,-4.387,-104.646,central East Pacific Rise
1995,7.1,141.9,-6.903,129.151,"297 km NE of Lospalos, Timor Leste"
1995,6.1,14.8,-28.148,-176.794,Kermadec Islands region
1995,6.5,63.4,-3.703,140.233,"130 km SSW of Abepura, Indonesia"
1995,6.1,20.3,18.583,-105.517,"106 km SSW of Emiliano Zapata, Mexico"
1995,6.4,20,18.926,-105.471,"73 km SW of Emiliano Zapata, Mexico"
1995,6.2,412.5,-21.513,-178.077,"299 km W of Haveluloto, Tonga"
1995,6.2,33,44.231,149.801,"188 km SE of Kuril’sk, Russia"
1995,6.4,16,44.351,149.742,"176 km SE of Kuril’sk, Russia"
1995,6,27.7,44.907,149.527,"134 km ESE of Kuril’sk, Russia"
1995,6.4,33,-9.027,124.67,"25 km WNW of Atambua, Indonesia"
1995,6.5,33,44.727,150.033,"178 km ESE of Kuril’sk, Russia"
1995,6.4,33,44.956,150.674,"222 km E of Kuril’sk, Russia"
1995,7.9,33,44.663,149.3,"128 km ESE of Kuril’sk, Russia"
1995,6.6,18.1,44.505,149.237,"134 km SE of Kuril’sk, Russia"
1995,6.6,10,10.16,-104.0,northern East Pacific Rise
1995,6.3,23.4,44.473,149.342,"142 km SE of Kuril’sk, Russia"
1995,6,136.9,44.277,145.619,"30 km NW of Otrada, Russia"
1995,6.3,20.5,44.568,149.143,"123 km SE of Kuril’sk, Russia"
1995,6.6,27.8,44.537,149.103,"123 km SE of Kuril’sk, Russia"
1995,6.2,10,-42.984,171.793,"47 km NW of Oxford, New Zealand"
1995,7.2,10,28.826,34.799,"27 km SSE of Nuwaybi‘a, Egypt"
1995,6,10,-15.114,-173.473,"99 km NNE of Hihifo, Tonga"
1995,6.3,33,3.588,126.647,"239 km SSE of Sarangani, Philippines"
1995,6,19.8,1.29,121.678,"175 km WNW of Gorontalo, Indonesia"
1995,6.9,33,1.833,95.05,"164 km WSW of Sinabang, Indonesia"
1995,6.3,36.2,-4.92,103.22,"99 km S of Pagar Alam, Indonesia"
1995,6.7,19.9,-28.906,-71.417,"73 km WSW of Vallenar, Chile"
1995,6.1,618.3,-21.793,-179.387,Fiji region
1995,6,68.8,0.858,125.886,"119 km ESE of Tondano, Indonesia"
1995,6.2,10,26.003,102.227,"79 km SE of Dadukou, China"
1995,7.2,159.3,16.84,-93.469,"13 km NW of Ocozocoautla de Espinosa, Mexico"
1995,6.1,224.8,18.708,145.544,"Pagan region, Northern Mariana Islands"
1995,6.8,19.7,28.094,130.148,"71 km ESE of Naze, Japan"
1995,6.3,33,28.164,130.156,"69 km ESE of Naze, Japan"
1995,6.1,27.6,28.203,130.211,"73 km ESE of Naze, Japan"
1995,7.1,28.4,27.929,130.175,"83 km SE of Naze, Japan"
1995,6.3,222.7,36.43,70.387,"49 km ESE of Farkh?r, Afghanistan"
1995,6.1,14.4,-6.514,154.631,"96 km WSW of Panguna, Papua New Guinea"
1995,6.1,18.6,-6.435,154.556,"103 km W of Panguna, Papua New Guinea"
1995,6.2,147.9,-25.758,-177.522,south of the Fiji Islands
1995,6.1,14.4,-59.014,158.28,Macquarie Island region
1995,6,8.4,-35.288,-106.266,southern East Pacific Rise
1995,6,16.1,18.81,-104.017,"13 km SSE of Cuyutlán, Mexico"
1995,8,33,19.055,-104.205,"1995 Colima-Jalisco, Mexico Earthquake"
1995,6.3,104.8,-21.474,170.176,"233 km SSE of Isangel, Vanuatu"
1995,6.8,33,-2.045,101.436,"5 km ENE of Sungai Penuh, Indonesia"
1995,6.4,197.8,-20.002,-175.921,"146 km NNW of Nuku‘alofa, Tonga"
1995,6,9.1,65.17,-148.565,"36 km E of Minto, Alaska"
1995,6.5,16.7,-2.778,-77.851,"50 km SE of Sucúa, Ecuador"
1995,7,24.4,-2.75,-77.881,"45 km SE of Sucúa, Ecuador"
1995,6.1,33,-15.221,-174.934,"146 km NW of Hihifo, Tonga"
1995,6.1,430.8,29.311,139.04,"Izu Islands, Japan region"
1995,6.4,33,38.063,30.134,"2 km W of Dinar, Turkey"
1995,6,44.8,50.829,157.341,"87 km E of Severo-Kuril’sk, Russia"
1995,6.5,59.9,-10.68,-78.581,"81 km W of Paramonga, Peru"
1995,6,45.4,-5.561,104.062,"121 km SW of Kotabumi, Indonesia"
1995,6,27.1,-5.968,146.635,"92 km ENE of Kainantu, Papua New Guinea"
1995,6.2,45.2,-6.053,146.543,"79 km ENE of Kainantu, Papua New Guinea"
1995,6,180.6,-6.925,128.968,"279 km NE of Lospalos, Timor Leste"
1995,6,8.3,-17.093,66.707,Mauritius - Reunion region
1995,6.1,151,-6.323,155.207,"30 km W of Panguna, Papua New Guinea"
1995,7.4,23,16.779,-98.597,"5 km N of Azoyú, Mexico"
1995,6.3,10,-56.222,-122.419,southern East Pacific Rise
1995,6,12.4,14.943,-94.253,"119 km SW of Manuel Ávila Camacho (Ponte Duro), Mexico"
1995,6.4,16.8,-15.838,166.426,"86 km WSW of Luganville, Vanuatu"
1995,6.1,18.8,-21.159,-174.354,"64 km ENE of ‘Ohonua, Tonga"
1995,6.4,10,-47.937,99.467,southeast Indian Ridge
1995,6.6,12.2,26.092,-110.284,"95 km SW of Etchoropo, Mexico"
1995,6,17.3,-5.643,153.541,"201 km SE of Kokopo, Papua New Guinea"
1995,6,224.5,-18.686,-175.409,"150 km W of Neiafu, Tonga"
1995,6.2,585.8,18.849,145.089,"Pagan region, Northern Mariana Islands"
1995,6.1,612.4,18.823,145.042,"Pagan region, Northern Mariana Islands"
1995,6.2,587.7,18.902,145.047,"Pagan region, Northern Mariana Islands"
1995,6.3,12,-56.883,-141.654,Pacific-Antarctic Ridge
1995,7.1,594.9,18.856,145.218,"Pagan region, Northern Mariana Islands"
1995,6.6,119.6,5.139,-75.577,"7 km WSW of Neira, Colombia"
1995,6.2,41.9,-55.934,-28.832,South Sandwich Islands region
1995,6.4,21,-5.168,153.447,"159 km SE of Kokopo, Papua New Guinea"
1995,6.1,73.1,-21.848,170.436,"266 km E of Tadine, New Caledonia"
1995,6.4,14.1,-5.934,154.213,"146 km WNW of Panguna, Papua New Guinea"
1995,7.2,33,-5.771,154.347,"139 km WNW of Panguna, Papua New Guinea"
1995,6.6,18.7,-5.429,153.773,"205 km SE of Kokopo, Papua New Guinea"
1995,7.7,30.1,-5.799,154.178,"155 km WNW of Panguna, Papua New Guinea"
1995,6.7,127.9,-4.836,151.515,"99 km WSW of Kokopo, Papua New Guinea"
1995,6.2,12.6,4.041,143.77,Federated States of Micronesia region
1995,6.4,16.8,-23.062,-70.588,"68 km NNW of Antofagasta, Chile"
1995,6,33,-23.23,-70.677,"54 km NNW of Antofagasta, Chile"
1995,6.2,13.9,-23.347,-70.609,"40 km NNW of Antofagasta, Chile"
1995,6,30.2,-23.982,-70.276,"38 km SSE of Antofagasta, Chile"
1995,8,45.6,-23.34,-70.294,"36 km NNE of Antofagasta, Chile"
1995,6.4,92.4,-21.182,-175.394,"19 km W of Haveluloto, Tonga"
1995,6,16.2,-12.59,79.228,South Indian Ocean
1995,6.4,65.4,2.534,127.681,"96 km NNW of Tobelo, Indonesia"
1995,6,11.6,-22.719,169.783,"235 km E of Vao, New Caledonia"
1995,6.5,11.4,-23.26,170.865,southeast of the Loyalty Islands
1995,6.8,12.5,21.966,99.196,"158 km W of Jinghong, China"
1995,6,21.1,53.578,-163.74,"143 km S of False Pass, Alaska"
1995,6,11.3,39.678,143.352,"121 km E of Miyako, Japan"
1995,6,333.3,33.972,137.127,"62 km SSE of Toba, Japan"
1995,6.1,54.4,-29.117,-177.627,"Kermadec Islands, New Zealand"
1995,7.2,35.3,-29.211,-177.589,"Kermadec Islands, New Zealand"
1995,6.2,10,24.688,-110.228,"60 km N of La Paz, Mexico"
1995,6.6,139.4,-19.544,169.287,"0 km ESE of Isangel, Vanuatu"
1995,6,64.1,48.793,154.446,"241 km SSW of Severo-Kuril’sk, Russia"
1995,6,10,18.835,-81.719,"61 km SW of George Town, Cayman Islands"
1995,6,52.4,24.6,121.7,"18 km SSW of Yilan, Taiwan"
1995,6.2,32.3,-3.321,150.458,"90 km SSW of Kavieng, Papua New Guinea"
1995,6.8,386,-3.959,153.93,"189 km ENE of Kokopo, Papua New Guinea"
1995,6.7,10,-61.673,154.766,Balleny Islands region
1995,6.5,14.2,38.401,22.283,"8 km WNW of Galaxídhion, Greece"
1995,6.6,25,12.128,-88.36,"120 km SW of Jiquilillo, Nicaragua"
1995,6.4,33,18.956,-107.42,"236 km WSW of La Cruz de Loreto, Mexico"
1995,6.3,26.4,-10.246,164.001,"203 km WNW of Lata, Solomon Islands"
1995,7.1,11,52.629,142.827,"85 km S of Tungor, Russia"
1995,6.5,62.4,12.115,57.939,Owen Fracture Zone region
1995,6.8,10,-55.945,-3.361,southern Mid-Atlantic Ridge
1995,6.1,29.8,-9.662,151.507,"135 km ENE of Alotau, Papua New Guinea"
1995,6.3,18.6,-22.795,170.01,"258 km E of Vao, New Caledonia"
1995,6.8,12.2,-0.893,-21.996,central Mid-Atlantic Ridge
1995,6.5,19.7,-23.03,170.108,"271 km E of Vao, New Caledonia"
1995,6.1,11.4,17.899,96.457,"28 km WSW of Nyaunglebin, Myanmar"
1995,7.7,20.2,-23.008,169.9,"249 km E of Vao, New Caledonia"
1995,6.9,11.2,-8.378,125.127,"27 km NNW of Maubara, Timor Leste"
1995,6.6,14,40.149,21.695,"10 km W of Aianí, Greece"
1995,6.4,12,11.465,125.962,"40 km ENE of Hernani, Philippines"
1995,6,20.5,-15.42,-173.266,"82 km NE of Hihifo, Tonga"
1995,6.4,117.5,24.987,95.294,"109 km SE of Phek, India"
1995,6.1,33,12.637,125.238,"12 km N of Cabatuan, Philippines"
1995,7.1,16,12.626,125.297,"14 km NE of Cabatuan, Philippines"
1995,6.1,23.4,1.889,128.478,"55 km ENE of Tobelo, Indonesia"
1995,6.2,10,-60.427,154.042,west of Macquarie Island
1995,6.7,97,-3.792,-76.917,"64 km WSW of Alianza Cristiana, Peru"
1995,6.1,15,11.853,125.982,"57 km E of Sulat, Philippines"
1995,6.2,35,44.091,148.074,"113 km ENE of Shikotan, Russia"
1995,6.9,28.8,44.072,148.004,"107 km ENE of Shikotan, Russia"
1995,6.2,20.2,1.297,-85.031,off the coast of Ecuador
1995,6,22.1,-5.902,147.417,"86 km NNW of Finschhafen, Papua New Guinea"
1995,6.1,530.5,5.954,123.818,"49 km SW of Palimbang, Philippines"
1995,6.8,24.1,12.39,125.396,"10 km E of Gamay, Philippines"
1995,6.5,16.9,51.334,179.714,"260 km WSW of Adak, Alaska"
1995,6.8,27.4,12.047,125.92,"47 km E of Dapdap, Philippines"
1995,7.2,20.7,12.059,125.58,"10 km E of Dapdap, Philippines"
1995,6.8,17.4,11.925,125.564,"14 km ESE of Can-Avid, Philippines"
1995,6.9,20.1,12.011,125.656,"19 km E of Dolores, Philippines"
1995,6,27.6,11.973,125.688,"23 km ESE of Dolores, Philippines"
1995,6.6,94.1,6.279,126.777,"66 km E of Pondaguitan, Philippines"
1995,6.1,20.2,-2.061,140.457,"59 km NNW of Jayapura, Indonesia"
1995,6.8,23.1,45.928,151.283,"276 km ENE of Kuril’sk, Russia"
1995,6.2,10,33.763,-38.576,northern Mid-Atlantic Ridge
1995,6.5,10.5,-60.774,-20.074,east of the South Sandwich Islands
1995,6.1,16.4,-22.252,170.54,"285 km ESE of Tadine, New Caledonia"
1995,6.2,637.7,-13.446,170.434,Vanuatu region
1995,6.2,267.4,21.833,142.691,Mariana Islands region
1995,6.1,37.5,-15.213,-173.421,"91 km NNE of Hihifo, Tonga"
1995,7.4,21.2,-15.199,-173.529,"88 km NNE of Hihifo, Tonga"
1995,6,30.2,52.264,159.043,"85 km SSE of Vilyuchinsk, Russia"
1995,6.2,354.4,38.212,135.012,"215 km NW of Hakui, Japan"
1995,6.3,48.4,-55.95,-28.214,South Sandwich Islands region
1995,6.2,79.4,-10.998,166.123,"46 km SE of Lata, Solomon Islands"
1995,6.9,33,-4.183,135.109,"100 km SSW of Nabire, Indonesia"
1995,6.1,19.2,-4.231,135.013,"110 km SSW of Nabire, Indonesia"
1995,6.2,35.1,54.776,-161.339,"70 km ESE of King Cove, Alaska"
1995,6,217,-5.346,146.731,"105 km E of Madang, Papua New Guinea"
1995,6.2,8.1,16.562,-59.559,"164 km E of Beauséjour, Guadeloupe"
1995,6.1,16.7,2.69,118.226,"98 km SE of Tarakan, Indonesia"
1995,6,20.7,6.976,-81.86,south of Panama
1995,6.1,33,39.788,143.572,"140 km E of Miyako, Japan"
1995,6.2,40.9,24.137,121.614,"17 km N of Hualien City, Taiwan"
1995,6.2,9.1,39.748,143.661,"147 km E of Miyako, Japan"
1995,6.2,31.5,46.012,151.527,"297 km ENE of Kuril’sk, Russia"
1995,6.6,4.622,40.592,-125.757,"126 km W of Ferndale, California"
1995,6,75.8,5.244,126.265,"90 km ESE of Sarangani, Philippines"
1995,6,147.4,-23.366,-67.688,"72 km SE of San Pedro de Atacama, Chile"
1995,6.7,14.2,-1.318,127.438,"227 km S of Sofifi, Indonesia"
1995,6.3,17.2,-1.31,127.429,"226 km S of Sofifi, Indonesia"
1995,6.3,14.2,-1.278,127.444,"223 km S of Sofifi, Indonesia"
1995,6,28.2,-37.621,178.629,"125 km ENE of Opotiki, New Zealand"
1995,6.5,28.3,-37.855,178.602,"102 km NNE of Gisborne, New Zealand"
1995,6.4,73.5,4.104,-76.622,"24 km NW of Darien, Colombia"
1995,7.1,21.1,-37.759,178.752,"118 km NNE of Gisborne, New Zealand"
1995,6,11.7,6.809,-82.666,"137 km S of Punta de Burica, Panama"
1995,6.4,10,-62.711,155.666,Balleny Islands region
1995,6,57.8,-6.234,148.795,"83 km W of Kandrian, Papua New Guinea"
1995,6.8,22.3,-4.434,134.476,"164 km SW of Nabire, Indonesia"
1995,6.2,24.5,-5.902,154.492,"119 km WNW of Panguna, Papua New Guinea"
1995,6.3,58.9,43.377,146.72,"46 km S of Shikotan, Russia"
1995,6.2,42.2,2.563,126.882,"155 km NW of Tobelo, Indonesia"
1995,6.5,17.3,5.05,-72.916,"16 km ESE of Páez, Colombia"
1995,6.3,633.5,-20.833,-179.236,Fiji region
1995,6.9,21.9,34.583,135.018,"8 km S of Akashi, Japan"
1995,6.3,33,51.26,179.168,"298 km WSW of Adak, Alaska"
1995,6,62.2,-5.246,152.04,"103 km SSW of Kokopo, Papua New Guinea"
1995,6,34.9,44.061,147.033,"38 km NE of Shikotan, Russia"
1995,6,33.3,35.88,141.343,"48 km ENE of Hasaki, Japan"
1995,6,32,40.258,142.364,"76 km NNE of Miyako, Japan"
1995,7,26.9,40.246,142.175,"63 km ESE of Hachinohe, Japan"
1995,6,10,-56.06,-123.232,southern East Pacific Rise
1995,6.5,15.2,40.701,143.549,"174 km E of Hachinohe, Japan"
1994,6,43,40.217,142.546,"81 km NE of Miyako, Japan"
1994,6.3,219.2,18.552,145.363,"Pagan region, Northern Mariana Islands"
1994,6.4,10.5,40.375,143.636,"165 km ENE of Miyako, Japan"
1994,6.2,21.9,40.094,142.687,"80 km NE of Miyako, Japan"
1994,7.8,26.5,40.525,143.419,"off the east coast of Honshu, Japan"
1994,6.4,212.4,-31.965,179.86,Kermadec Islands region
1994,6.5,33,-37.282,177.523,"83 km NNE of Opotiki, New Zealand"
1994,6.1,16.3,-9.519,159.411,"38 km WNW of Malango, Solomon Islands"
1994,6.3,148.2,-17.477,-69.598,"45 km E of Estique, Peru"
1994,6.5,48.1,18.136,-101.384,"22 km SW of Guayameo, Mexico"
1994,6,36.6,-23.534,-70.591,"23 km WNW of Antofagasta, Chile"
1994,6,235,-23.422,-66.639,"94 km NNW of San Antonio de los Cobres, Argentina"
1994,6.1,153.4,4.33,97.591,"44 km WSW of Langsa, Indonesia"
1994,6.3,16,-2.001,135.932,"92 km S of Biak, Indonesia"
1994,6,12.4,47.451,154.927,Kuril Islands
1994,6.5,560.6,-5.589,110.186,"114 km NNW of Batang, Indonesia"
1994,7.1,31.5,13.525,121.067,"10 km E of Sabang, Philippines"
1994,6.5,24.7,-57.193,157.858,Macquarie Island region
1994,6.1,591.3,-9.379,-71.334,"148 km SSW of Tarauacá, Brazil"
1994,6.2,29.4,3.019,96.192,"63 km NNW of Sinabang, Indonesia"
1994,6.7,518.7,-25.778,179.339,south of the Fiji Islands
1994,6.3,20,43.515,-127.427,"248 km W of Bandon, Oregon"
1994,6,238.7,36.359,70.957,"57 km S of Jurm, Afghanistan"
1994,6,161.8,-39.187,-70.811,"10 km ENE of Aluminé, Argentina"
1994,6.7,116.6,45.749,149.167,Kuril Islands
1994,6.1,8.8,-3.804,152.148,"43 km N of Rabaul, Papua New Guinea"
1994,6.4,10.7,-1.212,127.912,"219 km S of Sofifi, Indonesia"
1994,6.4,15.7,13.773,124.529,"15 km E of Gigmoto, Philippines"
1994,6.1,35.8,43.861,148.063,east of the Kuril Islands
1994,7.3,33,43.905,147.916,"96 km E of Shikotan, Russia"
1994,6.8,16.6,-1.258,127.98,"225 km SSE of Sofifi, Indonesia"
1994,6.1,40,43.954,147.336,"52 km ENE of Shikotan, Russia"
1994,6,13.2,43.592,147.449,"62 km ESE of Shikotan, Russia"
1994,6,34.9,43.774,147.504,"63 km E of Shikotan, Russia"
1994,6,32.7,43.66,147.445,"60 km ESE of Shikotan, Russia"
1994,6,17.7,43.43,147.902,"103 km ESE of Shikotan, Russia"
1994,6.3,15.5,43.706,147.991,"102 km E of Shikotan, Russia"
1994,6.3,19.5,43.526,147.908,"100 km ESE of Shikotan, Russia"
1994,6.1,61.2,43.788,147.187,"37 km E of Shikotan, Russia"
1994,8.3,14,43.773,147.321,"48 km E of Shikotan, Russia"
1994,6.2,33,-17.768,167.83,"51 km W of Port-Vila, Vanuatu"
1994,6.5,16.6,-17.745,167.682,"67 km W of Port-Vila, Vanuatu"
1994,6,628.2,-5.731,110.364,"91 km NNW of Batang, Indonesia"
1994,6.6,637.5,-5.786,110.352,"86 km NNW of Batang, Indonesia"
1994,6.2,33,5.68,-79.185,"206 km WSW of Bahía Solano, Colombia"
1994,6.1,33,-3.379,148.537,"204 km SE of Lorengau, Papua New Guinea"
1994,6.8,13.1,22.528,118.711,"145 km SW of Magong, Taiwan"
1994,6,10,-57.803,-8.769,east of the South Sandwich Islands
1994,6.1,13.6,7.054,-76.678,"17 km ENE of Murindó, Colombia"
1994,6.1,34.3,29.287,129.91,"110 km NNE of Naze, Japan"
1994,6,15,-15.455,-172.99,"102 km ENE of Hihifo, Tonga"
1994,6.1,14,38.819,-119.652,"4 km S of Carter Springs, Nevada"
1994,6,40,-31.103,-71.706,"73 km SW of Ovalle, Chile"
1994,6.3,33,-21.212,173.64,Vanuatu region
1994,7.1,10,40.402,-125.68,"121 km W of Ferndale, California"
1994,6.2,76,43.719,146.013,"36 km SSE of Yuzhno-Kurilsk, Russia"
1994,6.2,595.6,-6.965,124.111,"218 km NNW of Maubara, Timor Leste"
1994,6.6,18.6,44.783,150.061,"179 km ESE of Kuril’sk, Russia"
1994,6.2,142.1,-11.509,166.452,"112 km SE of Lata, Solomon Islands"
1994,6,12.3,56.761,117.9,"25 km WSW of Novaya Chara, Russia"
1994,6.2,24.4,44.656,149.176,"120 km ESE of Kuril’sk, Russia"
1994,6.5,563.6,-26.642,-63.421,"46 km NNW of El Hoyo, Argentina"
1994,6.6,14.7,44.767,150.158,"186 km ESE of Kuril’sk, Russia"
1994,6.3,19,44.694,150.011,"178 km ESE of Kuril’sk, Russia"
1994,6,16.9,44.709,150.103,"184 km ESE of Kuril’sk, Russia"
1994,6.1,121.7,24.721,95.2,"115 km E of W?ngjing, India"
1994,6.2,10,-55.37,-128.152,Pacific-Antarctic Ridge
1994,6.2,33,-6.338,131.575,"152 km WSW of Tual, Indonesia"
1994,6.6,81.3,-56.362,-27.365,South Sandwich Islands region
1994,6.4,20.5,-16.966,167.574,"97 km S of Lakatoro, Vanuatu"
1994,6,19.2,-7.777,158.417,"135 km WNW of Buala, Solomon Islands"
1994,7.3,471.4,42.34,132.865,"46 km SSW of Vrangel’, Russia"
1994,6.5,158.8,-7.532,127.77,"138 km NE of Lospalos, Timor Leste"
1994,6.7,33,-16.812,167.249,"80 km SSW of Lakatoro, Vanuatu"
1994,7.2,33,-16.62,167.518,"58 km S of Lakatoro, Vanuatu"
1994,6.5,14.6,14.888,-97.322,"108 km SSW of La Barra de Colotepec, Mexico"
1994,6.3,226.6,36.326,71.13,Afghanistan-Tajikistan-Pakistan region
1994,6.1,10,-36.236,-98.189,southeast of Easter Island
1994,6,10,-43.273,171.611,"40 km N of Methven, New Zealand"
1994,6.8,13.6,-42.963,171.658,"56 km NW of Oxford, New Zealand"
1994,6,199.5,-15.25,-70.294,"5 km WSW of Nicasio, Peru"
1994,6.1,28.8,-10.168,113.749,"201 km SSW of Gambiran Satu, Indonesia"
1994,6.2,19.9,-10.335,113.66,"221 km SSW of Gambiran Satu, Indonesia"
1994,6.2,17.5,-5.472,151.841,"New Britain region, Papua New Guinea"
1994,6.2,75.9,13.259,124.281,"18 km ENE of Rapu-Rapu, Philippines"
1994,6.1,650,-14.365,-68.439,"92 km E of Sina, Peru"
1994,8.2,631.3,-13.841,-67.553,"55 km NNW of Reyes, Bolivia"
1994,6.8,12.1,2.917,-76.057,"23 km E of Toribío, Colombia"
1994,6.1,25.9,-10.349,113.398,"228 km S of Kencong, Indonesia"
1994,6.4,11.4,24.511,121.905,"31 km SSE of Yilan, Taiwan"
1994,6.5,11.2,-10.777,113.366,"275 km S of Kencong, Indonesia"
1994,6.6,25.9,-10.362,112.892,"235 km SSW of Kencong, Indonesia"
1994,7.8,18.4,-10.477,112.835,"249 km SSW of Kencong, Indonesia"
1994,6,11.6,7.414,-72.033,"44 km SSE of San Cristóbal, Venezuela"
1994,6.5,35.6,20.556,94.16,"74 km W of Yenangyaung, Myanmar"
1994,6,9.7,35.305,-4.103,"15 km WNW of Tirhanimîne, Morocco"
1994,6.5,33,-4.199,135.489,"92 km S of Nabire, Indonesia"
1994,6.6,16.3,23.959,122.448,"79 km SW of Yonakuni, Japan"
1994,6.1,76,35.559,24.727,"15 km NNE of Pánormos, Greece"
1994,6.2,19.8,24.166,122.535,"57 km SW of Yonakuni, Japan"
1994,6.3,55.3,18.165,-100.527,"4 km W of San Cristóbal, Mexico"
1994,6.2,26,44.727,149.401,"132 km ESE of Kuril’sk, Russia"
1994,6.1,28,-2.056,99.669,"144 km SSW of Padang, Indonesia"
1994,6.5,20.5,-2.008,99.77,"133 km SSW of Padang, Indonesia"
1994,6.9,600.5,-28.501,-63.096,"18 km NW of Colonia Dora, Argentina"
1994,6.2,206.4,-17.047,168.265,"76 km N of Port-Vila, Vanuatu"
1994,6.2,36,10.241,-60.758,"46 km E of Rio Claro, Trinidad and Tobago"
1994,6.1,15.1,-1.116,97.487,"298 km W of Pariaman, Indonesia"
1994,6.1,18.5,36.901,67.163,Central Afghanistan
1994,6.9,561.5,-28.299,-63.252,"44 km SSE of Suncho Corral, Argentina"
1994,6,9.7,13.074,119.545,"99 km NNW of Buluang, Philippines"
1994,6.3,28.1,-21.515,-173.667,"134 km E of ‘Ohonua, Tonga"
1994,6.2,10.8,-14.175,167.537,"33 km S of Sola, Vanuatu"
1994,6.7,28,-5.702,154.12,"165 km WNW of Panguna, Papua New Guinea"
1994,6.7,26.3,-6.47,154.934,"63 km WSW of Panguna, Papua New Guinea"
1994,6.5,28.5,-3.136,135.968,"57 km ENE of Nabire, Indonesia"
1994,6.1,10.2,23.71,126.852,"198 km SE of Hirara, Japan"
1994,6,100.1,14.72,-92.004,"3 km E of Pajapita, Guatemala"
1994,6.4,13.3,40.608,143.683,"182 km NE of Miyako, Japan"
1994,6.2,17.4,-17.371,167.816,"66 km NW of Port-Vila, Vanuatu"
1994,6.2,19.6,51.296,-178.152,"123 km WSW of Adak, Alaska"
1994,6.5,579.8,-22.057,-179.533,south of the Fiji Islands
1994,6.4,14.5,11.11,-88.083,"181 km SSW of Corinto, Nicaragua"
1994,6.9,164.2,15.994,-92.428,"6 km ENE of Rizo de Oro, Mexico"
1994,7,10,-1.278,-23.569,central Mid-Atlantic Ridge
1994,6,10,-1.083,-23.929,central Mid-Atlantic Ridge
1994,6,590.9,-17.985,-178.257,"257 km E of Levuka, Fiji"
1994,7.6,562.5,-18.039,-178.413,"240 km E of Levuka, Fiji"
1994,6.1,12.9,29.096,52.617,"22 km SW of Akbar?b?d, Iran"
1994,6.1,9.4,30.897,60.549,"91 km W of Z?bol, Iran"
1994,6.1,124.2,-17.421,-174.287,"139 km NNW of Neiafu, Tonga"
1994,6.3,9.6,30.775,60.495,"99 km WSW of Z?bol, Iran"
1994,6.1,6,30.853,60.596,"88 km WSW of Z?bol, Iran"
1994,6,28.4,2.059,126.475,"172 km NW of Ternate, Indonesia"
1994,6,12.8,-20.493,169.072,"107 km SSW of Isangel, Vanuatu"
1994,6.3,10,-45.33,96.232,southeast Indian Ridge
1994,6.1,10.8,-20.23,168.925,"84 km SSW of Isangel, Vanuatu"
1994,6.4,13.3,-18.991,168.134,"135 km WNW of Isangel, Vanuatu"
1994,6,12.9,-20.094,168.906,"72 km SSW of Isangel, Vanuatu"
1994,6.5,19.5,-20.399,168.866,"104 km SSW of Isangel, Vanuatu"
1994,6.9,23.1,-4.967,104.302,"66 km WSW of Kotabumi, Indonesia"
1994,6,30.4,-20.563,169.393,"113 km S of Isangel, Vanuatu"
1994,7,27.7,-20.553,169.361,"112 km S of Isangel, Vanuatu"
1994,6.7,15,-10.786,-128.798,South Pacific Ocean
1994,6.9,205.7,-18.773,169.169,"85 km N of Isangel, Vanuatu"
1994,6.2,14.2,0.593,30.037,"13 km SSW of Bundibugyo, Uganda"
1994,6.1,37.7,-11.315,163.863,"221 km WSW of Lata, Solomon Islands"
1994,6,60.8,-29.184,-177.589,"Kermadec Islands, New Zealand"
1994,6.3,29.5,10.601,-41.715,northern Mid-Atlantic Ridge
1994,6,89.9,-4.859,103.664,"98 km SW of Baturaja, Indonesia"
1994,7,19.9,1.015,127.733,"36 km NNE of Sofifi, Indonesia"
1994,6.1,533.3,-17.584,-178.495,"238 km ENE of Levuka, Fiji"
1994,6.8,23.2,-3.176,135.97,"55 km ENE of Nabire, Indonesia"
1994,6.7,18.202,34.213,-118.537,"Northridge, California, earthquake"
1994,6.1,9.9,25.231,97.203,"25 km SW of Myitkyina, Myanmar"
1994,6.9,596,-13.339,-69.446,"74 km S of Tambopata, Peru"
1994,6,11,-4.301,135.145,"111 km SSW of Nabire, Indonesia"
1994,6.1,15.5,-49.265,164.222,"Auckland Islands, New Zealand region"
1993,6.5,33,-19.99,169.857,"78 km SE of Isangel, Vanuatu"
1993,7,33,-20.23,169.789,"92 km SE of Isangel, Vanuatu"
1993,6.3,7.7,-6.876,131.34,"208 km SW of Tual, Indonesia"
1993,6.1,9.1,53.804,171.382,"160 km NW of Attu Station, Alaska"
1993,6,30.6,-20.704,-173.451,"136 km SE of Pangai, Tonga"
1993,6.1,12,20.912,121.282,"88 km NW of Basco, Philippines"
1993,6.8,15.9,0.425,125.891,Molucca Sea
1993,6.9,14.5,0.486,125.995,"150 km SE of Tondano, Indonesia"
1993,6.2,17.1,-9.597,158.148,"172 km W of Malango, Solomon Islands"
1993,6,32.4,-22.035,170.094,"235 km ESE of Tadine, New Caledonia"
1993,6.5,30.3,54.287,-164.164,"79 km SW of False Pass, Alaska"
1993,6,33.2,51.816,158.659,"125 km S of Vilyuchinsk, Russia"
1993,7,34,51.934,158.647,"112 km S of Vilyuchinsk, Russia"
1993,6,19.6,16.288,-98.638,"18 km SW of Montecillos, Mexico"
1993,6,45.8,-4.543,153.147,"99 km ESE of Kokopo, Papua New Guinea"
1993,6,18.8,50.2,-177.446,"194 km SSW of Adak, Alaska"
1993,6.2,14.4,-3.188,148.339,"174 km SE of Lorengau, Papua New Guinea"
1993,6.1,26.5,-5.858,146.016,"50 km NNE of Kainantu, Papua New Guinea"
1993,6.7,30.4,-5.909,145.99,"44 km NNE of Kainantu, Papua New Guinea"
1993,6.7,20.7,16.755,-98.717,"1 km ENE of Jolotichán, Mexico"
1993,6,272,-22.378,-65.971,"47 km NW of Abra Pampa, Argentina"
1993,6.3,27.1,-5.898,146.202,"57 km NE of Kainantu, Papua New Guinea"
1993,6,10,-50.436,139.904,western Indian-Antarctic Ridge
1993,6,33,-6.013,146.061,"37 km NE of Kainantu, Papua New Guinea"
1993,6.5,33,-5.932,146.153,"50 km NE of Kainantu, Papua New Guinea"
1993,6.9,25.3,-5.889,146.02,"47 km NNE of Kainantu, Papua New Guinea"
1993,6.9,350.7,32.02,137.832,"256 km SE of Shing?, Japan"
1993,6,554.5,-17.845,-178.726,"208 km E of Levuka, Fiji"
1993,6.6,13.1,-6.13,128.965,"282 km SSE of Ambon, Indonesia"
1993,6,34.2,-21.437,-174.301,"68 km E of ‘Ohonua, Tonga"
1993,6,36.8,-3.444,148.805,"231 km SE of Lorengau, Papua New Guinea"
1993,6.1,14.1,38.19,88.663,"southern Xinjiang, China"
1993,6.5,19.2,15.417,-94.698,"90 km S of San Francisco del Mar Viejo, Mexico"
1993,6.2,6.8,18.066,76.451,"20 km SSW of Ausa, India"
1993,6,10,-42.677,-18.385,southern Mid-Atlantic Ridge
1993,6.4,96.6,0.494,121.528,"170 km W of Gorontalo, Indonesia"
1993,6.6,33,-53.651,-51.621,South Atlantic Ocean
1993,6.3,10,9.997,138.222,"54 km NNE of Colonia, Micronesia"
1993,6.1,27.5,-6.47,154.901,"66 km WSW of Panguna, Papua New Guinea"
1993,6,8.53,42.358,-122.058,"27 km WNW of Klamath Falls, Oregon"
1993,6.3,10,0.75,-29.354,central Mid-Atlantic Ridge
1993,6.4,18,14.362,-93.325,"105 km WSW of Puerto Madero, Mexico"
1993,6.3,112.6,36.421,71.592,"29 km S of Ashk?sham, Afghanistan"
1993,6.3,19.7,-29.492,-177.136,"Kermadec Islands, New Zealand"
1993,6,68.2,13.826,-90.429,"27 km S of Taxisco, Guatemala"
1993,7.2,34.1,14.717,-92.645,"24 km W of Puerto Madero, Mexico"
1993,6,63.3,14.415,-92.764,"50 km SW of Puerto Madero, Mexico"
1993,6.5,10,-31.635,-179.44,Kermadec Islands region
1993,6.6,49,-4.641,153.231,"111 km ESE of Kokopo, Papua New Guinea"
1993,6.2,32.5,-9.571,122.528,"110 km SSE of Maumere, Indonesia"
1993,6,194.5,36.429,70.812,"48 km S of Jurm, Afghanistan"
1993,6.8,26.5,14.523,-92.713,"38 km SW of Puerto Madero, Mexico"
1993,6.3,34,2.986,96.122,"62 km NNW of Sinabang, Indonesia"
1993,6.2,10,-44.718,-79.958,"Off the coast of Aisen, Chile"
1993,6.1,426.9,-21.278,-178.023,"292 km W of Haveluloto, Tonga"
1993,6.2,14.6,-5.997,142.743,"28 km SW of Tari, Papua New Guinea"
1993,6,18.3,12.966,144.972,"41 km SE of Inarajan Village, Guam"
1993,6.3,95.2,-35.989,178.51,"249 km NNE of Opotiki, New Zealand"
1993,6.2,21.6,13.178,145.651,"91 km ESE of Yigo Village, Guam"
1993,6.4,14.4,-38.52,177.553,"42 km WNW of Gisborne, New Zealand"
1993,7,28.1,-45.277,166.927,"63 km WNW of Te Anau, New Zealand"
1993,7,214.5,36.379,70.868,"53 km S of Jurm, Afghanistan"
1993,6.4,204.2,36.436,70.711,"48 km SSW of Jurm, Afghanistan"
1993,7.8,59.3,12.982,144.801,"32 km S of Inarajan Village, Guam"
1993,6.5,13.8,41.985,139.839,"69 km WNW of Kamiiso, Japan"
1993,6.7,523.1,-23.866,179.846,south of the Fiji Islands
1993,6.4,155,26.585,125.612,"199 km N of Hirara, Japan"
1993,6.5,31.6,-1.629,99.615,"111 km SW of Padang, Indonesia"
1993,6.1,10,28.729,34.553,"27 km NNE of Dahab, Egypt"
1993,6,10,51.188,-130.797,"269 km WNW of Port McNeill, Canada"
1993,6.2,25.9,-5.573,154.132,"170 km WNW of Panguna, Papua New Guinea"
1993,6,193.5,-13.06,167.056,"105 km NNW of Sola, Vanuatu"
1993,6,10,-54.439,-119.333,southern East Pacific Rise
1993,6.1,20.3,6.47,-71.21,"24 km NNW of Puerto Rondón, Colombia"
1993,6,28.5,42.825,139.288,"101 km W of Iwanai, Japan"
1993,6.3,33,43.124,139.183,"109 km W of Iwanai, Japan"
1993,7.7,16.7,42.851,139.197,"107 km W of Iwanai, Japan"
1993,6.6,47.5,-25.304,-70.166,"34 km ENE of Taltal, Chile"
1993,6.1,398.2,-19.782,-177.486,"281 km WNW of Haveluloto, Tonga"
1993,6,33,-20.858,172.317,Vanuatu region
1993,6.4,10,-24.601,-111.888,Easter Island region
1993,6.7,12.6,-20.836,172.957,Vanuatu region
1993,6.4,10,-60.437,152.775,west of Macquarie Island
1993,6,28.9,-28.817,-176.803,Kermadec Islands region
1993,6.7,10.7,-28.678,-176.893,Kermadec Islands region
1993,6.6,15.6,-29.053,-176.753,Kermadec Islands region
1993,6.2,227.2,-4.991,145.459,"near the north coast of New Guinea, Papua New Guinea"
1993,6.3,44.2,51.259,157.692,"87 km ESE of Ozernovskiy, Russia"
1993,6.1,9.9,-4.375,135.118,"120 km SSW of Nabire, Indonesia"
1993,6.1,14.9,-11.14,162.937,"134 km SE of Kirakira, Solomon Islands"
1993,6.3,112.7,-31.56,-69.234,"30 km SE of Calingasta, Argentina"
1993,7.5,70.6,51.218,157.829,"97 km ESE of Ozernovskiy, Russia"
1993,6.5,13.5,15.823,146.595,"112 km NE of Saipan, Northern Mariana Islands"
1993,6,20.4,3.734,128.497,"228 km NNE of Tobelo, Indonesia"
1993,6.1,151.8,-14.841,167.299,"32 km NE of Port-Olry, Vanuatu"
1993,6.1,80.9,1.546,127.207,"85 km NNW of Ternate, Indonesia"
1993,6.4,12,19.072,-26.476,"253 km NW of Ponta do Sol, Cabo Verde"
1993,6.2,36.8,55.021,-160.513,"35 km S of Sand Point, Alaska"
1993,7,221,-22.671,-66.543,"87 km W of Abra Pampa, Argentina"
1993,6.2,221,-23.238,-66.631,"97 km W of El Aguilar, Argentina"
1993,6.8,168.6,19.914,122.45,"77 km SE of Basco, Philippines"
1993,6.1,3.599,37.165,-117.774,"46km E of Big Pine, California"
1993,6.4,17.3,-5.343,151.985,"114 km SSW of Kokopo, Papua New Guinea"
1993,6.6,21.3,-15.286,-173.332,"89 km NE of Hihifo, Tonga"
1993,6.9,32,51.374,-178.669,"151 km WSW of Adak, Alaska"
1993,6.1,20.8,16.698,-98.395,"1 km ENE of Ometepec, Mexico"
1993,6,19.7,16.673,-98.417,"2 km SSW of Ometepec, Mexico"
1993,6.9,32.3,55.177,-160.458,"17 km S of Sand Point, Alaska"
1993,7,58.7,7.219,126.57,"3 km E of Manay, Philippines"
1993,6.1,572.8,-8.472,-71.485,"86 km WSW of Tarauacá, Brazil"
1993,6.4,12.9,-56.415,-24.491,South Sandwich Islands region
1993,6,33,-15.679,-172.96,"94 km ENE of Hihifo, Tonga"
1993,6.3,599.3,-17.871,179.849,"60 km ENE of Levuka, Fiji"
1993,6.8,23.6,4.015,128.204,"253 km N of Tobelo, Indonesia"
1993,6.3,10,-53.958,-133.868,Pacific-Antarctic Ridge
1993,6.3,106.3,-11.652,-76.53,"15 km SE of Lachaqui, Peru"
1993,6.3,9.7,-16.595,-177.397,"264 km SSE of Alo, Wallis and Futuna"
1993,6.9,565.1,-17.778,-178.864,"195 km E of Levuka, Fiji"
1993,6.3,33,-59.801,-26.312,South Sandwich Islands region
1993,6,9.3,-17.373,-171.921,"254 km SE of Hihifo, Tonga"
1993,6,33.9,41.8,143.467,"108 km ESE of Shizunai-furukawach?, Japan"
1993,6.3,588.9,-18.042,-178.528,"228 km E of Levuka, Fiji"
1993,6.2,12.2,29.084,87.333,"135 km NNE of Lobujya, Nepal"
1993,6.3,115.9,-56.084,-27.803,South Sandwich Islands region
1993,6,29.3,-26.742,-70.966,"93 km NW of Copiapó, Chile"
1993,6.7,28.9,-26.708,-70.918,"93 km NW of Copiapó, Chile"
1993,6.4,9.6,-14.385,-178.252,Fiji region
1993,6.5,33,-59.7,-25.719,South Sandwich Islands region
1993,6.3,33,-59.624,-25.709,South Sandwich Islands region
1993,6.2,10,-55.678,146.999,west of Macquarie Island
1993,6.7,25.3,-11.062,163.386,"173 km ESE of Kirakira, Solomon Islands"
1993,6.6,18.2,-26.536,-177.355,south of the Fiji Islands
1993,6,27.5,-11.025,163.921,"207 km W of Lata, Solomon Islands"
1993,7.1,20.4,-10.972,164.181,"178 km W of Lata, Solomon Islands"
1993,6,13.9,-13.342,175.009,Fiji region
1993,6.2,88.8,-3.744,138.536,"265 km WSW of Abepura, Indonesia"
1993,6.3,10,-0.457,-19.454,central Mid-Atlantic Ridge
1993,6.2,33,-14.926,-176.924,"144 km ESE of Alo, Wallis and Futuna"
1993,6.6,10.6,37.634,137.245,"69 km NNE of Nanao, Japan"
1993,6.4,33,-7.205,128.566,"226 km NE of Lospalos, Timor Leste"
1993,6.2,67.8,3.144,97.633,"95 km W of Kabanjahe, Indonesia"
1993,6.6,448.3,38.649,133.465,Sea of Japan
1993,6.4,151.1,18.414,145.734,"Pagan region, Northern Mariana Islands"
1993,7.6,102.2,43.3,143.691,"52 km NE of Otofuke, Japan"
1993,6.1,112.3,42.982,144.165,"17 km W of Kushiro, Japan"
1993,6.3,9.9,-50.791,139.505,western Indian-Antarctic Ridge
1993,6.7,61,-59.274,-26.205,South Sandwich Islands region
1993,6,33,-22.055,-174.866,"80 km S of ‘Ohonua, Tonga"
1992,6.4,16.4,-32.015,-178.025,south of the Kermadec Islands
1992,6,600.9,-6.087,113.05,"111 km NNE of Bangkalan, Indonesia"
1992,6.8,27.1,-0.564,-19.318,central Mid-Atlantic Ridge
1992,6.3,23.4,-15.293,-173.128,"102 km NE of Hihifo, Tonga"
1992,7.3,77.7,-6.582,130.393,"281 km WSW of Tual, Indonesia"
1992,6.1,53,51.906,158.411,"114 km S of Vilyuchinsk, Russia"
1992,6.1,29.3,-6.487,147.144,"30 km NNE of Lae, Papua New Guinea"
1992,6.1,20.8,-8.517,121.928,"33 km WNW of Maumere, Indonesia"
1992,7.8,27.7,-8.48,121.896,"37 km WNW of Maumere, Indonesia"
1992,6,66,9.291,93.479,"274 km SSE of Port Blair, India"
1992,6,45.2,43.949,147.145,"37 km ENE of Shikotan, Russia"
1992,6,32.3,-20.864,169.234,"146 km S of Isangel, Vanuatu"
1992,6,19.6,35.692,-34.584,Azores Islands region
1992,6.5,11.7,-31.33,-71.992,"85 km WNW of Illapel, Chile"
1992,6.6,20.1,-56.665,-26.405,South Sandwich Islands region
1992,6.3,359.6,-22.401,-178.104,south of the Fiji Islands
1992,6.2,33,51.203,-179.238,"195 km WSW of Adak, Alaska"
1992,6.7,9.7,-15.727,-179.703,"126 km NE of Labasa, Fiji"
1992,6.1,17.2,38.16,26.998,"14 km ESE of Seferihisar, Turkey"
1992,6.2,19.8,-5.263,152.575,"107 km SSE of Kokopo, Papua New Guinea"
1992,6,18.8,-31.565,-71.565,"38 km WNW of Illapel, Chile"
1992,6.4,14.1,-14.238,167.641,"41 km SSE of Sola, Vanuatu"
1992,6.4,10,-61.542,154.573,Balleny Islands region
1992,6.1,28.9,-2.298,141.256,"42 km N of Vanimo, Papua New Guinea"
1992,6.5,5.7,-2.321,141.262,"40 km N of Vanimo, Papua New Guinea"
1992,6.5,393.1,29.941,138.975,"Izu Islands, Japan region"
1992,6.2,33,6.834,124.006,"3 km NNW of Gadung, Philippines"
1992,6,26.3,-29.9,-177.352,"Kermadec Islands, New Zealand"
1992,6.6,18.7,-29.536,-177.279,"Kermadec Islands, New Zealand"
1992,6.4,16.4,42.589,45.104,"38 km ESE of St’epants’minda, Georgia"
1992,6.2,33,-9.469,122.56,"101 km SSE of Maumere, Indonesia"
1992,6.4,30.7,-5.352,152.616,"118 km SSE of Kokopo, Papua New Guinea"
1992,6.5,15.7,-30.125,-177.0,"Kermadec Islands, New Zealand"
1992,6.6,26.3,-30.227,-177.205,"Kermadec Islands, New Zealand"
1992,6.2,19.3,-6.87,144.174,"68 km SSE of Ialibu, Papua New Guinea"
1992,6,27,55.52,166.303,"252 km ESE of Ust’-Kamchatsk Staryy, Russia"
1992,6.2,20.6,-19.385,169.593,"37 km ENE of Isangel, Vanuatu"
1992,7.2,10,7.075,-76.862,"11 km NNW of Murindó, Colombia"
1992,6.2,118.9,-6.279,130.214,"290 km WSW of Tual, Indonesia"
1992,6.7,14.3,6.845,-76.806,"15 km S of Murindó, Colombia"
1992,6.5,11.8,-19.226,169.553,"45 km NE of Isangel, Vanuatu"
1992,6.8,25,-14.537,166.711,"68 km NW of Port-Olry, Vanuatu"
1992,7.4,129,-19.247,168.948,"47 km NW of Isangel, Vanuatu"
1992,6.2,49.5,-5.425,151.175,"115 km E of Kimbe, Papua New Guinea"
1992,6.1,14.8,51.123,-177.997,"126 km SW of Adak, Alaska"
1992,6.1,13.7,51.148,-178.175,"134 km SW of Adak, Alaska"
1992,6.6,33,51.281,-178.037,"117 km SW of Adak, Alaska"
1992,6,26,51.41,-178.63,"147 km WSW of Adak, Alaska"
1992,6.4,29.6,24.121,122.648,"52 km SW of Yonakuni, Japan"
1992,6,67.1,13.474,-90.675,"50 km S of Iztapa, Guatemala"
1992,6.7,27.7,1.289,129.118,"132 km ESE of Tobelo, Indonesia"
1992,6.1,10,-61.22,154.359,Balleny Islands region
1992,6.3,184.2,-14.053,167.269,"36 km WSW of Sola, Vanuatu"
1992,6.4,10.8,-6.087,26.651,"29 km W of Kabalo, Democratic Republic of the Congo"
1992,6,37.7,-22.562,-174.974,"136 km S of ‘Ohonua, Tonga"
1992,6.1,24,76.208,7.286,Svalbard region
1992,6,10,11.999,-87.319,"55 km SSW of Corinto, Nicaragua"
1992,6,10,11.302,-86.725,"58 km SSW of Masachapa, Nicaragua"
1992,6.7,624.6,-6.046,112.138,"94 km N of Tuban, Indonesia"
1992,7.7,44.8,11.742,-87.34,"83 km SSW of Corinto, Nicaragua"
1992,6.4,565,-17.918,-178.71,"209 km E of Levuka, Fiji"
1992,6.3,289.4,33.19,137.975,"158 km S of ?yama, Japan"
1992,6.9,15.5,-0.965,-13.562,north of Ascension Island
1992,6.1,106.6,-56.622,-26.552,South Sandwich Islands region
1992,6.2,120.5,41.977,140.66,"9 km NNW of Honch?, Japan"
1992,6.6,18.5,42.104,73.237,"35 km NE of Toktogul, Kyrgyzstan"
1992,6.3,21.1,42.107,73.264,"37 km NE of Toktogul, Kyrgyzstan"
1992,6.1,33,42.1,73.543,"55 km ENE of Toktogul, Kyrgyzstan"
1992,7.3,27.4,42.142,73.575,"60 km ENE of Toktogul, Kyrgyzstan"
1992,6.1,9.9,50.502,-174.922,"193 km SE of Adak, Alaska"
1992,6.3,215.2,-5.368,146.669,"99 km E of Madang, Papua New Guinea"
1992,6.2,44.5,-6.103,148.875,"75 km W of Kandrian, Papua New Guinea"
1992,6.4,15.5,32.536,141.641,"Izu Islands, Japan region"
1992,6.1,73.4,4.005,126.36,"183 km SSE of Sarangani, Philippines"
1992,6.2,392.3,-31.566,-179.997,Kermadec Islands region
1992,6.9,13.6,57.589,-142.846,"283 km SW of Yakutat, Alaska"
1992,6.4,91,-12.127,166.589,"177 km SSE of Lata, Solomon Islands"
1992,6.1,252.9,-21.738,-177.214,"217 km WSW of Haveluloto, Tonga"
1992,6.6,485.9,-7.126,121.748,"172 km NNW of Maumere, Indonesia"
1992,6.3,18.9,-0.883,127.582,"179 km S of Sofifi, Indonesia"
1992,6.1,14.1,29.584,90.163,"68 km SW of Dêqên, China"
1992,6.2,15.9,39.495,143.501,"133 km E of Yamada, Japan"
1992,6.7,10,78.562,5.523,"230 km W of Longyearbyen, Svalbard and Jan Mayen"
1992,6,36.7,39.324,143.011,"92 km E of Yamada, Japan"
1992,6.1,27.2,39.48,142.956,"86 km E of Yamada, Japan"
1992,6.4,26.7,39.436,143.026,"92 km E of Yamada, Japan"
1992,6.1,34.7,39.675,143.027,"93 km E of Miyako, Japan"
1992,6.9,28.6,39.419,143.33,"118 km E of Yamada, Japan"
1992,6,465,-4.725,125.455,Banda Sea
1992,6.3,96.5,-3.919,-76.602,"52 km SSW of Alianza Cristiana, Peru"
1992,6.2,45.1,51.171,157.626,"86 km ESE of Ozernovskiy, Russia"
1992,6.2,63.8,41.457,142.031,"70 km ENE of Mutsu, Japan"
1992,7.2,377.2,-22.483,-178.413,south of the Fiji Islands
1992,6.5,19.9,44.695,149.482,"139 km ESE of Kuril’sk, Russia"
1992,6.3,3.634,34.203,-116.827,"The 1992 Big Bear, California Earthquake"
1992,7.3,-0.097,34.2,-116.437,"The 1992 Landers, California Earthquake"
1992,6.5,20,-28.314,-176.716,Kermadec Islands region
1992,6.1,10,-36.104,-101.22,southeast of Easter Island
1992,6.5,11.8,-60.728,-21.969,east of the South Sandwich Islands
1992,6.2,10,-37.689,176.861,"31 km NNW of Whakatane, New Zealand"
1992,6.2,10,-60.373,-57.074,South Shetland Islands
1992,6,316.6,45.704,142.263,"50 km NE of Makubetsu, Japan"
1992,6.3,17.3,24.027,95.932,"134 km W of Bhamo, Myanmar"
1992,6,30.5,1.084,124.089,"83 km WSW of Tomohon, Indonesia"
1992,6.1,63.9,-8.474,111.1,"65 km S of Jatiroto, Indonesia"
1992,6,17.5,1.068,124.04,"89 km WSW of Tomohon, Indonesia"
1992,6,17.3,28.018,128.051,"145 km WSW of Naze, Japan"
1992,6.2,21.9,51.13,178.743,"Rat Islands, Aleutian Islands, Alaska"
1992,6.2,13.9,-16.138,92.844,South Indian Ocean
1992,6.3,54.9,14.442,-92.931,"62 km WSW of Puerto Madero, Mexico"
1992,6,20.2,30.694,141.59,"Izu Islands, Japan region"
1992,6,18.6,31.17,141.731,"Izu Islands, Japan region"
1992,6,84.7,-41.616,173.727,"21 km WSW of Blenheim, New Zealand"
1992,7,18.8,-11.122,165.239,"75 km SW of Lata, Solomon Islands"
1992,6.8,23.1,19.613,-77.872,"56 km SSW of Niquero, Cuba"
1992,6,75,13.479,-89.997,"22 km SW of Acajutla, El Salvador"
1992,6.2,33,-3.506,144.221,"63 km NNE of Angoram, Papua New Guinea"
1992,6,47.7,-6.175,147.236,"66 km NNE of Lae, Papua New Guinea"
1992,6.3,16.3,33.377,71.317,"2 km WSW of Lachi, Pakistan"
1992,6.3,17.8,7.446,-82.311,"86 km S of Boca Chica, Panama"
1992,6.1,29.5,-33.594,-72.018,"38 km W of San Antonio, Chile"
1992,7.3,33,7.191,126.762,"23 km ESE of Santiago, Philippines"
1992,7.1,32.8,7.239,126.645,"9 km SE of Santiago, Philippines"
1992,6.1,56.9,-13.672,-76.108,"4 km E of San Clemente, Peru"
1992,6.1,164.5,-19.119,169.079,"51 km NNW of Isangel, Vanuatu"
1992,6.2,49.5,41.019,72.429,"4 km WSW of Kochkor-Ata, Kyrgyzstan"
1992,7.2,58,-6.075,147.572,"61 km NNW of Finschhafen, Papua New Guinea"
1992,6.7,15,-16.524,-172.367,"165 km ESE of Hihifo, Tonga"
1992,6,12.7,41.175,144.7,"201 km S of Kushiro, Japan"
1992,6.1,86.1,-6.762,130.229,Banda Sea
1992,6.57,21.713,40.383,-124.555,"32 km SW of Ferndale, California"
1992,6.45,18.824,40.432,-124.566,"30 km WSW of Ferndale, California"
1992,7.2,9.856,40.335,-124.229,"The 1992 Petrolia, California Earthquake"
1992,6.2,25,27.55,66.065,"61 km WSW of Khuzdar, Pakistan"
1992,6.2,9.6,22.418,98.852,"126 km ESE of Lashio, Myanmar"
1992,6.1,12,22.437,98.904,"130 km ESE of Lashio, Myanmar"
1992,6.1,11.629,33.96,-116.317,"The 1992 Joshua Tree, California Earthquake"
1992,6.2,15.5,23.861,121.594,"12 km S of Hualien City, Taiwan"
1992,6.6,29.3,-5.454,103.001,"160 km S of Pagar Alam, Indonesia"
1992,6.1,30,1.186,122.586,"89 km NW of Gorontalo, Indonesia"
1992,6,14.3,-16.784,168.31,"105 km N of Port-Vila, Vanuatu"
1992,6,16,-16.867,168.129,"98 km NNW of Port-Vila, Vanuatu"
1992,6,52.9,-4.172,131.005,"249 km ESE of Amahai, Indonesia"
1992,6,10,50.593,-129.918,"200 km W of Port McNeill, Canada"
1992,6.7,19.7,50.724,-130.092,"213 km W of Port McNeill, Canada"
1992,6.1,48.5,-11.938,166.324,"145 km SSE of Lata, Solomon Islands"
1992,6.5,27.4,-5.696,151.164,"114 km E of Kimbe, Papua New Guinea"
1992,6.3,10,-49.872,-113.744,southern East Pacific Rise
1992,6,33,51.222,-179.723,"226 km WSW of Adak, Alaska"
1992,6,53.4,3.613,127.008,"236 km NNW of Tobelo, Indonesia"
1992,6,10,-55.506,-124.357,southern East Pacific Rise
1992,6.3,15.4,17.155,120.827,"7 km NNW of Besao, Philippines"
1992,6.1,25.2,-9.191,152.394,"246 km ENE of Alotau, Papua New Guinea"
1992,6.7,27.2,39.71,39.605,"8 km W of Cimin, Turkey"
1992,6.4,197.4,52.451,-178.945,"170 km WNW of Adak, Alaska"
1992,6.1,27.8,-3.438,146.734,"166 km SSW of Lorengau, Papua New Guinea"
1992,6.2,14.9,-3.477,146.316,"191 km SSW of Lorengau, Papua New Guinea"
1992,6.6,78.9,10.21,-84.323,"5 km SW of Río Segundo, Costa Rica"
1992,6.4,45.2,52.9,159.619,"67 km ESE of Petropavlovsk-Kamchatsky, Russia"
1992,6.2,7.4,11.513,42.812,"4 km WSW of Arta, Djibouti"
1992,6.4,19.4,-3.008,147.882,"127 km SSE of Lorengau, Papua New Guinea"
1992,6,34.9,52.835,159.876,"85 km ESE of Petropavlovsk-Kamchatsky, Russia"
1992,6.9,38.6,52.915,159.886,"84 km E of Petropavlovsk-Kamchatsky, Russia"
1992,6.7,38.5,-6.191,147.576,"50 km NW of Finschhafen, Papua New Guinea"
1992,6,10,11.803,57.764,Owen Fracture Zone region
1992,6,55,-6.228,147.613,"44 km NW of Finschhafen, Papua New Guinea"
1992,6,378.9,-15.382,-177.108,"160 km SE of Alo, Wallis and Futuna"
1992,6.2,137.2,-21.647,170.412,"261 km SSE of Isangel, Vanuatu"
1992,6.2,33,-55.979,158.123,Macquarie Island region
1992,6,10,79.191,124.482,east of Severnaya Zemlya
1992,6,44.2,53.597,-165.734,"59 km S of Akutan, Alaska"
1992,6.8,9.6,-15.894,166.318,"99 km WSW of Luganville, Vanuatu"
1992,6.5,36.8,-5.72,103.156,"187 km S of Pagar Alam, Indonesia"
1992,6.3,10,-51.547,139.704,western Indian-Antarctic Ridge
1992,6,10,-51.654,139.406,western Indian-Antarctic Ridge
1992,6.7,498.5,27.983,139.405,"Bonin Islands, Japan region"
1992,6.1,112.9,1.342,127.373,"60 km N of Ternate, Indonesia"
1992,6.1,10,48.738,-129.233,"247 km WSW of Tofino, Canada"
1991,6.4,36.7,-4.421,132.727,"133 km N of Tual, Indonesia"
1991,6.6,10,-56.102,-24.614,South Sandwich Islands region
1991,6.4,13.5,51.019,98.15,"64 km NE of Kungurtug, Russia"
1991,7.2,10,-56.032,-25.266,South Sandwich Islands region
1991,6,25.6,-19.173,-176.4,"226 km WNW of Pangai, Tonga"
1991,7.6,24.7,45.533,151.021,"248 km E of Kuril’sk, Russia"
1991,6.8,27.2,45.253,151.176,"258 km E of Kuril’sk, Russia"
1991,6.3,10,-62.551,155.054,Balleny Islands region
1991,6.3,19.7,45.439,151.427,"279 km E of Kuril’sk, Russia"
1991,6.4,48.2,45.435,151.27,"266 km E of Kuril’sk, Russia"
1991,6.5,18.7,45.521,151.707,Kuril Islands
1991,6,25.8,45.567,151.53,"288 km E of Kuril’sk, Russia"
1991,6.6,30,45.578,151.56,"290 km E of Kuril’sk, Russia"
1991,6.5,36.6,-23.368,171.044,southeast of the Loyalty Islands
1991,6.4,18.9,-17.821,-116.017,southern East Pacific Rise
1991,6,49.8,45.475,151.391,"276 km E of Kuril’sk, Russia"
1991,6.3,561,-26.483,178.715,south of the Fiji Islands
1991,6.4,56.3,42.051,142.523,"33 km SSE of Shizunai-furukawach?, Japan"
1991,6,24,51.4,-176.0,"68 km SE of Adak, Alaska"
1991,6.3,73.3,5.782,126.832,"96 km SE of Pondaguitan, Philippines"
1991,6.1,79.2,-36.515,178.385,"192 km NNE of Opotiki, New Zealand"
1991,7.2,21.3,4.554,-77.442,"33 km NNW of Santa Genoveva de Docordó, Colombia"
1991,6.8,35.9,8.361,126.371,"4 km ESE of Hinatuan, Philippines"
1991,6,177.8,-24.216,-177.393,south of the Fiji Islands
1991,6.3,140.2,-7.32,128.55,"216 km NE of Lospalos, Timor Leste"
1991,6.5,10,-16.908,66.162,Mid-Indian Ridge
1991,6.2,105.3,-6.237,146.444,"64 km E of Kainantu, Papua New Guinea"
1991,6.2,49.9,-6.072,148.198,"66 km NE of Finschhafen, Papua New Guinea"
1991,6,43,46.55,152.782,Kuril Islands
1991,6.6,21.4,-30.255,-177.981,"Kermadec Islands, New Zealand"
1991,6,37.1,1.235,122.105,"131 km NW of Gorontalo, Indonesia"
1991,6.2,17.8,-15.31,-173.187,"96 km NE of Hihifo, Tonga"
1991,6,192,18.506,145.668,"Pagan region, Northern Mariana Islands"
1991,6.8,10.3,30.78,78.774,"32 km E of Uttark?shi, India"
1991,6.5,197.5,-24.295,-177.561,south of the Fiji Islands
1991,6.1,35.5,-15.3,-173.556,"76 km NNE of Hihifo, Tonga"
1991,6.2,136.8,-6.494,130.043,Banda Sea
1991,6.1,18.9,-9.026,158.356,"166 km WNW of Malango, Solomon Islands"
1991,6.4,31.3,-9.08,158.599,"140 km WNW of Malango, Solomon Islands"
1991,7.2,23.4,-9.094,158.442,"155 km WNW of Malango, Solomon Islands"
1991,6.3,10,-56.097,-122.633,southern East Pacific Rise
1991,6.3,43.8,-13.742,166.673,"96 km W of Sola, Vanuatu"
1991,6,145.9,45.587,149.049,"100 km ENE of Kuril’sk, Russia"
1991,7,566.4,-20.878,-178.591,Fiji region
1991,6.6,28,-5.814,150.959,"95 km ESE of Kimbe, Papua New Guinea"
1991,6.1,17,-16.232,-173.004,"90 km ESE of Hihifo, Tonga"
1991,6.2,5,14.646,-90.986,"4 km SE of Patzún, Guatemala"
1991,6.3,10.7,-17.921,-115.992,southern East Pacific Rise
1991,6.4,8.5,-17.91,-116.001,southern East Pacific Rise
1991,6.4,27.2,33.649,138.778,"115 km S of Shimoda, Japan"
1991,7,1.303,41.679,-125.856,"136 km WSW of Brookings, Oregon"
1991,6,8.32,40.252,-124.286,"30 km SSW of Scotia, California"
1991,6.1,2.549,41.661,-125.846,"136 km WSW of Brookings, Oregon"
1991,6.3,170.8,-16.064,168.01,"63 km E of Lakatoro, Vanuatu"
1991,6.5,13.8,-13.593,167.607,"31 km N of Sola, Vanuatu"
1991,6,274.8,54.389,-169.296,"163 km N of Nikolski, Alaska"
1991,6.7,12.4,0.972,122.631,"67 km NW of Gorontalo, Indonesia"
1991,6,28.5,35.725,141.044,"19 km E of Hasaki, Japan"
1991,6,30.9,-21.363,-174.396,"57 km E of ‘Ohonua, Tonga"
1991,6.7,212.9,36.334,71.119,"53 km SW of Ashk?sham, Afghanistan"
1991,6.2,40.5,48.738,154.933,"232 km SSW of Severo-Kuril’sk, Russia"
1991,6.9,11,42.182,-125.641,"103 km W of Pistol River, Oregon"
1991,7,104.5,-13.108,-72.187,"15 km W of Lares, Peru"
1991,6.1,53.7,-9.585,114.673,"102 km SSW of Jimbaran, Indonesia"
1991,6.9,28.8,-8.099,124.681,"81 km NW of Maubara, Timor Leste"
1991,6.4,53.8,-1.068,99.843,"58 km WSW of Padang, Indonesia"
1991,6,21.4,-15.797,-75.016,"50 km SSE of San Juan, Peru"
1991,7.3,558,-26.802,-63.349,"27 km NNW of El Hoyo, Argentina"
1991,6.2,10,23.915,-108.549,"101 km SW of Altata, Mexico"
1991,7.5,31.4,1.196,122.787,"79 km NNW of Gorontalo, Indonesia"
1991,6.1,71,10.098,125.855,"21 km WNW of Santa Monica, Philippines"
1991,6.6,51.7,-58.285,-24.183,South Sandwich Islands region
1991,6.3,9.4,42.461,44.009,"9 km NE of Java, Georgia"
1991,6.4,9.7,23.771,-45.368,northern Mid-Atlantic Ridge
1991,7,265.5,-20.252,-176.218,"144 km NW of Nuku‘alofa, Tonga"
1991,6.9,536.4,-7.204,122.533,"160 km NNE of Maumere, Indonesia"
1991,7,28.4,54.567,-161.606,"71 km SE of King Cove, Alaska"
1991,6.8,127.7,-16.506,-70.701,"13 km SSE of Chojata, Peru"
1991,6.6,18.4,-7.517,126.539,"106 km N of Baukau, Timor Leste"
1991,7,33,1.156,122.957,"69 km N of Gorontalo, Indonesia"
1991,6.4,59,-4.39,142.715,"22 km SSW of Ambunti, Papua New Guinea"
1991,6,21.8,-3.463,82.824,South Indian Ocean
1991,6.3,115.2,-16.114,-174.147,"41 km WSW of Hihifo, Tonga"
1991,6.1,10,39.43,144.714,"237 km E of Yamada, Japan"
1991,6.2,10,9.542,-82.418,"16 km NE of Changuinola, Panama"
1991,6.7,433.1,28.08,139.585,"Bonin Islands, Japan region"
1991,6,36.1,9.392,-77.281,"71 km NE of Mulatupo, Panama"
1991,6.3,115.1,62.475,-151.41,Central Alaska
1991,6,10,5.926,-82.612,"234 km S of Punta de Burica, Panama"
1991,6.1,14.3,42.503,43.899,"11 km NNW of Java, Georgia"
1991,7,17.2,42.453,43.673,"22 km WNW of Java, Georgia"
1991,6.2,12.7,9.741,-83.517,"16 km SE of La Suiza, Costa Rica"
1991,6.2,23.7,2.541,-79.747,"133 km WNW of Salahonda, Colombia"
1991,6.3,13.8,9.041,126.739,"50 km ENE of Aras-asan, Philippines"
1991,7.6,10,9.685,-83.073,"34 km S of Limón, Costa Rica"
1991,6.1,19.5,-14.883,-174.953,"171 km NW of Hihifo, Tonga"
1991,6,470.7,-22.924,-179.342,south of the Fiji Islands
1991,6,83,27.155,127.419,"82 km NW of Nago, Japan"
1991,6.7,16,-15.008,-175.521,"203 km SSE of Mata-Utu, Wallis and Futuna"
1991,6.3,50,-14.23,-75.511,"21 km ESE of Pampa de Tate, Peru"
1991,7.1,19.8,-5.982,-77.094,"11 km NE of Rioja, Peru"
1991,6.5,20.7,-6.038,-77.13,"4 km ENE of Rioja, Peru"
1991,6.3,32.9,7.017,-78.153,"44 km WSW of Juradó, Colombia"
1991,6,15,15.746,95.738,"60 km S of Pyapon, Myanmar"
1991,6.3,17.7,21.704,121.789,"113 km ESE of Hengchun, Taiwan"
1991,6.2,24.7,-9.71,-79.774,"147 km WSW of Puerto Santa, Peru"
1991,6,35.1,-5.791,-80.897,"27 km SSW of Sechura, Peru"
1991,6.3,33.3,10.174,-85.184,"15 km N of Nandayure, Costa Rica"
1991,6.4,10,-51.154,29.255,south of Africa
1991,6,10,-54.877,-131.533,Pacific-Antarctic Ridge
1991,6.6,13,60.904,167.023,"74 km NE of Tilichiki, Russia"
1991,6.2,16.1,-21.867,-175.057,"60 km S of ‘Ohonua, Tonga"
1991,6.2,196.5,10.939,-84.637,"13 km SE of Los Chiles, Costa Rica"
1991,6,20.6,40.386,78.959,"118 km WSW of Aykol, China"
1991,6.7,20.2,58.427,-175.45,Bering Sea
1991,7,23.9,8.87,126.48,"18 km E of Aras-asan, Philippines"
1991,6,58.5,-21.189,169.831,"191 km SSE of Isangel, Vanuatu"
1991,6.1,38.9,48.268,154.328,"297 km SSW of Severo-Kuril’sk, Russia"
1991,6,10,-22.336,-112.578,Easter Island region
1991,6,155.7,14.005,144.743,"54 km NNW of Yigo Village, Guam"
1991,6.2,10,8.745,-39.854,central Mid-Atlantic Ridge
1991,6.4,10,-9.858,159.174,"62 km WSW of Malango, Solomon Islands"
1991,6.9,10,-9.929,159.139,"68 km WSW of Malango, Solomon Islands"
1991,6.1,27.6,-15.348,-176.901,"173 km SE of Alo, Wallis and Futuna"
1991,6.9,142.4,35.993,70.423,"77 km NW of P?r?n, Afghanistan"
1991,6.4,33,-2.275,139.206,"162 km WNW of Abepura, Indonesia"
1991,6.3,22,-2.152,139.02,"185 km WNW of Abepura, Indonesia"
1991,6.4,108.4,51.965,178.838,"Rat Islands, Aleutian Islands, Alaska"
1991,6,78.3,-21.235,170.029,"203 km SSE of Isangel, Vanuatu"
1991,6.3,10,-51.145,139.415,western Indian-Antarctic Ridge
1991,6,58.2,-5.99,154.46,"119 km WNW of Panguna, Papua New Guinea"
1991,6.2,27.7,-5.396,151.837,"125 km SSW of Kokopo, Papua New Guinea"
1991,6.2,32.9,-18.057,-173.534,"81 km NE of Neiafu, Tonga"
1991,7,19.7,23.613,95.901,"99 km NW of Mogok, Myanmar"
1991,6.2,14,-7.179,148.54,"102 km SE of Finschhafen, Papua New Guinea"
1991,6,29.1,-21.208,-174.149,"84 km E of ‘Ohonua, Tonga"
1991,6.3,35,18.068,-105.847,"172 km SSW of Emiliano Zapata, Mexico"
1990,7.5,178.6,-5.097,150.967,"104 km ENE of Kimbe, Papua New Guinea"
1990,6.1,18,8.257,94.061,"296 km NNW of Sabang, Indonesia"
1990,6,17.3,9.869,-84.302,"2 km NNE of Santiago, Costa Rica"
1990,6.1,13.3,41.004,22.3,"14 km WNW of Gouménissa, Greece"
1990,6.8,13.3,-20.467,-174.161,"74 km SSE of Pangai, Tonga"
1990,6,21.7,52.618,160.716,"147 km ESE of Petropavlovsk-Kamchatsky, Russia"
1990,6.3,19.3,6.638,-81.926,"136 km SSW of Río Grande, Panama"
1990,6.7,10,23.722,121.627,"28 km S of Hualien City, Taiwan"
1990,6.2,33,1.116,124.034,"88 km WSW of Tomohon, Indonesia"
1990,6.3,12.1,23.916,121.636,"7 km SSE of Hualien City, Taiwan"
1990,6.4,12.8,-15.461,-173.117,"90 km NE of Hihifo, Tonga"
1990,6,32.4,-5.94,142.282,"74 km W of Tari, Papua New Guinea"
1990,6.1,75.1,-5.264,131.37,"158 km WNW of Tual, Indonesia"
1990,6.1,415,-28.041,-179.707,Kermadec Islands region
1990,6.1,144.6,4.707,-75.574,"7 km N of Salento, Colombia"
1990,6.3,28.7,-5.575,150.993,"94 km E of Kimbe, Papua New Guinea"
1990,6,33,51.65,-171.331,"206 km ESE of Atka, Alaska"
1990,6.7,48.4,3.908,97.457,"84 km SW of Langsa, Indonesia"
1990,6.4,19.1,42.959,78.071,"35 km NW of Tyup, Kyrgyzstan"
1990,7.1,24.8,53.452,169.871,"231 km WNW of Attu Station, Alaska"
1990,6.6,10.6,28.251,55.462,"105 km ESE of D?r?b, Iran"
1990,6.1,10,-35.143,-16.426,southern Mid-Atlantic Ridge
1990,6.5,44.1,8.307,126.462,"13 km E of Tidman, Philippines"
1990,7,598.8,-10.97,-70.776,"130 km W of Iñapari, Peru"
1990,6.8,32.2,-2.211,92.249,"southwest of Sumatra, Indonesia"
1990,6.1,548.5,-23.497,179.029,south of the Fiji Islands
1990,6.6,266,-19.503,-66.618,"68 km SSE of Challapata, Bolivia"
1990,6.1,35,24.248,125.215,"62 km S of Hirara, Japan"
1990,6.7,176,-13.559,167.079,"62 km NW of Sola, Vanuatu"
1990,6.2,10,33.189,138.685,"162 km SSE of ?yama, Japan"
1990,6.5,10,33.267,138.643,"153 km SSE of ?yama, Japan"
1990,6.5,33,-6.726,130.373,"289 km WSW of Tual, Indonesia"
1990,6.4,10,-17.732,167.612,"74 km W of Port-Vila, Vanuatu"
1990,6,33,-14.989,-173.632,"108 km N of Hihifo, Tonga"
1990,6.4,10,-53.155,159.632,Macquarie Island region
1990,6,33,-60.689,-22.794,South Sandwich Islands region
1990,6,73.8,-5.178,151.729,"110 km SSW of Kokopo, Papua New Guinea"
1990,6,33,-20.548,-174.173,"83 km SSE of Pangai, Tonga"
1990,6,22.8,-3.197,148.225,"166 km SE of Lorengau, Papua New Guinea"
1990,6.6,14.2,-0.143,-80.283,"34 km SW of Pedernales, Ecuador"
1990,6.4,11.3,0.525,126.084,"147 km WSW of Ternate, Indonesia"
1990,6,10.5,-27.487,-104.266,Easter Island region
1990,6,21.4,7.507,93.975,"232 km NW of Sabang, Indonesia"
1990,6.2,10,-40.229,78.308,Mid-Indian Ridge
1990,6.7,29.1,-11.164,161.997,"78 km S of Kirakira, Solomon Islands"
1990,6.3,10,35.432,-35.648,northern Mid-Atlantic Ridge
1990,7.1,140.4,-19.435,169.132,"19 km NW of Isangel, Vanuatu"
1990,6.2,53.2,0.333,126.175,"143 km WSW of Ternate, Indonesia"
1990,6.4,10,-1.08,-13.887,north of Ascension Island
1990,6.1,26.6,36.31,141.072,"43 km E of ?arai, Japan"
1990,6.5,496.2,29.551,137.63,"Izu Islands, Japan region"
1990,6.2,33.4,47.963,84.961,"55 km N of Zaysan, Kazakhstan"
1990,6,35.8,-31.62,-71.695,"49 km W of Illapel, Chile"
1990,7.2,125.7,-15.355,167.464,"37 km ENE of Luganville, Vanuatu"
1990,6.3,531.3,-23.622,-179.893,south of the Fiji Islands
1990,6.5,23.1,16.495,120.981,"14 km NNW of Salinas, Philippines"
1990,6.1,18.3,16.433,120.838,"10 km ESE of Ambuclao, Philippines"
1990,7.7,25.1,15.679,121.172,"4 km E of Macapsing, Philippines"
1990,6.6,11.1,0.003,-17.376,north of Ascension Island
1990,6.4,216.8,36.415,70.789,"50 km S of Jurm, Afghanistan"
1990,6,589.8,-25.366,178.234,south of the Fiji Islands
1990,6,584.8,-25.355,178.342,south of the Fiji Islands
1990,6.4,66.3,-10.353,161.119,"88 km W of Kirakira, Solomon Islands"
1990,6.6,12.6,5.395,31.654,"60 km N of Juba, South Sudan"
1990,6.3,586.8,-22.015,-179.473,south of the Fiji Islands
1990,6.9,180.5,-21.568,-176.483,"139 km WSW of Haveluloto, Tonga"
1990,6.2,23.9,-0.611,146.473,"180 km NNW of Lorengau, Papua New Guinea"
1990,7.4,18.5,36.957,49.409,"23 km N of P?deg?n-e Manj?l, Iran"
1990,6.1,14.5,27.398,65.719,"99 km WSW of Khuzdar, Pakistan"
1990,6,27,27.998,127.976,"153 km N of Nago, Japan"
1990,6,60.1,-5.041,152.082,"79 km SSW of Kokopo, Papua New Guinea"
1990,6.6,57.9,47.869,85.076,"47 km NNE of Zaysan, Kazakhstan"
1990,7.1,18.1,11.76,121.899,"0 km ESE of Union, Philippines"
1990,6.5,499.2,-18.874,-178.789,"219 km ESE of Levuka, Fiji"
1990,6.5,29.3,-3.563,144.432,"68 km NE of Angoram, Papua New Guinea"
1990,6.3,67,35.522,140.339,"near the east coast of Honshu, Japan"
1990,6,22.6,17.26,-100.707,"7 km NE of Nuxco, Mexico"
1990,6.3,88.2,45.811,26.769,"2 km SSW of N?ruja, Romania"
1990,7,89.3,45.841,26.668,"5 km W of Nistore?ti, Romania"
1990,6.6,24.2,-6.016,-77.229,"6 km ESE of Segunda Jerusalén - Azunguillo, Peru"
1990,6.1,10,55.651,-153.243,"155 km SSE of Akhiok, Alaska"
1990,7.1,588.9,-7.363,120.363,"135 km NNE of Labuan Bajo, Indonesia"
1990,7.1,16,5.358,31.848,"63 km NNE of Juba, South Sudan"
1990,6.5,16.5,5.277,31.829,"54 km NNE of Juba, South Sudan"
1990,6.1,33,-36.299,-97.876,West Chile Rise
1990,6.1,345.6,-32.5,179.624,south of the Kermadec Islands
1990,6.3,232.2,-18.102,-175.13,"135 km WNW of Neiafu, Tonga"
1990,7.2,14.9,5.121,32.145,"69 km ENE of Juba, South Sudan"
1990,6,29.7,1.158,123.869,"105 km W of Tomohon, Indonesia"
1990,6,113.1,36.043,70.428,"77 km SE of Farkh?r, Afghanistan"
1990,6.2,75.9,-35.925,-71.415,"18 km ESE of Linares, Chile"
1990,6.4,20.6,-40.296,176.064,"39 km E of Palmerston North, New Zealand"
1990,7.2,605.7,49.037,141.847,"16 km WSW of Uglegorsk, Russia"
1990,6.3,578.5,41.82,130.858,"67 km SE of Rajin, North Korea"
1990,6,33,-56.381,-27.058,South Sandwich Islands region
1990,6.5,9.6,6.905,-82.622,"127 km SSE of Punta de Burica, Panama"
1990,6.4,81.6,-5.604,150.164,"6 km SSE of Kimbe, Papua New Guinea"
1990,6.6,252,58.521,-156.542,"19 km SSE of King Salmon, Alaska"
1990,6,10,-54.279,1.271,Bouvet Island region
1990,6.4,22.7,8.887,-83.5,"8 km SSE of Ciudad Cortés, Costa Rica"
1990,6,24.4,1.059,122.825,"63 km NNW of Gorontalo, Indonesia"
1990,6.3,9.6,36.239,100.254,"141 km WSW of Xining, China"
1990,6.5,8.1,35.986,100.245,"153 km WSW of Xining, China"
1990,6.3,10,36.04,100.274,"148 km WSW of Xining, China"
1990,6.3,11.9,-36.985,-73.303,"15 km WNW of Coronel, Chile"
1990,6.5,23.7,1.108,123.429,"75 km NNE of Gorontalo, Indonesia"
1990,6,33,1.3,123.021,"Minahasa, Sulawesi, Indonesia"
1990,6.5,19.1,1.315,123.018,"86 km N of Gorontalo, Indonesia"
1990,7.8,25.7,1.186,122.857,"75 km NNW of Gorontalo, Indonesia"
1990,6.1,10,7.368,-35.286,central Mid-Atlantic Ridge
1990,6,33,39.436,74.9,"93 km W of Kashgar, China"
1990,6.1,362.3,35.474,135.451,"11 km ENE of Maizuru, Japan"
1990,6,17.4,-25.806,-176.058,south of the Fiji Islands
1990,6.3,15.5,15.177,147.596,"197 km E of Saipan, Northern Mariana Islands"
1990,6,33,-60.527,-25.482,South Sandwich Islands region
1990,7.6,11.4,15.125,147.596,"198 km E of Saipan, Northern Mariana Islands"
1990,6.8,52.5,11.426,-86.301,"36 km SSW of La Conquista, Nicaragua"
1990,6.2,88.2,-5.843,147.664,"eastern New Guinea region, Papua New Guinea"
1990,6,21,42.891,146.969,"102 km S of Shikotan, Russia"
1990,6.3,33,37.034,72.942,"56 km E of Khand?d, Afghanistan"
1990,7.3,22.2,9.919,-84.808,"7 km SSE of Puntarenas, Costa Rica"
1990,6.4,26.6,9.814,-84.828,"11 km E of Paquera, Costa Rica"
1990,6.6,144.8,-31.092,-179.093,Kermadec Islands region
1990,6.1,10,24.897,-109.035,"72 km SSW of El Huitusi, Mexico"
1990,6.5,132.3,-15.13,167.238,"20 km ESE of Port-Olry, Vanuatu"
1990,6.4,13.8,51.484,-175.032,"97 km SW of Atka, Alaska"
1990,6.2,12.2,36.907,73.021,"62 km E of Khand?d, Afghanistan"
1990,7.1,20.7,-18.318,168.063,"69 km SSW of Port-Vila, Vanuatu"
1990,6.1,10.1,28.925,66.331,"27 km WSW of Kalat, Pakistan"
1990,6.6,33,-22.405,174.164,southeast of the Loyalty Islands
1990,6.2,33,-21.557,175.753,south of the Fiji Islands
1990,7.6,33.2,-22.122,175.163,south of the Fiji Islands
1990,6.1,14.2,-26.651,-114.726,Easter Island region
1990,6.2,33,-15.523,-175.236,"161 km WNW of Hihifo, Tonga"
1990,6.4,14.2,34.706,139.252,"28 km E of Shimoda, Japan"
1990,6.9,12.1,-15.465,166.385,"83 km W of Luganville, Vanuatu"
1990,6.3,24.3,-40.347,176.102,"41 km E of Palmerston North, New Zealand"
1990,6.1,65.9,29.533,130.732,"80 km SSE of Koshima, Japan"
1990,6,9.8,-42.343,172.798,"90 km N of Amberley, New Zealand"
1990,6.6,30.3,9.725,124.625,"6 km ESE of Bacong, Philippines"
1990,6.8,25.9,9.755,124.694,"13 km E of Bacong, Philippines"
1990,6.3,109.9,37.047,71.25,"42 km ENE of Jurm, Afghanistan"
1990,6,10,-18.407,176.924,"84 km SW of Nadi, Fiji"
1990,6.2,45.7,3.885,96.1,"28 km S of Meulaboh, Indonesia"
1990,6,24.5,35.832,52.954,"36 km E of Soleh Bon, Iran"
1990,6,13.4,-30.141,-177.688,"Kermadec Islands, New Zealand"
1990,6.1,58.3,-29.709,-177.467,"Kermadec Islands, New Zealand"
1990,6,12.2,37.819,91.971,"northern Qinghai, China"
1990,6.3,119.2,24.753,95.241,"120 km E of W?ngjing, India"
1990,6,33,52.038,-169.446,"107 km SSW of Nikolski, Alaska"
1990,6,14.8,-10.681,92.987,South Indian Ocean
1990,6,33,18.863,-106.795,"189 km SW of La Cruz de Loreto, Mexico"
1990,6.5,53.5,-15.397,-172.85,"118 km ENE of Hihifo, Tonga"
1989,6.7,38.3,-3.406,145.966,"201 km N of Madang, Papua New Guinea"
1989,6,5.1,60.08,-73.445,"264 km SSE of Salluit, Canada"
1989,6.3,161.5,17.401,145.788,"242 km N of Saipan, Northern Mariana Islands"
1989,6,43.2,45.364,150.108,"175 km E of Kuril’sk, Russia"
1989,6.5,21,8.094,126.828,"43 km ENE of Santa Maria, Philippines"
1989,6,33,8.397,126.485,"16 km E of Hinatuan, Philippines"
1989,7.6,24.4,8.337,126.729,"37 km ENE of Barcelona, Philippines"
1989,6,37.6,-10.445,161.275,"70 km W of Kirakira, Solomon Islands"
1989,6.1,74.2,-4.684,130.827,"237 km WNW of Tual, Indonesia"
1989,6.7,151,0.141,123.34,"53 km SE of Gorontalo, Indonesia"
1989,6.2,43.7,10.094,126.495,"50 km ENE of Pilar, Philippines"
1989,7.1,104.4,-6.436,146.383,"59 km ESE of Kainantu, Papua New Guinea"
1989,6,15.6,25.917,58.971,"98 km SW of Fann?j, Iran"
1989,6,10,-57.655,148.211,west of Macquarie Island
1989,6.6,153,-7.631,-74.459,"69 km ESE of Contamana, Peru"
1989,6.1,487,-25.374,179.629,south of the Fiji Islands
1989,6.3,70.8,-15.808,-73.242,southern Peru
1989,6.1,25.8,-2.179,138.862,"202 km WNW of Abepura, Indonesia"
1989,6.3,26.7,-50.053,162.592,"Auckland Islands, New Zealand region"
1989,6.1,48,-6.575,154.107,"155 km W of Panguna, Papua New Guinea"
1989,6.2,537.6,-17.76,-178.99,"182 km E of Levuka, Fiji"
1989,6.1,39.2,-11.315,162.435,"110 km SSE of Kirakira, Solomon Islands"
1989,6,16.6,-1.285,148.713,"180 km ENE of Lorengau, Papua New Guinea"
1989,6,30.2,39.637,143.137,"102 km E of Miyako, Japan"
1989,7.4,28.6,39.837,142.76,"73 km ENE of Miyako, Japan"
1989,6.1,139.5,-20.995,-67.954,"131 km SW of Colchani, Bolivia"
1989,6,5.7,36.788,2.448,"22 km N of Tipasa, Algeria"
1989,6.9,9.6,39.571,143.333,"119 km E of Yamada, Japan"
1989,6.9,24.7,-11.022,162.35,"78 km SE of Kirakira, Solomon Islands"
1989,6.4,9.1,39.823,143.692,"151 km E of Miyako, Japan"
1989,6.2,8,39.812,143.539,"138 km E of Miyako, Japan"
1989,6.1,441.4,-25.645,179.809,south of the Fiji Islands
1989,6.1,45.4,-10.155,161.063,"99 km WNW of Kirakira, Solomon Islands"
1989,6.9,17.214,37.036,-121.88,"The 1989 Loma Prieta, California Earthquake"
1989,6.3,25.7,-4.035,152.407,"32 km NE of Rabaul, Papua New Guinea"
1989,6,10,-60.32,150.091,west of Macquarie Island
1989,6.1,33,51.137,-179.221,"197 km WSW of Adak, Alaska"
1989,6.2,33,51.188,-179.234,"195 km WSW of Adak, Alaska"
1989,6.8,19.6,51.314,-179.028,"177 km WSW of Adak, Alaska"
1989,6.1,38.8,-20.095,169.023,"66 km SSW of Isangel, Vanuatu"
1989,6.5,33.9,-20.355,169.277,"90 km S of Isangel, Vanuatu"
1989,6.1,14.6,31.583,102.433,"157 km WNW of Tianpeng, China"
1989,6.2,33,51.184,178.821,"Rat Islands, Aleutian Islands, Alaska"
1989,6.2,51.4,40.203,51.749,"104 km W of Türkmenba?y, Turkmenistan"
1989,6.1,108.3,16.497,-93.671,"4 km W of Nueva Palestina, Mexico"
1989,6.5,54.8,40.337,51.534,"103 km E of Pirallah?, Azerbaijan"
1989,6.2,103.2,1.644,127.322,"77 km W of Tobelo, Indonesia"
1989,6.4,11.9,-35.577,-17.063,southern Mid-Atlantic Ridge
1989,6,36.7,0.976,126.106,"137 km ESE of Tondano, Indonesia"
1989,6,10,-36.087,-103.171,southeast of Easter Island
1989,7,11,55.322,-156.429,"164 km SE of Chignik, Alaska"
1989,6.4,9.1,-4.219,136.667,"160 km SE of Nabire, Indonesia"
1989,6.5,21.4,18.039,-105.667,"165 km SW of La Manzanilla, Mexico"
1989,6.3,42.8,24.094,122.478,"67 km SW of Yonakuni, Japan"
1989,6.6,493.5,-4.104,154.459,"244 km E of Kokopo, Papua New Guinea"
1989,6.1,9.7,11.942,41.769,"26 km NNW of Gâlâfi, Djibouti"
1989,6.4,15.8,11.874,41.87,"17 km NNE of Gâlâfi, Djibouti"
1989,6.1,11.7,11.904,41.824,"20 km N of Gâlâfi, Djibouti"
1989,6.1,10,11.88,41.88,"18 km NNE of Gâlâfi, Djibouti"
1989,6.1,10,11.884,41.812,"18 km N of Gâlâfi, Djibouti"
1989,6.5,11.6,11.766,41.942,"12 km ENE of Gâlâfi, Djibouti"
1989,6.3,33,-19.016,176.652,"156 km SSW of Nadi, Fiji"
1989,6.1,51,0.8,126.817,"63 km W of Ternate, Indonesia"
1989,6.1,55.8,5.898,124.424,"17 km SSW of Maitum, Philippines"
1989,6,592.1,-22.531,179.129,south of the Fiji Islands
1989,6.6,10.7,23.043,121.965,"109 km SSE of Hualien City, Taiwan"
1989,6.3,14.3,-4.511,139.022,"277 km SW of Abepura, Indonesia"
1989,6.8,13.8,-8.048,121.384,"93 km NNW of Ende, Indonesia"
1989,6,31.4,-18.874,176.789,"135 km SSW of Nadi, Fiji"
1989,6,95.1,36.085,71.069,"74 km N of P?r?n, Afghanistan"
1989,6.5,141.8,2.299,128.142,"64 km NNE of Tobelo, Indonesia"
1989,6.7,9.8,-8.081,125.129,"59 km N of Maubara, Timor Leste"
1989,6.1,33,51.617,-175.208,"94 km SW of Atka, Alaska"
1989,6.4,33,-53.187,160.168,Macquarie Island region
1989,6.21,8.806,19.356,-155.081,"13 km SSE of Fern Forest, Hawaii"
1989,6.3,15.1,1.134,-79.616,"19 km NNE of Esmeraldas, Ecuador"
1989,6.4,359.9,31.807,137.982,"284 km SE of Shing?, Japan"
1989,6.2,9.6,35.107,-35.008,northern Mid-Atlantic Ridge
1989,6.4,23.2,-45.383,167.086,"49 km W of Te Anau, New Zealand"
1989,6,30.5,30.167,50.921,"24 km SSE of Dogonbadan, Iran"
1989,6.1,10,-55.279,-133.192,Pacific-Antarctic Ridge
1989,6,10,-52.272,159.833,Macquarie Island region
1989,6.3,18.6,56.177,164.264,"111 km E of Ust’-Kamchatsk Staryy, Russia"
1989,6,10,-51.886,160.563,north of Macquarie Island
1989,8.02,10,-52.341,160.568,1989 Macquarie Ridge Earthquake
1989,6.3,29.2,-30.508,-178.27,"Kermadec Islands, New Zealand"
1989,6.3,104,54.305,-165.574,"23 km NE of Akutan, Alaska"
1989,6,30.7,57.086,122.018,"166 km WNW of Neryungri, Russia"
1989,6.1,23.6,-9.803,159.531,"23 km WSW of Malango, Solomon Islands"
1989,6,10,-13.733,66.248,Mid-Indian Ridge
1989,7,43.8,-30.523,-178.414,"Kermadec Islands, New Zealand"
1989,6.3,548.2,-23.427,-179.953,south of the Fiji Islands
1989,7.1,593.4,-8.281,-71.381,"69 km W of Tarauacá, Brazil"
1989,6.2,14,30.091,99.475,"239 km W of Kangding, China"
1989,6,570.3,-17.912,-178.665,"214 km E of Levuka, Fiji"
1989,6,20.3,10.96,-68.325,"6 km WNW of Chichiriviche, Venezuela"
1989,6.1,32.4,-4.21,101.37,"109 km WSW of Bengkulu, Indonesia"
1989,6,22.3,-59.515,-29.397,South Sandwich Islands region
1989,6,27.4,-4.354,101.413,"112 km WSW of Bengkulu, Indonesia"
1989,6.3,84.6,30.601,140.589,"Izu Islands, Japan region"
1989,6.9,19.2,16.773,-99.328,"7 km ESE of San Marcos, Mexico"
1989,6.1,7.7,30.048,99.419,"244 km W of Kangding, China"
1989,6.4,26.3,57.166,121.976,"171 km WNW of Neryungri, Russia"
1989,6.1,523.7,-23.834,179.944,south of the Fiji Islands
1989,6.3,609.7,-21.039,-178.942,Fiji region
1989,6.4,13.3,29.987,99.195,"231 km SE of Qamdo, China"
1989,6.8,16.4,49.488,159.185,"255 km ESE of Severo-Kuril’sk, Russia"
1989,6,32.7,-15.737,-173.001,"88 km ENE of Hihifo, Tonga"
1989,6.9,165.7,-19.306,169.002,"39 km NW of Isangel, Vanuatu"
1989,6.2,112,-20.857,-69.028,"137 km ESE of Iquique, Chile"
1989,6,230,-19.589,-175.848,"158 km W of Pangai, Tonga"
1989,6.2,59.2,-34.479,-178.394,south of the Kermadec Islands
1989,6,37.4,-30.27,-177.986,"Kermadec Islands, New Zealand"
1989,6.9,230.1,-17.766,-174.761,"127 km NW of Neiafu, Tonga"
1989,6.2,30.3,-13.702,34.42,"9 km NNW of Salima, Malawi"
1989,6.1,31.9,1.031,126.189,"135 km WNW of Ternate, Indonesia"
1989,6.1,42.1,35.545,140.444,"6 km SSE of Narut?, Japan"
1989,6.2,196.4,-7.624,127.399,"108 km NNE of Lospalos, Timor Leste"
1989,6.5,569,-23.113,-61.465,"86 km E of General Enrique Mosconi, Argentina"
1989,6.4,53.7,2.301,128.009,"63 km N of Tobelo, Indonesia"
1989,6.8,30.5,-29.915,-177.885,"Kermadec Islands, New Zealand"
1989,6,33,56.152,-153.642,"94 km SSE of Akhiok, Alaska"
1989,6,101.2,-14.894,167.171,"19 km NNE of Port-Olry, Vanuatu"
1989,6.2,10,-56.404,-121.964,southern East Pacific Rise
1989,6.5,31.9,-10.447,161.372,"60 km W of Kirakira, Solomon Islands"
1989,7.1,44,2.305,126.76,"152 km WNW of Tobelo, Indonesia"
1989,6.2,52.2,-4.625,153.066,"New Ireland region, Papua New Guinea"
1989,6.3,10,5.862,-82.697,south of Panama
1989,6.3,28.4,56.202,164.375,"117 km E of Ust’-Kamchatsk Staryy, Russia"
1989,6.2,25,41.806,144.282,"130 km S of Kushiro, Japan"
1989,6,10,-4.01,-105.707,central East Pacific Rise
1989,6.4,31.8,-6.151,148.947,"66 km W of Kandrian, Papua New Guinea"
1989,6.1,33,46.789,153.896,Kuril Islands
1989,6.7,46.6,-3.162,130.556,"182 km E of Amahai, Indonesia"
1989,6.5,13.5,46.986,153.479,Kuril Islands
1989,6,33,51.435,-174.88,"96 km SSW of Atka, Alaska"
1989,6.2,108.4,-18.589,-174.559,"61 km W of Neiafu, Tonga"
1988,6.1,193.6,-23.522,-66.666,"84 km NNW of San Antonio de los Cobres, Argentina"
1988,6.4,30.7,-29.79,-177.915,"Kermadec Islands, New Zealand"
1988,6,10,71.134,-7.634,"45 km ENE of Olonkinbyen, Svalbard and Jan Mayen"
1988,6.2,10,6.917,-82.74,"124 km S of Punta de Burica, Panama"
1988,6.8,5.4,40.987,44.185,"10 km N of Gogaran, Armenia"
1988,6.4,40.1,-15.259,-173.525,"82 km NNE of Hihifo, Tonga"
1988,6.1,14.5,22.773,99.844,"126 km NW of Jinghong, China"
1988,6.3,10,-47.897,99.455,southeast Indian Ridge
1988,6.1,10,-47.766,99.723,southeast Indian Ridge
1988,6.6,61,-6.125,149.785,"27 km ENE of Kandrian, Papua New Guinea"
1988,6.6,19.3,12.399,124.537,"10 km W of Polañge, Philippines"
1988,6,22.7,52.109,-171.103,"177 km WSW of Nikolski, Alaska"
1988,6.7,33,-3.527,150.12,"129 km SW of Kavieng, Papua New Guinea"
1988,6,65.7,1.533,126.357,"140 km NW of Ternate, Indonesia"
1988,6.8,21.8,-22.239,175.018,south of the Fiji Islands
1988,6.4,10,23.181,99.439,"175 km E of Lashio, Myanmar"
1988,7.7,17.8,22.789,99.611,"145 km NW of Jinghong, China"
1988,6.2,42.3,-21.99,170.139,"238 km ESE of Tadine, New Caledonia"
1988,6.2,7.6,34.354,91.88,"Southern Qinghai, China"
1988,6,33.3,19.08,-67.256,"67 km NNW of San Antonio, Puerto Rico"
1988,6.6,68.5,13.881,-90.45,"20 km S of Taxisco, Guatemala"
1988,6.3,33,-57.293,-25.135,South Sandwich Islands region
1988,6,33,21.856,121.699,"100 km E of Hengchun, Taiwan"
1988,6.3,27.7,-28.644,-177.553,Kermadec Islands region
1988,7.1,35.2,-18.771,-172.415,"166 km E of Neiafu, Tonga"
1988,6.1,28.5,-3.53,150.402,"114 km SSW of Kavieng, Papua New Guinea"
1988,6.3,10,-35.315,-106.048,southern East Pacific Rise
1988,6.2,170.2,-1.442,-77.866,"15 km ENE of Puyo, Ecuador"
1988,6,122.6,-23.424,-67.997,"60 km SSE of San Pedro de Atacama, Chile"
1988,6.7,485.1,30.245,137.431,"Izu Islands, Japan region"
1988,6.9,57.4,26.755,86.616,"9 km WSW of Triyuga, Nepal"
1988,6.1,38.5,-27.001,-70.948,"73 km WNW of Copiap?, Chile"
1988,6,27.1,-7.698,107.15,"63 km SSW of Banjar, Indonesia"
1988,6.1,52,8.757,126.341,"Mindanao, Philippines"
1988,6.7,32.5,-27.26,-71.092,"76 km W of Copiapó, Chile"
1988,6.1,644.8,54.618,152.678,Sea of Okhotsk
1988,6.1,33,29.974,51.679,"21 km SE of N?r?b?d, Iran"
1988,6.2,10,-18.062,65.418,"276 km NE of Port Mathurin, Mauritius"
1988,6.8,124.8,-14.88,167.293,"29 km NE of Port-Olry, Vanuatu"
1988,6,10,-28.194,-112.648,Easter Island region
1988,6.6,39.8,-10.199,160.855,"120 km WNW of Kirakira, Solomon Islands"
1988,7.6,34,-10.366,160.819,"121 km W of Kirakira, Solomon Islands"
1988,6.3,195,36.461,71.043,"48 km SSE of Jurm, Afghanistan"
1988,6.1,25.1,-7.136,151.057,"196 km ESE of Kandrian, Papua New Guinea"
1988,7.3,90.5,25.149,95.127,"85 km SE of Phek, India"
1988,6.6,55.5,-22.212,171.082,southeast of the Loyalty Islands
1988,6.2,279.3,-22.062,-65.716,"12 km WNW of Villazón, Bolivia"
1988,6,176.8,-13.15,166.967,"102 km NW of Sola, Vanuatu"
1988,6.7,171.6,-13.112,167.051,"100 km NNW of Sola, Vanuatu"
1988,7,27.7,-6.081,133.667,"112 km ESE of Tual, Indonesia"
1988,7,16.6,-6.526,152.779,"247 km SSE of Kokopo, Papua New Guinea"
1988,6.6,18.5,-22.127,174.9,southeast of the Loyalty Islands
1988,6.4,137,-19.576,-175.038,"76 km WNW of Pangai, Tonga"
1988,6,23.2,54.601,168.487,"Komandorskiye Ostrova, Russia region"
1988,6,66.9,5.368,126.612,"119 km SSE of Pondaguitan, Philippines"
1988,6.3,30.1,41.744,144.199,"137 km S of Kushiro, Japan"
1988,6.8,53.4,-5.964,148.78,"89 km WNW of Kandrian, Papua New Guinea"
1988,6.6,14.6,8.919,137.896,"State of Yap, Federated States of Micronesia"
1988,6.3,142.7,-14.278,167.18,"59 km SW of Sola, Vanuatu"
1988,6,10,-56.432,147.147,west of Macquarie Island
1988,6,65.7,-20.237,169.373,"77 km S of Isangel, Vanuatu"
1988,6.2,16.7,12.376,121.067,"1 km NNE of Bagong Sikat, Philippines"
1988,6.7,10,26.856,-110.996,"76 km SW of Bahía de Lobos, Mexico"
1988,6.5,14.4,-10.747,165.171,"68 km W of Lata, Solomon Islands"
1988,6.3,35.7,-14.994,-173.469,"111 km NNE of Hihifo, Tonga"
1988,6.5,110.2,-15.397,167.578,"46 km ENE of Luganville, Vanuatu"
1988,6.7,82.7,-45.003,167.599,"46 km NNW of Te Anau, New Zealand"
1988,6.9,86.3,-7.501,128.325,"184 km NE of Lospalos, Timor Leste"
1988,6,33,53.619,-163.267,"137 km S of False Pass, Alaska"
1988,6.1,42.1,-32.833,-71.704,"23 km NNW of Valparaíso, Chile"
1988,6.1,10,8.116,-38.413,central Mid-Atlantic Ridge
1988,6.2,30.1,-11.401,170.658,Santa Cruz Islands region
1988,6.1,16,-13.941,166.335,"131 km W of Sola, Vanuatu"
1988,6,72.3,42.601,143.751,"56 km SE of Obihiro, Japan"
1988,6.6,86.7,11.493,-85.911,"2 km WSW of Belén, Nicaragua"
1988,6.1,10,-26.649,-113.664,Easter Island region
1988,6.3,10,-26.867,-113.268,Easter Island region
1988,6.4,122.5,18.512,145.858,"Pagan region, Northern Mariana Islands"
1988,6.1,10.8,-22.774,170.278,"282 km ESE of Tadine, New Caledonia"
1988,6.2,137.9,-55.897,-27.672,South Sandwich Islands region
1988,6.3,44.3,-7.791,158.255,"152 km WNW of Buala, Solomon Islands"
1988,6.3,33,-58.428,-25.066,South Sandwich Islands region
1988,6.2,16.1,-17.256,-72.518,"52 km WSW of Islay (Matarani), Peru"
1988,7.1,33.1,-17.192,-72.305,"30 km SW of Islay (Matarani), Peru"
1988,6.1,33,-3.414,145.659,"190 km ENE of Angoram, Papua New Guinea"
1988,6.4,32.3,-3.409,145.697,"195 km ENE of Angoram, Papua New Guinea"
1988,6,39.3,30.399,131.084,"37 km SSE of Nishinoomote, Japan"
1988,6.3,33,-15.447,-173.081,"95 km NE of Hihifo, Tonga"
1988,6.2,40.9,-24.926,-70.461,"Near the coast of Antofagasta, Chile"
1988,6.2,10,62.154,-124.182,"Northwest Territories, Canada"
1988,6.2,10,10.85,-43.556,northern Mid-Atlantic Ridge
1988,6.5,10,77.601,125.451,Laptev Sea
1988,6.2,33,-3.667,146.561,"192 km NNE of Madang, Papua New Guinea"
1988,6,22.5,9.105,-82.985,"31 km N of San Vito, Costa Rica"
1988,6.6,623,-20.917,-178.645,Fiji region
1988,6.7,56.2,10.402,-60.587,"62 km ESE of Sangre Grande, Trinidad and Tobago"
1988,6,32.3,-17.327,-74.154,"136 km SSW of Atico, Peru"
1988,6.2,10,57.499,-142.803,"290 km SW of Yakutat, Alaska"
1988,7.8,10,56.953,-143.032,Gulf of Alaska
1988,6.9,33,55.149,167.43,"Komandorskiye Ostrova, Russia region"
1988,6.8,10,-37.319,47.989,Southwest Indian Ridge
1988,7.3,24.9,13.477,124.616,"37 km ESE of Bato, Philippines"
1988,6.7,70.3,-20.833,-69.785,"78 km SSE of Iquique, Chile"
1988,6.5,314.5,-7.14,127.004,"152 km N of Lospalos, Timor Leste"
1988,6,33,51.564,175.041,"190 km SE of Attu Station, Alaska"
1988,6.4,33,50.785,173.465,"230 km S of Attu Station, Alaska"
1988,6.4,134,60.284,-152.952,"75 km WNW of Ninilchik, Alaska"
1988,6.2,125.5,-16.195,-173.82,"26 km S of Hihifo, Tonga"
1988,6.5,285.2,-17.756,-66.958,"32 km NE of Oruro, Bolivia"
1988,6.2,38.5,-6.543,131.907,"137 km SW of Tual, Indonesia"
1988,6.5,30.7,-24.893,-70.554,"57 km N of Taltal, Chile"
1988,7.2,36.9,-24.753,-70.433,"72 km N of Taltal, Chile"
1988,6,106.2,-15.349,-174.125,"75 km NNW of Hihifo, Tonga"
1988,6.1,43.6,5.327,126.369,"100 km E of Sarangani, Philippines"
1988,6.7,5,-19.829,133.882,"38 km WSW of Tennant Creek, Australia"
1988,6.3,5,-19.798,133.91,"33 km WSW of Tennant Creek, Australia"
1988,6.3,5,-19.847,133.803,"46 km WSW of Tennant Creek, Australia"
1988,6.2,44.2,-18.179,168.139,"52 km SSW of Port-Vila, Vanuatu"
1988,7,33,-24.71,-70.568,"77 km N of Taltal, Chile"
1988,6.4,213.7,-20.789,-175.993,"90 km WNW of Haveluloto, Tonga"
1988,6.6,14.8,-28.827,-177.423,Kermadec Islands region
1988,6,177.1,43.295,142.419,"6 km SSE of Shimo-furano, Japan"
1987,6,46,-9.169,114.61,"73 km SW of Jimbaran, Indonesia"
1987,6.7,62.9,35.362,140.214,"10 km SW of Mobara, Japan"
1987,6,39.3,23.43,142.908,"Volcano Islands, Japan region"
1987,6.4,164,29.692,140.025,"Izu Islands, Japan region"
1987,6,36.9,-22.156,-174.797,"92 km S of ‘Ohonua, Tonga"
1987,6.2,33,-13.559,167.454,"36 km NNW of Sola, Vanuatu"
1987,6.3,48.1,-13.632,167.393,"31 km NNW of Sola, Vanuatu"
1987,6.4,144.6,-5.777,154.555,"118 km WNW of Panguna, Papua New Guinea"
1987,7.9,10,58.679,-142.786,"200 km WSW of Yakutat, Alaska"
1987,6.3,33.7,-0.338,124.864,"181 km S of Tondano, Indonesia"
1987,6.2,28.8,-16.373,168.117,"80 km ESE of Lakatoro, Vanuatu"
1987,6.1,33,-0.234,125.064,"171 km S of Tondano, Indonesia"
1987,6.2,18.2,-16.351,168.119,"80 km ESE of Lakatoro, Vanuatu"
1987,6.7,33,-8.247,124.155,"108 km NNW of Pante Makasar, Timor Leste"
1987,6.1,140.6,-5.601,149.39,"69 km NNW of Kandrian, Papua New Guinea"
1987,6.6,11.181,33.015,-115.852,"The 1987 Superstition Hills, California Earthquake"
1987,6.2,10.853,33.09,-115.792,"The 1987 Elmore Ranch, California Earthquake"
1987,6.4,22.2,12.845,124.77,"34 km N of Bugko, Philippines"
1987,6.9,10,58.586,-143.27,Gulf of Alaska
1987,6.5,76.2,12.534,-87.03,"4 km S of Chichigalpa, Nicaragua"
1987,6.2,33,19.632,-108.96,Revilla Gigedo Islands region
1987,6.2,80,5.634,126.614,"93 km SSE of Pondaguitan, Philippines"
1987,6,538.1,-22.801,-63.583,"32 km SE of General Mosconi, Argentina"
1987,6.2,88,-17.204,-173.757,"138 km S of Hihifo, Tonga"
1987,6.2,59.8,-28.674,-177.553,Kermadec Islands region
1987,6.8,152.9,4.817,127.688,"239 km SE of Pondaguitan, Philippines"
1987,6,10,5.74,36.73,"13 km NE of Jinka, Ethiopia"
1987,6.4,604.5,-28.676,-62.929,"8 km SSE of Colonia Dora, Argentina"
1987,6.8,33,-2.323,138.364,"254 km W of Abepura, Indonesia"
1987,6.3,12,5.409,36.751,"28 km SSE of Jinka, Ethiopia"
1987,6,33,52.577,172.32,"65 km WSW of Attu Station, Alaska"
1987,7.4,47.8,-6.266,149.06,"54 km W of Kandrian, Papua New Guinea"
1987,7,24.7,-7.288,154.371,"163 km SW of Panguna, Papua New Guinea"
1987,6.3,40.4,-19.599,-173.111,"132 km E of Pangai, Tonga"
1987,6.5,33.7,52.956,159.972,"89 km E of Petropavlovsk-Kamchatsky, Russia"
1987,7.3,16,-17.94,-172.225,"201 km ENE of Neiafu, Tonga"
1987,6.2,47.9,10.823,-85.926,"42 km SW of La Cruz, Costa Rica"
1987,6.1,95.4,36.454,71.437,"26 km SSW of Ashk?sham, Afghanistan"
1987,6.4,73.5,-5.447,131.012,"193 km W of Tual, Indonesia"
1987,6.5,51.4,-18.162,167.865,"66 km SW of Port-Vila, Vanuatu"
1987,6.6,25.1,-18.546,168.161,"91 km S of Port-Vila, Vanuatu"
1987,6.8,30.7,-18.411,168.058,"79 km SSW of Port-Vila, Vanuatu"
1987,6.1,31.6,-18.404,168.266,"74 km S of Port-Vila, Vanuatu"
1987,6.1,10,-50.468,139.528,western Indian-Antarctic Ridge
1987,6.2,10,-50.716,139.279,western Indian-Antarctic Ridge
1987,6,10,-1.082,-78.127,"36 km WSW of Tena, Ecuador"
1987,6.4,10,-0.978,-78.05,"26 km W of Tena, Ecuador"
1987,6.1,15.4,-4.118,145.706,"122 km N of Madang, Papua New Guinea"
1987,6,63.1,-4.709,153.157,"106 km ESE of Kokopo, Papua New Guinea"
1987,6,10,-34.333,-69.971,"64 km ESE of Machalí, Chile"
1987,6,10,6.521,-82.572,"170 km S of Punta de Burica, Panama"
1987,6.6,33,-31.089,-177.968,Kermadec Islands region
1987,6.3,33,49.293,156.41,"155 km S of Severo-Kuril’sk, Russia"
1987,6.8,33,-59.538,159.005,Macquarie Island region
1987,7.4,33,-58.893,158.513,Macquarie Island region
1987,6.7,199,-23.052,-66.529,"88 km WNW of El Aguilar, Argentina"
1987,6.1,569.3,-20.749,-178.464,Fiji region
1987,6.1,50.2,-5.593,151.686,"152 km SSW of Kokopo, Papua New Guinea"
1987,6.1,73.5,-34.963,179.654,south of the Kermadec Islands
1987,6.5,37.4,-28.135,-70.884,"50 km NNW of Vallenar, Chile"
1987,6,117.6,53.416,-169.113,"55 km NNW of Nikolski, Alaska"
1987,6,29.2,-12.58,166.589,"177 km NW of Sola, Vanuatu"
1987,6.6,36.5,-17.897,-70.931,"36 km SSW of Locumba, Peru"
1987,6.1,164.5,29.867,63.84,"81 km SE of ‘Al?qahd?r? D?sh?, Afghanistan"
1987,7.2,69.7,-19.022,-69.991,"68 km SSE of Arica, Chile"
1987,6.2,10,1.496,-85.3,off the coast of Ecuador
1987,6.2,67,17.522,-97.153,"2 km NNW of San Pedro Coxcaltepec Cántaros, Mexico"
1987,6,241.4,-15.332,-70.061,"1 km SSE of Caminaca, Peru"
1987,6.4,33,55.137,165.525,"226 km ESE of Ust’-Kamchatsk Staryy, Russia"
1987,6,33,-56.375,-25.642,South Sandwich Islands region
1987,6.5,10,-26.969,-108.156,"127 km E of Hanga Roa, Chile"
1987,6.6,47.5,-14.074,167.828,"37 km SE of Sola, Vanuatu"
1987,6.7,10,-26.999,-108.285,"114 km E of Hanga Roa, Chile"
1987,6.2,61,-14.097,-75.979,"25 km WSW of Subtanjalla, Peru"
1987,6.6,20.7,-2.164,138.17,"256 km ESE of Biak, Indonesia"
1987,6.1,23.8,-21.276,169.18,"138 km ENE of Tadine, New Caledonia"
1987,6.5,33,-21.179,173.581,Vanuatu region
1987,6.5,33.6,54.211,-162.601,"88 km SE of False Pass, Alaska"
1987,6.3,73,-10.707,162.326,"52 km ESE of Kirakira, Solomon Islands"
1987,7.1,67.3,-5.577,130.791,"217 km W of Tual, Indonesia"
1987,6.2,13.1,10.429,126.147,"46 km NNE of Santa Monica, Philippines"
1987,6,42.4,44.671,150.392,"207 km ESE of Kuril’sk, Russia"
1987,6.2,33,-60.167,-26.954,South Sandwich Islands region
1987,6.3,54.3,-6.366,148.832,"81 km WSW of Kandrian, Papua New Guinea"
1987,6.3,14.8,20.429,121.366,"63 km W of Basco, Philippines"
1987,6.5,14.4,10.672,126.115,"42 km SE of Sulangan, Philippines"
1987,6.1,45.1,5.381,127.534,"185 km SE of Pondaguitan, Philippines"
1987,6,7.6,63.85,-19.728,"52 km NNE of Vestmannaeyjar, Iceland"
1987,6.2,36.4,-30.284,-71.484,"39 km SSW of Coquimbo, Chile"
1987,6.3,16.4,8.302,125.362,"12 km ENE of Busdi, Philippines"
1987,6,33,-2.229,100.033,"145 km SSW of Padang, Indonesia"
1987,6.8,542,49.282,147.693,Sea of Okhotsk
1987,6.3,49.5,25.271,94.202,"45 km SSE of Koh?ma, India"
1987,6,28.6,-5.644,-81.377,"62 km W of Sechura, Peru"
1987,6.1,84.8,-5.271,151.342,"137 km ENE of Kimbe, Papua New Guinea"
1987,6.7,24.7,7.09,126.701,"22 km SE of Manay, Philippines"
1987,6.5,94,4.47,127.709,"269 km SE of Pondaguitan, Philippines"
1987,6.8,430,46.736,139.232,"72 km ENE of Svetlaya, Russia"
1987,6.5,20,-5.715,152.656,"157 km SSE of Kokopo, Papua New Guinea"
1987,6.8,20.1,51.272,-179.898,"235 km WSW of Adak, Alaska"
1987,6.2,202.1,36.48,70.673,"45 km SSW of Jurm, Afghanistan"
1987,6.2,10,-0.003,-19.152,central Mid-Atlantic Ridge
1987,6.5,384.9,-19.013,-177.736,Fiji region
1987,6.4,11.1,2.244,98.866,"45 km S of Tomok Bolon, Indonesia"
1987,6.9,107,16.066,120.301,"4 km N of Canaoalan, Philippines"
1987,6.7,30.3,37.155,141.573,"62 km E of Iwaki, Japan"
1987,6.1,14.6,-22.74,170.261,"278 km ESE of Tadine, New Caledonia"
1987,6.1,54.9,37.065,141.473,"52 km E of Iwaki, Japan"
1987,6.1,22.9,18.802,146.951,"Pagan region, Northern Mariana Islands"
1987,6.3,45,1.242,128.432,"71 km SE of Tobelo, Indonesia"
1987,6.4,55.8,11.678,-86.401,"11 km SSW of El Rosario, Nicaragua"
1987,6.7,29.4,37.363,141.796,"71 km E of Namie, Japan"
1987,6,91.2,-4.731,144.216,"75 km SSE of Angoram, Papua New Guinea"
1987,7,248.7,-22.767,-66.205,"52 km W of Abra Pampa, Argentina"
1987,6.1,81.3,-21.39,-174.459,"51 km E of ‘Ohonua, Tonga"
1987,6.2,191,-13.731,167.197,"41 km WNW of Sola, Vanuatu"
1987,6.1,40.2,-24.058,-70.142,"51 km SSE of Antofagasta, Chile"
1987,6.2,19.8,51.594,-173.574,"79 km SSE of Atka, Alaska"
1987,6.4,93.3,52.056,-177.547,"65 km WNW of Adak, Alaska"
1987,6.6,213.5,-20.397,-176.134,"127 km NW of Nuku‘alofa, Tonga"
1987,6.7,54,32.034,131.837,"33 km ESE of Takanabe, Japan"
1987,6.1,29.7,2.114,126.571,"165 km WNW of Tobelo, Indonesia"
1987,6,26,-6.446,147.603,"29 km WNW of Finschhafen, Papua New Guinea"
1987,6.2,32.1,-23.778,-177.325,south of the Fiji Islands
1987,6.1,40,15.61,-94.597,"68 km S of San Francisco del Mar Viejo, Mexico"
1987,6.2,45.6,-24.149,-70.118,"61 km SSE of Antofagasta, Chile"
1987,6,8.5,0.022,-77.927,"24 km E of Cayambe, Ecuador"
1987,6.1,41.3,-24.089,-70.104,"56 km SSE of Antofagasta, Chile"
1987,7.2,10,0.151,-77.821,"29 km SSE of Pimampiro, Ecuador"
1987,6.4,14.1,0.048,-77.653,"49 km SE of Pimampiro, Ecuador"
1987,7,34.8,-24.495,-70.701,"98 km SSW of Antofagasta, Chile"
1987,7.6,62.3,-24.388,-70.161,"84 km SSE of Antofagasta, Chile"
1987,6.2,10,-45.708,96.212,southeast Indian Ridge
1987,6.5,19.2,-37.965,176.765,"6 km WNW of Edgecumbe, New Zealand"
1987,6.9,10,53.47,-167.291,"67 km SW of Unalaska, Alaska"
1987,6.1,64.7,-6.123,147.637,"53 km NNW of Finschhafen, Papua New Guinea"
1987,6,10,-56.608,147.329,west of Macquarie Island
1987,6.9,233.6,-15.854,167.891,"57 km ENE of Lakatoro, Vanuatu"
1987,6.2,26.8,-57.922,-25.35,South Sandwich Islands region
1987,6.2,33,51.298,-179.279,"194 km WSW of Adak, Alaska"
1987,6.8,10,-32.793,-179.304,south of the Kermadec Islands
1987,6.2,25.1,0.838,126.186,"133 km W of Ternate, Indonesia"
1987,6.8,32.2,0.67,126.167,"136 km W of Ternate, Indonesia"
1987,6.1,499.1,43.169,132.286,"8 km NW of Bol’shoy Kamen’, Russia"
1987,6.4,23.9,-15.834,167.355,"25 km N of Norsup, Vanuatu"
1987,6,23.5,18.831,120.981,"26 km NNW of Claveria, Philippines"
1987,6.5,394.5,-19.489,-177.456,"297 km NW of Haveluloto, Tonga"
1987,6,44.1,-6.002,147.802,"61 km N of Finschhafen, Papua New Guinea"
1987,7.4,54.9,-6.088,147.689,"54 km NNW of Finschhafen, Papua New Guinea"
1987,6.2,16.9,1.604,126.588,"126 km NW of Ternate, Indonesia"
1987,6.2,27.4,-5.8,147.742,"84 km N of Finschhafen, Papua New Guinea"
1987,6.8,47.7,36.988,141.689,"72 km E of Iwaki, Japan"
1987,6.4,35.6,36.992,141.786,"80 km E of Iwaki, Japan"
1987,7,47.6,-60.063,-26.916,South Sandwich Islands region
1987,6.4,48.4,1.265,126.232,"138 km WNW of Ternate, Indonesia"
1987,6.2,28.9,41.529,79.318,"89 km WNW of Aksu, China"
1987,6.8,102,42.565,142.85,"47 km ENE of Shizunai-furukawach?, Japan"
1987,6,10,-50.063,-113.884,southern East Pacific Rise
1987,6,10,5.784,-78.966,"179 km WSW of Bahía Solano, Colombia"
1987,6.5,33,-19.469,-176.538,"231 km NW of Nuku‘alofa, Tonga"
1987,6.6,67.7,39.895,141.677,"35 km NW of Miyako, Japan"
1987,6.8,33,52.448,-169.381,"64 km SSW of Nikolski, Alaska"
1987,6.3,10,5.973,-82.601,"229 km S of Punta de Burica, Panama"
1987,6.7,14.5,-14.998,167.929,"92 km E of Port-Olry, Vanuatu"
1987,6.3,5,-3.443,146.307,"189 km SW of Lorengau, Papua New Guinea"
1987,6.2,5,-3.408,146.227,"191 km SW of Lorengau, Papua New Guinea"
1986,6,23.7,-20.399,-174.071,"71 km SSE of Pangai, Tonga"
1986,6.3,10,-38.775,78.695,Mid-Indian Ridge
1986,6.4,10,-44.891,-80.105,"Off the coast of Aisen, Chile"
1986,6.4,10,-56.879,-48.76,Scotia Sea
1986,6.5,17.1,-28.101,-176.737,Kermadec Islands region
1986,6.1,44.3,-28.182,-176.859,Kermadec Islands region
1986,6.5,24.9,-9.917,119.201,"120 km WSW of Waingapu, Indonesia"
1986,6.1,10,18.823,-107.2,"225 km SW of La Cruz de Loreto, Mexico"
1986,6.1,219.7,0.851,124.362,"71 km SW of Tomohon, Indonesia"
1986,6,10,-51.257,139.199,western Indian-Antarctic Ridge
1986,6,33,-27.15,-176.379,Kermadec Islands region
1986,6.1,33,-27.305,-176.402,Kermadec Islands region
1986,6,36.9,38.853,141.948,"31 km SE of ?funato, Japan"
1986,6.8,105.7,-3.342,-77.411,"109 km W of Alianza Cristiana, Peru"
1986,6,9,34.438,139.52,"59 km ESE of Shimoda, Japan"
1986,6.3,33,23.866,121.711,"16 km SE of Hualien City, Taiwan"
1986,7.4,33.8,23.901,121.574,"8 km SSW of Hualien City, Taiwan"
1986,6,10,-48.678,31.154,south of Africa
1986,6,79,2.414,126.811,"153 km WNW of Tobelo, Indonesia"
1986,6.2,33,-28.591,-176.407,Kermadec Islands region
1986,7.2,188.1,-21.702,-176.616,"157 km WSW of Haveluloto, Tonga"
1986,6.4,30.6,-17.663,168.135,"20 km WNW of Port-Vila, Vanuatu"
1986,6.3,33,-10.884,165.215,"66 km WSW of Lata, Solomon Islands"
1986,6,47.3,-10.991,164.987,"93 km WSW of Lata, Solomon Islands"
1986,6.4,52,-5.629,153.875,"193 km WNW of Panguna, Papua New Guinea"
1986,6.5,23.6,-11.086,165.537,"49 km SW of Lata, Solomon Islands"
1986,6.7,18.8,-11.037,165.204,"73 km WSW of Lata, Solomon Islands"
1986,6,126.9,-6.097,146.306,"53 km ENE of Kainantu, Papua New Guinea"
1986,6.2,159.6,-15.57,167.561,"43 km E of Luganville, Vanuatu"
1986,6,165.1,-10.569,166.04,"31 km ENE of Lata, Solomon Islands"
1986,6.1,33,-27.932,-176.134,Kermadec Islands region
1986,7.7,29.1,-28.117,-176.367,Kermadec Islands region
1986,6.4,67,-5.272,131.432,"151 km WNW of Tual, Indonesia"
1986,6.8,40.9,-5.03,153.616,"167 km ESE of Kokopo, Papua New Guinea"
1986,6.2,10,-43.142,41.776,Prince Edward Islands region
1986,6,45.4,3.677,126.777,"240 km SE of Sarangani, Philippines"
1986,6,10,23.032,-108.061,"150 km SW of Empaque Tarriba, Mexico"
1986,6.2,10,10.497,56.983,Carlsberg Ridge
1986,6.7,47.7,19.376,146.301,Mariana Islands region
1986,6.1,58.8,-6.47,154.916,"65 km WSW of Panguna, Papua New Guinea"
1986,6,11.2,37.014,22.176,"1 km ENE of Paralía Vérgas, Greece"
1986,6.5,215.3,-31.827,-179.937,Kermadec Islands region
1986,6.3,10,-60.797,-36.779,Scotia Sea
1986,6.5,31.3,56.201,-153.405,"95 km SSE of Akhiok, Alaska"
1986,6.5,51.2,-5.187,152.442,"95 km SSE of Kokopo, Papua New Guinea"
1986,6.1,27.9,-59.493,-29.529,South Sandwich Islands region
1986,7.2,132.3,45.547,26.316,"7 km NNE of Ca?oca, Romania"
1986,6,8,37.724,101.496,"102 km WSW of Wuwei, China"
1986,6.6,32.2,-34.549,179.288,south of the Kermadec Islands
1986,6.4,33,34.572,91.633,"Southern Qinghai, China"
1986,6.3,79.1,-5.325,151.331,"134 km E of Kimbe, Papua New Guinea"
1986,6.2,19.7,-20.492,-174.207,"76 km SSE of Pangai, Tonga"
1986,6.3,33,2.161,127.113,"110 km WNW of Tobelo, Indonesia"
1986,6.4,30.7,2.276,126.959,"131 km WNW of Tobelo, Indonesia"
1986,6.1,33,1.765,126.442,"150 km NW of Ternate, Indonesia"
1986,6.4,33,1.864,126.522,"152 km NW of Ternate, Indonesia"
1986,6.3,33,1.929,126.482,"161 km NW of Ternate, Indonesia"
1986,7.5,33,1.795,126.519,"146 km NW of Ternate, Indonesia"
1986,6.2,104.2,1.985,128.271,"40 km NE of Tobelo, Indonesia"
1986,6.1,21.7,26.384,125.917,"177 km W of Itoman, Japan"
1986,6.4,8.804,37.538,-118.443,"The 1986 Chalfant Valley, California Earthquake"
1986,6,33,53.521,-167.301,"64 km SW of Unalaska, Alaska"
1986,6,33,53.6,-167.171,"51 km SW of Unalaska, Alaska"
1986,6.3,141.2,47.264,151.127,Kuril Islands
1986,6.6,111.1,-19.511,169.165,"12 km WNW of Isangel, Vanuatu"
1986,6.8,27.6,1.904,126.525,"155 km NW of Ternate, Indonesia"
1986,6,9.468,33.999,-116.608,"The 1986 North Palm Springs, California Earthquake"
1986,6.5,7.8,10.389,56.832,Carlsberg Ridge
1986,6,9.1,34.424,80.161,"238 km E of Leh, India"
1986,6,111.9,15.467,-92.582,"13 km NNW of El Triunfo, Mexico"
1986,6.1,10,-60.721,153.771,west of Macquarie Island
1986,6.1,33,-15.564,-172.452,"150 km ENE of Hihifo, Tonga"
1986,6.1,10,-28.024,-177.957,Kermadec Islands region
1986,6.5,211.2,-20.037,-176.056,"151 km NW of Nuku‘alofa, Tonga"
1986,6,10.7,-28.243,-178.246,Kermadec Islands region
1986,6.4,21.6,-0.085,-17.824,north of Ascension Island
1986,7.2,102.3,-4.448,143.943,"44 km SSW of Angoram, Papua New Guinea"
1986,6.6,62.6,34.794,140.595,"46 km SSE of Katsuura, Japan"
1986,6.1,33,31.24,86.847,"263 km NE of Saga, China"
1986,6.1,10,-30.944,-177.757,"Kermadec Islands, New Zealand"
1986,6.8,16.7,56.331,-152.914,"100 km SSE of Old Harbor, Alaska"
1986,6.5,27,51.356,-176.653,"57 km S of Adak, Alaska"
1986,6.6,31.9,5.644,125.259,"6 km SSW of Pangyan, Philippines"
1986,6,33,5.776,126.742,"89 km SE of Pondaguitan, Philippines"
1986,7.1,547,-22.037,-178.925,south of the Fiji Islands
1986,6.3,18.8,10.597,-62.928,"36 km ESE of Carúpano, Venezuela"
1986,6,17.8,-15.449,-179.227,"171 km SW of Leava, Wallis and Futuna"
1986,6.1,56.2,43.269,146.491,"61 km SSW of Shikotan, Russia"
1986,6.1,67,10.378,125.964,"40 km NNW of Santa Monica, Philippines"
1986,6,15.6,-7.015,154.484,"134 km SW of Panguna, Papua New Guinea"
1986,6,627.9,-7.072,124.152,"206 km NW of Maubara, Timor Leste"
1986,7.1,538.3,-20.19,178.86,"230 km S of Suva, Fiji"
1986,6.8,583.4,-21.819,-179.079,Fiji region
1986,6,33,-15.575,-173.051,"90 km ENE of Hihifo, Tonga"
1986,6.3,39.1,43.684,148.416,"137 km E of Shikotan, Russia"
1986,6.2,19.3,24.125,121.619,"16 km N of Hualien City, Taiwan"
1986,6.5,26.2,52.327,-174.504,"25 km NW of Atka, Alaska"
1986,6.4,33,52.294,-174.726,"37 km WNW of Atka, Alaska"
1986,6.6,193.5,26.743,125.205,"215 km N of Hirara, Japan"
1986,6.4,165.5,4.627,125.499,"85 km S of Sarangani, Philippines"
1986,6.4,18.1,51.336,-175.363,"106 km SE of Adak, Alaska"
1986,8,33,51.52,-174.776,"1986 Atka, Alaska Earthquake"
1986,6.3,22.1,51.384,-174.809,"99 km SSW of Atka, Alaska"
1986,6.1,9.6,37.993,37.806,"11 km SSW of Do?an?ehir, Turkey"
1986,6.8,14.8,55.172,163.843,"145 km SE of Ust’-Kamchatsk Staryy, Russia"
1986,6.1,51.6,-21.861,170.228,"245 km E of Tadine, New Caledonia"
1986,7,26.5,18.404,-102.973,"41 km SSW of Aguililla, Mexico"
1986,6,10,-31.14,-13.482,southern Mid-Atlantic Ridge
1986,6.8,33,-2.394,139.309,"148 km W of Abepura, Indonesia"
1986,6.3,23.2,43.89,147.57,"68 km E of Shikotan, Russia"
1986,6.4,11.1,-57.724,-24.373,South Sandwich Islands region
1986,6.5,29.4,-13.923,166.831,"78 km W of Sola, Vanuatu"
1986,6,33,54.164,-167.883,"93 km WNW of Dutch Harbor, Alaska"
1986,6.2,13,-0.948,126.863,"200 km SSW of Ternate, Indonesia"
1986,6,540,-18.037,-178.537,"227 km E of Levuka, Fiji"
1986,6,33,-14.456,-178.041,"17 km SSE of Alo, Wallis and Futuna"
1986,6.3,608.5,-7.125,-71.638,"127 km ENE of Cruzeiro do Sul, Brazil"
1986,6.7,29,-2.488,138.696,"215 km W of Abepura, Indonesia"
1986,6.3,26.2,28.541,130.009,"54 km ENE of Naze, Japan"
1986,6.1,10,-4.377,-104.701,central East Pacific Rise
1986,6.3,243.1,-18.909,-67.391,"65 km W of Challapata, Bolivia"
1986,6.2,42.1,-30.07,-176.559,Kermadec Islands region
1986,6,10,-46.975,-12.953,southern Mid-Atlantic Ridge
1986,6.1,65.6,-7.059,155.616,"83 km S of Panguna, Papua New Guinea"
1986,6.4,115.9,-4.99,151.71,"94 km SW of Kokopo, Papua New Guinea"
1986,6.5,33,40.368,51.555,"105 km E of Pirallah?, Azerbaijan"
1986,6.1,286.6,-18.813,169.605,"87 km NNE of Isangel, Vanuatu"
1986,6.2,10,-8.934,156.795,"92 km S of Gizo, Solomon Islands"
1986,6,77.4,18.945,121.304,"39 km NNE of Namuac, Philippines"
1986,6.2,30,36.384,141.128,"49 km ESE of Hitachi, Japan"
1986,6.5,508,27.791,139.552,"Bonin Islands, Japan region"
1986,6,27,8.8,94.165,"Nicobar Islands, India region"
1986,6,82.2,-10.4,161.135,Solomon Islands
1986,6.3,94.6,-10.199,161.006,"104 km WNW of Kirakira, Solomon Islands"
1986,6,12.6,24.771,122.013,"26 km E of Yilan, Taiwan"
1986,7.1,150,-21.277,170.102,"210 km SSE of Isangel, Vanuatu"
1986,6,146.3,-21.369,170.327,"229 km SSE of Isangel, Vanuatu"
1986,6.1,39.1,-0.972,126.868,"203 km SSW of Ternate, Indonesia"
1985,6.1,113,-5.546,150.686,"60 km E of Kimbe, Papua New Guinea"
1985,6.2,33,-5.801,104.288,"115 km WSW of Bandar Lampung, Indonesia"
1985,6.3,36,-13.192,166.507,"136 km NW of Sola, Vanuatu"
1985,6.5,24.5,-5.763,104.191,"124 km WSW of Bandar Lampung, Indonesia"
1985,6.1,455,-21.667,-178.533,Fiji region
1985,6.2,10,-35.09,54.272,South Indian Ocean
1985,6.9,6,62.222,-124.239,"Northwest Territories, Canada"
1985,6,10,-15.602,-178.4,"146 km SSW of Alo, Wallis and Futuna"
1985,6,17.8,-15.572,-178.448,"144 km SSW of Alo, Wallis and Futuna"
1985,6.3,33,-14.187,166.452,"115 km NW of Port-Olry, Vanuatu"
1985,6.5,33,-14.092,166.654,"99 km WSW of Sola, Vanuatu"
1985,7.1,43,-13.966,166.516,"112 km W of Sola, Vanuatu"
1985,6.6,37.2,-14.073,166.251,"139 km NW of Port-Olry, Vanuatu"
1985,6.3,22.1,11.725,-85.838,"23 km E of Nandaime, Nicaragua"
1985,6.3,22,3.683,126.6,"228 km SSE of Sarangani, Philippines"
1985,6,24.5,-1.636,134.91,"127 km SE of Manokwari, Indonesia"
1985,6,165.3,-16.366,-174.197,"62 km SW of Hihifo, Tonga"
1985,7,33,-13.987,166.185,"148 km W of Sola, Vanuatu"
1985,7,33,-14.043,166.24,"142 km NW of Port-Olry, Vanuatu"
1985,6.2,50.2,-5.933,149.429,"32 km NNW of Kandrian, Papua New Guinea"
1985,6,10,-1.668,134.424,"97 km SSE of Manokwari, Indonesia"
1985,7.1,10,-1.639,134.911,"127 km SE of Manokwari, Indonesia"
1985,6.5,10,-38.577,78.368,Mid-Indian Ridge
1985,6.1,33,54.756,-159.787,"79 km SE of Sand Point, Alaska"
1985,6.3,10,-36.499,-98.158,southeast of Easter Island
1985,6.2,41.5,27.957,140.607,"Bonin Islands, Japan region"
1985,6.1,33.5,7.698,137.026,"234 km SSW of Colonia, Micronesia"
1985,6.5,44,-35.257,-179.347,east of the North Island of New Zealand
1985,6.2,132,-58.716,-26.223,South Sandwich Islands region
1985,6.2,10,-18.052,175.869,"166 km W of Nadi, Fiji"
1985,6.5,596,-28.692,-63.171,"23 km WSW of Colonia Dora, Argentina"
1985,6.2,30,53.249,-166.936,"74 km SSW of Unalaska, Alaska"
1985,6.4,10,-9.569,150.989,"101 km NE of Alotau, Papua New Guinea"
1985,6.3,52.9,36.681,54.75,"21 km SE of Qarn?b?d, Iran"
1985,6,595.5,-7.077,124.284,"197 km NNW of Maubara, Timor Leste"
1985,6,33,52.072,-171.35,"194 km WSW of Nikolski, Alaska"
1985,6.4,10,0.917,-29.921,central Mid-Atlantic Ridge
1985,6.3,155,-21.656,-176.382,"133 km WSW of Haveluloto, Tonga"
1985,6.6,30.2,54.765,-159.613,"85 km SE of Sand Point, Alaska"
1985,6.5,153.8,-6.791,107.082,"19 km W of Ciranjang-hilir, Indonesia"
1985,6.2,272.5,-18.961,169.432,"66 km NNE of Isangel, Vanuatu"
1985,6.7,10,62.237,-124.266,"Northwest Territories, Canada"
1985,6.1,478.1,27.558,139.964,"Bonin Islands, Japan region"
1985,6.1,33,-22.171,-174.606,"99 km SSE of ‘Ohonua, Tonga"
1985,6.7,31.9,-9.829,159.854,"21 km SE of Malango, Solomon Islands"
1985,6.9,51.6,-34.693,-178.656,south of the Kermadec Islands
1985,7.6,30.8,17.802,-101.647,"7 km N of Pantla, Mexico"
1985,8,27.9,18.19,-102.533,"1985 Michoacan, Mexico Earthquake"
1985,6,64.8,17.974,-97.158,"13 km SW of San Juan de los Cues, Mexico"
1985,6.3,10,-4.13,136.049,"104 km SE of Nabire, Indonesia"
1985,6.3,10,-4.09,136.243,"115 km SE of Nabire, Indonesia"
1985,6.2,15.3,39.356,75.407,"51 km WSW of Kashgar, China"
1985,6,10,-54.388,-132.403,Pacific-Antarctic Ridge
1985,6.4,501,27.208,139.848,"Bonin Islands, Japan region"
1985,6.5,10,-6.394,149.733,"29 km SE of Kandrian, Papua New Guinea"
1985,6.6,624.6,-21.011,-178.981,Fiji region
1985,7,6.8,39.431,75.224,"66 km W of Kashgar, China"
1985,6.4,56.9,-9.159,-78.887,"32 km SW of Puerto Santa, Peru"
1985,6,10,-55.71,-124.161,southern East Pacific Rise
1985,6.5,51.6,37.771,141.773,"75 km ENE of Namie, Japan"
1985,6.2,33,-38.378,-73.495,"47 km NW of Carahue, Chile"
1985,6.3,50.4,54.139,168.731,"Komandorskiye Ostrova, Russia region"
1985,6.1,24,11.156,140.217,"157 km NNW of Fais, Micronesia"
1985,6.1,21.7,16.9,120.186,"22 km W of Rimus, Philippines"
1985,6.1,208.2,-15.315,-174.62,"113 km NW of Hihifo, Tonga"
1985,6.2,592.2,-6.102,113.491,"108 km NNW of Sumenep, Indonesia"
1985,6.4,35.6,7.496,123.5,"9 km ENE of Malim, Philippines"
1985,6.4,120.1,36.174,70.78,"76 km S of Jurm, Afghanistan"
1985,7.4,98.7,36.19,70.896,"75 km S of Jurm, Afghanistan"
1985,6.4,33,-60.241,-26.883,South Sandwich Islands region
1985,6,10,-27.014,-113.44,Easter Island region
1985,6.8,49.3,-6.291,148.783,"85 km W of Kandrian, Papua New Guinea"
1985,6,51.9,-38.778,176.973,"41 km SE of Murupara, New Zealand"
1985,6,10,-37.161,78.244,Mid-Indian Ridge
1985,6.1,33,51.62,-172.919,"109 km SE of Atka, Alaska"
1985,6,40.5,-4.251,152.877,"68 km E of Kokopo, Papua New Guinea"
1985,6.1,10,-38.605,-91.623,West Chile Rise
1985,6.3,10,-59.732,149.798,west of Macquarie Island
1985,6,31.4,-32.951,-72.072,"42 km WNW of Valparaíso, Chile"
1985,6.3,49.8,-29.721,-177.771,"Kermadec Islands, New Zealand"
1985,6.5,28.6,-17.243,167.834,"74 km NW of Port-Vila, Vanuatu"
1985,7.3,33,-4.439,152.828,"62 km E of Kokopo, Papua New Guinea"
1985,6.4,10,-54.82,146.436,west of Macquarie Island
1985,6.4,32.1,-10.937,163.76,"208 km ESE of Kirakira, Solomon Islands"
1985,6,33,-10.994,163.738,"207 km ESE of Kirakira, Solomon Islands"
1985,6.5,35.8,-11.012,163.584,"192 km ESE of Kirakira, Solomon Islands"
1985,6,46.7,-28.437,-175.953,Kermadec Islands region
1985,6.4,151.4,-27.958,-66.995,"30 km SSE of Londres, Argentina"
1985,6.6,10,0.932,-28.432,central Mid-Atlantic Ridge
1985,6.3,68,-4.646,153.173,"105 km ESE of Kokopo, Papua New Guinea"
1985,6.2,94.2,4.873,127.481,"218 km SE of Pondaguitan, Philippines"
1985,6.7,33,-15.289,-173.516,Tonga
1985,6.3,65.5,13.175,-90.138,near the coast of Guatemala
1985,6,31.9,12.246,144.28,"120 km SSW of Merizo Village, Guam"
1985,6.2,34.2,51.422,-178.43,"134 km WSW of Adak, Alaska"
1985,6.3,39.1,-30.253,-71.329,"33 km S of Coquimbo, Chile"
1985,6,109.8,-19.0,-69.053,"141 km SSW of Curahuara de Carangas, Bolivia"
1985,6.3,10,-29.081,77.735,Mid-Indian Ridge
1985,6.5,33,-56.637,-25.33,South Sandwich Islands region
1985,6.4,10,-10.562,41.424,"120 km E of Madimba, Tanzania"
1985,6,10,-10.61,41.423,"121 km E of Madimba, Tanzania"
1985,7.2,26.7,-5.599,151.045,"100 km E of Kimbe, Papua New Guinea"
1985,6,33,51.302,178.024,"Rat Islands, Aleutian Islands, Alaska"
1985,6.3,33,51.465,177.913,"Rat Islands, Aleutian Islands, Alaska"
1985,6.2,29.5,-37.498,179.452,"180 km NE of Gisborne, New Zealand"
1985,6.4,43.1,48.871,156.329,"201 km S of Severo-Kuril’sk, Russia"
1985,6.6,599.9,-9.196,-71.23,"125 km SSW of Tarauacá, Brazil"
1985,6,10,-39.728,-75.664,"192 km W of Corral, Chile"
1985,6,10,-60.693,154.332,west of Macquarie Island
1985,6.1,33,16.498,120.815,"7 km ENE of Ambuclao, Philippines"
1985,7,188.4,15.344,120.61,"1 km ENE of Santo Cristo, Philippines"
1985,6,79.4,-5.181,130.443,"260 km W of Tual, Indonesia"
1985,6.3,37.7,9.004,-77.46,"32 km E of Mulatupo, Panama"
1985,6.1,71.8,11.848,-86.651,"16 km WNW of Masachapa, Nicaragua"
1985,7,50.7,1.622,126.411,"142 km NW of Ternate, Indonesia"
1985,6,33,-11.343,165.687,"69 km S of Lata, Solomon Islands"
1985,6.3,420,29.962,138.927,"Izu Islands, Japan region"
1985,6.2,43.6,34.092,140.719,"122 km SSE of Katsuura, Japan"
1985,7.2,37.8,-34.131,-71.618,"59 km S of San Antonio, Chile"
1985,6,13.8,-4.124,136.268,"120 km SE of Nabire, Indonesia"
1985,6.4,10,-56.39,-122.309,southern East Pacific Rise
1985,6.5,468.7,28.23,139.525,"Bonin Islands, Japan region"
1985,6.2,33,-32.584,-71.656,"42 km WSW of La Ligua, Chile"
1985,6.4,166.3,40.31,140.362,"9 km N of Takanosu, Japan"
1985,6.1,154.9,44.335,146.666,"59 km N of Shikotan, Russia"
1985,6.2,248.5,-6.437,128.767,Banda Sea
1985,6.5,45,-34.254,-72.185,"86 km WNW of Santa Cruz, Chile"
1985,6.4,69.7,-6.584,105.419,"50 km WSW of Labuan, Indonesia"
1985,6.7,42.2,-33.198,-71.653,"18 km S of Valparaíso, Chile"
1985,6.5,33,7.758,123.544,"10 km SE of Muricay, Philippines"
1985,6.7,33,-32.633,-71.551,"35 km WNW of Hacienda La Calera, Chile"
1985,6.5,13.4,17.013,-62.448,"18 km SE of Market Shop, Saint Kitts and Nevis"
1985,6.5,10,43.51,-127.561,"259 km W of Bandon, Oregon"
1985,6.2,11.8,66.239,-150.029,"49 km WNW of Stevens Village, Alaska"
1985,6.2,33,1.192,122.826,"77 km NNW of Gorontalo, Indonesia"
1985,6.2,33,-32.878,-71.818,"24 km NW of Valparaíso, Chile"
1985,6.3,40.1,-33.842,-71.249,"17 km S of Melipilla, Chile"
1985,6.3,33,-33.142,-71.997,"36 km WSW of Valparaíso, Chile"
1985,6.3,33,-33.825,-71.93,"39 km SW of San Antonio, Chile"
1985,6.6,33,-32.925,-71.793,"19 km NW of Valparaíso, Chile"
1985,6.2,33,-34.115,-71.905,"63 km SSW of San Antonio, Chile"
1985,7.4,33,-33.207,-71.663,"19 km S of Valparaíso, Chile"
1985,6.4,33,-32.738,-71.215,"5 km N of Hacienda La Calera, Chile"
1985,8,33,-33.135,-71.871,"25 km WSW of Valparaíso, Chile"
1985,6.7,43.5,-1.964,119.727,"112 km N of Rantepao, Indonesia"
1985,6.4,17.1,-2.082,119.67,"101 km NNW of Rantepao, Indonesia"
1985,6.1,60,27.462,128.449,"104 km NNE of Nago, Japan"
1985,6,61.1,-2.072,119.785,"100 km N of Rantepao, Indonesia"
1985,6.3,84.8,-10.254,161.126,"89 km WNW of Kirakira, Solomon Islands"
1985,6,56.5,-20.547,-174.099,"85 km SSE of Pangai, Tonga"
1985,6.3,10,-46.083,165.092,"217 km WSW of Te Anau, New Zealand"
1985,6.1,33,-6.494,104.263,"161 km SW of Bandar Lampung, Indonesia"
1985,6.2,5,-33.053,-68.467,"3 km N of San Martín, Argentina"
1985,6.9,33,-0.953,128.507,"214 km SSE of Sofifi, Indonesia"
1985,6.3,83.2,-29.374,-70.793,"73 km NE of La Serena, Chile"
1985,6.1,33.5,-3.782,141.772,"95 km SW of Aitape, Papua New Guinea"
1985,6.2,189.1,0.196,123.582,"69 km ESE of Gorontalo, Indonesia"
1985,6.1,10,10.797,-43.446,northern Mid-Atlantic Ridge
1985,6.2,32.8,10.177,-80.027,"80 km NNW of Portobelo, Panama"
1985,6,33.3,55.428,-157.835,"98 km ESE of Perryville, Alaska"
1984,6,10,-60.135,153.192,west of Macquarie Island
1984,6,22.6,24.641,92.891,"20 km SW of Lakhipur, India"
1984,6.8,39.3,-36.663,177.512,"150 km N of Opotiki, New Zealand"
1984,6.7,33,56.194,163.46,"61 km E of Ust’-Kamchatsk Staryy, Russia"
1984,6.2,70.5,-5.99,149.606,"24 km NNE of Kandrian, Papua New Guinea"
1984,6.2,43.6,-6.105,149.855,"35 km ENE of Kandrian, Papua New Guinea"
1984,6,62.9,11.403,-86.233,"32 km W of Tola, Nicaragua"
1984,6,33,44.24,149.197,"151 km SE of Kuril’sk, Russia"
1984,6.2,29.4,44.424,149.18,"136 km SE of Kuril’sk, Russia"
1984,6.4,91.5,-22.407,-68.599,"33 km E of Calama, Chile"
1984,6.1,10,-1.423,-15.055,north of Ascension Island
1984,6.4,64.5,44.212,148.138,"114 km S of Kuril’sk, Russia"
1984,6.2,17.9,-3.818,152.037,"44 km NNW of Rabaul, Papua New Guinea"
1984,6.4,10,20.357,-115.765,east central Pacific Ocean
1984,6.1,8.096,37.46,-118.607,"4 km NNW of Round Valley, California"
1984,6,33,-14.169,171.328,Vanuatu region
1984,6.8,33,-14.312,171.284,Vanuatu region
1984,6.4,33,-7.993,102.255,"southwest of Sumatra, Indonesia"
1984,6.5,645.8,-17.779,-178.05,"280 km E of Levuka, Fiji"
1984,6,10,-30.958,-13.485,southern Mid-Atlantic Ridge
1984,6.1,23.7,-14.508,171.089,Vanuatu region
1984,6.4,23.4,-14.505,171.162,Vanuatu region
1984,7.5,202.2,5.167,125.124,"45 km SW of Sarangani, Philippines"
1984,6.2,33,-18.404,-175.701,"183 km W of Neiafu, Tonga"
1984,6.7,451.4,-18.785,-178.032,Fiji region
1984,7.1,33,0.197,98.027,"190 km SSW of Sibolga, Indonesia"
1984,6.3,348.1,-20.388,-177.421,"244 km WNW of Haveluloto, Tonga"
1984,7.1,104.7,-22.022,170.95,southeast of the Loyalty Islands
1984,6.3,49,55.209,163.692,"136 km SSE of Ust’-Kamchatsk Staryy, Russia"
1984,7.1,10,8.185,-38.794,central Mid-Atlantic Ridge
1984,6.6,141,-17.109,-174.076,"131 km SSW of Hihifo, Tonga"
1984,6.6,153.2,5.731,125.543,"4 km E of Kalbay, Philippines"
1984,6.1,33,39.155,71.328,"19 km WSW of Karakenja, Tajikistan"
1984,6.3,56.4,1.623,126.291,"147 km E of Laikit, Laikit II (Dimembe), Indonesia"
1984,6.2,192,-24.072,-66.832,"54 km WNW of San Antonio de los Cobres, Argentina"
1984,6,121.1,-15.888,-173.95,"18 km WNW of Hihifo, Tonga"
1984,7.2,128.4,-15.86,-173.643,"19 km ENE of Hihifo, Tonga"
1984,6.1,31.4,15.024,-94.304,"115 km SW of Doctor Belisario Domínguez (La Barra), Mexico"
1984,6.4,10,-15.771,177.245,"200 km NNW of Ba, Fiji"
1984,6.1,36.8,-18.163,-175.606,"179 km WNW of Neiafu, Tonga"
1984,6.3,13,-16.676,177.113,"110 km NNW of Lautoka, Fiji"
1984,6.3,34.2,-9.809,118.787,"145 km SSE of Dompu, Indonesia"
1984,6,75,-6.056,148.54,"94 km NE of Finschhafen, Papua New Guinea"
1984,6.1,10,-31.576,-110.841,Easter Island region
1984,6,363.9,-21.51,-177.796,"270 km W of Haveluloto, Tonga"
1984,6.6,21.1,-25.849,-175.911,south of Tonga
1984,6.1,44.1,-32.04,-178.405,south of the Kermadec Islands
1984,6.1,98,13.822,145.378,"61 km ENE of Yigo Village, Guam"
1984,6,10,-7.022,72.757,Chagos Archipelago region
1984,6.8,47.6,34.006,141.5,"166 km SE of Katsuura, Japan"
1984,6.3,10,-32.157,-178.32,south of the Kermadec Islands
1984,6.2,10,-18.038,65.643,"296 km NE of Port Mathurin, Mauritius"
1984,6.2,10,35.789,137.488,"23 km E of Gero, Japan"
1984,6.1,125.6,-15.501,167.685,"56 km E of Luganville, Vanuatu"
1984,6.7,10,40.503,-126.831,"217 km W of Ferndale, California"
1984,6,201.1,-8.056,121.779,"78 km NW of Maumere, Indonesia"
1984,6.3,118.8,16.08,-93.286,"9 km ENE of Monterrey, Mexico"
1984,6.4,29,-17.957,172.149,Vanuatu region
1984,6.1,33,-33.332,-179.359,south of the Kermadec Islands
1984,6.4,559.7,-23.594,179.07,south of the Fiji Islands
1984,6.2,57.3,11.618,-86.485,"18 km S of Masachapa, Nicaragua"
1984,6.2,39.8,-5.038,152.115,"78 km SSW of Kokopo, Papua New Guinea"
1984,6.9,46.2,32.386,131.945,"34 km SE of Nobeoka, Japan"
1984,7.4,242.3,-0.086,122.517,"91 km SW of Gorontalo, Indonesia"
1984,6.4,25.9,1.384,126.419,"125 km WNW of Ternate, Indonesia"
1984,6,129.2,-56.392,-27.388,South Sandwich Islands region
1984,6.2,10,-55.467,-129.002,Pacific-Antarctic Ridge
1984,6.7,533.5,-5.788,111.298,"87 km NNE of Tayu, Indonesia"
1984,6.6,33,-6.056,154.424,"120 km WNW of Panguna, Papua New Guinea"
1984,6.4,46.6,16.804,-98.441,"1 km E of Chacalapa, Mexico"
1984,6.2,63,2.916,126.558,"208 km NW of Tobelo, Indonesia"
1984,6.1,5.6,-43.541,170.673,"76 km NW of Geraldine, New Zealand"
1984,6.9,23.9,17.984,-69.338,"52 km S of San Pedro de Macorís, Dominican Republic"
1984,6.4,10,-58.318,-15.786,east of the South Sandwich Islands
1984,6.2,39.1,35.36,23.238,"40 km WSW of Kíssamos, Greece"
1984,6.5,116.8,-15.705,-72.491,"7 km WNW of Uñon, Peru"
1984,6.1,22.5,38.859,25.723,"37 km NNE of Psará, Greece"
1984,6.6,246.6,-15.816,-174.831,"111 km W of Hihifo, Tonga"
1984,6.2,46.3,-30.707,-71.179,"11 km S of Ovalle, Chile"
1984,6.1,33,-5.796,104.169,"127 km WSW of Bandar Lampung, Indonesia"
1984,6.2,33,-4.82,125.845,"287 km WSW of Ambon, Indonesia"
1984,7.1,174.4,-4.843,151.577,"94 km SW of Kokopo, Papua New Guinea"
1984,6.4,26.5,-10.896,164.183,"177 km W of Lata, Solomon Islands"
1984,6.7,10,-43.548,38.944,Prince Edward Islands region
1984,6.2,10,-54.869,-135.415,Pacific-Antarctic Ridge
1984,6.4,10,-54.976,-135.688,Pacific-Antarctic Ridge
1984,6.1,10,-51.95,161.089,north of Macquarie Island
1984,6,18.2,32.688,121.509,"51 km NE of Juegang, China"
1984,6.9,10,-36.429,52.419,Southwest Indian Ridge
1984,6.2,33,-30.305,-177.722,"Kermadec Islands, New Zealand"
1984,6,33,24.257,93.545,"15 km SW of Chur?ch?ndpur, India"
1984,6.3,414.9,-17.311,-177.229,Fiji region
1984,6.2,8.193,37.31,-121.679,"The 1984 Morgan Hill, California Earthquake"
1984,6.9,403.1,30.909,138.431,"Izu Islands, Japan region"
1984,6.5,414.1,47.45,146.692,"263 km NNW of Kuril’sk, Russia"
1984,6.2,10,-0.541,-19.857,central Mid-Atlantic Ridge
1984,6.4,593.2,-21.866,-179.375,Fiji region
1984,6,73,-15.681,-172.965,"94 km ENE of Hihifo, Tonga"
1984,6.3,582,50.12,148.745,Sea of Okhotsk
1984,6.5,149.7,-15.934,-174.352,"59 km W of Hihifo, Tonga"
1984,6.1,167.6,-5.648,148.296,"112 km NNE of Finschhafen, Papua New Guinea"
1984,6.8,182.4,-18.903,168.85,"84 km NNW of Isangel, Vanuatu"
1984,6.1,10,-55.511,147.076,west of Macquarie Island
1984,6.5,27.6,-4.647,145.805,"63 km N of Madang, Papua New Guinea"
1984,7.2,44.4,44.117,148.192,"123 km ENE of Shikotan, Russia"
1984,6,44.5,-15.19,-173.739,"84 km N of Hihifo, Tonga"
1984,6.1,10,-43.95,77.915,Mid-Indian Ridge
1984,7,14.5,40.32,63.35,"22 km NNW of Gazli, Uzbekistan"
1984,6,569.6,-20.089,-178.073,Fiji region
1984,6.2,546.5,-23.423,-179.971,south of the Fiji Islands
1984,6,52.1,-7.641,106.957,"71 km SW of Banjar, Indonesia"
1984,6,87.8,-38.252,177.224,"27 km SSW of Opotiki, New Zealand"
1984,7.4,457.4,29.384,138.935,"Izu Islands, Japan region"
1984,7.3,649.1,8.147,123.762,"4 km NNW of Tabid, Philippines"
1984,6,33,-4.337,145.855,"98 km N of Madang, Papua New Guinea"
1984,6,10,-4.52,-105.993,central East Pacific Rise
1984,6.1,113.1,-17.316,-70.526,"11 km N of Ilabaya, Peru"
1984,6.1,10,20.59,-109.086,"268 km SSE of Cabo San Lucas, Mexico"
1984,6,158.1,-6.598,130.117,Banda Sea
1984,6.4,207.6,36.431,70.826,"48 km S of Jurm, Afghanistan"
1984,6,10,28.271,-112.144,"64 km SSW of Bahía de Kino, Mexico"
1984,6.4,27,-9.815,160.268,"54 km SE of Honiara, Solomon Islands"
1984,7.6,18.1,-10.012,160.469,"85 km SE of Honiara, Solomon Islands"
1984,6.1,33,34.616,70.484,"21 km N of Jal?l?b?d, Afghanistan"
1984,6.4,573.4,49.063,146.59,"255 km E of Poronaysk, Russia"
1984,6.1,171.8,36.39,71.034,"55 km SW of Ashk?sham, Afghanistan"
1984,6.1,30.3,5.988,146.533,"State of Yap, Federated States of Micronesia"
1984,6.2,332.3,-23.642,-178.321,south of the Fiji Islands
1984,6.3,10,-29.982,-112.32,Easter Island region
1984,7,33,-2.823,118.806,"18 km SSW of Mamuju, Indonesia"
1984,6.4,10,-56.745,-142.655,Pacific-Antarctic Ridge
1984,6,272.1,-22.81,-66.16,"48 km WSW of Abra Pampa, Argentina"
1984,7.2,368.1,33.683,136.894,"77 km ESE of Owase, Japan"
1983,7.4,214.5,36.372,70.738,"55 km S of Jurm, Afghanistan"
1983,6.3,11.3,11.866,-13.529,"38 km WNW of Gaoual, Guinea"
1983,6.4,26,-5.392,151.868,"124 km SSW of Kokopo, Papua New Guinea"
1983,6.2,33,-5.54,151.86,"139 km SSW of Kokopo, Papua New Guinea"
1983,6.9,601.9,-28.19,-63.172,"38 km SE of Suncho Corral, Argentina"
1983,6.2,10,-2.408,145.045,"201 km NE of Wewak, Papua New Guinea"
1983,6.4,23.8,-3.155,145.393,"178 km NE of Angoram, Papua New Guinea"
1983,6.2,100.1,-33.099,-70.12,"53 km ESE of Los Andes, Chile"
1983,6.11,20,-29.155,-176.524,Kermadec Islands region
1983,6.4,136.9,-7.583,127.288,"108 km NNE of Lospalos, Timor Leste"
1983,6.4,23.9,8.137,137.239,"180 km SSW of Colonia, Micronesia"
1983,6.3,10,3.792,148.958,Federated States of Micronesia region
1983,6.3,10,-6.463,71.417,Chagos Archipelago region
1983,6.2,33,-15.24,-172.915,"123 km NE of Hihifo, Tonga"
1983,7,67.1,14.066,-91.924,"25 km S of Champerico, Guatemala"
1983,7.3,10,-6.852,72.11,Chagos Archipelago region
1983,6,56.9,41.79,142.772,"69 km SSE of Shizunai-furukawach?, Japan"
1983,6,525,-19.503,-177.783,Fiji region
1983,6,10,7.359,-82.268,"95 km S of Boca Chica, Panama"
1983,6.1,26.4,-5.466,152.003,"127 km SSW of Kokopo, Papua New Guinea"
1983,6.2,18.5,-40.451,155.507,southeast of Australia
1983,7.3,178.5,-7.481,128.168,"172 km NE of Lospalos, Timor Leste"
1983,6.6,54.9,0.482,-79.877,"21 km SE of Muisne, Ecuador"
1983,6.1,59.3,-7.45,130.645,"Pulau Pulau Tanimbar, Indonesia"
1983,6.1,29.3,43.706,148.444,"139 km E of Shikotan, Russia"
1983,6.71,8.722,19.426,-155.45,"22 km W of Volcano, Hawaii"
1983,6.4,39,1.413,128.154,"38 km SSE of Tobelo, Indonesia"
1983,6.6,59.4,1.27,128.335,"62 km SE of Tobelo, Indonesia"
1983,6.1,31.3,1.411,128.164,"39 km SSE of Tobelo, Indonesia"
1983,6.4,83.4,-9.016,119.18,"58 km SW of Komodo, Indonesia"
1983,6.8,11.6,40.33,42.187,"27 km E of Narman, Turkey"
1983,6.9,10,44.058,-113.857,"The 1983 Borah Peak Earthquake, Idaho"
1983,6.6,27.7,1.093,120.833,"245 km NNE of Palu, Indonesia"
1983,6.5,33,1.131,120.858,"250 km NNE of Palu, Indonesia"
1983,6.5,33,-60.62,-25.392,South Sandwich Islands region
1983,6.3,33,-60.404,-24.865,South Sandwich Islands region
1983,7.2,24,-60.665,-25.451,South Sandwich Islands region
1983,6.4,10,37.588,-17.52,Azores-Cape St. Vincent Ridge
1983,6.3,30.4,-20.794,-173.758,"125 km SSE of Pangai, Tonga"
1983,6.1,65.6,-23.681,-70.129,"27 km E of Antofagasta, Chile"
1983,6.5,40.1,1.084,121.052,"231 km WNW of Gorontalo, Indonesia"
1983,6.5,7.4,-8.101,156.311,"58 km W of Gizo, Solomon Islands"
1983,6.7,16.1,-26.135,-70.518,"53 km WNW of Diego de Almagro, Chile"
1983,6.1,557.9,44.229,130.741,"35 km WNW of Dongning, China"
1983,7.4,14.8,-26.535,-70.563,"54 km WSW of Diego de Almagro, Chile"
1983,6,12.4,33.941,139.513,"96 km SSE of Shimoda, Japan"
1983,6.1,10,-3.727,151.09,"130 km WNW of Rabaul, Papua New Guinea"
1983,6.3,28.2,24.095,122.148,"56 km ENE of Hualien City, Taiwan"
1983,6.7,33,-16.636,-177.476,"266 km SSE of Alo, Wallis and Futuna"
1983,6.1,66.4,4.75,95.039,"93 km SSW of Banda Aceh, Indonesia"
1983,6,510.2,-24.032,-179.796,south of the Fiji Islands
1983,6.3,115.2,16.103,-93.153,"4 km WNW of San Pedro Buenavista, Mexico"
1983,6.3,158.5,18.104,145.77,"Pagan region, Northern Mariana Islands"
1983,6.2,208.8,36.502,71.082,"45 km WSW of Ashk?sham, Afghanistan"
1983,6.4,45,60.976,-147.5,"46 km WNW of Tatitlek, Alaska"
1983,6.1,38.7,-16.708,-172.082,"201 km ESE of Hihifo, Tonga"
1983,6,20.5,8.171,125.946,"4 km W of Bunawan, Philippines"
1983,6.5,126.4,33.509,131.484,"6 km SE of Bungo-Takada-shi, Japan"
1983,6.5,28.8,18.231,120.86,"16 km ENE of Piddig, Philippines"
1983,7.1,62.6,55.867,161.287,"57 km SSE of Klyuchi, Russia"
1983,6,160,-6.518,130.119,Banda Sea
1983,6.8,2.4,40.142,24.766,"39 km NW of Mýrina, Greece"
1983,6.3,157.9,20.435,122.101,"13 km E of Basco, Philippines"
1983,6.4,48.1,-8.141,119.504,"49 km N of Komodo, Indonesia"
1983,6.2,180.4,53.93,158.372,"82 km N of Yelizovo, Russia"
1983,6.3,43,5.557,126.452,"93 km SSE of Pondaguitan, Philippines"
1983,6.6,37,61.031,-147.286,"37 km WNW of Tatitlek, Alaska"
1983,6.9,10,-60.889,-53.02,South Shetland Islands
1983,6.2,33.7,-22.609,170.731,southeast of the Loyalty Islands
1983,6.1,10,40.324,27.222,"10 km N of Biga, Turkey"
1983,6.4,33,-22.599,171.02,southeast of the Loyalty Islands
1983,6.5,33,9.652,-83.688,"17 km S of Pejibaye, Costa Rica"
1983,6.9,33,21.4,102.604,"43 km W of Dien Bien Phu, Vietnam"
1983,6.7,44.1,24.176,122.402,"68 km WSW of Yonakuni, Japan"
1983,6.3,18.4,21.721,103.282,"45 km NE of Dien Bien Phu, Vietnam"
1983,6.4,36.9,24.199,122.422,"65 km WSW of Yonakuni, Japan"
1983,6.7,9.9,41.346,139.099,"122 km WNW of Shimokizukuri, Japan"
1983,6.1,20.8,51.414,-174.111,"87 km S of Atka, Alaska"
1983,6.3,28,40.268,139.023,"85 km W of Noshiro, Japan"
1983,6,30.6,40.237,139.023,"85 km W of Noshiro, Japan"
1983,6.2,598.6,-9.512,-71.249,"158 km SSW of Tarauacá, Brazil"
1983,6.1,33,-15.694,-172.812,"109 km ENE of Hihifo, Tonga"
1983,6.6,179.6,-17.038,-174.605,"147 km SW of Hihifo, Tonga"
1983,7.4,23.7,40.462,139.102,"83 km WNW of Noshiro, Japan"
1983,6.5,33,-18.907,-175.641,"168 km NW of Pangai, Tonga"
1983,6.2,125,2.293,128.34,"72 km NNE of Tobelo, Indonesia"
1983,6.7,71.6,-4.805,152.509,"57 km SSE of Kokopo, Papua New Guinea"
1983,6.5,112.4,-5.399,150.896,"85 km ENE of Kimbe, Papua New Guinea"
1983,6.1,10,19.98,-109.454,Revilla Gigedo Islands region
1983,6.1,39.1,8.233,-82.957,"11 km WSW of Puerto Armuelles, Panama"
1983,6,23,-40.93,-74.909,"138 km NW of Ancud, Chile"
1983,6.7,9.578,36.232,-120.312,"The 1983 Coalinga, California Earthquake"
1983,6.2,24,46.353,153.453,Kuril Islands
1983,6.5,30.4,41.473,143.764,"150 km SE of Shizunai-furukawach?, Japan"
1983,6.4,12.4,-8.875,157.669,"124 km SE of Gizo, Solomon Islands"
1983,7,64,27.793,62.054,"95 km ESE of Kh?sh, Iran"
1983,6.2,26.1,-20.725,169.232,"131 km S of Isangel, Vanuatu"
1983,7,104.2,-4.843,-78.103,"92 km NNE of La Peca, Peru"
1983,6.1,40,10.419,-62.764,"53 km WSW of Güiria, Venezuela"
1983,6.7,10,11.429,57.52,Owen Fracture Zone region
1983,6.2,123,-15.038,167.289,"23 km E of Port-Olry, Vanuatu"
1983,6.5,51,49.408,155.602,"145 km SSW of Severo-Kuril’sk, Russia"
1983,6.9,78.5,5.723,94.722,"68 km WSW of Sabang, Indonesia"
1983,7.1,37,8.717,-83.123,"12 km N of Golfito, Costa Rica"
1983,6.4,19.1,38.294,20.262,"18 km NW of Lixoúri, Greece"
1983,6,29.6,-6.586,154.6,"102 km WSW of Panguna, Papua New Guinea"
1983,6.4,35,-6.514,154.603,"99 km WSW of Panguna, Papua New Guinea"
1983,6.7,68,-21.466,-175.451,"41 km SW of Vaini, Tonga"
1983,6.4,80.1,-4.694,153.161,"106 km ESE of Kokopo, Papua New Guinea"
1983,7.6,88.8,-4.883,153.581,"157 km ESE of Kokopo, Papua New Guinea"
1983,6.7,41,5.346,126.566,"120 km SSE of Pondaguitan, Philippines"
1983,6.7,16.9,-4.056,127.924,"49 km SW of Ambon, Indonesia"
1983,6,33,-4.036,127.893,"49 km SW of Ambon, Indonesia"
1983,6.2,33,43.813,147.397,"54 km E of Shikotan, Russia"
1983,6.1,42,44.161,148.058,"114 km ENE of Shikotan, Russia"
1983,6.4,56,49.243,155.601,"163 km SSW of Severo-Kuril’sk, Russia"
1983,6.9,146,-18.268,-69.438,"77 km SE of Palca, Peru"
1983,6.4,60.5,5.546,126.246,"78 km ESE of Caburan, Philippines"
1983,6.5,47,54.931,-159.189,"94 km ESE of Sand Point, Alaska"
1983,6.2,39,10.504,140.924,"92 km NNE of Fais, Micronesia"
1983,6.2,16.1,39.945,75.135,"90 km NW of Kashgar, China"
1983,6.3,51,5.669,126.297,"77 km ESE of Mangili, Philippines"
1983,6,52,-29.707,-177.837,"Kermadec Islands, New Zealand"
1983,7,238,-30.383,-179.339,Kermadec Islands region
1983,6.4,10,-49.556,-114.079,southern East Pacific Rise
1983,6.8,78,12.942,93.582,"166 km NE of Bamboo Flat, India"
1983,6.3,56.8,16.147,-95.232,"5 km SW of Salina Cruz, Mexico"
1983,6.1,29,-6.713,102.976,"290 km WSW of Bandar Lampung, Indonesia"
1983,6,40,-6.672,103.027,"282 km WSW of Bandar Lampung, Indonesia"
1983,6.5,56,-57.966,-24.311,South Sandwich Islands region
1983,7,14.3,38.026,20.228,"26 km SW of Lixoúri, Greece"
1983,6.7,234.9,-5.458,147.046,"140 km N of Lae, Papua New Guinea"
1983,6.1,33,55.179,163.244,"126 km SSE of Ust’-Kamchatsk Staryy, Russia"
1983,6.1,14.3,-3.161,148.195,"161 km SE of Lorengau, Papua New Guinea"
1983,6.4,33,-15.394,-173.33,Tonga
1983,6.3,172,-16.943,-69.114,"42 km S of Desaguadero, Peru"
1982,6,118,-20.993,-68.464,"168 km NNE of Calama, Chile"
1982,6,34,19.945,121.397,"81 km SW of Basco, Philippines"
1982,6.3,22,33.826,139.434,"104 km SSE of Shimoda, Japan"
1982,6.3,33,-23.545,-175.939,"265 km SSW of ‘Ohonua, Tonga"
1982,6.3,32,-23.723,-175.977,"284 km SSW of ‘Ohonua, Tonga"
1982,6,33,-24.038,-175.467,south of Tonga
1982,7.2,33,-24.133,-175.864,south of Tonga
1982,6.5,86.9,24.595,122.547,"48 km WNW of Yonakuni, Japan"
1982,6.6,36,36.148,69.011,"14 km NW of Nahr?n, Afghanistan"
1982,6.3,5,14.701,44.379,"17 km N of Dham?r, Yemen"
1982,6.6,256.7,-13.323,167.205,"71 km NNW of Sola, Vanuatu"
1982,6.3,35,55.4,163.176,"102 km SSE of Ust’-Kamchatsk Staryy, Russia"
1982,6.7,14,-10.599,-74.699,"40 km NNE of Santa Rosa, Peru"
1982,6.6,195,-1.719,-76.703,"122 km SSE of Boca Suno, Ecuador"
1982,6.1,27,-14.614,168.025,"96 km SSE of Sola, Vanuatu"
1982,6.3,33,-6.65,101.63,"southwest of Sumatra, Indonesia"
1982,6.2,515.2,-7.156,125.876,"150 km N of Manatutu, Timor Leste"
1982,6,17.6,-15.591,168.004,"83 km NE of Norsup, Vanuatu"
1982,6.4,40,-24.271,-176.674,south of the Fiji Islands
1982,6.1,20.5,-9.567,152.243,"208 km NE of Samarai, Papua New Guinea"
1982,6.1,33,-26.93,-175.963,south of Tonga
1982,6.2,546,-23.469,-179.852,south of the Fiji Islands
1982,6.3,128.3,-14.493,-70.785,"16 km W of Nuñoa, Peru"
1982,6.4,36.8,-7.23,147.991,"76 km SSE of Finschhafen, Papua New Guinea"
1982,6.8,175.8,29.325,140.36,"Izu Islands, Japan region"
1982,6.1,33,-25.524,-176.245,south of the Fiji Islands
1982,6.3,33,-15.433,-173.062,"97 km NE of Hihifo, Tonga"
1982,6.3,33,-15.296,-173.089,"105 km NE of Hihifo, Tonga"
1982,6.1,33,43.913,148.478,"141 km E of Shikotan, Russia"
1982,6.1,70,-2.692,-79.871,"25 km NNW of Baláo, Ecuador"
1982,6.8,10,6.718,-82.68,"146 km S of Punta de Burica, Panama"
1982,6.4,31,33.772,22.961,"115 km NNE of Darnah, Libya"
1982,6.5,45,-4.354,153.158,"98 km E of Kokopo, Papua New Guinea"
1982,6.4,33,-11.143,115.418,"259 km S of Nusa Dua, Indonesia"
1982,7,30.7,-12.597,165.931,"207 km S of Lata, Solomon Islands"
1982,6.4,37.8,51.755,176.137,"235 km ESE of Attu Station, Alaska"
1982,6.2,31,36.067,141.725,"88 km ENE of Hasaki, Japan"
1982,7.1,36.6,36.194,141.702,"93 km ENE of Hasaki, Japan"
1982,6.2,36.9,-21.735,173.132,Vanuatu region
1982,7,10,-51.225,160.513,north of Macquarie Island
1982,7.1,536,27.929,136.967,"west of the Bonin Islands, Japan"
1982,6,47.7,51.426,-179.943,"234 km WSW of Adak, Alaska"
1982,6.9,33,44.679,151.143,"264 km ESE of Kuril’sk, Russia"
1982,6.1,10,-55.486,160.161,Macquarie Island region
1982,6.3,450,-7.339,126.043,"129 km N of Manatutu, Timor Leste"
1982,7.29,73,13.332,-89.387,"18 km SSW of La Libertad, El Salvador"
1982,6.3,123,-17.616,-174.414,"123 km NNW of Neiafu, Tonga"
1982,7,33.8,16.558,-98.358,"5 km NNW of San Juan Bautista Lo de Soto, Mexico"
1982,6.9,40.5,16.607,-98.149,"1 km SE of San Juan Cacahuatepec, Mexico"
1982,6.4,33,-18.083,-172.492,"169 km ENE of Neiafu, Tonga"
1982,6.1,33,-41.548,-75.106,"113 km WNW of Ancud, Chile"
1982,6.4,33,7.776,135.777,"121 km ESE of Kayangel, Palau"
1982,6.4,33,55.138,165.401,"220 km SE of Ust’-Kamchatsk Staryy, Russia"
1982,6.7,10,-60.597,-20.877,east of the South Sandwich Islands
1982,6.5,25.4,-29.318,-177.151,"Kermadec Islands, New Zealand"
1982,6.2,10.3,19.871,120.526,"147 km N of Pagudpud, Philippines"
1982,6,33,-15.792,-172.985,"88 km ENE of Hihifo, Tonga"
1982,6.1,35,-30.185,-177.89,"Kermadec Islands, New Zealand"
1982,6.5,64.8,14.315,-92.082,"18 km W of Champerico, Guatemala"
1982,6,187.2,0.088,123.332,"Minahasa, Sulawesi, Indonesia"
1982,6.3,33,-15.471,-179.61,"152 km NE of Labasa, Fiji"
1982,6.1,95,-12.69,-76.065,"19 km WSW of Colonia, Peru"
1982,6,79,-31.485,-178.66,Kermadec Islands region
1982,6,10,-52.733,-46.782,South Atlantic Ocean
1982,6.7,44,42.158,142.361,"19 km S of Shizunai-furukawach?, Japan"
1982,6.4,33,-9.265,118.479,"80 km S of Dompu, Indonesia"
1982,6,102,-56.037,-27.291,South Sandwich Islands region
1982,6,45,-22.426,173.624,southeast of the Loyalty Islands
1982,6.5,18,33.579,140.999,"184 km SSE of Katsuura, Japan"
1982,6.8,36,-10.861,166.015,"28 km ESE of Lata, Solomon Islands"
1982,6,63.3,16.737,-61.43,"30 km NNE of Anse-Bertrand, Guadeloupe"
1982,6.1,33,-27.383,-71.782,"143 km W of Copiapó, Chile"
1982,6.1,60,53.222,-165.719,"90 km SE of Unalaska, Alaska"
1982,6.4,37.2,14.085,124.347,"19 km ENE of Pandan, Philippines"
1982,6,33,31.582,82.205,"173 km NE of Burang, China"
1982,6.5,33,31.696,82.246,"185 km NNE of Burang, China"
1982,6.2,27,7.119,93.944,"203 km NW of Sabang, Indonesia"
1982,6.3,18.9,6.946,94.002,"186 km NW of Sabang, Indonesia"
1982,6.8,10,40.004,24.319,"28 km SSE of Karyes, Greece"
1982,6,33,-9.513,152.146,"202 km NE of Samarai, Papua New Guinea"
1982,6,33,-9.55,152.161,"201 km NE of Samarai, Papua New Guinea"
1982,6,6.4,13.158,-87.589,"16 km SSE of Amapala, Honduras"
1982,7.1,45.7,13.752,124.358,"4 km SW of Gigmoto, Philippines"
1982,6,195,-23.165,-177.312,south of the Fiji Islands
1982,6.1,590.2,18.014,145.626,"Pagan region, Northern Mariana Islands"
1982,6.5,10,-0.972,-21.87,central Mid-Atlantic Ridge
1982,6.7,22.2,26.823,142.557,"Bonin Islands, Japan region"
1981,6.5,13.3,38.938,24.905,"29 km E of Skýros, Greece"
1981,7.1,33,-29.934,-177.741,"Kermadec Islands, New Zealand"
1981,6.8,28,-29.97,-177.61,"Kermadec Islands, New Zealand"
1981,7.2,10,39.243,25.227,"61 km W of Eresós, Greece"
1981,6.3,10,23.932,125.856,"111 km SSE of Hirara, Japan"
1981,6.1,33,-6.171,152.045,"203 km S of Kokopo, Papua New Guinea"
1981,6.2,33,-22.372,170.558,"291 km ESE of Tadine, New Caledonia"
1981,6.7,29.8,-22.504,170.635,southeast of the Loyalty Islands
1981,6.5,24,18.752,120.839,"21 km NNE of Pagudpud, Philippines"
1981,6,33,-29.516,-177.228,"Kermadec Islands, New Zealand"
1981,6.2,33,-22.141,169.503,"180 km ESE of Tadine, New Caledonia"
1981,6,10,-65.635,179.899,Balleny Islands region
1981,6,10,-17.088,66.691,Mauritius - Reunion region
1981,6.8,65.2,-32.199,-71.336,"29 km NNW of La Ligua, Chile"
1981,6.9,33,-3.558,143.79,"17 km E of Wewak, Papua New Guinea"
1981,6.3,33,-20.046,-174.276,"26 km SSE of Pangai, Tonga"
1981,6.2,10,43.542,-127.706,off the coast of Oregon
1981,6.2,10,-31.272,-110.649,Easter Island region
1981,7.3,33,18.048,-102.084,"7 km NNE of Petacalco, Mexico"
1981,6,10,-45.509,-15.18,southern Mid-Atlantic Ridge
1981,6.1,179,-7.101,128.974,"268 km NE of Lospalos, Timor Leste"
1981,7.2,33,-33.134,-73.074,"135 km W of Valparaíso, Chile"
1981,6,47,40.229,142.287,"71 km NNE of Miyako, Japan"
1981,6.4,50.2,-9.979,162.046,"54 km NNE of Kirakira, Solomon Islands"
1981,6,10,-11.443,66.277,Mid-Indian Ridge
1981,6.3,33,-4.57,146.123,"81 km NNE of Madang, Papua New Guinea"
1981,6,323,-29.335,-179.039,Kermadec Islands region
1981,6.1,25.3,38.499,143.158,"140 km ESE of ?funato, Japan"
1981,6,33,-22.185,170.491,"278 km ESE of Tadine, New Caledonia"
1981,6.6,30,-22.518,170.506,"291 km ESE of Tadine, New Caledonia"
1981,6.2,33,35.693,73.594,"69 km WSW of Gilgit, Pakistan"
1981,6.2,31,-21.488,169.6,"178 km E of Tadine, New Caledonia"
1981,6,644.5,9.964,124.035,"1 km ENE of Clarin, Philippines"
1981,6.6,45,43.621,147.031,"31 km SE of Shikotan, Russia"
1981,7.7,25,-14.96,-173.085,"133 km NE of Hihifo, Tonga"
1981,6,40,48.718,157.39,"235 km SSE of Severo-Kuril’sk, Russia"
1981,6.2,39.5,-21.617,169.627,"181 km E of Tadine, New Caledonia"
1981,7.1,33,30.013,57.794,"75 km ESE of Kerman, Iran"
1981,7,30,-17.26,167.601,"92 km NW of Port-Vila, Vanuatu"
1981,6.1,10,-36.818,78.491,Mid-Indian Ridge
1981,6.4,10,-0.166,-18.837,central Mid-Atlantic Ridge
1981,7,33,-22.293,171.742,southeast of the Loyalty Islands
1981,6,10,-41.697,79.929,Mid-Indian Ridge
1981,6,10,-60.171,154.712,west of Macquarie Island
1981,6.7,33,29.913,57.715,"73 km SE of Kerman, Iran"
1981,6,10,34.501,91.444,"Southern Qinghai, China"
1981,6.4,10,-35.56,-17.04,southern Mid-Atlantic Ridge
1981,6,33,18.734,-107.026,"217 km SW of La Cruz de Loreto, Mexico"
1981,6,33,-16.126,-173.559,"31 km SE of Hihifo, Tonga"
1981,6,70.5,-5.682,151.409,"141 km E of Kimbe, Papua New Guinea"
1981,7.6,33,-48.786,164.357,off the west coast of the South Island of New Zealand
1981,6,145,5.829,127.008,"109 km ESE of Pondaguitan, Philippines"
1981,6,200.4,42.66,139.129,"118 km WSW of Iwanai, Japan"
1981,6.4,33,-1.886,-80.885,"37 km NNE of Salinas, Ecuador"
1981,6.3,228.7,36.355,71.085,"54 km SW of Ashk?sham, Afghanistan"
1981,6.1,49,43.233,150.222,"289 km ESE of Shikotan, Russia"
1981,6,540,-23.721,179.981,south of the Fiji Islands
1981,6.5,10,-57.591,148.079,west of Macquarie Island
1981,6.9,33,-13.426,166.421,"132 km WNW of Sola, Vanuatu"
1981,6.2,10,-59.779,150.235,west of Macquarie Island
1981,6.1,60.5,3.412,127.998,"186 km N of Tobelo, Indonesia"
1981,6.2,46.3,-33.661,-71.892,"27 km WSW of San Antonio, Chile"
1981,6,226.7,-5.45,146.715,"105 km ESE of Madang, Papua New Guinea"
1981,6.4,33,3.893,-85.915,off the coast of Central America
1981,6.4,28.5,38.209,23.288,"3 km WSW of Erythrés, Greece"
1981,6,33,-6.41,-81.416,"114 km SW of Sechura, Peru"
1981,6.4,33,38.125,23.141,"13 km SSW of Kaparéllion, Greece"
1981,6.7,33,38.222,22.934,"5 km SW of Domvraína, Greece"
1981,6.2,33,-22.198,174.827,southeast of the Loyalty Islands
1981,6,33,-21.541,169.462,"163 km E of Tadine, New Caledonia"
1981,6.7,29.9,-21.743,169.377,"156 km E of Tadine, New Caledonia"
1981,7,33,51.744,176.274,"243 km ESE of Attu Station, Alaska"
1981,6.8,10,-29.682,60.839,Southwest Indian Ridge
1981,6.8,33,30.927,101.098,"131 km NW of Kangding, China"
1981,6.3,116,42.524,142.122,"29 km NW of Shizunai-furukawach?, Japan"
1981,6.4,20,38.215,142.672,"122 km E of Ishinomaki, Japan"
1981,6.1,33,-3.471,146.13,"197 km N of Madang, Papua New Guinea"
1981,6.7,33,-4.576,139.232,"268 km SW of Abepura, Indonesia"
1981,6.1,33,38.599,142.877,"113 km ESE of ?funato, Japan"
1981,6.9,33,38.64,142.75,"101 km ESE of ?funato, Japan"
1981,6.2,33,38.58,142.82,"110 km ESE of ?funato, Japan"
1981,6,22,-61.091,-55.426,South Shetland Islands
1981,6.1,242,29.244,128.136,"163 km NW of Naze, Japan"
1980,6.5,33,46.06,151.453,"293 km ENE of Kuril’sk, Russia"
1980,6.2,82,30.581,140.643,"Izu Islands, Japan region"
1980,6.1,33,-21.339,-174.359,"61 km E of ‘Ohonua, Tonga"
1980,6.8,10,49.479,-129.496,"212 km SW of Port McNeill, Canada"
1980,6,86,-21.417,169.875,"207 km E of Tadine, New Caledonia"
1980,6.3,33,-17.593,-172.3,"213 km ENE of Neiafu, Tonga"
1980,6.1,80,-21.272,-68.153,"153 km NNE of Calama, Chile"
1980,6,202,-19.426,-175.85,"162 km WNW of Pangai, Tonga"
1980,6.9,10,40.914,15.366,"2 km N of Cairano, Italy"
1980,6.1,17,27.394,88.752,"15 km ENE of Gangtok, India"
1980,6.7,10,-51.422,28.796,south of Africa
1980,7.2,19,41.117,-124.253,"The 1980 Eureka, California Earthquake"
1980,6.1,33,18.954,-107.628,"256 km WSW of La Cruz de Loreto, Mexico"
1980,6.2,33,8.398,93.35,"Nicobar Islands, India region"
1980,6.4,33,-21.492,169.469,"164 km E of Tadine, New Caledonia"
1980,6.2,33,-13.059,166.129,"178 km WNW of Sola, Vanuatu"
1980,6.1,48,11.751,125.502,"5 km E of San Julian, Philippines"
1980,6.5,33,-22.313,170.38,"271 km ESE of Tadine, New Caledonia"
1980,7.2,33,-21.89,169.853,"207 km E of Tadine, New Caledonia"
1980,6.7,33,-21.982,170.025,"226 km ESE of Tadine, New Caledonia"
1980,6.4,72,18.211,-98.24,"1 km NE of Piaxtla, Mexico"
1980,6.7,33,-21.989,170.165,"241 km ESE of Tadine, New Caledonia"
1980,6.2,10,36.221,1.611,"5 km W of El Attaf, Algeria"
1980,7.3,10,36.195,1.354,"3 km NNE of Chlef, Algeria"
1980,6,33,-15.379,-173.42,"75 km NNE of Hihifo, Tonga"
1980,6.3,33,-5.366,103.118,"148 km S of Pagar Alam, Indonesia"
1980,6,33,-15.722,-179.359,"157 km ENE of Labasa, Fiji"
1980,6,68,-6.31,154.809,"74 km W of Panguna, Papua New Guinea"
1980,6.5,33,-3.225,142.237,"15 km SW of Aitape, Papua New Guinea"
1980,6,73,35.45,139.964,"7 km NNE of Kisarazu, Japan"
1980,6.2,39,-15.222,-173.674,"82 km N of Hihifo, Tonga"
1980,6.3,10,-41.318,80.508,Mid-Indian Ridge
1980,6.4,22,15.888,-88.516,"19 km NNE of Puerto Barrios, Guatemala"
1980,6.3,33,-11.086,165.433,"56 km SW of Lata, Solomon Islands"
1980,6.5,18,29.598,81.092,"40 km NNE of Dipayal, Nepal"
1980,6.7,48,-13.101,166.338,"156 km WNW of Sola, Vanuatu"
1980,6.1,122,-20.302,169.607,"90 km SSE of Isangel, Vanuatu"
1980,6,591,-17.865,-178.625,"219 km E of Levuka, Fiji"
1980,6.1,110,-28.997,-69.675,"115 km ESE of Vallenar, Chile"
1980,7.9,33,-12.525,165.916,"199 km S of Lata, Solomon Islands"
1980,6.5,84,-4.456,143.521,"74 km SW of Angoram, Papua New Guinea"
1980,6.6,49,-29.273,-177.154,"Kermadec Islands, New Zealand"
1980,6.7,33,-12.689,166.004,"213 km NW of Sola, Vanuatu"
1980,6.3,20,39.257,22.557,"14 km SE of Vamvakoú, Greece"
1980,6.4,14,39.269,23.041,"6 km S of Áno Lekhónia, Greece"
1980,7.5,33,-12.41,166.381,"196 km SSE of Lata, Solomon Islands"
1980,6.2,15,34.808,139.181,"19 km SSE of It?, Japan"
1980,6.5,49,-5.233,151.686,"117 km SSW of Kokopo, Papua New Guinea"
1980,6,33,-5.977,103.958,"156 km WSW of Bandar Lampung, Indonesia"
1980,6.2,49,-28.776,-176.687,Kermadec Islands region
1980,6,10,-57.973,-10.656,east of the South Sandwich Islands
1980,6.1,51,-29.956,-177.987,"Kermadec Islands, New Zealand"
1980,6.8,54,9.475,126.657,"55 km ENE of Cortes, Philippines"
1980,6.5,43,-15.268,-173.57,"79 km NNE of Hihifo, Tonga"
1980,6,61,-5.178,152.111,"93 km S of Kokopo, Papua New Guinea"
1980,6,167,-7.348,128.542,"214 km NE of Lospalos, Timor Leste"
1980,6,19,9.754,126.64,"58 km E of Union, Philippines"
1980,6.3,6,32.2,-115.122,"5km SE of Alberto Oviedo Mota, B.C., MX"
1980,6.2,13.795,37.503,-118.805,"9 km SW of Aspen Springs, California"
1980,6.1,33,-18.649,-174.748,"80 km W of Neiafu, Tonga"
1980,6.1,114,-19.364,-69.238,"134 km NE of Iquique, Chile"
1980,6.1,11.856,37.554,-118.807,"8 km W of Aspen Springs, California"
1980,6,6.686,37.677,-118.9,"7 km ENE of Mammoth Lakes, California"
1980,6.1,6.806,37.59,-118.831,"11 km WNW of Aspen Springs, California"
1980,6.1,33,-6.197,125.76,"257 km N of Manatutu, Timor Leste"
1980,6.1,57,-6.007,154.513,"112 km WNW of Panguna, Papua New Guinea"
1980,6.1,20,-14.464,167.902,"75 km SSE of Sola, Vanuatu"
1980,6.4,10,-55.835,147.248,west of Macquarie Island
1980,6.2,46,38.053,48.985,"29 km NNE of Hashtpar, Iran"
1980,6.2,10,11.736,57.706,Owen Fracture Zone region
1980,6.1,33,-10.878,164.076,"188 km W of Lata, Solomon Islands"
1980,6.7,79,-23.466,-177.297,south of the Fiji Islands
1980,6.2,33,-22.957,171.173,southeast of the Loyalty Islands
1980,6.1,37,-20.686,-173.588,"125 km SE of Pangai, Tonga"
1980,6.2,33,-20.561,-173.803,"100 km SE of Pangai, Tonga"
1980,6.3,43,16.129,121.962,"34 km SE of Dumabato, Philippines"
1980,6.3,10,23.867,-45.558,northern Mid-Atlantic Ridge
1980,6.1,33,52.6,-167.453,"102 km ESE of Nikolski, Alaska"
1980,6.9,33,52.969,-167.67,"80 km E of Nikolski, Alaska"
1980,6.7,38,-22.673,171.357,southeast of the Loyalty Islands
1980,6,43,-22.811,171.39,southeast of the Loyalty Islands
1980,6.3,33,26.993,126.621,"135 km WNW of Ishikawa, Japan"
1980,6.1,104,6.299,126.881,"78 km E of Pondaguitan, Philippines"
1980,6.6,53,-6.017,150.189,"51 km S of Kimbe, Papua New Guinea"
1980,7,44,43.53,146.753,"30 km S of Shikotan, Russia"
1980,6.2,33,30.506,88.583,"142 km NNW of Rikaze, China"
1980,6,35,44.533,149.739,"166 km ESE of Kuril’sk, Russia"
1980,6.1,63,36.517,76.892,"176 km N of Thang, India"
1980,6.5,10,-54.158,158.89,Macquarie Island region
1980,6.2,10,-57.907,-7.188,east of the South Sandwich Islands
1980,6.4,33,-17.649,-171.184,Tonga region
1980,6,33,-22.398,-175.035,"118 km S of ‘Ohonua, Tonga"
1980,6,33,41.679,143.589,"124 km SE of Shizunai-furukawach?, Japan"
1980,6,63,5.984,126.188,"41 km S of Pondaguitan, Philippines"
1980,6.7,10,38.815,-27.78,"29 km NE of Ribeira Seca, Portugal"
1979,6.3,33,-8.39,115.889,"20 km WNW of Senggigi, Indonesia"
1979,6.6,33,-3.299,102.712,"16 km W of Lubuklinggau, Indonesia"
1979,7.7,24,1.598,-79.358,"56 km NW of Valdez, Ecuador"
1979,6.1,110,28.882,140.701,"Bonin Islands, Japan region"
1979,6,31,34.033,59.817,"67 km ENE of Q?’en, Iran"
1979,7.1,10,33.962,59.726,"56 km ENE of Q?’en, Iran"
1979,6.2,33,-18.937,-176.594,"254 km WNW of Pangai, Tonga"
1979,6.4,108,4.805,-76.217,"4 km N of El Cairo, Colombia"
1979,6.1,85,5.861,125.295,"3 km NW of Kiupo, Philippines"
1979,6.9,33,-16.76,-179.984,"78 km ESE of Labasa, Fiji"
1979,6.6,33,33.918,59.741,"55 km ENE of Q?’en, Iran"
1979,6.6,32,-23.576,-174.858,"248 km S of ‘Ohonua, Tonga"
1979,6.3,47,-4.437,102.015,"75 km SSW of Bengkulu, Indonesia"
1979,6.1,45,-13.294,166.743,"108 km NW of Sola, Vanuatu"
1979,6.1,30,-9.498,159.22,"58 km WNW of Malango, Solomon Islands"
1979,6.1,62,-7.656,108.252,"30 km S of Kawalu, Indonesia"
1979,6.1,33,-13.319,166.656,"114 km WNW of Sola, Vanuatu"
1979,6.6,65,13.778,-90.73,"17 km S of Iztapa, Guatemala"
1979,6.8,58,13.833,-90.881,"12 km SSW of Puerto San José, Guatemala"
1979,7.1,22,-10.615,161.284,"71 km WSW of Kirakira, Solomon Islands"
1979,6.3,33,0.666,125.921,"132 km ESE of Tondano, Indonesia"
1979,6.2,38,-8.254,115.847,"28 km WNW of Gili Air, Indonesia"
1979,6,62,51.859,177.129,"290 km ESE of Attu Station, Alaska"
1979,6,33,-1.161,136.598,"57 km E of Biak, Indonesia"
1979,6.1,601,18.524,145.281,"Pagan region, Northern Mariana Islands"
1979,6.4,15,32.667,-115.359,"The 1979 Imperial Valley Earthquake, California-Baja California"
1979,7.4,33,-46.675,165.707,"180 km W of Riverton, New Zealand"
1979,6.8,27,1.193,94.245,"276 km WSW of Sinabang, Indonesia"
1979,6.2,10,-60.526,-50.304,Scotia Sea
1979,7.9,5,-1.679,136.04,"55 km S of Biak, Indonesia"
1979,7.1,15,19.066,122.096,"62 km N of San Vicente, Philippines"
1979,6,10,-17.675,167.683,"67 km W of Port-Vila, Vanuatu"
1979,6.6,10,10.731,-41.688,northern Mid-Atlantic Ridge
1979,6.4,40,8.951,-83.483,"4 km ESE of Ciudad Cortés, Costa Rica"
1979,6.1,229,36.479,70.134,"26 km ESE of Farkh?r, Afghanistan"
1979,6.1,17,-17.715,167.848,"49 km W of Port-Vila, Vanuatu"
1979,6.1,588,41.814,130.785,"64 km SE of Rajin, North Korea"
1979,6.4,181,-22.715,-177.494,"292 km SW of Haveluloto, Tonga"
1979,6.9,31,-11.149,107.709,"south of Java, Indonesia"
1979,6.1,44,-5.627,153.305,"182 km SE of Kokopo, Papua New Guinea"
1979,6,78,43.953,146.704,"17 km N of Shikotan, Russia"
1979,6.5,28,8.316,-82.943,"9 km WNW of Puerto Armuelles, Panama"
1979,6.1,10,7.164,-82.253,"116 km S of Boca Chica, Panama"
1979,6.2,189,-4.98,145.577,"35 km NW of Madang, Papua New Guinea"
1979,6.3,107,17.0,-94.609,"13 km NE of Santa María Chimalapa, Mexico"
1979,6,10,8.106,-38.086,central Mid-Atlantic Ridge
1979,6,10,-36.28,-97.953,West Chile Rise
1979,6.1,6,-30.812,117.179,"104 km NNE of Northam, Australia"
1979,6.1,25,-8.207,115.949,"22 km NW of Gili Air, Indonesia"
1979,6.2,23,52.611,-167.019,"129 km ESE of Nikolski, Alaska"
1979,6.2,8,42.255,18.752,"8 km WSW of Budva, Montenegro"
1979,6,208,-15.25,-70.089,"6 km ENE of Achaya, Peru"
1979,6.4,71,56.647,-156.725,"104 km SSE of Ugashik, Alaska"
1979,6.1,33,0.677,126.005,"140 km ESE of Tondano, Indonesia"
1979,6.2,10,-35.666,-16.242,southern Mid-Atlantic Ridge
1979,6.4,79,-21.244,169.798,"196 km SSE of Isangel, Vanuatu"
1979,6,23,9.33,125.614,"Mindanao, Philippines"
1979,6.1,23,-27.462,-70.953,"62 km W of Copiapó, Chile"
1979,6,599,-20.826,-178.688,Fiji region
1979,6,10,-52.996,159.754,Macquarie Island region
1979,6.9,10,42.096,19.209,"6 km E of Stari Bar, Montenegro"
1979,6.5,10,-36.007,-102.601,southeast of Easter Island
1979,6.8,37,2.963,126.933,"181 km NW of Tobelo, Indonesia"
1979,6.1,80,17.987,-69.044,"49 km S of La Romana, Dominican Republic"
1979,6,10,-36.65,78.682,Mid-Indian Ridge
1979,6.2,10,-36.719,78.744,Mid-Indian Ridge
1979,6.2,33,23.157,101.138,"124 km S of Jianshui, China"
1979,7.6,49,17.813,-101.276,"12 km SSE of Vallecitos de Zaragoza, Mexico"
1979,6.1,10,-56.077,-122.44,southern East Pacific Rise
1979,6.1,33,-9.558,147.959,"79 km SSE of Kokoda, Papua New Guinea"
1979,6,28,1.03,120.402,"222 km NNE of Palu, Indonesia"
1979,7.1,15,60.642,-141.593,"113 km SE of McCarthy, Alaska"
1979,6.4,10,40.232,143.703,"164 km ENE of Miyako, Japan"
1979,6.1,10,-43.432,40.779,Prince Edward Islands region
1979,6.9,53,-16.39,-72.658,"24 km NNE of El Cardo, Peru"
1979,6.2,60,-13.626,166.675,"98 km WNW of Sola, Vanuatu"
1979,6.7,33,55.453,-157.162,"121 km SE of Chignik, Alaska"
1979,6.1,142,5.987,125.919,"26 km E of Mangili, Philippines"
1979,6.2,129,5.21,127.295,"177 km SE of Pondaguitan, Philippines"
1979,6,17,54.768,-161.25,"75 km ESE of King Cove, Alaska"
1979,6.3,25,-18.544,168.207,"90 km S of Port-Vila, Vanuatu"
1979,6.6,41,17.413,-100.877,"15 km N of San Luis de La Loma, Mexico"
1979,6.4,14,-29.937,-177.455,"Kermadec Islands, New Zealand"
1979,6.1,10,-45.56,96.184,southeast Indian Ridge
1979,6.7,33,33.897,59.472,"32 km NE of Q?’en, Iran"
1979,6.2,32,-4.08,101.252,"116 km WSW of Bengkulu, Indonesia"
1978,6.5,10,10.366,-103.865,northern East Pacific Rise
1978,7,33,23.247,122.075,"94 km SSE of Hualien City, Taiwan"
1978,6.3,30,-11.206,162.579,"109 km SE of Kirakira, Solomon Islands"
1978,6.5,10,-54.476,2.073,Bouvet Island region
1978,6,60,0.536,126.022,"149 km SE of Tondano, Indonesia"
1978,6.2,33,32.139,49.646,"39 km NE of Masjed Soleym?n, Iran"
1978,6.9,33,7.33,123.492,"15 km SSE of Malim, Philippines"
1978,6.7,91,44.592,146.581,"81 km NE of Otrada, Russia"
1978,6,93,-10.155,161.397,"66 km WNW of Kirakira, Solomon Islands"
1978,7.7,18,16.01,-96.591,"2 km ESE of San Agustín Loxicha, Mexico"
1978,6.1,33,-10.996,162.221,"68 km SSE of Kirakira, Solomon Islands"
1978,7.1,33,-11.132,162.136,"78 km SSE of Kirakira, Solomon Islands"
1978,6,33,-11.178,162.085,"82 km SSE of Kirakira, Solomon Islands"
1978,6.9,33,-11.23,162.176,"90 km SSE of Kirakira, Solomon Islands"
1978,6.1,34,37.674,48.901,"13 km S of Hashtpar, Iran"
1978,6.8,40,39.349,72.615,"38 km SE of Kyzyl-Eshme, Kyrgyzstan"
1978,6.3,201,-13.919,167.209,"37 km W of Sola, Vanuatu"
1978,7.4,33,33.386,57.434,"52 km ESE of Tabas, Iran"
1978,6,44,48.254,154.276,Kuril Islands
1978,6,198,-13.316,167.137,"76 km NW of Sola, Vanuatu"
1978,6,36,-20.143,168.705,"89 km SW of Isangel, Vanuatu"
1978,6.1,109,24.896,121.985,"27 km SSE of Jiufen, Taiwan"
1978,6.2,33,-7.451,156.599,"76 km NNW of Gizo, Solomon Islands"
1978,7,56,10.204,-85.222,"19 km N of Nandayure, Costa Rica"
1978,6.2,10,-47.669,32.54,Prince Edward Islands region
1978,6.4,33,-30.529,-178.182,"Kermadec Islands, New Zealand"
1978,6,10,-35.863,-17.648,southern Mid-Atlantic Ridge
1978,6.1,33,-3.598,151.012,"115 km SSE of Kavieng, Papua New Guinea"
1978,6.1,33,-0.167,131.797,"98 km NE of Sorong, Indonesia"
1978,6.3,58,-26.513,-70.544,"51 km WSW of Diego de Almagro, Chile"
1978,6.1,37,-20.67,172.503,Vanuatu region
1978,7.4,17,22.282,121.512,"85 km ENE of Hengchun, Taiwan"
1978,6,43,-4.189,152.842,"65 km ENE of Kokopo, Papua New Guinea"
1978,6,292,-14.893,-175.822,"182 km SSE of Mata-Utu, Wallis and Futuna"
1978,6.4,25,-15.328,-175.489,"194 km WNW of Hihifo, Tonga"
1978,6.4,33,-5.06,102.356,"139 km S of Bengkulu, Indonesia"
1978,6.4,3,40.739,23.229,"8 km ESE of Kolchikón, Greece"
1978,7,33,-17.098,-172.264,"206 km SE of Hihifo, Tonga"
1978,6,139,7.861,126.321,"4 km WSW of Boston, Philippines"
1978,6.9,24,8.249,122.403,"23 km NNW of Kalawit, Philippines"
1978,6.3,40,38.319,142.364,"93 km E of Ishinomaki, Japan"
1978,7.7,44,38.19,142.028,"68 km ESE of Ishinomaki, Japan"
1978,6.1,10,49.262,-129.502,"227 km SW of Port McNeill, Canada"
1978,6.2,33,-15.262,-173.559,"80 km NNE of Hihifo, Tonga"
1978,6,33,40.381,63.619,"30 km NNE of Gazli, Uzbekistan"
1978,6,33,-57.096,-140.888,Pacific-Antarctic Ridge
1978,6,33,-44.855,-79.413,"Off the coast of Aisen, Chile"
1978,6.8,33,24.274,142.661,"Volcano Islands, Japan region"
1978,6.7,25,51.232,-179.213,"192 km WSW of Adak, Alaska"
1978,6.3,161,31.055,130.134,"29 km SW of Makurazaki, Japan"
1978,6.7,160,-14.521,167.319,"63 km NNE of Port-Olry, Vanuatu"
1978,6.2,46,-9.849,160.45,"71 km SE of Honiara, Solomon Islands"
1978,6,128,5.142,127.41,"191 km SE of Pondaguitan, Philippines"
1978,6.6,14,56.423,-152.691,"94 km SSE of Old Harbor, Alaska"
1978,6.7,33,-11.36,116.685,"297 km S of Praya, Indonesia"
1978,6.1,35,10.035,-77.954,"85 km NNE of San Ignacio de Tupile, Panama"
1978,6,27,33.033,82.285,western Xizang
1978,6.2,33,-4.852,133.918,"155 km ENE of Tual, Indonesia"
1978,7.1,33,42.839,78.606,"23 km ENE of Tyup, Kyrgyzstan"
1978,7.6,33,44.244,148.862,"134 km SE of Kuril’sk, Russia"
1978,6.1,20,29.801,-67.4,North Atlantic Ocean
1978,6.8,33,44.343,149.737,"176 km SE of Kuril’sk, Russia"
1978,6,50,44.376,149.58,"164 km SE of Kuril’sk, Russia"
1978,7.5,33,44.932,148.439,"55 km SE of Kuril’sk, Russia"
1978,6.4,33,43.855,148.939,"174 km SSE of Kuril’sk, Russia"
1978,6.8,46,44.209,148.971,"142 km SE of Kuril’sk, Russia"
1978,6.6,33,44.14,149.029,"151 km SE of Kuril’sk, Russia"
1978,6.7,33,44.026,149.002,"160 km SSE of Kuril’sk, Russia"
1978,6.4,36,17.026,-99.735,"4 km NW of Sabanillas, Mexico"
1978,6.1,263,26.42,140.563,"Bonin Islands, Japan region"
1978,6.9,439,32.005,137.609,"244 km SE of Shing?, Japan"
1978,6,442,31.962,137.61,"248 km SE of Shing?, Japan"
1978,6.2,78,-4.656,153.101,"98 km ESE of Kokopo, Papua New Guinea"
1978,6.3,33,-21.894,-174.854,"62 km S of ‘Ohonua, Tonga"
1978,6.2,33,55.098,164.757,"190 km SE of Ust’-Kamchatsk Staryy, Russia"
1978,6.2,33,-15.288,-173.517,"79 km NNE of Hihifo, Tonga"
1978,6.3,510,-4.844,125.412,Banda Sea
1978,6.1,60,38.785,141.949,"37 km SSE of ?funato, Japan"
1978,6.1,33,5.734,-32.904,central Mid-Atlantic Ridge
1978,6.6,33,-30.414,-177.119,"Kermadec Islands, New Zealand"
1978,6.2,33,-30.074,-177.332,"Kermadec Islands, New Zealand"
1978,6,33,-30.653,-177.544,"Kermadec Islands, New Zealand"
1978,7.2,33,-30.683,-177.358,"Kermadec Islands, New Zealand"
1978,6,102,-25.924,-177.301,south of the Fiji Islands
1978,6.4,44,-5.339,151.676,"128 km SSW of Kokopo, Papua New Guinea"
1978,6.1,17,-30.209,-177.554,"Kermadec Islands, New Zealand"
1978,6.3,44,-30.115,-177.489,"Kermadec Islands, New Zealand"
1978,6.6,14,34.809,139.259,"23 km SE of It?, Japan"
1978,6,52,44.689,149.699,"155 km ESE of Kuril’sk, Russia"
1978,6,33,18.793,121.895,"41 km NW of San Vicente, Philippines"
1977,6.6,33,16.659,40.278,"144 km NE of Massawa, Eritrea"
1977,6,41,39.068,143.047,"104 km ESE of ?tsuchi, Japan"
1977,6.8,33,25.51,143.112,"Volcano Islands, Japan region"
1977,6.4,33,17.359,-54.848,North Atlantic Ocean
1977,6.1,33,-24.152,-175.602,south of Tonga
1977,6.2,56,-23.89,-176.077,south of the Fiji Islands
1977,6,24.7,46.402,153.431,Kuril Islands
1977,6.3,23,-31.615,-67.573,"67 km E of Caucete, Argentina"
1977,6,33,-31.471,-67.628,"65 km ENE of Caucete, Argentina"
1977,6,33,-31.178,-66.957,"77 km SE of San Agustín de Valle Fértil, Argentina"
1977,7.4,13,-31.028,-67.767,"San Juan, Argentina"
1977,6.5,33,32.693,88.388,western Xizang
1977,6.7,33,51.659,-175.952,"52 km ESE of Adak, Alaska"
1977,6.3,33,-11.437,118.225,"297 km SW of Waingapu, Indonesia"
1977,6.1,614,-27.952,-62.972,"45 km E of Suncho Corral, Argentina"
1977,6.7,33,-27.914,173.084,north of New Zealand
1977,7.2,33,-25.856,-175.406,south of Tonga
1977,6.3,33,-9.952,117.319,"161 km S of Sumbawa Besar, Indonesia"
1977,6,33,-11.206,118.217,"282 km SW of Waingapu, Indonesia"
1977,6.1,33,11.772,143.127,"235 km SW of Merizo Village, Guam"
1977,6,33,-15.454,-173.289,"77 km NE of Hihifo, Tonga"
1977,6,33,35.048,23.029,"62 km WSW of Palaióchora, Greece"
1977,6.6,8,51.144,177.954,"Rat Islands, Aleutian Islands, Alaska"
1977,6.4,31,51.096,178.265,"Rat Islands, Aleutian Islands, Alaska"
1977,6.4,34,51.207,178.388,"Rat Islands, Aleutian Islands, Alaska"
1977,6.5,33,-13.682,166.706,"93 km WNW of Sola, Vanuatu"
1977,6,33,-11.04,119.149,"195 km SW of Waingapu, Indonesia"
1977,6.4,33,7.335,-76.298,"18 km ENE of Mutatá, Colombia"
1977,6.2,12,17.441,119.869,"54 km W of Fuerte, Philippines"
1977,6.8,25,-8.062,125.3,"58 km N of Likisá, Timor Leste"
1977,7.1,33,-59.426,-20.508,east of the South Sandwich Islands
1977,6.1,33,-10.443,119.072,"156 km WSW of Waingapu, Indonesia"
1977,6.1,33,-10.743,119.268,"162 km SW of Waingapu, Indonesia"
1977,6.1,33,-11.039,119.135,"196 km SW of Waingapu, Indonesia"
1977,6,33,-11.099,118.24,"273 km SW of Waingapu, Indonesia"
1977,6.1,33,-10.566,118.386,"224 km S of Dompu, Indonesia"
1977,8.3,15.9,-11.154,118.385,"1977 Sumba, Indonesia Earthquake"
1977,6.1,33,-11.145,118.388,"263 km SW of Waingapu, Indonesia"
1977,6.3,57,-17.564,-174.37,"127 km NNW of Neiafu, Tonga"
1977,6.1,112,-56.013,-27.788,South Sandwich Islands region
1977,7.2,33,-8.031,155.538,"143 km W of Gizo, Solomon Islands"
1977,6.2,33,-15.339,-173.152,"96 km NE of Hihifo, Tonga"
1977,6,31,-33.797,-179.72,south of the Kermadec Islands
1977,6.9,33,16.882,122.361,"22 km SSW of Dicabisagan, Philippines"
1977,6.7,33,-53.863,158.602,Macquarie Island region
1977,6.1,122,-56.115,-27.558,South Sandwich Islands region
1977,6,58,-7.599,127.654,"125 km NE of Lospalos, Timor Leste"
1977,6,33,22.615,-45.111,northern Mid-Atlantic Ridge
1977,6.8,65,-22.878,-175.9,Tonga region
1977,6,33,-14.12,-14.433,southern Mid-Atlantic Ridge
1977,6,33,52.428,-169.707,"80 km SW of Nikolski, Alaska"
1977,6,51,-10.168,160.657,"112 km SE of Honiara, Solomon Islands"
1977,6,33,-10.245,160.728,"123 km SE of Honiara, Solomon Islands"
1977,7.5,33,-9.965,160.731,"103 km SE of Honiara, Solomon Islands"
1977,6.2,33,26.861,142.44,"Bonin Islands, Japan region"
1977,6.1,33,-9.673,160.132,"33 km SE of Honiara, Solomon Islands"
1977,7.5,33,-9.844,160.822,"105 km ESE of Honiara, Solomon Islands"
1977,7.5,19,-9.89,160.348,"66 km SE of Honiara, Solomon Islands"
1977,6.7,33,-9.828,160.323,"59 km SE of Honiara, Solomon Islands"
1977,6,33,7.301,-34.857,central Mid-Atlantic Ridge
1977,7.6,33,-16.696,-172.095,"199 km ESE of Hihifo, Tonga"
1977,6.2,29,27.545,56.329,"40 km N of Bandar Abbas, Iran"
1977,6,38,52.295,-168.257,"82 km SSE of Nikolski, Alaska"
1977,6,2,-14.427,-177.957,"20 km SE of Alo, Wallis and Futuna"
1977,6.3,33,-14.466,-177.949,"24 km SE of Alo, Wallis and Futuna"
1977,6.9,29,27.609,56.393,"48 km NNE of Bandar Abbas, Iran"
1977,6,70,44.2,148.196,"116 km SSE of Kuril’sk, Russia"
1977,7,37,16.773,122.327,"34 km E of Dicamay, Philippines"
1977,6,22,0.451,100.021,"92 km NNW of Bukittinggi, Indonesia"
1977,7.5,94,45.772,26.761,"2 km N of Spulber, Romania"
1977,6.1,52,6.772,123.74,"31 km W of Gadung, Philippines"
1977,6.7,33,53.566,170.032,"225 km WNW of Attu Station, Alaska"
1977,6,33,-41.367,80.643,Mid-Indian Ridge
1977,6,42,33.071,140.817,"229 km SSE of Tateyama, Japan"
1977,6.1,33,0.496,125.983,"149 km SE of Tondano, Indonesia"
1977,6.3,33,-60.933,-23.09,South Sandwich Islands region
1977,6.2,33,-66.448,-82.584,southern Pacific Ocean
1977,6,549,-24.689,-63.362,"70 km ESE of Apolinario Saravia, Argentina"
1977,6.1,20,40.04,70.852,"3 km SE of Batken, Kyrgyzstan"
1977,6,50,-41.731,174.25,"34 km SE of Blenheim, New Zealand"
1977,6.3,33,-24.848,-68.674,"185 km NW of Antofagasta de la Sierra, Argentina"
1977,6.6,33,-3.63,144.447,"63 km NE of Angoram, Papua New Guinea"
1977,6.3,19,-10.17,118.987,"151 km WSW of Waingapu, Indonesia"
1977,6.3,27,38.146,91.007,"Xinjiang-Qinghai border region, China"
1977,6.1,33,-2.532,126.582,"219 km NW of Ambon, Indonesia"
1976,6.7,10,48.802,-129.292,"250 km W of Tofino, Canada"
1976,6.3,41,28.294,130.698,"119 km E of Naze, Japan"
1976,6.5,82,-20.52,-68.919,"132 km ESE of Iquique, Chile"
1976,6.1,190,36.507,71.042,"43 km SSE of Jurm, Afghanistan"
1976,6.3,41.78,41.035,-124.95,"67 km W of Trinidad, California"
1976,6,442,-19.498,-177.705,Fiji region
1976,7.3,36,39.121,44.029,"47 km S of Do?ubayaz?t, Turkey"
1976,6,33,-38.519,78.569,Mid-Indian Ridge
1976,6,60,7.029,123.579,"49 km SSE of Malim, Philippines"
1976,6.3,33,-4.17,135.141,"98 km SSW of Nabire, Indonesia"
1976,6.5,33,-8.818,156.941,"79 km S of Gizo, Solomon Islands"
1976,6.2,33,-41.636,80.209,Mid-Indian Ridge
1976,6.3,15,39.444,117.688,"5 km ENE of Gaojingzhuang, China"
1976,6,38,38.09,142.241,"89 km ESE of Ishinomaki, Japan"
1976,6.8,60,8.478,126.375,"12 km NNE of Hinatuan, Philippines"
1976,6.2,13,33.802,59.155,"8 km NNW of Q?’en, Iran"
1976,6.5,33,27.605,101.052,"115 km NE of Lijiang, China"
1976,6.5,33,-29.349,77.659,Mid-Indian Ridge
1976,7.1,33,-4.517,139.918,"226 km SSW of Abepura, Indonesia"
1976,6,106,-10.453,161.295,"68 km W of Kirakira, Solomon Islands"
1976,6.3,22,-6.426,153.002,"244 km SSE of Kokopo, Papua New Guinea"
1976,6.5,32,-30.239,-177.876,"Kermadec Islands, New Zealand"
1976,6,41,6.922,124.069,"11 km SSW of Rimpeso, Philippines"
1976,6.1,64,44.88,149.225,"112 km ESE of Kuril’sk, Russia"
1976,6,10,46.302,13.197,"5 km NNE of Isola, Italy"
1976,6.7,33,32.492,104.181,"94 km NNW of Jiangyou, China"
1976,6.4,33,32.571,104.249,"99 km NNW of Jiangyou, China"
1976,6,120,-6.722,129.567,Banda Sea
1976,6.8,22,7.249,122.939,"12 km ESE of Olutanga, Philippines"
1976,6,34,10.063,125.866,"19 km NW of San Benito, Philippines"
1976,7.9,33,6.262,124.023,"19 km WNW of Palimbang, Philippines"
1976,6.9,16,32.752,104.157,"121 km NNW of Jiangyou, China"
1976,6.4,27,26.68,97.07,"58 km NNE of Sarupathar, India"
1976,6.9,52,-20.609,169.274,"118 km S of Isangel, Vanuatu"
1976,6.2,20,-30.322,-177.964,"Kermadec Islands, New Zealand"
1976,6.1,21,43.172,45.603,"1 km WNW of Goyty, Russia"
1976,6.1,50,39.295,72.79,"53 km SE of Kyzyl-Eshme, Kyrgyzstan"
1976,6,5,-20.196,170.004,"104 km SE of Isangel, Vanuatu"
1976,7.4,26,39.664,118.401,"6 km SW of Linxi, China"
1976,7.5,23,39.57,117.978,"17 km NE of Penguanzhuang, China"
1976,6.2,33,4.956,118.308,"7 km SSW of Lahad Datu, Malaysia"
1976,6.2,33,-21.907,-113.332,southern East Pacific Rise
1976,6.3,9,24.782,98.698,"147 km ESE of Myitkyina, Myanmar"
1976,6.6,53,-4.157,152.755,"57 km ENE of Kokopo, Papua New Guinea"
1976,6.5,40,-8.17,114.888,"6 km WNW of Seririt, Indonesia"
1976,7,3,7.409,-78.127,"12 km SSE of Jaqué, Panama"
1976,6.7,22,7.337,-78.47,"39 km WSW of Jaqué, Panama"
1976,6.1,48,-33.816,-177.834,south of the Kermadec Islands
1976,6.5,33,3.665,126.75,"239 km SE of Sarangani, Philippines"
1976,7.1,33,-4.603,140.091,"214 km NW of Kiunga, Papua New Guinea"
1976,7,33,3.397,96.318,"85 km SSE of Meulaboh, Indonesia"
1976,6.1,33,-18.02,65.414,"279 km NE of Port Mathurin, Mauritius"
1976,6.1,24,46.162,12.864,"1 km WNW of Lestans, Italy"
1976,6.3,33,0.543,134.794,"175 km NNE of Manokwari, Indonesia"
1976,6.4,45,17.403,-100.635,"19 km N of El Súchil, Mexico"
1976,6.4,33,14.087,124.829,"58 km NE of Gigmoto, Philippines"
1976,6.2,61,-10.086,161.012,"107 km WNW of Kirakira, Solomon Islands"
1976,6.2,88,-5.201,153.442,"161 km SE of Kokopo, Papua New Guinea"
1976,6.2,14,24.343,98.642,Myanmar-China border region
1976,6,28,-41.637,-75.411,"135 km WNW of Ancud, Chile"
1976,7,10,24.531,98.71,"152 km ENE of Bhamo, Myanmar"
1976,6.9,8,24.57,98.953,"169 km SW of Dali, China"
1976,6.2,33,-59.949,154.077,west of Macquarie Island
1976,7,10,40.381,63.472,"27 km N of Gazli, Uzbekistan"
1976,6.6,33,-11.637,-74.478,"34 km S of Mazamari, Peru"
1976,6.4,33,37.56,20.352,"45 km WSW of Lithakiá, Greece"
1976,6.6,33,-51.603,139.683,western Indian-Antarctic Ridge
1976,6.1,33,-51.506,139.678,western Indian-Antarctic Ridge
1976,6.5,9,46.356,13.275,"3 km SW of Prato, Italy"
1976,6.8,35,-29.934,-177.837,"Kermadec Islands, New Zealand"
1976,6.6,19,-44.642,167.573,"86 km N of Te Anau, New Zealand"
1976,6.1,62,-28.197,-176.877,Kermadec Islands region
1976,6,24,28.714,52.128,"45 km WSW of F?r?z?b?d, Iran"
1976,6.2,33,-51.905,139.471,western Indian-Antarctic Ridge
1976,6,54,-6.428,154.827,"73 km W of Panguna, Papua New Guinea"
1976,6.7,9,0.782,-79.804,"25 km SW of Esmeraldas, Ecuador"
1976,6.2,33,40.167,63.806,"29 km E of Gazli, Uzbekistan"
1976,7,33,40.311,63.773,"33 km NE of Gazli, Uzbekistan"
1976,6.4,21,-3.873,152.092,"37 km NNW of Rabaul, Papua New Guinea"
1976,6.5,33,3.929,-85.88,off the coast of Central America
1976,6.8,33,-29.887,-177.873,"Kermadec Islands, New Zealand"
1976,6.1,50,-6.256,154.716,"85 km W of Panguna, Papua New Guinea"
1976,6.1,47,-10.729,165.019,"85 km W of Lata, Solomon Islands"
1976,6.4,90,-14.744,167.104,"33 km N of Port-Olry, Vanuatu"
1976,6,30,-8.232,121.438,"71 km NNW of Ende, Indonesia"
1976,6,9,-39.999,-74.727,"111 km W of Corral, Chile"
1976,6,16,51.471,-130.442,"254 km WNW of Port McNeill, Canada"
1976,6,22,-3.356,145.235,"151 km ENE of Angoram, Papua New Guinea"
1976,6.2,54,-28.385,-176.791,Kermadec Islands region
1976,6.1,33,13.0,125.788,"81 km NE of Cabatuan, Philippines"
1976,6,40,-57.414,-64.415,Drake Passage
1976,6,37,-5.98,146.307,"59 km NE of Kainantu, Papua New Guinea"
1976,7.5,5,15.324,-89.101,"7 km N of Los Amates, Guatemala"
1976,6,33,54.504,161.892,"188 km SE of Atlasovo, Russia"
1976,6,30,-29.339,-176.461,Kermadec Islands region
1976,6.2,78,-28.635,-177.593,Kermadec Islands region
1976,6.4,614,-7.478,119.905,"112 km N of Labuan Bajo, Indonesia"
1976,7,41,44.915,149.123,"104 km ESE of Kuril’sk, Russia"
1976,6.1,33,-30.151,-177.243,"Kermadec Islands, New Zealand"
1976,6.2,33,-30.376,-176.823,Kermadec Islands region
1976,6.3,31,-28.663,-176.854,Kermadec Islands region
1976,6.24,25,-29.543,-176.905,Kermadec Islands region
1976,8,33,-28.427,-177.657,"1976 Kermadec Islands, New Zealand Earthquake"
1976,6.3,69,-29.208,-177.886,"Kermadec Islands, New Zealand"
1976,6.4,33,66.157,-16.582,"36 km ENE of Norðurþing, Iceland"
1976,6.1,168,-15.759,167.868,"60 km NE of Norsup, Vanuatu"
1976,6,33,51.601,159.329,"160 km SSE of Vilyuchinsk, Russia"
1976,6,95,-13.288,-74.899,"11 km ENE of Pilpichaca, Peru"
1976,6.2,59,-28.611,-177.638,Kermadec Islands region
1975,6.5,14,-56.772,-68.478,"218 km S of Ushuaia, Argentina"
1975,7.8,33,-16.264,-172.467,"146 km ESE of Hihifo, Tonga"
1975,6.6,115,-4.084,142.04,"87 km W of Ambunti, Papua New Guinea"
1975,6,554,51.94,151.577,Sea of Okhotsk
1975,6,33,-11.754,164.804,"157 km SW of Lata, Solomon Islands"
1975,6.2,17,5.283,95.906,"12 km SSW of Sigli, Indonesia"
1975,6,98,-11.556,-74.552,"25 km S of Mazamari, Peru"
1975,6.2,33,-14.789,-173.003,"130 km SSW of Gataivai, Samoa"
1975,6.3,24,52.599,-167.184,"119 km ESE of Nikolski, Alaska"
1975,7.7,8.636,19.333,-155.001,"17 km SSW of Leilani Estates, Hawaii"
1975,6.2,51,-57.76,-25.339,South Sandwich Islands region
1975,6.1,33,-9.151,156.7,"116 km S of Gizo, Solomon Islands"
1975,6.1,11,12.946,125.91,"87 km NE of Anito, Philippines"
1975,6.1,11,12.549,126.073,"73 km ENE of San Policarpo, Philippines"
1975,6.1,113,13.843,144.754,"36 km NNW of Yigo Village, Guam"
1975,7.2,50,12.54,125.993,"66 km ENE of Alugan, Philippines"
1975,6.3,38,-22.862,-70.508,"88 km N of Antofagasta, Chile"
1975,6.1,50,6.578,126.834,"64 km ESE of Bobon, Philippines"
1975,6.3,33,11.661,121.646,"29 km WSW of Union, Philippines"
1975,6.1,33,11.707,121.75,"17 km WSW of Union, Philippines"
1975,6.5,33,-16.256,-177.43,"227 km SSE of Alo, Wallis and Futuna"
1975,6.3,109,-7.473,128.726,"222 km ENE of Lospalos, Timor Leste"
1975,6.1,33,-24.041,-175.375,south of Tonga
1975,7.8,9,-24.894,-175.119,south of Tonga
1975,6,123,-15.444,167.548,"42 km ENE of Luganville, Vanuatu"
1975,6.7,33,0.898,-26.772,central Mid-Atlantic Ridge
1975,7,54,-12.519,166.499,"188 km NW of Sola, Vanuatu"
1975,6.4,33,30.413,66.35,"56 km S of Chaman, Pakistan"
1975,6,33,-22.126,126.721,Western Australia
1975,6.7,11,30.251,66.315,"64 km W of Kot Malik Barkhurdar, Pakistan"
1975,6,33,-4.83,102.095,"115 km S of Bengkulu, Indonesia"
1975,7,33,-4.882,102.198,"119 km S of Bengkulu, Indonesia"
1975,6,33,-4.931,102.197,"125 km S of Bengkulu, Indonesia"
1975,6.1,23,-0.477,124.698,"198 km S of Tondano, Indonesia"
1975,6.1,33,-11.96,-14.486,Ascension Island region
1975,6.5,33,-20.535,-173.994,"88 km SSE of Pangai, Tonga"
1975,6.1,33,-34.759,81.849,Broken Ridge
1975,6.4,33,6.989,-104.275,Galapagos Triple Junction region
1975,6.7,26,38.474,40.723,"7 km ENE of Lice, Turkey"
1975,6,40,10.013,125.791,"16 km NE of Cagdianao, Philippines"
1975,6.6,4,54.877,167.845,"Komandorskiye Ostrova, Russia region"
1975,6.2,166,-22.648,-66.589,"92 km W of Abra Pampa, Argentina"
1975,6.3,33,-2.473,146.044,"144 km WSW of Lorengau, Papua New Guinea"
1975,6.2,33,53.387,-161.485,"194 km SSE of King Cove, Alaska"
1975,6.1,16,-10.002,123.8,"28 km NE of Kupang, Indonesia"
1975,6.1,36,-7.206,155.716,"101 km SSE of Panguna, Papua New Guinea"
1975,6.1,95,-6.908,155.333,"67 km SSW of Panguna, Papua New Guinea"
1975,6.8,47,-6.736,155.312,"50 km SSW of Panguna, Papua New Guinea"
1975,6.7,50,-6.58,154.651,"96 km WSW of Panguna, Papua New Guinea"
1975,7.7,44,-7.104,155.152,"94 km SSW of Panguna, Papua New Guinea"
1975,7.9,49,-6.59,155.054,"56 km WSW of Panguna, Papua New Guinea"
1975,6.1,37,-30.867,-177.434,"Kermadec Islands, New Zealand"
1975,6.2,46,-30.623,-177.487,"Kermadec Islands, New Zealand"
1975,6.5,33,-40.446,78.443,Mid-Indian Ridge
1975,6.2,86,6.507,126.642,"52 km SE of Bobon, Philippines"
1975,6.5,157,21.485,94.7,"43 km WNW of Pakokku, Myanmar"
1975,6.5,33,29.459,-113.346,"80 km SW of La Libertad, Mexico"
1975,6.2,560,38.759,129.99,"136 km ENE of Sokcho, South Korea"
1975,6.2,33,-2.7,147.389,"74 km S of Lorengau, Papua New Guinea"
1975,6.1,21,43.171,147.153,"78 km SSE of Shikotan, Russia"
1975,6.5,33,-3.043,147.821,"127 km SSE of Lorengau, Papua New Guinea"
1975,6.2,38,43.667,147.801,"88 km E of Shikotan, Russia"
1975,6.1,19,36.279,143.429,"241 km ENE of Hasaki, Japan"
1975,6,31,43.55,147.894,"98 km ESE of Shikotan, Russia"
1975,6.4,19,43.489,147.709,"86 km ESE of Shikotan, Russia"
1975,7,15,43.024,147.734,"118 km SE of Shikotan, Russia"
1975,6.1,33,-50.416,139.351,western Indian-Antarctic Ridge
1975,6.1,70,0.769,122.621,"55 km WNW of Gorontalo, Indonesia"
1975,7.9,33,35.997,-17.649,Azores-Cape St. Vincent Ridge
1975,6.2,6,22.697,122.574,Taiwan region
1975,6,43,-20.965,-173.985,"108 km ENE of ‘Ohonua, Tonga"
1975,6.3,36,1.018,126.056,"131 km ESE of Laikit, Laikit II (Dimembe), Indonesia"
1975,7.7,6,-38.183,-73.232,"44 km SSE of Cañete, Chile"
1975,6.1,33,33.093,92.924,"196 km NNE of Nagqu, China"
1975,6.3,33,35.819,79.915,"142 km S of Hotan, China"
1975,6.2,11,16.447,-98.91,"18 km SSW of Marquelia, Mexico"
1975,6.1,7,33.19,131.3,"16 km SE of Tsukawaki, Japan"
1975,6.2,33,-36.403,-98.794,southeast of Easter Island
1975,6.5,13,71.516,-10.427,"90 km NW of Olonkinbyen, Svalbard and Jan Mayen"
1975,6.3,33,-50.803,139.095,western Indian-Antarctic Ridge
1975,6.3,133,-4.041,152.686,"57 km NE of Kokopo, Papua New Guinea"
1975,6.2,33,52.212,160.042,"132 km SE of Petropavlovsk-Kamchatsky, Russia"
1975,6.2,33,52.156,160.238,"146 km SE of Petropavlovsk-Kamchatsky, Russia"
1975,6.1,33,10.04,-69.755,"19 km NW of Quíbor, Venezuela"
1975,6.36,18.9,-54.211,8.393,Bouvet Island region
1975,6.1,5,42.061,-112.548,"17 km NE of Snowville, Utah"
1975,6.7,5,40.418,26.139,"31 km NE of Gökçeada, Turkey"
1975,6.6,21,22.735,122.802,"184 km SE of Hualien City, Taiwan"
1975,6.2,98,-4.231,-77.015,"76 km NNW of Barranca, Peru"
1975,6,33,-2.546,138.225,"267 km W of Abepura, Indonesia"
1975,6.1,85,-21.778,170.526,"275 km E of Tadine, New Caledonia"
1975,6.9,4,-29.941,-71.337,"1 km N of Coquimbo, Chile"
1975,6.1,27,27.497,56.26,"34 km N of Bandar Abbas, Iran"
1975,6.6,33,-2.444,126.145,"265 km WNW of Ambon, Indonesia"
1975,6.2,375,-24.886,-179.061,south of the Fiji Islands
1975,6.5,48,51.377,-179.419,"200 km WSW of Adak, Alaska"
1975,6.4,33,-7.288,149.513,"119 km S of Kandrian, Papua New Guinea"
1975,7,33,40.641,122.58,"6 km E of Dashiqiao, China"
1975,7.6,10,53.113,173.497,"36 km NE of Attu Station, Alaska"
1975,6.5,36,7.218,-77.773,"12 km N of Juradó, Colombia"
1975,6,33,31.95,78.521,"84 km NE of Sar?han, India"
1975,6.8,33,32.455,78.43,"120 km E of Man?li, India"
1975,6,33,29.406,101.709,"70 km SSW of Kangding, China"
1975,6.5,33,-4.956,129.992,"214 km SSE of Amahai, Indonesia"
1975,6,23,-33.512,-178.088,south of the Kermadec Islands
1975,6,95,-2.995,101.776,"98 km WNW of Curup, Indonesia"
1974,6.1,39,14.126,-91.824,"20 km SSE of Champerico, Guatemala"
1974,6.2,22,35.054,72.87,"42 km NNW of Shingli Bala, Pakistan"
1974,6.8,33,-2.308,99.043,"209 km SW of Padang, Indonesia"
1974,6.1,33,-14.563,-175.232,"174 km SE of Mata-Utu, Wallis and Futuna"
1974,6,162,-7.686,-74.453,"73 km ESE of Contamana, Peru"
1974,6.9,20,0.393,97.843,"181 km SW of Sibolga, Indonesia"
1974,6.5,33,-5.012,129.779,"208 km SSE of Amahai, Indonesia"
1974,6.1,419,30.698,138.319,"Izu Islands, Japan region"
1974,6.1,49,-6.1,154.159,"148 km W of Panguna, Papua New Guinea"
1974,6,33,-53.566,-28.345,southwestern Atlantic Ocean
1974,6.9,33,-15.023,167.139,"7 km ENE of Port-Olry, Vanuatu"
1974,6.1,18,-3.19,150.637,"New Ireland region, Papua New Guinea"
1974,6.1,33,-15.859,-178.51,"176 km SSW of Alo, Wallis and Futuna"
1974,6.1,51,-6.498,105.342,"55 km WSW of Labuan, Indonesia"
1974,7.2,6,-12.5,-77.786,"87 km SW of Callao, Peru"
1974,6.32,10,11.534,-74.979,"60 km N of Puerto Colombia, Colombia"
1974,6,132,42.489,141.78,"21 km SE of Tomakomai, Japan"
1974,6.5,117,-6.88,129.463,Banda Sea
1974,6.3,36,-15.447,167.176,"8 km N of Luganville, Vanuatu"
1974,7.2,48,-8.42,154.034,"282 km SW of Panguna, Papua New Guinea"
1974,6,602,-17.909,-178.612,"220 km E of Levuka, Fiji"
1974,6.9,33,52.636,-32.07,Reykjanes Ridge
1974,6,24,40.506,143.575,"168 km NE of Miyako, Japan"
1974,6.1,33,-60.748,153.931,west of Macquarie Island
1974,6,21,-4.139,102.827,"48 km WSW of Pagar Alam, Indonesia"
1974,6.2,45,40.929,143.112,"144 km ENE of Hachinohe, Japan"
1974,6.2,29,40.96,143.129,"146 km ENE of Hachinohe, Japan"
1974,6.4,49,44.724,150.119,"185 km ESE of Kuril’sk, Russia"
1974,7.5,47,17.3,-62.0,"25 km NW of Saint John’s, Antigua and Barbuda"
1974,6,33,-58.299,-27.371,South Sandwich Islands region
1974,7.6,13,-12.265,-77.795,"77 km WSW of Callao, Peru"
1974,6.7,43,43.176,146.651,"69 km S of Shikotan, Russia"
1974,6.1,46,33.602,141.128,"186 km SSE of Katsuura, Japan"
1974,6.2,33,-0.278,12.917,"64 km NNE of Lastoursville, Gabon"
1974,6.3,33,-23.708,-175.978,"283 km SSW of ‘Ohonua, Tonga"
1974,6.5,33,-9.815,108.356,"260 km SSW of Kroya, Indonesia"
1974,7.1,36,-38.453,-73.431,"37 km NW of Carahue, Chile"
1974,6.1,9,39.469,73.629,"117 km E of Kyzyl-Eshme, Kyrgyzstan"
1974,7.3,9,39.457,73.83,"134 km E of Kyzyl-Eshme, Kyrgyzstan"
1974,6,32,24.572,122.687,"33 km WNW of Yonakuni, Japan"
1974,6,33,56.632,-152.265,"89 km SE of Old Harbor, Alaska"
1974,6.3,33,56.67,-152.105,"94 km SE of Old Harbor, Alaska"
1974,6.1,10,56.516,-152.315,"97 km SE of Old Harbor, Alaska"
1974,6.5,211,36.353,70.763,"57 km S of Jurm, Afghanistan"
1974,6.2,33,46.122,153.092,Kuril Islands
1974,7.3,12,7.747,-77.688,"33 km SSW of Boca de Cupé, Panama"
1974,6,35,36.414,141.104,"45 km ESE of Hitachi, Japan"
1974,6.7,33,45.136,94.034,"220 km SW of Altai, Mongolia"
1974,6.6,33,-29.122,-176.11,Kermadec Islands region
1974,7.2,33,-29.082,-175.954,Kermadec Islands region
1974,6.1,70,-4.718,152.505,"49 km SSE of Kokopo, Papua New Guinea"
1974,6.6,33,-26.09,84.28,South Indian Ocean
1974,6.1,33,-54.642,-131.616,Pacific-Antarctic Ridge
1974,6,80,-55.833,-27.451,South Sandwich Islands region
1974,6.6,33,-33.416,56.875,Southwest Indian Ridge
1974,6.1,34,10.563,-63.382,"18 km SW of Carúpano, Venezuela"
1974,6,33,-15.443,-175.315,"172 km WNW of Hihifo, Tonga"
1974,6,276,-15.847,-175.101,"140 km W of Hihifo, Tonga"
1974,6.3,33,27.226,-111.238,"78 km W of Bahía de Lobos, Mexico"
1974,6.2,7,-17.616,167.491,"88 km W of Port-Vila, Vanuatu"
1974,6,13,-17.699,167.752,"59 km W of Port-Vila, Vanuatu"
1974,6,131,-6.513,106.837,"3 km SSW of Cibinong, Indonesia"
1974,6,111,-11.173,-75.077,"29 km SSE of Perené, Peru"
1974,6.1,56,50.05,156.113,Kuril Islands
1974,6.4,6,19.74,147.274,Mariana Islands region
1974,6,33,1.744,126.381,"153 km NW of Ternate, Indonesia"
1974,6.8,11,28.243,104.015,"72 km WSW of Xunchang, China"
1974,6.1,33,-4.372,-102.109,central East Pacific Rise
1974,6.5,2,34.522,138.74,"25 km SW of Shimoda, Japan"
1974,6,33,-16.693,-177.342,"276 km SSE of Alo, Wallis and Futuna"
1974,6.1,45,-26.246,-175.912,south of Tonga
1974,6,40,55.12,-160.443,"24 km S of Sand Point, Alaska"
1974,6.1,33,-21.931,173.707,Vanuatu region
1974,6.1,535,-23.931,179.779,south of the Fiji Islands
1974,6,27,-14.929,-172.833,"136 km SSW of Gataivai, Samoa"
1974,6.6,33,-7.335,156.193,"111 km NW of Gizo, Solomon Islands"
1974,6.5,50,-7.484,156.179,"100 km NW of Gizo, Solomon Islands"
1974,6.3,26,-6.604,128.978,Banda Sea
1974,6.1,17,-20.062,169.712,"73 km SE of Isangel, Vanuatu"
1974,6.2,46,9.336,-84.064,"15 km SE of Quepos, Costa Rica"
1974,6.2,15,-36.813,176.851,"92 km ENE of Tairua, New Zealand"
1974,6,385,33.151,136.906,"107 km SE of Shing?, Japan"
1974,6.1,17,13.909,122.116,"1 km W of Panikihan, Philippines"
1974,6.1,33,11.446,92.357,"48 km SW of Bamboo Flat, India"
1974,6,25,11.43,92.346,"50 km SW of Bamboo Flat, India"
1974,6.5,2,53.799,-164.672,"81 km ESE of Akutan, Alaska"
1974,7.1,40,-7.383,155.575,"118 km S of Panguna, Papua New Guinea"
1974,6.2,62,-7.184,155.822,"102 km SSE of Panguna, Papua New Guinea"
1974,7,34,-7.461,155.894,"126 km NW of Gizo, Solomon Islands"
1974,6.3,33,-5.157,134.074,"155 km ENE of Tual, Indonesia"
1974,6.1,33,18.596,-103.401,"10 km E of Aquila, Mexico"
1974,6.1,45,42.126,143.913,"101 km SSW of Kushiro, Japan"
1974,6.2,15,-14.159,166.589,"108 km WSW of Sola, Vanuatu"
1974,7.2,34,-14.434,166.863,"70 km NNW of Port-Olry, Vanuatu"
1974,6.1,33,-38.954,46.18,Southwest Indian Ridge
1974,6.3,98,-12.299,-76.352,"5 km SSW of Mariatana, Peru"
1974,6.4,105,-22.538,-68.397,"45 km NNW of San Pedro de Atacama, Chile"
1973,6.6,10,-15.506,166.639,"56 km W of Luganville, Vanuatu"
1973,6.2,33,-15.317,-173.084,"103 km NE of Hihifo, Tonga"
1973,6,33,54.64,168.735,"Komandorskiye Ostrova, Russia region"
1973,7.2,47,-15.117,166.896,"20 km WSW of Port-Olry, Vanuatu"
1973,7.5,26,-14.464,166.601,"81 km NW of Port-Olry, Vanuatu"
1973,6.4,549,-23.871,179.96,south of the Fiji Islands
1973,6,58,-9.436,119.452,"92 km WNW of Waingapu, Indonesia"
1973,6.3,34,-19.772,169.884,"68 km ESE of Isangel, Vanuatu"
1973,6.8,39,-19.912,169.751,"64 km SE of Isangel, Vanuatu"
1973,6,124,-15.198,167.391,"38 km ESE of Port-Olry, Vanuatu"
1973,6.1,56,38.911,141.91,"24 km SE of ?funato, Japan"
1973,6,51,49.975,156.356,"79 km SSE of Severo-Kuril’sk, Russia"
1973,6.1,33,50.052,156.309,"70 km S of Severo-Kuril’sk, Russia"
1973,6.3,41,51.579,-175.247,"99 km SW of Atka, Alaska"
1973,6.4,34,51.619,-175.404,"89 km ESE of Adak, Alaska"
1973,6.1,529,-21.985,-63.656,"4 km NNE of Yacuiba, Bolivia"
1973,6,45,19.379,-104.975,"1 km SW of Emiliano Zapata, Mexico"
1973,6.3,33,0.636,-29.514,central Mid-Atlantic Ridge
1973,6.4,9,-14.233,167.228,"52 km SW of Sola, Vanuatu"
1973,7,33,-60.823,-21.549,east of the South Sandwich Islands
1973,6.7,33,-32.518,-71.478,"24 km WSW of La Ligua, Chile"
1973,6.5,14,-32.987,-71.916,"27 km WNW of Valparaíso, Chile"
1973,6.5,575,41.891,130.871,"61 km SSE of Ungsang-nodongjagu, North Korea"
1973,6.3,33,-54.849,145.849,west of Macquarie Island
1973,6,33,-4.364,-101.939,central East Pacific Rise
1973,6.1,33,-4.387,-102.003,central East Pacific Rise
1973,6,560,9.048,123.789,"19 km ESE of Lazi, Philippines"
1973,6.4,33,-54.518,-132.624,Pacific-Antarctic Ridge
1973,6,532,42.453,130.907,"24 km SW of Zarubino, Russia"
1973,6.8,33,-0.189,-18.027,central Mid-Atlantic Ridge
1973,6.8,84,18.267,-96.598,"8 km N of San Felipe Tílpam, Mexico"
1973,6,33,-32.791,-179.208,south of the Kermadec Islands
1973,6.1,14,11.511,121.389,"39 km S of Jarigue, Philippines"
1973,6.4,33,23.052,101.11,"123 km NNE of Jinghong, China"
1973,6,112,-4.471,144.042,"near the north coast of New Guinea, Papua New Guinea"
1973,6.1,33,32.995,104.015,"151 km NNW of Jiangyou, China"
1973,6,55,43.446,146.433,"45 km SSW of Shikotan, Russia"
1973,6.3,14,-26.829,-70.919,"83 km NW of Copiapó, Chile"
1973,6.1,33,-54.351,-136.55,Pacific-Antarctic Ridge
1973,6.1,25,-26.781,-70.879,"84 km NW of Copiapó, Chile"
1973,6.1,33,-16.231,-173.11,"79 km ESE of Hihifo, Tonga"
1973,6.1,200,-14.264,167.274,"52 km SW of Sola, Vanuatu"
1973,6,30,-8.767,160.991,"32 km E of Auki, Solomon Islands"
1973,6.3,33,-27.118,-71.514,"120 km WNW of Copiapó, Chile"
1973,6.9,33,35.178,86.481,western Xizang
1973,6,38,13.225,124.699,"60 km SE of Bato, Philippines"
1973,6,33,57.98,-138.021,"101 km WSW of Elfin Cove, Alaska"
1973,6.5,33,12.205,125.33,"Samar, Philippines"
1973,6,44,12.271,125.433,"3 km ENE of Arteche, Philippines"
1973,6.7,33,57.84,-137.33,"66 km WSW of Pelican, Alaska"
1973,6.6,50,43.175,146.56,"70 km S of Shikotan, Russia"
1973,7.1,50,43.318,146.442,"58 km SSW of Shikotan, Russia"
1973,6,50,42.706,146.041,"78 km SSE of Nemuro, Japan"
1973,7.7,48,43.233,145.785,"19 km ESE of Nemuro, Japan"
1973,6,30,53.693,161.594,"208 km ENE of Petropavlovsk-Kamchatsky, Russia"
1973,6.3,70,-10.294,161.362,"63 km WNW of Kirakira, Solomon Islands"
1973,6.1,24,-17.192,167.814,"80 km NW of Port-Vila, Vanuatu"
1973,6.3,33,-47.796,99.661,southeast Indian Ridge
1973,6,30,54.011,-163.76,"96 km SSW of False Pass, Alaska"
1973,6.2,36.893,19.861,-155.152,"3 km WSW of Honomu, Hawaii"
1973,6,67,-59.281,-26.097,South Sandwich Islands region
1973,6.5,50,4.956,-78.144,"86 km W of Pizarro, Colombia"
1973,6.4,33,-4.439,134.03,"193 km NE of Tual, Indonesia"
1973,6.5,33,10.679,-84.759,"26 km NNW of La Fortuna, Costa Rica"
1973,6.1,52,50.893,157.443,"94 km SE of Ozernovskiy, Russia"
1973,6.4,35,-15.779,167.218,"29 km SSE of Luganville, Vanuatu"
1973,6.7,33,-58.302,-13.394,east of the South Sandwich Islands
1973,6.6,33,6.966,91.384,"Nicobar Islands, India region"
1973,6.2,158,4.691,-75.628,"3 km ENE of Filandia, Colombia"
1973,6,33,23.338,123.757,"118 km SSW of Ishigaki, Japan"
1973,6,16,23.415,123.957,"104 km S of Ishigaki, Japan"
1973,6.5,33,2.033,126.58,"162 km WNW of Tobelo, Indonesia"
1973,7,33,13.372,122.787,"13 km ENE of San Andres, Philippines"
1973,6,194,-19.376,169.359,"20 km NNE of Isangel, Vanuatu"
1973,6.3,18,2.091,126.643,"157 km WNW of Tobelo, Indonesia"
1973,6.1,54,50.835,157.103,"71 km ENE of Severo-Kuril’sk, Russia"
1973,6,55,6.274,127.336,"128 km E of Pondaguitan, Philippines"
1973,6.1,32,54.828,161.599,"151 km SE of Atlasovo, Russia"
1973,7.2,27,50.486,156.584,"38 km ESE of Severo-Kuril’sk, Russia"
1973,6.4,33,-61.037,-37.881,Scotia Sea
1973,6,59,-19.194,168.74,"68 km NW of Isangel, Vanuatu"
1973,6.3,29,-30.387,-177.509,"Kermadec Islands, New Zealand"
1973,6.1,33,-45.475,96.288,southeast Indian Ridge
1973,7.4,33,31.398,100.581,"203 km NW of Kangding, China"
1973,6.1,229,-22.655,-66.195,"51 km W of Abra Pampa, Argentina"
1973,6,498,28.206,139.227,"Bonin Islands, Japan region"
1973,7.5,43,18.481,-102.996,"35 km SW of Aguililla, Mexico"
1973,6,55,-0.115,123.931,"120 km SE of Gorontalo, Indonesia"
1973,6.1,33,18.601,-104.967,"73 km SSW of Barra de Navidad, Mexico"
1973,6.8,43,-6.868,149.993,"88 km SE of Kandrian, Papua New Guinea"
1973,6.1,36,-14.665,166.384,"85 km WNW of Port-Olry, Vanuatu"
1973,6.2,150,-38.997,175.232,"49 km W of Turangi, New Zealand"
1973,6,33,-35.513,-16.211,southern Mid-Atlantic Ridge
1972,6.14,53.2,-30.578,-71.139,"6 km ENE of Ovalle, Chile"
1972,6.02,26.2,-21.558,169.947,"214 km E of Tadine, New Caledonia"
1972,6.1,20,76.713,-107.158,"Melville Island region, Nunavut, Canada"
1972,6.28,10,12.229,-86.255,"10 km N of Managua, Nicaragua"
1972,6.04,15,-16.119,-172.48,"142 km E of Hihifo, Tonga"
1972,6.56,21.9,-55.595,-28.296,South Sandwich Islands region
1972,6.06,35.8,-1.814,99.651,"24 km NNE of Tuapejat, Indonesia"
1972,6.27,43.6,44.623,149.281,"129 km ESE of Kuril’sk, Russia"
1972,6.1,39.8,44.707,149.308,"126 km ESE of Kuril’sk, Russia"
1972,6.18,30.3,-1.921,99.618,"12 km NNE of Tuapejat, Indonesia"
1972,6,15,-1.544,136.655,"75 km ESE of Biak, Indonesia"
1972,7.32,25.9,33.313,140.854,"206 km SSE of Wada, Japan"
1972,6.05,24.1,-36.965,78.268,Mid-Indian Ridge
1972,6.05,60,6.148,127.492,"147 km E of Pondaguitan, Philippines"
1972,8,51.3,6.43,126.665,"1972 Mindanao, Philippines Earthquake"
1972,6.32,423.3,-5.335,126.55,"256 km SW of Ambon, Indonesia"
1972,6.54,15,-6.538,154.202,"144 km W of Panguna, Papua New Guinea"
1972,6.77,14.1,15.545,-95.014,"70 km SE of Santa Gertrudis Miramar, Mexico"
1972,6.2,113.5,38.373,73.171,"73 km WNW of Murghob, Tajikistan"
1972,6.1,24.1,23.903,121.548,"10 km SW of Hualien City, Taiwan"
1972,6,31.4,-9.671,122.201,"109 km SSE of Ende, Indonesia"
1972,6.22,44.7,-20.131,169.191,"65 km S of Isangel, Vanuatu"
1972,7,17.8,-20.085,168.967,"68 km SSW of Isangel, Vanuatu"
1972,6.1,49.2,-6.3,154.815,"74 km W of Panguna, Papua New Guinea"
1972,6.3,10,-7.328,146.838,"13 km E of Wau, Papua New Guinea"
1972,6.27,29.5,-20.02,168.998,"60 km SSW of Isangel, Vanuatu"
1972,6.64,11.8,18.81,-106.805,"194 km SW of La Cruz de Loreto, Mexico"
1972,6.22,14.9,20.659,-29.76,North Atlantic Ocean
1972,6.31,43.5,-6.08,149.776,"28 km ENE of Kandrian, Papua New Guinea"
1972,6.19,13.1,-16.603,-172.017,"203 km ESE of Hihifo, Tonga"
1972,6,21.2,-30.918,-68.227,"62 km NNE of San Martín, Argentina"
1972,6.8,9.2,-6.229,131.061,"198 km WSW of Tual, Indonesia"
1972,6.3,17.2,22.428,121.1,"59 km NE of Hengchun, Taiwan"
1972,6.16,10,19.482,-70.229,"10 km SSE of Joba Arriba, Dominican Republic"
1972,6.16,16.5,38.321,20.319,"16 km NW of Lixoúri, Greece"
1972,6.4,37.1,-20.352,169.118,"91 km S of Isangel, Vanuatu"
1972,6.09,81.5,37.99,22.485,"16 km SW of Xylókastro, Greece"
1972,6.1,31.1,-3.272,130.709,"180 km WSW of Fakfak, Indonesia"
1972,6.23,36.5,-20.22,168.779,"91 km SW of Isangel, Vanuatu"
1972,6.28,35,-15.382,-175.523,"195 km WNW of Hihifo, Tonga"
1972,6.27,10,71.359,-10.337,"76 km NW of Olonkinbyen, Svalbard and Jan Mayen"
1972,6.35,50.1,-19.935,169.128,"46 km SSW of Isangel, Vanuatu"
1972,6.28,125.4,1.943,128.262,"36 km NE of Tobelo, Indonesia"
1972,6.46,67.8,-11.786,166.35,"131 km SSE of Lata, Solomon Islands"
1972,6.2,31.6,35.932,73.403,"42 km SW of Gahkuch, Pakistan"
1972,6.22,22.3,-5.518,151.217,"119 km E of Kimbe, Papua New Guinea"
1972,6.2,50.9,29.435,130.488,"88 km S of Yudomari, Japan"
1972,6.02,122.3,-15.012,167.399,"35 km E of Port-Olry, Vanuatu"
1972,6.45,14.2,-3.513,144.87,"108 km NE of Angoram, Papua New Guinea"
1972,6.1,10,-21.345,-174.297,"68 km E of ‘Ohonua, Tonga"
1972,6.23,586.9,49.471,147.063,"289 km E of Poronaysk, Russia"
1972,6.09,20,-6.098,152.691,"199 km SSE of Kokopo, Papua New Guinea"
1972,7.5,14.1,-6.033,152.911,"199 km SSE of Kokopo, Papua New Guinea"
1972,6.09,15.8,-16.689,-171.987,"209 km ESE of Hihifo, Tonga"
1972,6.34,26.7,-11.121,162.158,"78 km SSE of Kirakira, Solomon Islands"
1972,6.05,30.5,-11.135,162.172,"80 km SSE of Kirakira, Solomon Islands"
1972,6.09,10.9,-11.059,161.962,"67 km S of Kirakira, Solomon Islands"
1972,6.07,22.1,-11.209,162.009,"84 km S of Kirakira, Solomon Islands"
1972,6.28,35,49.131,156.049,"171 km S of Severo-Kuril’sk, Russia"
1972,6.1,19.9,56.087,-135.458,"53 km WSW of Port Alexander, Alaska"
1972,6.33,30.3,51.111,-178.135,"134 km SW of Adak, Alaska"
1972,6.08,24.9,55.94,163.345,"62 km ESE of Ust’-Kamchatsk Staryy, Russia"
1972,6.16,95.9,2.366,127.535,"88 km NW of Tobelo, Indonesia"
1972,7.6,19.9,56.674,-135.918,"55 km SW of Sitka, Alaska"
1972,6.17,139.4,0.121,123.48,"65 km SE of Gorontalo, Indonesia"
1972,6.57,10,50.103,-129.449,"176 km WSW of Port McNeill, Canada"
1972,6.07,20,49.372,-127.497,"118 km WNW of Tofino, Canada"
1972,6.18,23.5,36.29,69.652,"36 km SSW of Farkhār, Afghanistan"
1972,6.01,36.1,31.938,131.867,"40 km ESE of Takanabe, Japan"
1972,6.11,36.3,53.334,-166.857,"63 km SSW of Unalaska, Alaska"
1972,7.72,332.8,3.781,124.192,"228 km SW of Sarangani, Philippines"
1972,6.83,44.2,-30.426,-71.605,"43 km WNW of Ovalle, Chile"
1972,6.38,26.9,-10.988,116.95,"248 km S of Taliwang, Indonesia"
1972,6.06,10.7,-22.261,171.341,southeast of the Loyalty Islands
1972,7.05,223.7,-17.777,-175.026,"146 km NW of Neiafu, Tonga"
1972,6.91,31.3,16.607,122.239,"30 km ESE of Dicamay, Philippines"
1972,6.16,26.5,13.393,120.067,"40 km W of Harrison, Philippines"
1972,6.06,31.4,-19.525,-176.064,"182 km W of Pangai, Tonga"
1972,6.27,11,-53.824,-134.271,Pacific-Antarctic Ridge
1972,6.56,26.9,-4.247,152.615,"39 km ENE of Kokopo, Papua New Guinea"
1972,6.21,36.2,35.17,23.516,"16 km WSW of Palaióchora, Greece"
1972,6.71,54.1,-15.973,167.576,"21 km ENE of Norsup, Vanuatu"
1972,6.1,28.9,5.178,-100.365,Galapagos Triple Junction region
1972,7.2,403.3,-5.154,154.188,"192 km NW of Panguna, Papua New Guinea"
1972,7.34,25.5,13.422,120.268,"18 km W of Harrison, Philippines"
1972,7,23,23.575,121.562,"44 km S of Hualien City, Taiwan"
1972,6.16,32.3,-31.526,-111.229,Easter Island region
1972,6.3,44.2,24.152,122.548,"57 km SW of Yonakuni, Japan"
1972,6.65,17.8,0.903,-28.251,central Mid-Atlantic Ridge
1972,6.6,10.4,28.429,52.79,"50 km SSE of Fīrūzābād, Iran"
1972,6.78,404.6,-7.446,125.532,"122 km N of Metinaro, Timor Leste"
1972,6.51,10,-13.099,166.196,"170 km WNW of Sola, Vanuatu"
1972,6.01,8.7,-16.077,-172.99,"87 km E of Hihifo, Tonga"
1972,6.37,10,-49.362,164.005,"Auckland Islands, New Zealand region"
1972,6.1,16.1,-55.287,-29.075,South Sandwich Islands region
1972,7.25,501.5,-25.804,179.678,south of the Fiji Islands
1972,6.19,44.1,43.289,146.0,"34 km E of Nemuro, Japan"
1972,6.36,30.4,-3.554,150.175,"128 km SSW of Kavieng, Papua New Guinea"
1972,6.36,69.6,56.132,-157.19,"77 km ESE of Chignik, Alaska"
1972,6.8,139.8,49.043,153.59,"257 km SW of Severo-Kuril’sk, Russia"
1972,6.4,51.9,-6.873,-76.769,"6 km N of Saposoa, Peru"
1972,6.24,71.3,40.872,141.975,"53 km ENE of Misawa, Japan"
1972,6.64,212.1,-28.266,-178.165,Kermadec Islands region
1972,6.02,11.1,40.528,-125.502,"105 km W of Ferndale, California"
1972,6.01,10,-18.981,-173.696,"47 km SE of Neiafu, Tonga"
1972,6.05,56.8,33.502,141.092,"195 km SSE of Katsuura, Japan"
1972,7.15,46.4,33.446,140.89,"193 km SSE of Wada, Japan"
1972,6.3,29.1,-60.666,-25.696,South Sandwich Islands region
1972,6.09,20.8,-11.132,162.907,"131 km SE of Kirakira, Solomon Islands"
1972,7.4,102.6,-11.421,166.334,"96 km SE of Lata, Solomon Islands"
1972,6,15,-51.859,-74.071,"108 km W of Puerto Natales, Chile"
1972,6.05,30.6,21.021,120.12,"126 km SSW of Hengchun, Taiwan"
1972,6.3,127.7,-19.417,169.241,"14 km NNW of Isangel, Vanuatu"
1972,6.53,655.1,-20.155,-178.877,"299 km SE of Levuka, Fiji"
1972,7.11,26.9,23.036,121.97,"110 km SSE of Hualien City, Taiwan"
1972,7.3,27.1,22.598,122.284,"167 km SSE of Hualien City, Taiwan"
1972,6.1,50.6,-13.193,166.408,"145 km WNW of Sola, Vanuatu"
1972,6.93,55.7,-13.278,166.428,"138 km WNW of Sola, Vanuatu"
1972,6.3,10,-20.406,172.93,Vanuatu region
1972,6.06,60,14.027,-91.106,"8 km SW of La Gomera, Guatemala"
1972,6.09,563.7,-6.751,-71.902,"129 km NE of Cruzeiro do Sul, Brazil"
1972,6.17,212.6,36.402,70.763,"51 km S of Jurm, Afghanistan"
1972,6.36,23.4,-4.702,144.941,"110 km WNW of Madang, Papua New Guinea"
1972,6.13,25,-4.749,144.912,"110 km WNW of Madang, Papua New Guinea"
1972,6.52,29.1,-4.856,144.983,"97 km WNW of Madang, Papua New Guinea"
1972,6.2,13.5,40.201,78.944,"38 km NNW of Tumxuk, China"
1972,6.39,567.5,-6.854,-71.798,"129 km NE of Cruzeiro do Sul, Brazil"
1972,6.4,13.1,21.009,120.289,"119 km SSW of Hengchun, Taiwan"
1972,6,25,-2.163,138.99,"188 km WNW of Abepura, Indonesia"
1972,6.13,161.9,-4.618,151.822,"58 km WSW of Kokopo, Papua New Guinea"
1972,6.9,34.2,22.59,122.022,"146 km ENE of Hengchun, Taiwan"
1972,6.77,10,-16.949,174.893,"281 km WNW of Lautoka, Fiji"
1971,6.17,106.6,-4.779,151.807,"70 km SW of Kokopo, Papua New Guinea"
1971,6.3,25,55.45,163.7,"115 km SE of Ust’-Kamchatsk Staryy, Russia"
1971,7.62,20,55.955,163.225,"55 km ESE of Ust’-Kamchatsk Staryy, Russia"
1971,6.35,59.1,-6.13,154.561,"104 km WNW of Panguna, Papua New Guinea"
1971,6.07,10,-21.695,173.41,Vanuatu region
1971,6.1,30.7,-22.86,-70.55,"28 km NNW of Mejillones, Chile"
1971,6.16,10,-54.434,5.838,Bouvet Island region
1971,6.03,17.1,49.429,-129.757,"230 km SW of Port McNeill, Canada"
1971,6.32,86.4,-6.119,154.564,"104 km WNW of Panguna, Papua New Guinea"
1971,6.56,15.5,44.882,153.322,east of the Kuril Islands
1971,6.15,47.7,29.176,130.248,"102 km NE of Tatsugō, Japan"
1971,7.3,125.8,52.763,159.216,"51 km SE of Petropavlovsk-Kamchatsky, Russia"
1971,6.08,116.6,-11.926,166.568,"157 km SSE of Lata, Solomon Islands"
1971,7.1,110.3,-11.885,166.573,"153 km SSE of Lata, Solomon Islands"
1971,6.47,545.1,-23.422,-179.829,south of the Fiji Islands
1971,6.04,17.2,26.993,54.517,"60 km NW of Bandar-e Lengeh, Iran"
1971,6.02,41.5,23.031,121.377,"94 km E of Yujing, Taiwan"
1971,6.64,20,-13.417,166.45,"129 km WNW of Sola, Vanuatu"
1971,6.08,108.8,-5.536,153.825,"203 km WNW of Panguna, Papua New Guinea"
1971,6.8,52.3,-15.594,167.298,"16 km ESE of Luganville, Vanuatu"
1971,6.24,55.5,-13.096,166.438,"148 km NW of Sola, Vanuatu"
1971,6.2,20,11.837,142.385,"294 km WSW of Merizo Village, Guam"
1971,6.51,15,11.88,142.363,"293 km WSW of Merizo Village, Guam"
1971,6.54,22.9,11.886,142.552,"276 km SW of Merizo Village, Guam"
1971,6.31,10,-54.818,146.362,west of Macquarie Island
1971,6.13,59.8,-22.689,171.295,southeast of the Loyalty Islands
1971,6.56,10,-54.362,2.237,Bouvet Island region
1971,6.71,42,-5.897,154.136,"156 km WNW of Panguna, Papua New Guinea"
1971,6.7,10,-14.567,171.703,Vanuatu region
1971,6.03,10,61.68,140.319,"113 km SE of Nezhdaninskoe, Russia"
1971,6.5,10,26.809,-110.914,"75 km SW of Bahía de Lobos, Mexico"
1971,6.27,10,-3.25,148.34,"179 km SE of Lorengau, Papua New Guinea"
1971,6.51,19.7,46.37,141.127,"56 km W of Shebunino, Russia"
1971,6.91,111.8,-6.528,146.618,"47 km WNW of Lae, Papua New Guinea"
1971,6.31,21,39.38,143.331,"119 km E of Yamada, Japan"
1971,6.89,129,-5.934,130.635,"236 km W of Tual, Indonesia"
1971,6,24.5,39.126,143.48,"137 km ESE of Yamada, Japan"
1971,6.33,20,-6.386,151.536,"180 km ESE of Kimbe, Papua New Guinea"
1971,6.13,23.2,22.882,100.922,"11 km NNW of Simao, China"
1971,6.11,47,-7.348,156.067,"119 km NW of Gizo, Solomon Islands"
1971,6.01,97.5,-26.81,-177.161,south of the Fiji Islands
1971,6.04,21.1,-20.453,-174.21,"72 km SSE of Pangai, Tonga"
1971,6.19,28,44.511,150.769,"241 km ESE of Kuril’sk, Russia"
1971,6.51,14.3,46.233,140.994,"69 km WSW of Shebunino, Russia"
1971,6.81,26.9,46.378,141.126,"56 km W of Shebunino, Russia"
1971,6.11,21,46.729,141.469,"30 km W of Nevel’sk, Russia"
1971,7.3,18.1,46.529,141.185,"50 km W of Gornozavodsk, Russia"
1971,6.13,38.6,45.663,150.833,"236 km E of Kuril’sk, Russia"
1971,6.52,10,-4.01,145.842,"134 km N of Madang, Papua New Guinea"
1971,6.04,25,13.32,-92.388,"119 km SSW of Champerico, Guatemala"
1971,6.35,38.8,49.284,155.43,"162 km SSW of Severo-Kuril’sk, Russia"
1971,6.05,30.8,24.007,121.911,"31 km E of Hualien City, Taiwan"
1971,6.57,13.5,-15.581,-178.305,"142 km S of Alo, Wallis and Futuna"
1971,6.49,25,-15.773,-178.291,"162 km S of Alo, Wallis and Futuna"
1971,6.05,10,-6.053,154.147,"150 km W of Panguna, Papua New Guinea"
1971,6.19,10,-62.808,155.522,Balleny Islands region
1971,6.01,39,-5.41,153.517,"181 km SE of Kokopo, Papua New Guinea"
1971,6.27,29.5,-5.622,152.173,"141 km S of Kokopo, Papua New Guinea"
1971,6.35,50.3,-5.923,154.29,"139 km WNW of Panguna, Papua New Guinea"
1971,7.06,10,-0.789,-22.071,central Mid-Atlantic Ridge
1971,7.01,50,41.413,143.432,"90 km SSE of Honchō, Japan"
1971,6.43,19.9,-5.108,152.845,"106 km SE of Kokopo, Papua New Guinea"
1971,6.45,31.8,-5.237,152.866,"118 km SE of Kokopo, Papua New Guinea"
1971,7.42,113.3,-2.848,-77.379,"98 km ESE of Sucúa, Ecuador"
1971,6.04,49.6,-5.864,151.32,"135 km ESE of Kimbe, Papua New Guinea"
1971,6.27,49.2,-5.668,151.503,"151 km E of Kimbe, Papua New Guinea"
1971,6.04,40,-5.576,152.178,"136 km S of Kokopo, Papua New Guinea"
1971,6,40,-5.46,152.802,"136 km SSE of Kokopo, Papua New Guinea"
1971,6.95,40,-5.116,152.282,"85 km S of Kokopo, Papua New Guinea"
1971,6.64,40,-5.275,152.235,"103 km S of Kokopo, Papua New Guinea"
1971,8.1,51.5,-4.868,153.182,1971 Bougainville Earthquake
1971,6.4,27.7,52.126,172.978,"81 km S of Attu Station, Alaska"
1971,6.48,20,12.475,123.701,"6 km W of San Fernando, Philippines"
1971,6.35,10,-5.568,150.619,"53 km E of Kimbe, Papua New Guinea"
1971,6.86,30.4,-5.736,153.865,"190 km WNW of Panguna, Papua New Guinea"
1971,6.51,43.3,-4.863,153.314,"129 km ESE of Kokopo, Papua New Guinea"
1971,6.16,139.9,7.062,94.62,"150 km NNW of Sabang, Indonesia"
1971,6.49,25,-5.225,153.216,"143 km SE of Kokopo, Papua New Guinea"
1971,6.12,18.2,-5.199,153.173,"137 km SE of Kokopo, Papua New Guinea"
1971,6.01,40,-5.675,153.885,"190 km WNW of Panguna, Papua New Guinea"
1971,8,15,-5.467,153.864,1971 New Britain Earthquake
1971,6.4,39.5,-32.299,-71.726,"49 km WNW of La Ligua, Chile"
1971,7.8,60.6,-32.617,-71.168,"19 km NNE of Hacienda La Calera, Chile"
1971,6.2,107,-7.046,129.658,"Kepulauan Babar, Indonesia"
1971,6.11,12.1,12.341,123.874,"13 km NNE of Miaga, Philippines"
1971,6.4,21,-5.18,96.844,"southwest of Sumatra, Indonesia"
1971,6.32,89.6,-25.348,-68.972,"152 km E of Taltal, Chile"
1971,6.03,10,56.187,123.653,"81 km WSW of Berkakit, Russia"
1971,6.66,27.2,51.575,176.065,"242 km SE of Attu Station, Alaska"
1971,6.52,17.2,17.986,-69.81,"47 km SE of Sabana Grande de Palenque, Dominican Republic"
1971,6.05,231.2,41.08,138.511,"129 km WNW of Fukaura, Japan"
1971,6.18,10,25.272,96.391,"101 km W of Myitkyina, Burma (Myanmar)"
1971,6.04,49,31.352,131.391,"20 km SE of Kushima, Japan"
1971,6.16,50.6,31.344,131.436,"24 km SE of Kushima, Japan"
1971,6.12,27.4,31.299,131.372,"24 km SSE of Kushima, Japan"
1971,6.58,10,38.9,40.637,"14 km ENE of Bing?l, Turkey"
1971,6.94,10,63.924,145.997,"113 km NNW of Myaundzha, Russia"
1971,6.69,171.2,-1.637,-77.638,"37 km E of Palora, Ecuador"
1971,6.34,25.8,37.585,29.796,"9 km NNE of Yeşilova, Turkey"
1971,6.42,23.8,-39.777,-104.899,southern Pacific Ocean
1971,6,156.9,-42.257,-71.794,"26 km SW of Lago Puelo, Argentina"
1971,6.11,22.9,-2.663,119.697,"40 km NNW of Rantepao, Indonesia"
1971,6.27,51.4,-6.595,105.359,"57 km WSW of Labuan, Indonesia"
1971,6.02,10,-11.24,161.802,"87 km S of Kirakira, Solomon Islands"
1971,6.98,25,51.403,-177.302,"69 km SW of Adak, Alaska"
1971,6.03,10,12.715,122.293,"11 km NNE of Alad, Philippines"
1971,6.04,10,22.935,101.121,"22 km NE of Simao, China"
1971,6.04,10,28.279,55.684,"21 km W of Ḩājjīābād, Iran"
1971,6.97,80.6,-4.358,102.253,"61 km S of Bengkulu, Indonesia"
1971,6.59,26.8,2.502,129.116,"149 km NE of Tobelo, Indonesia"
1971,6.12,591.6,-22.171,-179.472,south of the Fiji Islands
1971,6.06,147.6,53.175,-170.528,"114 km WNW of Nikolski, Alaska"
1971,6.06,41.9,38.378,142.232,"68 km E of Onagawa Chō, Japan"
1971,6.5,10,-56.29,-122.733,southern East Pacific Rise
1971,6.28,16.3,11.882,95.058,"253 km E of Port Blair, India"
1971,6,10,35.486,98.134,"271 km SW of Shaliuhe, China"
1971,6.07,9.5,41.494,79.248,"92 km WNW of Aksu, China"
1971,6.14,15.2,70.956,-7.114,"58 km E of Olonkinbyen, Svalbard and Jan Mayen"
1971,6.27,73.1,-23.067,-176.112,"225 km SSW of ‘Ohonua, Tonga"
1971,6.04,22.4,8.416,127.054,"73 km ENE of Barcelona, Philippines"
1971,6.36,25.1,-10.936,163.707,"202 km ESE of Kirakira, Solomon Islands"
1971,6.15,12.5,50.45,-130.336,"230 km W of Port McNeill, Canada"
1971,6.57,109.9,-5.749,145.426,"37 km N of Goroka, Papua New Guinea"
1971,6.06,20,-18.339,173.731,Fiji region
1971,6,24.8,25.856,-110.048,"71 km W of Las Grullas Margen Derecha, Mexico"
1971,6.06,95.4,-10.426,161.422,"54 km W of Kirakira, Solomon Islands"
1971,6.87,189,-23.78,-67.177,"99 km WNW of San Antonio de los Cobres, Argentina"
1971,6.54,588.8,-25.212,178.435,south of the Fiji Islands
1971,6.6,8.95,34.416,-118.37,"1971 San Fernando Earthquake, California"
1971,6.99,14.7,-63.434,-61.39,South Shetland Islands
1971,6.91,30,51.341,-176.85,"61 km SSW of Adak, Alaska"
1971,6.97,26.8,0.624,98.738,"102 km SW of Padangsidempuan, Indonesia"
1971,6.05,25,51.529,-173.076,"107 km SE of Atka, Alaska"
1971,6.86,538.9,51.621,151.011,Sea of Okhotsk
1971,6.4,40,51.449,-177.778,"92 km WSW of Adak, Alaska"
1971,6.12,22.9,-9.735,151.433,"124 km ENE of Alotau, Papua New Guinea"
1971,6,35,23.775,-108.688,"93 km ENE of La Rivera, Mexico"
1971,6.06,48.2,-3.52,140.098,"118 km SSW of Abepura, Indonesia"
1971,6.01,40,-3.328,139.807,"122 km SW of Abepura, Indonesia"
1971,6.61,30,-3.078,139.674,"119 km WSW of Abepura, Indonesia"
1971,7.7,26.9,-3.212,139.735,"120 km SW of Abepura, Indonesia"
1971,6.15,30.9,47.292,154.302,Kuril Islands
1971,6.69,29.4,-55.852,-2.583,southern Mid-Atlantic Ridge
1970,6.66,41,-10.504,161.412,"55 km W of Kirakira, Solomon Islands"
1970,6.56,61.5,-5.219,153.577,"174 km ESE of Kokopo, Papua New Guinea"
1970,6.15,16,-0.406,-19.249,central Mid-Atlantic Ridge
1970,6.13,43.2,-1.6,99.911,"59 km NE of Tuapejat, Indonesia"
1970,6,110,-56.167,-27.564,South Sandwich Islands region
1970,7.2,19.2,-4.044,-80.661,"9 km ENE of Papayal, Peru"
1970,6.39,48.9,-30.877,-71.179,"29 km SW of Monte Patria, Chile"
1970,6.66,184.6,29.773,140.175,"Izu Islands, Japan region"
1970,6.51,39.7,41.775,143.686,"64 km SSE of Hiroo, Japan"
1970,6.5,45.2,-23.25,-70.031,"45 km ESE of Mejillones, Chile"
1970,6.97,30,-11.072,163.459,"181 km ESE of Kirakira, Solomon Islands"
1970,6.7,15,-11.01,163.652,"199 km ESE of Kirakira, Solomon Islands"
1970,6.07,31,51.317,-175.409,"105 km SE of Adak, Alaska"
1970,6.2,10,-10.918,163.421,"171 km ESE of Kirakira, Solomon Islands"
1970,6.36,11.7,-11.76,-13.968,Ascension Island region
1970,6,45.2,-21.019,-69.86,"94 km SSE of Iquique, Chile"
1970,6,10,-28.867,-112.835,Easter Island region
1970,6.12,18.6,-3.505,148.993,"225 km WSW of Kavieng, Papua New Guinea"
1970,6.2,25,22.846,121.388,"99 km ESE of Yujing, Taiwan"
1970,6.58,21.7,11.935,123.95,"8 km NNE of Placer, Philippines"
1970,6.3,24.3,-5.153,145.252,"59 km W of Madang, Papua New Guinea"
1970,6.7,22.4,-3.383,135.607,"12 km ESE of Nabire, Indonesia"
1970,6.13,30,9.09,126.401,"19 km NE of La Paz, Philippines"
1970,6.15,10,-15.573,-175.965,"236 km W of Hihifo, Tonga"
1970,6.9,59.5,-4.98,145.414,"49 km WNW of Madang, Papua New Guinea"
1970,6,20,-41.361,80.434,Mid-Indian Ridge
1970,6.34,23.7,9.096,93.885,"Nicobar Islands, India region"
1970,6.2,11.9,39.273,140.75,"17 km ESE of Yokote, Japan"
1970,6.09,41.4,43.501,147.047,"42 km SE of Shikotan, Russia"
1970,6.49,33.7,43.438,147.922,"104 km ESE of Shikotan, Russia"
1970,6.24,25,-32.101,-177.762,south of the Kermadec Islands
1970,6.04,15,26.869,129.788,"122 km SE of Isen, Japan"
1970,6.5,25.7,-31.999,-178.039,Kermadec Islands region
1970,6.33,20.1,-31.931,-177.95,Kermadec Islands region
1970,6.3,29.4,-3.49,86.145,South Indian Ocean
1970,6.1,41.2,-6.84,155.019,"77 km SW of Panguna, Papua New Guinea"
1970,6.27,50,-13.501,166.663,"104 km WNW of Sola, Vanuatu"
1970,6.57,10,6.401,-77.407,"19 km N of Bahía Solano, Colombia"
1970,6.5,9.4,6.288,-77.467,"9 km NW of Bahía Solano, Colombia"
1970,6.06,48.3,-6.567,154.743,"86 km WSW of Panguna, Papua New Guinea"
1970,6.35,38.1,-6.46,154.621,"96 km W of Panguna, Papua New Guinea"
1970,6.02,30,13.133,144.533,"20 km SW of Merizo Village, Guam"
1970,6.43,45.2,38.774,142.306,"60 km ESE of Ōfunato, Japan"
1970,6.48,580.6,52.224,151.521,Sea of Okhotsk
1970,6.11,17,-16.947,167.839,"100 km NNW of Port-Vila, Vanuatu"
1970,6.6,24.7,17.722,147.675,Mariana Islands region
1970,7.31,647.6,52.301,151.613,Sea of Okhotsk
1970,6.48,59.2,-4.651,153.185,"107 km ESE of Kokopo, Papua New Guinea"
1970,6.03,10,-15.23,-173.218,"101 km NE of Hihifo, Tonga"
1970,6.4,16.7,-56.412,-142.635,Pacific-Antarctic Ridge
1970,6.07,27.1,60.578,-145.518,"13 km ENE of Cordova, Alaska"
1970,6.52,55,11.889,-86.704,"23 km WNW of Masachapa, Nicaragua"
1970,6.38,35,-13.858,166.701,"91 km W of Sola, Vanuatu"
1970,6.01,35,-13.899,166.66,"96 km W of Sola, Vanuatu"
1970,6.9,20,-14.066,166.666,"97 km WSW of Sola, Vanuatu"
1970,6.35,15.5,-1.136,-13.871,north of Ascension Island
1970,6.4,20,-13.857,166.726,"89 km W of Sola, Vanuatu"
1970,6.11,556.4,-17.853,-178.109,"273 km E of Levuka, Fiji"
1970,8,644.8,-1.597,-72.532,"95 km N of San Antonio del Estrecho, Peru"
1970,6.55,28.8,14.179,51.92,"223 km N of Kilmia, Yemen"
1970,6.36,12.4,37.761,55.852,"52 km NE of Kalāleh, Iran"
1970,7,70.9,25.997,95.367,"61 km ESE of Tuensang, India"
1970,6.01,14.8,39.872,77.754,"111 km W of Tumxuk, China"
1970,6.03,15,-44.453,-79.47,"Off the coast of Aisen, Chile"
1970,6.32,95,-37.881,177.546,"26 km ENE of Opotiki, New Zealand"
1970,6.2,46.2,32.168,131.85,"28 km ESE of Tsunō, Japan"
1970,7,42.7,32.138,131.751,"21 km SE of Tsunō, Japan"
1970,6.16,18.4,-3.997,152.226,"23 km NNE of Rabaul, Papua New Guinea"
1970,6.1,31.3,51.353,-178.504,"141 km WSW of Adak, Alaska"
1970,6.31,20.8,-22.026,-174.652,"82 km SSE of ‘Ohonua, Tonga"
1970,6.09,15,-19.187,-173.333,"90 km SE of Neiafu, Tonga"
1970,6.06,29.4,43.772,148.396,"134 km E of Shikotan, Russia"
1970,6.1,143,17.901,-64.638,"22 km NNE of Saint Croix, U.S. Virgin Islands"
1970,6.08,10,-51.056,139.265,western Indian-Antarctic Ridge
1970,6,50.1,-10.166,-78.54,"43 km WSW of Huarmey, Peru"
1970,6.39,605.1,-21.678,-179.392,Fiji region
1970,6.6,87.5,-8.724,124.017,"66 km NW of Pante Makasar, Timor Leste"
1970,6.21,48.3,-7.883,158.775,"94 km WNW of Buala, Solomon Islands"
1970,7.3,19.9,51.754,-131.006,"288 km S of Prince Rupert, Canada"
1970,6.02,30.2,43.356,147.606,"86 km SE of Shikotan, Russia"
1970,6.5,50,-22.226,-70.351,"21 km SW of Tocopilla, Chile"
1970,6,108.6,-16.015,-71.724,"26 km N of Yura, Peru"
1970,6.79,10,-54.421,-64.239,"191 km E of Tolhuin, Argentina"
1970,6.87,15,-52.027,-74.131,"116 km WSW of Puerto Natales, Chile"
1970,7.3,15,-59.272,159.229,Macquarie Island region
1970,6.63,112,-24.484,-68.461,"176 km S of San Pedro de Atacama, Chile"
1970,6.1,41,44.821,149.535,"138 km ESE of Kuril’sk, Russia"
1970,6.3,19.8,42.505,78.692,"13 km E of Ak-Suu, Kyrgyzstan"
1970,6.4,55.1,-9.91,-78.598,"51 km WNW of Huarmey, Peru"
1970,6.21,45.4,-9.302,-79.092,"59 km SW of Puerto Santa, Peru"
1970,6.09,50.6,-9.975,-78.352,"24 km WNW of Huarmey, Peru"
1970,7.9,58.4,-9.266,-78.847,"34 km SW of Chimbote, Peru"
1970,6.23,62.8,-11.627,166.426,"121 km SE of Lata, Solomon Islands"
1970,6.08,16.6,-15.033,-173.46,"108 km NNE of Hihifo, Tonga"
1970,6.05,32.7,40.275,143.085,"109 km E of Noda, Japan"
1970,6.24,26.7,40.201,143.162,"115 km E of Noda, Japan"
1970,7.12,390,27.236,140.23,"Bonin Islands, Japan region"
1970,6.14,64.4,-55.835,-28.263,South Sandwich Islands region
1970,6.27,10.9,50.224,91.158,"54 km ESE of Mugur-Aksy, Russia"
1970,6.7,12.2,43.137,47.141,"5 km ENE of Uchkent, Russia"
1970,6.1,12.8,43.083,47.099,"3 km SSE of Uchkent, Russia"
1970,6.08,605,18.586,145.303,"Pagan region, Northern Mariana Islands"
1970,6.18,180,-4.317,151.837,"38 km WSW of Rabaul, Papua New Guinea"
1970,6.04,10,-41.683,79.955,Mid-Indian Ridge
1970,6.63,26.4,14.569,-93.225,"86 km WSW of Aquiles Serdán, Mexico"
1970,7.3,35,14.472,-92.612,"34 km SW of Puerto Madero, Mexico"
1970,6.56,25,14.387,-92.802,"55 km SW of Puerto Madero, Mexico"
1970,6.62,238.7,-18.715,169.318,"91 km N of Isangel, Vanuatu"
1970,6.1,10.8,38.969,29.765,"22 km NW of Dumlupınar, Turkey"
1970,6.13,31.4,42.945,147.317,"106 km SSE of Shikotan, Russia"
1970,6.05,97.9,59.804,-152.78,"53 km W of Anchor Point, Alaska"
1970,6.65,10,59.769,-142.595,"163 km W of Yakutat, Alaska"
1970,6.24,26,15.177,122.662,"59 km NNE of Casuguran, Philippines"
1970,7.03,14.8,15.131,122.051,"17 km N of Karligan, Philippines"
1970,6.52,27.5,15.447,121.715,"35 km E of Dingalan, Philippines"
1970,6.3,13,38.347,22.664,"4 km SSE of Antikyra, Greece"
1970,7.42,30.9,15.786,121.678,"14 km ENE of Suklayin, Philippines"
1970,6.79,53.6,6.73,126.525,"26 km SE of Bobon, Philippines"
1970,6.58,237.2,-17.07,168.634,"81 km NNE of Port-Vila, Vanuatu"
1970,7.23,22.2,39.132,29.58,"22 km NE of Gediz, Turkey"
1970,6.01,49.9,-6.258,154.663,"91 km W of Panguna, Papua New Guinea"
1970,6.71,33.1,0.308,119.359,"146 km NNW of Palu, Indonesia"
1970,6,10,-22.033,126.721,Western Australia
1970,6.31,17.7,51.355,173.66,"169 km S of Attu Station, Alaska"
1970,6.01,116.7,-29.701,-69.397,"86 km NW of San José de Jáchal, Argentina"
1970,6.23,54.2,44.701,148.919,"100 km SE of Kuril’sk, Russia"
1970,6.6,37.2,-19.111,168.702,"77 km NW of Isangel, Vanuatu"
1970,6.04,28.9,7.323,126.836,"29 km E of Santiago, Philippines"
1970,6.21,17.9,12.218,143.811,"148 km SW of Merizo Village, Guam"
1970,7.11,164.1,52.487,-174.915,"58 km WNW of Atka, Alaska"
1970,6.02,15.7,50.079,-179.737,"295 km SW of Adak, Alaska"
1970,6.1,27.7,43.451,147.64,"83 km ESE of Shikotan, Russia"
1970,6.08,31.2,24.124,122.298,"72 km ENE of Hualien City, Taiwan"
1970,6.17,16.8,59.562,-143.517,"165 km SE of Cordova, Alaska"
1970,6.05,251.6,-20.724,-176.668,"158 km WNW of Haveluloto, Tonga"
1970,6.46,622.8,-5.923,112.997,"125 km NNE of Paciran, Indonesia"
1970,6.04,21.3,54.565,163.467,"195 km SSE of Ust’-Kamchatsk Staryy, Russia"
1970,6.72,8.8,12.617,121.985,"9 km W of Calatrava, Philippines"
1970,6.02,26.3,46.952,154.172,east of the Kuril Islands
1970,6.42,18.7,15.509,-99.575,"131 km S of San Andrés Playa Encantada (El Podrido), Mexico"
1970,6.01,32.1,43.316,147.562,"86 km SE of Shikotan, Russia"
1970,6.14,605.9,-20.672,-178.766,Fiji region
1970,6.45,35.7,-12.662,166.493,"176 km NW of Sola, Vanuatu"
1970,6.7,15.4,6.974,-104.261,Galapagos Triple Junction region
1970,6.45,33.5,42.534,143.08,"16 km SSW of Sarabetsu, Japan"
1970,7.28,50.3,-25.908,-177.227,south of the Fiji Islands
1970,7.26,58.1,6.808,126.646,"33 km SE of Lukatan, Philippines"
1970,6.79,199.4,-34.85,178.782,south of the Kermadec Islands
1970,6,35,15.781,-59.822,"145 km ESE of Beauséjour, Guadeloupe"
1970,6.16,14.7,-9.586,151.502,"140 km NE of Alotau, Papua New Guinea"
1970,6.1,17.5,19.231,121.148,"68 km N of Namuac, Philippines"
1970,7.1,15.2,24.157,102.474,"22 km SSW of Yuxi, China"
1969,6.3,60,28.529,129.264,"25 km N of Uken, Japan"
1969,6.13,20,16.062,-59.854,"133 km ESE of Beauséjour, Guadeloupe"
1969,7.2,11.2,15.734,-59.675,"162 km ESE of Beauséjour, Guadeloupe"
1969,6.35,345,46.254,142.423,"47 km ESE of Shebunino, Russia"
1969,6.07,30.3,2.006,126.786,"139 km WNW of Tobelo, Indonesia"
1969,6.31,25.6,-14.923,167.095,"13 km N of Port-Olry, Vanuatu"
1969,6.03,19.5,-58.806,-24.741,South Sandwich Islands region
1969,6.08,115.1,37.118,71.665,"42 km SSE of Khorugh, Tajikistan"
1969,7.44,32.7,57.668,163.51,"172 km NNE of Ust’-Kamchatsk Staryy, Russia"
1969,7.54,21,2.04,94.545,"209 km WSW of Sinabang, Indonesia"
1969,6,23.5,-27.807,-71.812,"133 km NW of Vallenar, Chile"
1969,6.04,57.5,-1.347,126.958,"98 km SW of Labuha, Indonesia"
1969,6.43,65,27.807,60.019,"93 km NW of Iranshahr, Iran"
1969,6.6,15,23.141,-107.917,"131 km SW of Empaque Tarriba, Mexico"
1969,6.5,37.6,51.308,-178.997,"175 km WSW of Adak, Alaska"
1969,6.1,10,44.869,17.285,"4 km ENE of Trn, Bosnia and Herzegovina"
1969,6.3,10,-53.409,23.608,south of Africa
1969,6.1,15,44.838,17.335,"5 km WSW of Jezero, Bosnia and Herzegovina"
1969,6.34,135,23.041,94.636,"70 km SSE of Mawlaik, Myanmar"
1969,6.14,10,-60.786,-19.755,east of the South Sandwich Islands
1969,6.23,27.5,0.747,-85.018,off the coast of Ecuador
1969,6,10,-11.842,-75.031,"14 km SSE of Comas, Peru"
1969,6.6,15,-11.87,-75.094,"16 km S of Comas, Peru"
1969,6.23,18,-31.714,-177.792,Kermadec Islands region
1969,6.3,12,-33.234,19.351,"15 km NNE of Ceres, South Africa"
1969,6.3,10,-60.93,-55.723,South Shetland Islands
1969,6.57,17.1,15.265,-45.741,northern Mid-Atlantic Ridge
1969,6.01,35.4,2.988,95.878,"79 km NW of Sinabang, Indonesia"
1969,6.2,16.7,1.645,-101.115,Galapagos Triple Junction region
1969,6.1,10,58.372,-32.199,Reykjanes Ridge
1969,6,37.1,31.077,131.393,"47 km SSE of Kushima, Japan"
1969,6.67,35,51.276,-179.263,"194 km WSW of Adak, Alaska"
1969,6.3,10,35.809,137.084,"13 km W of Gero, Japan"
1969,6.21,22,-8.831,157.913,"142 km SE of Gizo, Solomon Islands"
1969,6,45,36.881,-11.997,"272 km W of Sagres, Portugal"
1969,6.19,24.1,43.503,147.825,"94 km ESE of Shikotan, Russia"
1969,6.4,34.2,43.574,147.877,"96 km ESE of Shikotan, Russia"
1969,6.14,20.4,-31.521,-177.625,Kermadec Islands region
1969,6.01,15,23.126,-110.572,"49 km WSW of El Pescadero, Mexico"
1969,6.32,105,47.941,153.68,Kuril Islands
1969,6.56,29,43.729,148.181,"117 km E of Shikotan, Russia"
1969,6.1,10,-55.912,-123.217,southern East Pacific Rise
1969,6.7,30,24.875,-109.663,"101 km SW of Topolobampo, Mexico"
1969,6.5,15,25.213,-109.188,"45 km SSW of Topolobampo, Mexico"
1969,6.13,21.6,43.12,148.297,"148 km ESE of Shikotan, Russia"
1969,6.13,303.2,21.665,143.05,Mariana Islands region
1969,6.27,29.3,43.157,147.898,"118 km SE of Shikotan, Russia"
1969,7.09,24.5,43.273,147.623,"93 km SE of Shikotan, Russia"
1969,6.23,34.9,44.199,148.223,"117 km SSE of Kuril’sk, Russia"
1969,6.06,40.7,43.981,147.837,"91 km ENE of Shikotan, Russia"
1969,6.8,16.3,44.003,148.671,"149 km SSE of Kuril’sk, Russia"
1969,6.08,30.8,43.518,147.672,"82 km ESE of Shikotan, Russia"
1969,6.08,27.1,43.333,147.677,"92 km SE of Shikotan, Russia"
1969,6.74,25,43.818,148.413,"136 km E of Shikotan, Russia"
1969,6.87,28.7,43.598,148.194,"120 km E of Shikotan, Russia"
1969,6.14,30.4,43.301,147.692,"95 km SE of Shikotan, Russia"
1969,6.24,18,43.262,147.752,"102 km SE of Shikotan, Russia"
1969,6.64,29.2,1.848,126.371,"160 km ENE of Laikit, Laikit II (Dimembe), Indonesia"
1969,6.18,25,43.585,147.748,"86 km ESE of Shikotan, Russia"
1969,6.14,32.5,43.427,146.646,"41 km S of Shikotan, Russia"
1969,8.2,28.6,43.465,147.787,1969 Hokkaido Toho-oki Earthquake
1969,6.18,26.2,43.589,147.853,"94 km ESE of Shikotan, Russia"
1969,6.18,25,43.552,147.987,"105 km ESE of Shikotan, Russia"
1969,6.59,176.1,-6.069,129.569,Banda Sea
1969,6.1,22.3,-47.699,-15.631,southern Mid-Atlantic Ridge
1969,6.12,50,-5.335,153.79,"201 km ESE of Kokopo, Papua New Guinea"
1969,7.01,27.7,1.145,126.184,"121 km ESE of Bitung, Indonesia"
1969,6.35,525.1,-5.639,125.331,Banda Sea
1969,6.33,39.4,45.469,150.873,"236 km E of Kuril’sk, Russia"
1969,6.08,10,-45.73,35.086,Prince Edward Islands region
1969,6.1,10,-11.91,-75.155,"12 km E of Ingenio, Peru"
1969,6.45,57.2,-17.353,-72.359,"48 km SW of Islay (Matarani), Peru"
1969,6.9,11.7,38.37,119.519,"106 km NW of Longgang, China"
1969,6.2,23.2,39.796,143.763,"157 km E of Miyako, Japan"
1969,6.23,10,-62.879,166.649,Balleny Islands region
1969,6.1,50.7,-30.624,-178.08,"Kermadec Islands, New Zealand"
1969,7.04,10,-52.671,160.098,Macquarie Island region
1969,6.49,202.6,19.033,145.477,"Maug Islands region, Northern Mariana Islands"
1969,6.47,56.9,49.392,155.432,"151 km SSW of Severo-Kuril’sk, Russia"
1969,6.1,10,-32.152,-178.012,south of the Kermadec Islands
1969,6.04,29.4,-32.132,-177.857,south of the Kermadec Islands
1969,6,29.9,16.779,-61.293,"40 km NE of Anse-Bertrand, Guadeloupe"
1969,6.91,25.5,51.298,-179.848,"231 km WSW of Adak, Alaska"
1969,6.38,631.7,-7.221,120.792,"157 km NNE of Ruteng, Indonesia"
1969,6.63,40,11.441,-86.292,"34 km SSW of La Conquista, Nicaragua"
1969,6.2,203.4,-16.695,-174.666,"123 km SW of Hihifo, Tonga"
1969,6.2,32.1,-30.561,-71.241,"5 km NW of Ovalle, Chile"
1969,6,38.3,-30.672,-71.565,"35 km WSW of Ovalle, Chile"
1969,6.08,35.6,39.898,143.274,"117 km ENE of Miyako, Japan"
1969,6.25,10,-26.712,-114.011,Easter Island region
1969,7.07,37,32.141,131.942,"37 km ESE of Tsunō, Japan"
1969,6.01,65,14.146,-91.001,"9 km NE of La Gomera, Guatemala"
1969,6.12,100,-13.485,166.967,"76 km NW of Sola, Vanuatu"
1969,6.47,15,-3.53,150.958,"107 km S of Kavieng, Papua New Guinea"
1969,6.09,22.9,39.829,143.648,"147 km E of Miyako, Japan"
1969,6.41,167.5,-6.162,129.789,Banda Sea
1969,6.34,10,1.291,-85.129,off the coast of Ecuador
1969,6.1,10,11.908,41.365,"36 km ENE of Dubti, Ethiopia"
1969,6.65,398.1,38.502,134.555,"266 km NW of Hakui, Japan"
1969,6.6,10,27.549,33.919,"29 km NE of El Gouna, Egypt"
1969,6.2,12.7,11.867,41.175,"17 km NE of Dubti, Ethiopia"
1969,6.8,10,38.507,28.54,"10 km WSW of Kula, Turkey"
1969,6.73,59.8,4.602,127.597,"250 km SE of Pondaguitan, Philippines"
1969,6,24.4,3.8,128.335,"231 km N of Tobelo, Indonesia"
1969,6.09,13.4,39.151,28.581,"13 km NNW of Demirci, Turkey"
1969,6.02,10,31.222,-114.402,"47 km ENE of San Felipe, Mexico"
1969,6.14,22.3,8.729,127.247,"104 km E of Aras-asan, Philippines"
1969,6.5,168.5,28.783,128.435,"112 km WNW of Naze, Japan"
1969,6.03,41.3,38.535,142.879,"117 km ESE of Ōfunato, Japan"
1969,6.14,23.3,-4.086,135.644,"81 km S of Nabire, Indonesia"
1969,6.3,19.3,-4.149,135.584,"87 km S of Nabire, Indonesia"
1969,6.18,205.6,36.394,70.746,"Hindu Kush region, Afghanistan"
1969,6.16,33,4.046,128.115,"256 km N of Tobelo, Indonesia"
1969,6.02,30.9,51.562,159.24,"162 km SSE of Vilyuchinsk, Russia"
1969,6.19,10,36.181,-10.54,"169 km WSW of Sagres, Portugal"
1969,7.8,14.5,36.001,-10.641,"188 km SW of Sagres, Portugal"
1969,6.2,35,-6.122,130.946,"207 km WSW of Tual, Indonesia"
1969,7.12,10,-3.189,118.829,"41 km NNW of Majene, Indonesia"
1969,6.16,34,3.575,128.275,"206 km N of Tobelo, Indonesia"
1969,6.42,47.5,3.405,128.233,"187 km N of Tobelo, Indonesia"
1969,6.43,43.9,3.531,128.129,"199 km N of Tobelo, Indonesia"
1969,6.41,29.4,3.702,128.311,"220 km N of Tobelo, Indonesia"
1969,7.22,430.5,-6.784,126.581,"187 km N of Baukau, Timor Leste"
1969,6.1,16,41.439,79.258,"90 km WNW of Aksu, China"
1969,7.22,660,-22.797,178.82,south of the Fiji Islands
1969,6.2,36.8,-8.103,-79.966,"81 km W of Santiago de Cao, Peru"
1969,6.22,15,-0.667,121.62,"125 km NE of Poso, Indonesia"
1969,6.79,26.7,4.752,127.356,"220 km SE of Pondaguitan, Philippines"
1969,6.06,48.7,3.811,128.241,"231 km N of Tobelo, Indonesia"
1969,6.42,48.4,4.179,128.147,"271 km N of Tobelo, Indonesia"
1969,7.6,60.8,4.662,127.34,"223 km ESE of Sarangani, Philippines"
1969,6,15,-17.156,-171.492,"279 km ESE of Hihifo, Tonga"
1969,6.19,12.3,8.695,137.876,"94 km SSW of Colonia, Micronesia"
1969,6.09,29.4,55.841,162.879,"49 km SSE of Ust’-Kamchatsk Staryy, Russia"
1969,6.66,593.5,-21.882,-179.498,Fiji region
1969,6.23,20,-10.414,164.755,"119 km WNW of Lata, Solomon Islands"
1969,7.1,112.9,-14.849,167.345,"36 km NE of Port-Olry, Vanuatu"
1969,6.99,244.7,44.985,143.238,"70 km N of Mombetsu, Japan"
1969,6.39,130,-56.756,-26.865,South Sandwich Islands region
1969,6.4,32.4,36.117,29.257,"21 km SW of Kalkan, Turkey"
1969,6.16,30,-28.353,-176.735,Kermadec Islands region
1969,6.87,15.1,-10.452,164.513,"143 km WNW of Lata, Solomon Islands"
1969,7.12,61.2,-8.019,158.892,"78 km W of Buala, Solomon Islands"
1969,6.04,80.1,-56.096,-27.842,South Sandwich Islands region
1968,6.07,26.1,-1.697,134.543,"46 km ESE of Ransiki, Indonesia"
1968,6.05,45.8,53.394,160.169,"109 km ENE of Petropavlovsk-Kamchatsky, Russia"
1968,6.25,109.6,60.146,-153.058,"70 km E of Port Alsworth, Alaska"
1968,6.09,29.4,51.618,175.716,"220 km SE of Attu Station, Alaska"
1968,6.16,35.5,51.535,175.787,"230 km SE of Attu Station, Alaska"
1968,6.67,15,-3.487,146.114,"195 km N of Madang, Papua New Guinea"
1968,6.07,10,63.948,-21.964,"13 km S of Hafnarfjörður, Iceland"
1968,6.1,18.5,36.52,26.946,"19 km WSW of Mandráki, Greece"
1968,6.4,20.5,15.107,-94.836,"121 km SSE of Santa Gertrudis Miramar, Mexico"
1968,6.36,54.4,5.075,126.788,"151 km ESE of Sarangani, Philippines"
1968,6.43,25,-15.444,-175.693,"211 km WNW of Hihifo, Tonga"
1968,6.08,23.8,16.238,122.23,"51 km SE of Minuri, Philippines"
1968,6.58,20.8,-1.296,-13.658,north of Ascension Island
1968,6.01,20,-16.571,175.938,"198 km NW of Lautoka, Fiji"
1968,6.18,49.3,40.149,142.687,"74 km E of Noda, Japan"
1968,6.1,43.3,2.373,126.838,"148 km WNW of Tobelo, Indonesia"
1968,6.5,597,-14.177,172.113,Vanuatu region
1968,6.07,30.3,1.229,126.239,"125 km E of Bitung, Indonesia"
1968,6.45,10,65.367,-150.132,"15 km S of Rampart, Alaska"
1968,6.42,55,-12.478,166.448,"195 km NW of Sola, Vanuatu"
1968,6.42,28.5,5.927,127.04,"106 km ESE of Pondaguitan, Philippines"
1968,7,13.1,-3.346,143.31,"42 km WNW of Wewak, Papua New Guinea"
1968,6.17,17.3,24.905,122.466,"66 km ESE of Jiufen, Taiwan"
1968,6.5,11.2,-31.561,117.089,"40 km ENE of Northam, Australia"
1968,6.03,603.6,-20.733,-178.698,Fiji region
1968,6.1,10,-39.846,87.677,southeast Indian Ridge
1968,6.45,49.5,41.976,142.744,"20 km S of Urakawa, Japan"
1968,7.31,500,26.358,140.635,"Bonin Islands, Japan region"
1968,6.1,10,-14.92,-175.257,"194 km NW of Hihifo, Tonga"
1968,6.1,63.6,-13.206,-76.307,"14 km S of Nuevo Imperial, Peru"
1968,6.48,11.1,-3.625,143.431,"23 km WSW of Wewak, Papua New Guinea"
1968,6.05,150.6,-6.909,129.083,"291 km NE of Lospalos, Timor Leste"
1968,7.1,52.3,-30.633,-178.004,"Kermadec Islands, New Zealand"
1968,6.1,249.2,-21.071,-176.812,"166 km W of Haveluloto, Tonga"
1968,6.05,124.8,15.573,-92.536,"11 km SSE of Nueva Independencia, Mexico"
1968,6.23,10,-46.405,166.868,"88 km W of Riverton, New Zealand"
1968,6.06,22.5,40.352,143.761,"167 km E of Noda, Japan"
1968,6.82,54.6,42.059,142.712,"12 km SSW of Urakawa, Japan"
1968,6.47,103.4,10.697,-62.748,"50 km WNW of Güiria, Venezuela"
1968,6.1,65,-6.025,148.843,"80 km WNW of Kandrian, Papua New Guinea"
1968,6.84,38.9,-6.016,148.723,"93 km WNW of Kandrian, Papua New Guinea"
1968,6.09,27.4,40.869,143.271,"142 km SSE of Honchō, Japan"
1968,6.14,23.1,28.386,53.159,"76 km SE of Fīrūzābād, Iran"
1968,6.14,635.4,-21.516,-179.26,Fiji region
1968,6.06,142.3,-8.752,-74.434,"30 km E of Honoria, Peru"
1968,6.3,35,-3.723,143.112,"60 km WSW of Wewak, Papua New Guinea"
1968,6.33,20,41.86,32.463,"14 km NNE of Amasra, Turkey"
1968,6.2,10,34.009,58.174,"60 km SW of Gonābād, Iran"
1968,7.1,11.9,34.131,58.968,"35 km SE of Gonābād, Iran"
1968,6.42,18.1,15.508,122.012,"56 km ESE of Suklayin, Philippines"
1968,6.01,24.7,40.102,143.349,"130 km E of Noda, Japan"
1968,6.31,533.6,-21.989,-63.554,"13 km ENE of Yacuiba, Bolivia"
1968,6.16,32.6,52.936,171.157,"136 km W of Attu Station, Alaska"
1968,6.55,15.9,-30.834,-178.811,"Kermadec Islands, New Zealand"
1968,7.27,543.1,-10.188,159.914,"58 km SSE of Malango, Solomon Islands"
1968,6.05,45.8,1.356,126.291,"129 km E of Bitung, Indonesia"
1968,7.22,16.8,0.099,119.755,"112 km N of Palu, Indonesia"
1968,6.04,24.8,1.594,126.458,"136 km NW of Ternate, Indonesia"
1968,6.5,21.3,1.436,126.155,"114 km E of Bitung, Indonesia"
1968,7.68,20.9,1.475,126.221,"121 km E of Bitung, Indonesia"
1968,6.8,43.5,33.251,132.195,"31 km SW of Yawatahama, Japan"
1968,6.06,100,6.498,126.777,"64 km SE of Bobon, Philippines"
1968,6.5,21.9,16.51,122.221,"35 km SE of Dicamay, Philippines"
1968,6.7,15,25.639,128.473,"95 km SE of Yonabaru, Japan"
1968,7.3,30,16.543,-97.746,"9 km WSW of La Humedad, Mexico"
1968,7.6,31.3,16.38,122.067,"28 km SE of Minuri, Philippines"
1968,6.32,28.4,-6.993,-80.468,"61 km WSW of Pimentel, Peru"
1968,6.27,33.1,-0.304,133.447,"92 km NW of Manokwari, Indonesia"
1968,6.3,50.1,-22.509,-174.935,"129 km S of ‘Ohonua, Tonga"
1968,6.07,24.5,55.375,166.575,"273 km ESE of Ust’-Kamchatsk Staryy, Russia"
1968,7.3,48.3,-30.799,-178.145,"Kermadec Islands, New Zealand"
1968,6.07,26.1,40.376,143.437,"140 km ENE of Noda, Japan"
1968,6.02,25.4,-3.16,150.736,"65 km S of Kavieng, Papua New Guinea"
1968,6,21.8,39.548,143.218,"109 km E of Yamada, Japan"
1968,6,7.1,-36.763,78.39,Mid-Indian Ridge
1968,6.3,39.1,38.497,142.23,"68 km E of Onagawa Chō, Japan"
1968,6.29,57.3,17.535,-100.233,"12 km W of Pueblo Viejo, Mexico"
1968,6.1,57.9,35.979,139.329,"4 km ENE of Ogose, Japan"
1968,6.11,20.9,40.404,143.74,"166 km E of Noda, Japan"
1968,6.8,15.5,-5.577,-77.139,"48 km NNE of Segunda Jerusalén - Azunguillo, Peru"
1968,6.4,24.8,38.701,143.843,"182 km ESE of Kamaishi, Japan"
1968,6.24,55,-12.315,166.559,"194 km SSE of Lata, Solomon Islands"
1968,6.3,40.5,41.065,143.235,"121 km SSE of Honchō, Japan"
1968,6.16,20.9,-18.266,167.909,"72 km SW of Port-Vila, Vanuatu"
1968,6.21,25.2,5.572,-82.571,"274 km SSW of Río Grande, Panama"
1968,6.1,33.7,39.447,143.008,"91 km E of Yamada, Japan"
1968,6.23,30.8,39.356,142.967,"88 km E of Yamada, Japan"
1968,7,32,39.493,142.965,"87 km E of Yamada, Japan"
1968,6.2,19.3,-48.885,31.228,south of Africa
1968,6.22,38.9,-2.06,120.487,"57 km NNE of Masamba, Indonesia"
1968,6.86,23.6,-1.899,120.078,"77 km NNW of Masamba, Indonesia"
1968,6.4,35.4,-30.921,-177.503,"Kermadec Islands, New Zealand"
1968,7.5,60,-2.867,139.37,"143 km WSW of Abepura, Indonesia"
1968,6.09,35.6,40.18,143.237,"121 km E of Noda, Japan"
1968,6.23,619.1,-6.799,118.853,"173 km SSW of Galesong, Indonesia"
1968,6.64,27.3,40.865,143.183,"141 km ENE of Kuji, Japan"
1968,7.06,22.5,-41.727,172.06,"38 km E of Westport, New Zealand"
1968,6,45.4,40.29,142.429,"55 km ENE of Noda, Japan"
1968,6.33,30.6,44.888,150.168,"184 km ESE of Kuril’sk, Russia"
1968,7,32.7,44.815,150.276,"194 km ESE of Kuril’sk, Russia"
1968,6.91,60.1,-30.754,-178.129,"Kermadec Islands, New Zealand"
1968,7,55.9,-30.799,-178.194,"Kermadec Islands, New Zealand"
1968,6.1,37.2,40.929,143.337,"137 km SSE of Honchō, Japan"
1968,6.24,29.9,35.611,141.921,"99 km E of Hasaki, Japan"
1968,6.07,37.5,39.656,143.247,"112 km E of Miyako, Japan"
1968,6.39,13.5,40.645,144.076,"191 km SSE of Hiroo, Japan"
1968,6.16,34.7,39.707,143.502,"134 km E of Miyako, Japan"
1968,6.5,47.9,39.81,143.221,"111 km E of Miyako, Japan"
1968,6.14,32.7,41.441,142.665,"79 km SSW of Honchō, Japan"
1968,6.09,43.3,41.35,142.614,"111 km S of Shizunai-furukawach?, Japan"
1968,6.7,25.2,39.801,143.635,"146 km E of Miyako, Japan"
1968,7.9,31.1,41.498,142.858,"70 km S of Honchō, Japan"
1968,6.11,29.8,41.48,142.715,"73 km SSW of Honchō, Japan"
1968,6.09,41.5,41.116,143.19,"114 km SSE of Honchō, Japan"
1968,8.2,26.9,40.89,143.362,1968 Tokachi-Oki Earthquake
1968,6.45,22.3,-29.794,-178.83,"Kermadec Islands, New Zealand"
1968,6.66,160.1,29.938,129.445,"101 km WSW of Kurio, Japan"
1968,6,23,24.34,121.823,"45 km NNE of Hualien City, Taiwan"
1968,6.33,13.4,43.549,-128.114,off the coast of Oregon
1968,6.17,38.2,18.613,-103.457,"5 km ENE of Aquila, Mexico"
1968,6.2,40.4,-15.451,-173.063,"96 km NE of Hihifo, Tonga"
1968,6.03,10,-15.351,-172.931,"114 km NE of Hihifo, Tonga"
1968,6.63,18.8,58.647,-150.082,"124 km SSE of Halibut Cove, Alaska"
1968,6.27,25.2,38.621,143.225,"138 km ESE of Kamaishi, Japan"
1968,6.3,17.1,-15.664,-172.672,"124 km ENE of Hihifo, Tonga"
1968,6.6,10,33.18,-116.103,"The 1968 Borrego Mountain, California Earthquake"
1968,6.83,33.1,32.272,132.156,"51 km ESE of Hyūga, Japan"
1968,7.5,31.2,32.479,132.294,"60 km ESE of Nobeoka, Japan"
1968,6.04,17.7,-4.149,133.218,"169 km SE of Fakfak, Indonesia"
1968,6.1,554.4,-6.626,116.161,"191 km N of Gili Air, Indonesia"
1968,6.1,65,3.204,128.182,"164 km N of Tobelo, Indonesia"
1968,6.51,109.1,-16.212,-173.889,"30 km SSW of Hihifo, Tonga"
1968,6.41,49.4,-5.887,151.018,"104 km ESE of Kimbe, Papua New Guinea"
1968,6.09,30.6,9.51,126.143,"22 km ESE of Socorro, Philippines"
1968,6.24,18.2,9.561,126.27,"27 km SE of Union, Philippines"
1968,6.26,344.1,32.928,137.82,"189 km S of ?yama, Japan"
1968,6.66,25.4,22.707,121.34,"95 km ENE of Donggang, Taiwan"
1968,6.09,10,32.009,130.636,"6 km S of Ōkuchi-shinohara, Japan"
1968,6.07,15,32.04,130.738,"11 km ESE of Ōkuchi-shinohara, Japan"
1968,6.96,10.7,39.383,24.972,"55 km S of Mýrina, Greece"
1968,7.3,25.9,-5.433,153.302,"166 km SE of Kokopo, Papua New Guinea"
1968,6.53,25.9,43.037,147.269,"95 km SSE of Shikotan, Russia"
1968,6.26,596,-6.066,113.373,"117 km NNW of Sumenep, Indonesia"
1968,6.15,32.6,43.093,147.324,"92 km SSE of Shikotan, Russia"
1968,6.13,36.6,43.364,147.253,"64 km SE of Shikotan, Russia"
1968,7.38,42.9,43.559,146.702,"26 km S of Shikotan, Russia"
1968,6.04,26.6,23.242,121.554,"81 km S of Hualien City, Taiwan"
1968,6.8,25,-8.869,120.265,"35 km SW of Ruteng, Indonesia"
1968,6.5,18.8,-1.365,-14.228,north of Ascension Island
1968,6.14,356.6,-30.116,-179.547,Kermadec Islands region
1968,6.28,18.7,-16.254,178.299,"115 km W of Labasa, Fiji"
1968,6.7,31.4,-9.247,158.514,"141 km WNW of Malango, Solomon Islands"
1968,6.08,10,37.721,13.012,"3 km NE of Montevago, Italy"
1968,6.24,12.9,52.593,-171.372,"173 km WSW of Nikolski, Alaska"
1968,6.1,41.1,24.005,122.207,"61 km E of Hualien City, Taiwan"
1968,6.26,13.3,-15.029,-174.62,"135 km NW of Hihifo, Tonga"
1968,6.12,21.5,33.603,141.859,"222 km SE of Katsuura, Japan"
1968,6.4,32.5,-27.88,-70.991,"80 km NNW of Vallenar, Chile"
1968,6.13,27,52.251,-171.448,"188 km E of Atka, Alaska"
1967,6.08,15.8,44.142,-129.337,off the coast of Oregon
1967,6.5,10,-22.594,-174.627,"142 km SSE of ‘Ohonua, Tonga"
1967,6.72,114.7,-21.362,-68.311,"136 km NNE of Calama, Chile"
1967,6.36,49.1,-21.563,-70.329,"60 km NNW of Tocopilla, Chile"
1967,7.27,53,-5.267,153.738,"192 km ESE of Kokopo, Papua New Guinea"
1967,6.4,12.2,17.357,-61.223,"64 km ENE of Parham, Antigua and Barbuda"
1967,7.3,45,-21.878,-69.956,"34 km NE of Tocopilla, Chile"
1967,6,52.5,51.254,157.562,"78 km ESE of Ozernovskiy, Russia"
1967,6.54,10,17.361,73.845,"6 km WSW of Pātan, India"
1967,6.35,143,49.439,154.435,"183 km SW of Severo-Kuril’sk, Russia"
1967,6.7,20,41.387,20.546,"6 km NW of Lukovo, North Macedonia"
1967,6.5,13,80.16,-0.916,north of Svalbard
1967,6.45,12.2,14.465,52.032,"193 km S of Al Ghayz̧ah, Yemen"
1967,6.4,43.6,-22.568,170.993,southeast of the Loyalty Islands
1967,6.3,35.6,-28.811,-71.303,"59 km WSW of Vallenar, Chile"
1967,6.31,13.6,-17.211,-171.839,"250 km ESE of Hihifo, Tonga"
1967,6.18,584.2,-7.163,123.752,"226 km NW of Maubara, Timor Leste"
1967,6.09,93.7,-2.704,-77.631,Peru-Ecuador border region
1967,6.72,15,43.531,144.302,"16 km WNW of Teshikaga, Japan"
1967,6.03,42.9,37.319,141.843,"73 km E of Tomioka, Japan"
1967,6.8,63,24.464,122.208,"56 km SE of Yilan, Taiwan"
1967,6.02,30,-58.664,-25.192,South Sandwich Islands region
1967,6.02,28.1,79.677,2.75,Greenland Sea
1967,7.08,160.4,11.925,-85.872,"9 km E of Granada, Nicaragua"
1967,6,87.5,-7.12,129.864,"Kepulauan Babar, Indonesia"
1967,7.23,636.8,-21.182,-179.186,Fiji region
1967,6.8,26.3,-5.626,153.951,"186 km WNW of Panguna, Papua New Guinea"
1967,6.2,29.2,10.941,-85.817,"24 km SW of La Cruz, Costa Rica"
1967,6.13,27.6,28.942,129.95,"64 km NNE of Tatsugō, Japan"
1967,6.21,18.7,-6.555,153.478,"223 km W of Panguna, Papua New Guinea"
1967,6.2,49.4,-30.103,-71.439,"19 km SSW of Coquimbo, Chile"
1967,6.2,43.9,44.606,149.506,"145 km ESE of Kuril’sk, Russia"
1967,6.17,100,-20.729,169.932,"147 km SSE of Isangel, Vanuatu"
1967,6.67,17.8,-49.77,163.822,"Auckland Islands, New Zealand region"
1967,6.35,10,-57.799,-23.802,South Sandwich Islands region
1967,6.1,80,43.065,145.297,"Hokkaido, Japan region"
1967,6.1,51.4,-5.452,151.775,"134 km SSW of Kokopo, Papua New Guinea"
1967,6.34,10,-54.494,-136.194,Pacific-Antarctic Ridge
1967,6.71,580.4,-27.623,-63.23,"39 km NNE of Suncho Corral, Argentina"
1967,6.07,17.4,12.215,140.88,"273 km N of Fais, Micronesia"
1967,6.5,236.1,-31.278,-179.422,Kermadec Islands region
1967,7,12.2,-10.64,-79.689,"179 km WSW of Huarmey, Peru"
1967,6.01,39.5,45.466,151.334,"272 km E of Kuril’sk, Russia"
1967,6.4,10,31.624,100.243,"243 km NW of Kangding, China"
1967,6.23,20,12.211,140.78,"271 km N of Fais, Micronesia"
1967,6.71,17.5,-60.808,-24.342,South Sandwich Islands region
1967,6.51,42.6,3.671,95.699,"70 km SW of Meulaboh, Indonesia"
1967,6,24.7,10.329,125.872,"32 km E of Loreto, Philippines"
1967,6.2,22.1,-4.407,152.411,"17 km ESE of Kokopo, Papua New Guinea"
1967,6.26,364.3,35.388,135.43,"11 km SE of Maizuru, Japan"
1967,6.7,143.6,-24.719,-177.33,south of the Fiji Islands
1967,6.6,23,10.602,-67.326,"32 km W of Catia La Mar, Venezuela"
1967,6.78,161.2,6.747,-73.032,"6 km NNW of Aratoca, Colombia"
1967,6.2,26.2,39.545,40.363,"19 km NW of Yedisu, Turkey"
1967,7.29,13.5,40.67,30.734,"9 km E of Akyazı, Turkey"
1967,6.1,36.8,-33.423,-178.552,south of the Kermadec Islands
1967,6.49,22.8,7.592,134.677,"5 km SE of Ulimang, Palau"
1967,6.34,28.5,-0.88,132.773,"38 km ESE of Fef, Indonesia"
1967,6.13,20.6,5.523,-82.8,"277 km S of Burica, Panama"
1967,6.16,31.4,52.582,-168.224,"58 km SE of Nikolski, Alaska"
1967,6.13,10,8.795,93.543,"Nicobar Islands, India region"
1967,6.45,20,54.378,-158.087,"183 km SSE of Perryville, Alaska"
1967,6.2,46.2,-25.124,-70.454,"31 km N of Taltal, Chile"
1967,6.08,32.4,12.844,122.927,"27 km S of San Rafael, Philippines"
1967,6.13,33.7,52.624,-166.944,"134 km ESE of Nikolski, Alaska"
1967,6.02,163.4,-58.375,-26.956,South Sandwich Islands region
1967,6.2,32.6,-15.339,-173.36,"82 km NE of Hihifo, Tonga"
1967,6.04,39.1,47.599,154.255,Kuril Islands
1967,6.72,179.3,-0.897,101.313,"43 km ESE of Sijunjung, Indonesia"
1967,6.08,109.4,-20.304,-68.821,"139 km E of Iquique, Chile"
1967,6.2,10,-5.444,126.711,"253 km SW of Ambon, Indonesia"
1967,6.7,17.7,5.156,96.302,"7 km SSE of Reuleuet, Indonesia"
1967,6.1,10,-63.677,-167.287,Pacific-Antarctic Ridge
1967,6.17,35.1,-7.185,155.856,"104 km SSE of Panguna, Papua New Guinea"
1967,6.03,25,-6.326,148.873,"75 km W of Kandrian, Papua New Guinea"
1967,6.22,34.4,45.638,151.664,"299 km E of Kuril’sk, Russia"
1967,6.1,21.6,-4.661,-105.817,central East Pacific Rise
1967,6.28,35.4,45.72,151.804,Kuril Islands
1967,6.05,12.7,-11.091,115.271,"253 km S of Nusa Dua, Indonesia"
1967,6.4,14.7,-16.423,168.25,"96 km ESE of Lakatoro, Vanuatu"
1967,6.1,27.7,38.472,116.612,"28 km NW of Cangzhou, China"
1967,6.71,598,-5.972,112.225,"101 km N of Paciran, Indonesia"
1967,6.8,36,45.574,151.179,"261 km E of Kuril’sk, Russia"
1967,6.18,97.7,-6.727,129.744,Banda Sea
1967,6.28,17.8,-3.512,150.909,"104 km S of Kavieng, Papua New Guinea"
1967,6.6,10,39.087,24.676,"22 km NNE of Skýros, Greece"
1967,6,118.9,-0.214,-78.595,"7 km WNW of Quito, Ecuador"
1967,6.01,30.2,26.165,128.526,"63 km SE of Taira, Japan"
1967,6.35,85.4,-9.045,112.956,"94 km SSE of Dampit, Indonesia"
1967,6.5,25,-23.889,-175.025,"282 km S of ‘Ohonua, Tonga"
1967,7.01,600.4,-9.163,-71.274,"124 km SSW of Tarauacá, Brazil"
1967,6.71,26.6,13.728,96.481,"188 km WSW of Dawei, Burma (Myanmar)"
1967,7,14.3,52.806,-34.253,Reykjanes Ridge
1967,7,35,2.906,-74.772,"41 km SE of Baraya, Colombia"
1967,6.14,52.2,-57.938,-25.602,South Sandwich Islands region
1967,6.77,36.2,52.364,-169.561,"79 km SW of Nikolski, Alaska"
1967,6.02,273.2,36.715,71.625,"1 km SE of Ishqoshim, Tajikistan"
1967,6.56,22.8,-0.864,-21.091,central Mid-Atlantic Ridge
1967,6.3,10,-49.871,-114.984,southern East Pacific Rise
1967,6.4,21.8,48.094,102.988,"89 km SSW of Bulgan, Mongolia"
1967,6.96,10,-14.804,-178.75,"85 km SW of Leava, Wallis and Futuna"
1967,6.7,16.6,56.61,120.984,"166 km E of Novaya Chara, Russia"
1967,6.73,46.5,38.282,142.168,"65 km ESE of Onagawa Chō, Japan"
1967,6.24,590.9,-27.335,-63.204,"34 km S of El Hoyo, Argentina"
1967,6.05,25,-11.279,165.665,"62 km SSW of Lata, Solomon Islands"
1967,6.23,35.7,-10.502,161.4,"57 km W of Kirakira, Solomon Islands"
1967,6.1,15,34.052,45.708,"36 km NNE of Mandalī, Iraq"
1967,6,10,-48.85,112.751,southeast Indian Ridge
1967,6.04,36.6,41.856,143.467,"49 km SSE of Hiroo, Japan"
1967,7.05,14.7,48.215,102.987,"77 km SSW of Bulgan, Mongolia"
1967,6.2,15,-11.095,165.56,"48 km SSW of Lata, Solomon Islands"
1967,6.21,15,-11.041,165.695,"36 km SSW of Lata, Solomon Islands"
1967,6.5,31.9,-15.27,-173.584,"79 km NNE of Hihifo, Tonga"
1966,7.24,24.7,-12.509,165.517,"199 km S of Lata, Solomon Islands"
1966,7.8,59,-11.866,166.473,"146 km SSE of Lata, Solomon Islands"
1966,6.16,10,-32.701,-111.889,southern East Pacific Rise
1966,7.67,20,-25.487,-70.531,"9 km SSW of Taltal, Chile"
1966,6.6,55,-7.074,148.278,"74 km SE of Finschhafen, Papua New Guinea"
1966,6.31,230,-19.98,169.834,"75 km SE of Isangel, Vanuatu"
1966,6.22,21.4,14.424,122.001,"26 km NNE of Perez, Philippines"
1966,6.3,578,-26.123,-63.152,"57 km SSE of Taco Pozo, Argentina"
1966,6.33,65,-4.928,144.05,"72 km NNE of Wabag, Papua New Guinea"
1966,6.34,18.8,-3.443,145.622,"185 km ENE of Angoram, Papua New Guinea"
1966,6.56,64.7,14.339,-91.937,"5 km NNW of Champerico, Guatemala"
1966,6.75,125,-13.954,167.045,"55 km W of Sola, Vanuatu"
1966,6.3,34.6,-15.693,167.252,"21 km SSE of Luganville, Vanuatu"
1966,6.12,32.2,41.749,144.302,"102 km SE of Hiroo, Japan"
1966,6.1,113,-31.973,-68.301,"34 km SSE of Nueve de Julio, Argentina"
1966,6.32,32.2,-15.274,-175.106,"159 km WNW of Hihifo, Tonga"
1966,6.08,24.1,19.125,-67.897,"80 km NE of Punta Cana, Dominican Republic"
1966,6.7,10,22.247,145.985,"Volcano Islands, Japan region"
1966,6.87,22.5,-1.631,-15.416,north of Ascension Island
1966,8.1,37.4,-10.704,-78.448,"67 km W of Paramonga, Peru"
1966,6.01,17.5,-11.033,166.753,"109 km ESE of Lata, Solomon Islands"
1966,6.13,20,-60.354,-26.485,South Sandwich Islands region
1966,6.07,11.9,-16.435,-177.246,"252 km SSE of Alo, Wallis and Futuna"
1966,6.16,15,-16.65,-177.251,"274 km SSE of Alo, Wallis and Futuna"
1966,6.9,150,-21.558,170.596,"261 km SSE of Isangel, Vanuatu"
1966,6.25,16,27.447,100.102,"47 km ENE of Judian, China"
1966,6.02,80.3,18.261,-100.985,"9 km WNW of Placeres del Oro, Mexico"
1966,6.39,38.4,-60.211,-27.022,South Sandwich Islands region
1966,6.81,28,-60.236,-27.258,South Sandwich Islands region
1966,6.3,18.6,-23.004,170.773,southeast of the Loyalty Islands
1966,7.71,115,2.388,128.49,"90 km NE of Tobelo, Indonesia"
1966,6.3,26.1,-22.45,170.703,southeast of the Loyalty Islands
1966,6.01,42.9,8.429,126.588,"28 km ENE of Hinatuan, Philippines"
1966,6.1,42.6,-23.719,-175.734,"275 km SSW of ‘Ohonua, Tonga"
1966,6.26,27.1,39.418,41.002,"14 km N of Karlıova, Turkey"
1966,6.8,15.1,39.269,41.568,"14 km NE of Varto, Turkey"
1966,6.07,33.9,0.021,125.062,"84 km SE of Modisi, Indonesia"
1966,6.05,52.9,-0.123,124.965,"86 km SE of Modisi, Indonesia"
1966,6.17,65,14.467,-91.787,"14 km WSW of Retalhuleu, Guatemala"
1966,6.14,15,-21.29,171.496,southeast of the Loyalty Islands
1966,6.11,19.2,13.336,121.394,"9 km E of Estrella, Philippines"
1966,6,98.8,-20.161,-175.228,Tonga
1966,6.5,10,31.633,-114.507,"6 km S of Golfo de Santa Clara, Mexico"
1966,6.9,11.1,50.524,-171.28,"275 km SE of Atka, Alaska"
1966,6.17,33.5,29.956,68.546,"22 km S of Duki, Pakistan"
1966,6.4,594.4,-17.757,-178.55,"228 km E of Levuka, Fiji"
1966,6.39,11.5,56.229,164.805,"144 km E of Ust’-Kamchatsk Staryy, Russia"
1966,6,15,-19.403,-173.31,"109 km SE of Neiafu, Tonga"
1966,6.1,32.1,24.334,125.206,"51 km SSW of Miyakojima, Japan"
1966,6.8,17.6,51.789,179.798,"246 km W of Adak, Alaska"
1966,6.4,112.5,24.739,122.414,"66 km WNW of Yonakuni, Japan"
1966,6.61,26.5,29.702,80.914,"37 km ESE of Dārchulā, Nepal"
1966,6,29.1,29.498,80.835,"28 km NNW of Dipayal, Nepal"
1966,6.98,531.8,-7.24,124.583,"166 km NNW of Maubara, Timor Leste"
1966,6.77,15,-10.042,161.062,"104 km WNW of Kirakira, Solomon Islands"
1966,7.1,15,-10.301,160.922,"110 km W of Kirakira, Solomon Islands"
1966,6.7,241.6,-12.191,167.132,"191 km NNW of Sola, Vanuatu"
1966,6.14,33.1,-21.163,174.484,Vanuatu region
1966,7.03,40,11.358,139.665,"199 km NNW of Fais, Micronesia"
1966,6.2,24.9,-14.87,-75.889,"75 km WSW of Changuillo, Peru"
1966,6.05,30,9.491,126.453,"37 km NE of Cortes, Philippines"
1966,6.6,215.6,36.421,71.224,"40 km SW of Ashk?sham, Afghanistan"
1966,7.02,10,-52.76,160.071,Macquarie Island region
1966,6.06,18.2,13.895,146.396,"145 km SE of San Jose Village, Northern Mariana Islands"
1966,6,30.1,53.931,-164.187,"106 km ESE of Akutan, Alaska"
1966,6,20,24.834,-109.232,"86 km SSW of Topolobampo, Mexico"
1966,6.05,32,51.43,-178.295,"125 km WSW of Adak, Alaska"
1966,6.2,50.2,24.255,122.608,"46 km WSW of Yonakuni, Japan"
1966,6.04,50.9,-5.979,149.711,"31 km NE of Kandrian, Papua New Guinea"
1966,6.37,161,-8.341,-74.142,"44 km E of San Fernando, Peru"
1966,6.07,25.7,-0.595,122.141,"82 km WNW of Luwuk, Indonesia"
1966,6.65,22,-0.964,122.308,"53 km W of Luwuk, Indonesia"
1966,6.05,10.3,35.522,142.165,"122 km ESE of Hasaki, Japan"
1966,6.14,16,35.539,142.068,"113 km ESE of Hasaki, Japan"
1966,6,25.9,41.707,48.179,"4 km NE of Kasumkent, Russia"
1966,6.12,35,56.834,-153.611,"36 km ESE of Akhiok, Alaska"
1966,6.3,35.9,-38.251,-73.044,"32 km W of Traiguén, Chile"
1966,6.1,59.9,-31.444,-71.138,"21 km N of Illapel, Chile"
1966,6.2,44.8,51.287,157.638,"82 km ESE of Ozernovskiy, Russia"
1966,6.3,10,-45.675,95.933,southeast Indian Ridge
1966,6.08,10,37.478,115.076,"29 km WNW of Nangong, China"
1966,6.02,80,23.869,142.248,"Volcano Islands, Japan region"
1966,6,14.3,37.685,115.226,"24 km S of Xinji, China"
1966,6.2,45,24.006,122.958,"51 km S of Yonakuni, Japan"
1966,6.8,11.9,37.578,115.101,"34 km NW of Nangong, China"
1966,6.2,20,37.535,115.039,"35 km WNW of Nangong, China"
1966,6.6,29.9,0.743,29.84,"22 km N of Margherita, Uganda"
1966,6.65,625,-21.149,-179.093,Fiji region
1966,7.5,24.6,24.271,122.688,"38 km SW of Yonakuni, Japan"
1966,6.2,29,1.858,126.306,"138 km ENE of Bitung, Indonesia"
1966,6.2,35,-13.65,166.512,"115 km WNW of Sola, Vanuatu"
1966,6.5,23.7,37.308,114.919,"40 km W of Nangong, China"
1966,6.3,19,31.442,80.507,"133 km NE of Joshīmath, India"
1966,6.7,20,31.525,80.487,"138 km NE of Josh?math, India"
1966,6.04,21.3,-15.251,-172.995,"115 km NE of Hihifo, Tonga"
1966,6.9,58.6,-5.444,151.588,"143 km SSW of Kokopo, Papua New Guinea"
1966,6,10,-55.649,-27.026,South Sandwich Islands region
1966,6.52,18,-32.258,78.829,Mid-Indian Ridge
1966,6.6,41.3,-17.672,168.11,"22 km WNW of Port-Vila, Vanuatu"
1966,6.5,15,20.691,146.186,Mariana Islands region
1966,6.38,39,-56.728,-25.697,South Sandwich Islands region
1966,6.09,17.2,30.235,69.905,"52 km NE of Barkhan, Pakistan"
1966,6.28,18.6,29.95,69.705,"18 km ENE of Barkhan, Pakistan"
1966,6.05,10,26.252,103.174,"104 km NW of Qujing, China"
1966,6.19,10,39.105,21.752,"14 km NE of Kerasochóri, Greece"
1966,6.41,180,-15.899,167.914,"57 km ENE of Lakatoro, Vanuatu"
1966,6,10,-17.053,168.537,"79 km NNE of Port-Vila, Vanuatu"
1966,6.19,26.7,55.829,-153.882,"125 km S of Akhiok, Alaska"
1966,6.2,18.5,33.679,137.244,"81 km SSE of Shima, Japan"
1965,6.22,621.8,-18.096,-178.979,Fiji region
1965,6.25,50.7,58.355,-153.217,"37 km NNW of Aleneva, Alaska"
1965,6.02,10,-32.234,78.737,Mid-Indian Ridge
1965,6.35,20,7.616,-81.997,"63 km SSW of Quebrada de Piedra, Panama"
1965,6.04,31,44.658,150.137,"189 km ESE of Kuril’sk, Russia"
1965,6.15,645,-18.108,-178.062,"277 km E of Levuka, Fiji"
1965,6.39,44.2,17.214,-100.045,"4 km WNW of Las Compuertas, Mexico"
1965,6.04,175,-37.199,177.558,"93 km NNE of Opotiki, New Zealand"
1965,6.27,122.5,-6.458,146.298,"51 km ESE of Kainantu, Papua New Guinea"
1965,6.7,12.1,18.935,-107.215,"219 km WSW of La Cruz de Loreto, Mexico"
1965,6.2,20,-45.813,-73.0,"41 km SSW of Puerto Chacabuco, Chile"
1965,6.14,24.5,2.969,124.828,"164 km N of Manado, Indonesia"
1965,6.55,133.3,-6.193,130.402,"267 km WSW of Tual, Indonesia"
1965,6.07,10,-29.561,-178.444,"Kermadec Islands, New Zealand"
1965,6.46,430,-18.855,-177.721,Fiji region
1965,6,10,30.912,-41.433,northern Mid-Atlantic Ridge
1965,6.1,10,-0.292,-18.707,central Mid-Atlantic Ridge
1965,6.5,53.2,43.776,87.782,"14 km E of Ürümqi, China"
1965,6.4,21.4,30.6,140.241,"Izu Islands, Japan region"
1965,6.12,10,-56.29,-120.838,southern East Pacific Rise
1965,6.05,10,-60.719,153.816,west of Macquarie Island
1965,6.1,10,-22.474,-113.89,Easter Island region
1965,6.7,593.8,-9.031,-71.139,"104 km SSW of Tarauacá, Brazil"
1965,6.69,170,44.12,145.389,"38 km W of Otrada, Russia"
1965,6.04,38.6,52.384,174.33,"93 km SE of Attu Station, Alaska"
1965,6.43,27.9,-1.338,127.701,"82 km SSE of Labuha, Indonesia"
1965,6.22,545.5,-19.921,174.48,Vanuatu region
1965,6.8,16.2,49.94,178.243,south of the Aleutian Islands
1965,6.11,20,59.607,-143.32,"171 km SE of Cordova, Alaska"
1965,6.51,20.7,-28.162,-177.94,Kermadec Islands region
1965,6.03,10,-54.789,-38.301,South Georgia Island region
1965,6.46,40.1,36.424,141.404,"69 km ESE of Takahagi, Japan"
1965,6.69,197.6,28.952,128.227,"138 km WNW of Naze, Japan"
1965,6.97,41.1,36.324,141.398,"73 km E of Ōarai, Japan"
1965,6.52,185.9,-1.443,-77.476,"58 km E of Puyo, Ecuador"
1965,6.02,160,7.156,126.522,"5 km NE of San Ignacio, Philippines"
1965,6.28,10,-6.422,70.739,Chagos Archipelago region
1965,6.19,15,-6.202,151.677,"185 km ESE of Kimbe, Papua New Guinea"
1965,6.33,52.7,-5.4,152.948,"139 km SSE of Kokopo, Papua New Guinea"
1965,6.2,10,6.525,-84.43,"239 km SW of Burica, Panama"
1965,6.79,28.6,58.079,-152.557,"17 km N of Ouzinkie, Alaska"
1965,6.01,101.9,-34.67,179.769,south of the Kermadec Islands
1965,7.4,14.5,16.157,-95.876,"4 km NW of Santa María Zapotitlán, Mexico"
1965,6.7,126.4,-18.971,-68.828,"39 km NNW of Colchane, Chile"
1965,6.71,330,-5.714,128.493,"225 km S of Ambon, Indonesia"
1965,6.22,25,-15.997,167.02,"41 km W of Norsup, Vanuatu"
1965,6.14,35,4.92,95.829,"53 km SSW of Sigli, Indonesia"
1965,6.2,24.3,-0.517,-19.959,central Mid-Atlantic Ridge
1965,6.01,16.6,-15.811,166.895,"43 km SW of Luganville, Vanuatu"
1965,6.07,29.7,-6.425,148.535,"77 km E of Finschhafen, Papua New Guinea"
1965,6.22,46.3,-16.647,167.609,"63 km SSE of Lakatoro, Vanuatu"
1965,7.4,30,-16.123,166.995,"43 km W of Norsup, Vanuatu"
1965,6.85,44,-5.331,152.188,"109 km S of Kokopo, Papua New Guinea"
1965,6.9,47.6,-15.833,167.443,"26 km N of Norsup, Vanuatu"
1965,7.6,47.6,-15.804,167.18,"31 km S of Luganville, Vanuatu"
1965,6.9,31.4,-15.716,167.125,"22 km S of Luganville, Vanuatu"
1965,7.2,18.2,-15.47,166.97,"21 km WNW of Luganville, Vanuatu"
1965,6.48,55.6,-5.2,151.708,"113 km SSW of Kokopo, Papua New Guinea"
1965,7.3,11.1,-56.141,157.884,Macquarie Island region
1965,6.88,22.7,51.016,-171.29,"240 km SE of Atka, Alaska"
1965,6.02,15,-20.794,-175.811,"67 km NW of Houma, Tonga"
1965,6.27,490,-4.408,155.062,"209 km NNW of Arawa, Papua New Guinea"
1965,6.08,24.1,38.414,22.541,"8 km SSW of Aráchova, Greece"
1965,6.07,24,52.708,-34.193,Reykjanes Ridge
1965,7.8,39,53.009,-167.653,"81 km E of Nikolski, Alaska"
1965,6.21,10,-63.145,-163.543,Pacific-Antarctic Ridge
1965,6.02,24.1,-5.087,153.073,"121 km SE of Kokopo, Papua New Guinea"
1965,6.22,21.6,56.536,-152.983,"76 km SSE of Old Harbor, Alaska"
1965,6.26,40.8,7.157,123.632,"39 km SE of Malim, Philippines"
1965,6.03,10,-34.698,-112.404,southern East Pacific Rise
1965,6.33,14.2,-20.897,173.858,Vanuatu region
1965,6.1,70,-37.923,177.534,"23 km ENE of Opotiki, New Zealand"
1965,6.13,35.4,41.716,143.741,"72 km SSE of Hiroo, Japan"
1965,7.1,48.3,44.574,148.912,"109 km SE of Kuril’sk, Russia"
1965,6.07,553.8,-21.126,-178.537,Fiji region
1965,7.7,50,-14.649,167.2,"45 km NNE of Port-Olry, Vanuatu"
1965,6.7,64.1,22.413,121.273,"70 km NE of Hengchun, Taiwan"
1965,6.06,153.1,-6.174,130.358,"271 km WSW of Tual, Indonesia"
1965,6.04,14.2,13.64,-89.164,"3 km SE of San Marcos, El Salvador"
1965,6.7,64.2,47.325,-122.41,"1 km ENE of Dash Point, Washington"
1965,6.1,41.2,21.07,120.796,"103 km S of Hengchun, Taiwan"
1965,6.03,20,24.313,142.749,"Volcano Islands, Japan region"
1965,6.03,15,11.489,140.24,"193 km N of Fais, Micronesia"
1965,6.06,36,34.866,138.321,"0 km SSE of Yaizu, Japan"
1965,6.09,26.6,-59.674,-26.291,South Sandwich Islands region
1965,6.13,40.9,-59.794,-26.494,South Sandwich Islands region
1965,6,10,64.587,-160.231,"53 km ENE of Shaktoolik, Alaska"
1965,6.05,25,-42.704,174.247,"119 km E of Hanmer Springs, New Zealand"
1965,6.28,635,-13.409,170.376,Vanuatu region
1965,6.45,543.7,-17.857,-178.646,"217 km E of Levuka, Fiji"
1965,6.05,53.3,35.038,24.288,"22 km SE of Chóra Sfakíon, Greece"
1965,6.01,15.3,52.178,173.468,"76 km SSE of Attu Station, Alaska"
1965,6.1,22.4,-0.476,119.986,"49 km NNE of Palu, Indonesia"
1965,6.1,16.4,37.458,21.901,"19 km SW of Dimitsána, Greece"
1965,6.07,25.2,-27.034,-176.041,Kermadec Islands region
1965,6.8,60.7,38.339,22.326,"6 km SW of Galaxídhion, Greece"
1965,7.6,23.5,50.286,177.877,"Rat Islands, Aleutian Islands, Alaska"
1965,6.4,34.1,40.739,143.011,"121 km ENE of Kuji, Japan"
1965,7.4,68.3,-32.516,-71.206,"7 km SSE of La Ligua, Chile"
1965,6.18,30.1,-15.297,-173.227,"94 km NE of Hihifo, Tonga"
1965,6.2,46.6,-31.967,-71.537,"50 km SW of Illapel, Chile"
1965,6.5,32.2,-15.321,-173.276,"89 km NE of Hihifo, Tonga"
1965,6.38,28.4,-1.514,126.476,"81 km NE of Sanana, Indonesia"
1965,6.1,43.7,-1.869,119.799,"95 km NW of Masamba, Indonesia"
1965,6.3,224.9,-20.036,-175.89,"141 km NNW of Nuku‘alofa, Tonga"
1965,6.4,35.1,40.738,143.012,"121 km ENE of Kuji, Japan"
1965,7.44,207.8,36.405,70.724,"51 km S of Jurm, Afghanistan"
1965,6.04,20,39.203,23.833,"6 km NNW of Patitírion, Greece"
1965,6.01,48.5,20.146,121.397,"68 km WSW of Basco, Philippines"
1965,6.33,25.7,53.046,171.308,"128 km W of Attu Station, Alaska"
1965,6.83,14.5,-5.499,151.838,"136 km SSW of Kokopo, Papua New Guinea"
1965,6.01,11,-27.221,-177.521,Kermadec Islands region
1965,6,24.2,28.213,-112.192,"71 km SSW of Bahía de Kino, Mexico"
1965,6.23,26.9,51.971,172.997,"98 km S of Attu Station, Alaska"
1965,6.51,37.4,-5.409,152.041,"120 km SSW of Kokopo, Papua New Guinea"
1965,7,41.8,-25.659,-70.632,"31 km SSW of Taltal, Chile"
1965,6.04,30,52.815,171.904,"86 km W of Attu Station, Alaska"
1965,6.3,23.3,53.195,-161.818,"210 km S of King Cove, Alaska"
1965,6.21,32.5,52.105,175.557,"180 km ESE of Attu Station, Alaska"
1965,6.29,21.7,52.998,-162.013,"226 km SSE of False Pass, Alaska"
1965,6.16,33.8,52.42,174.306,"89 km ESE of Attu Station, Alaska"
1965,6.4,26.2,52.999,171.087,"142 km W of Attu Station, Alaska"
1965,6.45,27.1,52.752,171.991,"81 km W of Attu Station, Alaska"
1965,7.39,9,51.436,179.592,"265 km WSW of Adak, Alaska"
1965,8.7,30.3,51.251,178.715,1965 Western Aleutian Islands (Hawadax/Rat Islands) Earthquake
1965,6.13,10,-51.843,139.852,western Indian-Antarctic Ridge
1965,6.11,21.1,37.503,73.23,"98 km SW of Murghob, Tajikistan"
1965,8.2,28.3,-2.633,125.961,1965 Ceram Sea Earthquake
1965,6.01,95,-56.452,-27.043,South Sandwich Islands region
1965,6.7,35,-13.425,166.66,"108 km WNW of Sola, Vanuatu"
1965,6.16,20,-20.601,-173.959,"96 km SSE of Pangai, Tonga"
