이름,분류,질량g,낙하,연도,위도,경도
Aachen,L5,21,Fell,1880,50.775,6.083
Aguila Blanca,L,1440,Fell,1920,-30.867,-64.55
Al Zarnkh,LL5,700,Fell,2001,13.66,28.96
Alfianello,L6,228000,Fell,1883,45.267,10.15
Andura,H6,17900,Fell,1939,20.883,76.867
Arbol Solo,H5,810,Fell,1954,-33.0,-66.0
Athens,LL6,265,Fell,1933,34.75,-87.0
Aztec,L6,2830,Fell,1938,36.8,-108.0
Banswal,L5,14,Fell,1913,30.4,78.2
Bassikounou,H5,29560,Fell,2006,15.783,-5.9
Beddgelert,H5,794,Fell,1949,53.017,-4.1
Benton,LL6,2840,Fell,1949,45.95,-67.55
Bhawad,LL6,678,Fell,2002,26.508,73.115
Bishopville,Aubrite,6000,Fell,1843,34.167,-80.283
Bocas,L6,56,Fell,1804,23.0,-102.0
Boumdeid (2003),L6,190,Fell,2003,17.711,-11.371
Bukhara,CV3,5300,Fell,2001,39.78,64.6
Butsura,H6,29000,Fell,1861,27.083,84.083
Cañellas,H4,945,Fell,1861,41.25,1.667
Castine,L6,94,Fell,1848,44.383,-68.75
Chajari,L5,18300,Fell,1933,-30.783,-58.05
Chaves,Howardite,2945,Fell,1925,41.933,-7.467
Chiang Khan,H6,367,Fell,1981,17.9,101.633
Cold Bokkeveld,CM2,5200,Fell,1838,-33.133,19.383
Crumlin,L5,4255,Fell,1902,54.617,-6.217
Daule,L5,6580,Fell,2008,-1.871,-79.958
Devri-Khera,L6,1140,Fell,1994,24.225,76.525
Djoumine,H5-6,10000,Fell,1999,36.95,9.55
Dowa,Stone-uncl,642,Fell,1976,-13.667,33.917
Duwun,L6,2117,Fell,1943,33.433,127.267
El Idrissia,L6,10000,Fell,1989,34.417,3.25
Ensisheim,LL6,127000,Fell,1491,47.867,7.35
Farmington,L5,89400,Fell,1890,39.75,-97.033
Fisher,L6,17600,Fell,1894,47.817,-96.85
Fuhe,L5,23000,Fell,1945,31.476,113.567
Gao-Guenie,H5,NA,Fell,1960,11.65,-2.183
Glanerbrug,L/LL5,670,Fell,1990,52.2,6.867
Grimsby,H5,215,Fell,2009,43.2,-79.617
Guangrao,L6,1900,Fell,1980,37.1,118.4
Gursum,H4/5,34650,Fell,1981,9.367,42.417
Harleton,L6,8360,Fell,1961,32.675,-94.512
Hessle,H5,20000,Fell,1869,59.85,17.667
Hotse,L6,180,Fell,1956,35.667,115.5
Ichkala,H6,3973,Fell,1936,58.2,82.933
Ishinga,H,1300,Fell,1954,-8.933,33.8
Jamkheir,H6,22,Fell,1866,18.75,75.333
Jodiya,L5,100,Fell,2006,22.68,70.313
Juromenha,"Iron, IIIAB",25250,Fell,1968,38.74,-7.27
Kakangari,K3,350,Fell,1890,12.383,78.517
Kapoeta,Howardite,11355,Fell,1942,4.7,33.633
Kasamatsu,H,710,Fell,1938,35.367,136.767
Kerilis,H5,5000,Fell,1874,48.4,-3.3
Khohar,L3.6,9700,Fell,1910,25.1,81.533
Killeter,H6,140,Fell,1844,54.667,-7.667
Komagome,Iron,238,Fell,1926,35.733,139.75
Kulak,L5,453.6,Fell,1961,30.731,66.802
Kyushu,L6,45000,Fell,1886,32.033,130.633
Lakangaon,Eucrite-mmict,212.5,Fell,1910,21.867,76.033
Lavrentievka,L6,800,Fell,1938,52.45,51.567
Lesves,L6,2000,Fell,1896,50.367,4.733
Lodran,Lodranite,1000,Fell,1868,29.533,71.8
Lumpkin,L6,340,Fell,1869,32.033,-84.767
Macibini,Eucrite-pmict,1995,Fell,1936,-28.833,31.95
Malakal,L5,2000,Fell,1970,9.5,31.75
Mardan,H5,4500,Fell,1948,34.233,72.083
Maromandia,L6,6000,Fell,2002,-14.2,48.1
Maziba,L6,4975,Fell,1942,-1.217,30.0
Merua,H5,71400,Fell,1920,25.483,81.983
Mighei,CM2,8000,Fell,1889,48.067,30.967
Minnichhof,OC,550,Fell,1905,47.7,16.6
Monroe,H4,8600,Fell,1849,35.25,-80.5
Moradabad,L6,70,Fell,1808,28.783,78.833
Mtola,Stone-uncl,1100,Fell,1944,-11.5,33.5
Nagai,L6,1810,Fell,1922,38.122,140.062
Naoki,H6,17000,Fell,1928,19.25,77.0
Nejo,L6,2450,Fell,1970,9.5,35.333
Niger (L6),L6,3.3,Fell,1967,,
Nogata,L6,472,Fell,,33.725,130.75
Nuevo Mercurio,H5,50000,Fell,1978,24.3,-102.133
Ogi,H6,14360,Fell,1741,33.283,130.2
Olivenza,LL5,150000,Fell,1924,38.717,-7.067
Otomi,H,6510,Fell,1867,38.4,140.35
Pacula,L6,3400,Fell,1881,21.05,-99.3
Pampanga,L5,10500,Fell,1859,15.083,120.7
Patrimonio,L6,2121,Fell,1950,-19.533,-48.567
Peckelsheim,Diogenite-pm,117.8,Fell,1953,51.667,9.25
Petersburg,Eucrite-pmict,1800,Fell,1855,35.3,-86.633
Piplia Kalan,Eucrite-mmict,42000,Fell,1996,26.035,73.942
Dominion Range 03240,LL5,290.9,Found,2002,,
Pribram,H5,5555,Fell,1959,49.667,14.033
Queen's Mercy,H6,7000,Fell,1925,-30.117,28.7
Rampurhat,LL,100,Fell,1916,24.167,87.767
Red Canyon Lake,H5,18.41,Fell,2007,38.137,-119.758
Rich Mountain,L6,668,Fell,1903,35.033,-83.033
Roda,Diogenite,400,Fell,1871,42.3,0.55
Sabrum,LL6,478,Fell,1999,23.083,91.667
San Juan Capistrano,H6,56,Fell,1973,33.485,-117.662
Saratov,L4,200000,Fell,1918,52.55,46.55
Sediköy,L6,240,Fell,1917,38.3,27.133
Serra de Magé,Eucrite-cm,1800,Fell,1923,-8.383,-36.767
Sheyang,L6,605,Fell,1976,33.65,120.067
Simmern,H5,1222,Fell,1920,49.983,7.533
Slavetic,H5,1708,Fell,1868,45.683,15.6
Soroti,"Iron, ungrouped",2050,Fell,1945,1.7,33.633
St. Michel,L6,17000,Fell,1910,61.65,27.2
Stretchleigh,Stone-uncl,10400,Fell,1623,50.383,-3.95
Sutter's Mill,C,992.5,Fell,2012,38.804,-120.908
Tamdakht,H5,100000,Fell,2008,31.163,-7.015
Thal,H6,342,Fell,1950,33.4,70.6
Tissint,Martian (shergottite),7000,Fell,2011,29.482,-7.611
Torrington,H6,259.1,Fell,1944,42.067,-104.167
Trysil,L/LL6,640,Fell,1927,61.3,12.3
Ucera,H5,4590,Fell,1970,11.05,-69.85
Umm Ruaba,L5,1700,Fell,1966,13.467,31.217
Valdinizza,L6,1004,Fell,1903,44.867,9.15
Vetluga,Eucrite-mmict,750,Fell,1949,57.8,45.8
Vouillé,L6,20000,Fell,1831,46.633,0.167
Whetstone Mountains,H5,2138.74,Fell,2009,31.962,-110.434
Wuan,H6,50000,Fell,1986,36.75,114.25
Yonozu,H4/5,31650,Fell,1837,37.75,139.0
Zaisan,H5,463,Fell,1963,47.5,83.0
Zhuanghe,H5,2900,Fell,1976,39.667,122.983
Abo,H,1.2,Found,1840,60.433,22.3
Acfer 008,H5,205,Found,1989,27.533,3.7
Acfer 017,L5,446,Found,1989,27.733,4.4
Acfer 026,H5/6,88,Found,1989,27.617,4.05
Acfer 036,L5/6,112,Found,1989,27.583,4.25
Acfer 046,H5,1066,Found,1989,27.783,4.7
Acfer 055,H5,1338,Found,1989,27.5,3.983
Acfer 065,H4-5,1539,Found,1989,27.5,4.283
Acfer 074,L6,384,Found,1990,27.483,3.833
Acfer 083,L6,690,Found,1990,27.483,3.633
Acfer 092,H5,244,Found,1990,27.667,4.517
Acfer 102,L3-5,346,Found,1990,27.667,4.467
Acfer 111,H3-6,987,Found,1990,27.483,3.8
Acfer 119,H3.8,121,Found,1990,27.65,4.233
Acfer 128,L6,163,Found,1990,27.5,4.3
Acfer 137,H4/5,106,Found,1990,27.583,4.083
Acfer 146,H5,200,Found,1990,27.633,4.083
Acfer 155,L6,206,Found,1990,27.667,4.25
Acfer 165,H5-6,84,Found,1990,27.567,4.333
Acfer 174,LL6,127,Found,1990,27.483,3.867
Acfer 183,H5,114,Found,1990,27.583,4.167
Acfer 192,H3.9-5,219,Found,1990,27.65,4.2
Acfer 201,L5,55,Found,1991,27.592,3.918
Acfer 210,H3.7,720,Found,1991,27.497,3.87
Acfer 218,L6,114,Found,1991,27.545,3.743
Acfer 228,L5,2285,Found,1991,27.574,4.12
Acfer 237,H3,673,Found,1991,27.492,3.833
Acfer 247,L4,60,Found,1991,27.636,4.031
Acfer 256,H5/6,235,Found,1991,27.646,4.397
Acfer 265,Mesosiderite,83,Found,1991,27.715,4.193
Acfer 274,H6,203,Found,1991,27.634,4.187
Acfer 283,H5,187,Found,1991,27.701,4.229
Acfer 293,LL6,198,Found,1992,27.666,4.191
Acfer 302,H5,95,Found,1992,27.587,3.964
Acfer 311,CR2,120,Found,1992,27.508,3.844
Acfer 319,L6,2393,Found,1992,27.552,3.816
Acfer 328,CV3,180.07,Found,2001,27.733,4.217
Acfer 337,L3.8,360,Found,2002,27.683,4.267
Acfer 346,LL6,546,Found,2002,27.591,4.663
Acfer 356,EL6,120,Found,2002,27.612,4.529
Acfer 365,L5,1456,Found,2002,27.609,3.936
Acfer 374,CO3,118,Found,2002,26.609,4.053
Acfer 386,L5,200,Found,2004,27.36,3.7
Acfer 395,CR2,394,Found,2001,27.509,3.888
Acme,H5,75000,Found,1947,33.633,-104.267
Admire,"Pallasite, PMG",180000,Found,1881,38.7,-96.1
Adzhi-Bogdo (iron),"Iron, IAB complex",582000,Found,1952,44.867,95.417
Aguemour 004,H5,1137,Found,1990,27.333,4.5
Aguemour 013,L5,364,Found,1993,27.57,4.526
Akmolla,H4,114,Found,1988,39.538,59.558
Al Huqf 005,L6,763.29,Found,2002,19.841,57.008
Al Huqf 051,L6,402.75,Found,2003,19.803,57.321
Al Huqf 060,L~6,913.1,Found,2001,19.405,57.268
Al Huwaysah 001,LL6,3150.5,Found,2009,22.805,55.327
Al Huwaysah 010,Achondrite-ung,1411.8,Found,2010,22.749,55.472
Alaer 002,LL5,1.1,Found,2007,40.333,81.25
Alexander County,"Iron, IAB complex",192,Found,1875,35.75,-81.25
Alkali Flat,L5,28,Found,2011,32.306,-108.904
Allan Hills 06006,H~5,280.9,Found,2006,-76.706,158.776
Allan Hills 09003,L6,15.5,Found,2009,-76.742,159.375
Allan Hills 09014,L5,30.2,Found,2009,0.0,0.0
Allan Hills 82105,L6,363.3,Found,1982,-77.049,157.183
Allan Hills 82114,H5,40.7,Found,1982,-77.036,157.24
Allan Hills 82123,L6,110.8,Found,1982,-76.947,156.93
Allan Hills 82132,EH4,5.9,Found,1982,-76.976,156.949
Allan Hills 82141,H5,0.6,Found,1982,-77.037,157.237
Allan Hills 83006,H5,230.2,Found,1983,-76.719,158.772
Allan Hills 83016,CM2,4.1,Found,1983,-76.823,158.206
Allan Hills 83025,H5,77.8,Found,1983,-76.691,159.382
Allan Hills 83034,H5,6.5,Found,1983,-76.699,159.391
Allan Hills 83043,L6,2.7,Found,1983,-76.822,158.215
Allan Hills 83052,L6,52.8,Found,1983,-76.823,158.213
Allan Hills 83061,H5,33.6,Found,1983,-76.716,158.731
Allan Hills 83070,LL6,215.7,Found,1983,-76.822,158.131
Allan Hills 83105,L6,0.7,Found,1983,-77.041,157.059
Allan Hills 84006,H4/5,16000,Found,1984,-76.762,158.774
Allan Hills 84014,Aubrite,49.4,Found,1984,-76.884,158.675
Allan Hills 84023,Aubrite,262.4,Found,1984,-76.898,158.585
Allan Hills 84033,CM2,60.4,Found,1984,-76.744,158.839
Allan Hills 84042,CM2,51.3,Found,1984,-77.043,157.073
Allan Hills 84051,CM2,34.3,Found,1984,-77.039,157.072
Allan Hills 84061,L6,676.4,Found,1984,-76.993,156.955
Allan Hills 84070,L6,3951.7,Found,1984,-76.908,156.88
Allan Hills 84079,L6,749.6,Found,1984,-76.909,156.879
Allan Hills 84088,H5,297.5,Found,1984,-76.902,156.923
Allan Hills 84097,L6,388.7,Found,1984,-76.91,156.721
Allan Hills 84106,L6,94.7,Found,1984,-76.887,156.933
Allan Hills 84115,H6,194.5,Found,1984,-77.044,157.09
Allan Hills 84125,LL6,76.4,Found,1984,-76.737,158.826
Allan Hills 84134,L6,113.4,Found,1984,-76.9,156.776
Allan Hills 84142,L6,78.5,Found,1984,-77.011,156.946
Allan Hills 84151,H6,112.4,Found,1984,-76.753,158.766
Allan Hills 84160,L6,53.9,Found,1984,-76.923,156.816
Allan Hills 84169,L6,98.4,Found,1984,-76.748,158.846
Allan Hills 84178,H5,0.4,Found,1984,-76.801,158.129
Allan Hills 84188,EH3,3.1,Found,1984,-76.753,158.767
Allan Hills 84197,L6,8.2,Found,1984,-76.757,158.904
Allan Hills 84206,EH3,15.1,Found,1984,-76.751,158.765
Allan Hills 84215,H6,9.2,Found,1984,-76.679,159.342
Allan Hills 84224,H6,7.2,Found,1984,-76.694,159.388
Allan Hills 84232,H4,9.9,Found,1984,-76.711,158.746
Allan Hills 84241,H5,16.7,Found,1984,-76.975,156.923
Allan Hills 84251,H5,34.3,Found,1984,-76.955,156.935
Allan Hills 84260,H5,14.6,Found,1984,-76.733,159.19
Allan Hills 85005,CM2,18.9,Found,1985,-76.978,156.936
Allan Hills 85013,CM2,130.4,Found,1985,-76.891,156.463
Allan Hills 85022,L6,951.5,Found,1985,-76.844,156.367
Allan Hills 85031,H6,200.6,Found,1985,-76.899,156.525
Allan Hills 85040,L6,95.7,Found,1985,-76.818,156.031
Allan Hills 85050,L6,0.9,Found,1985,-76.879,156.497
Allan Hills 85058,L4,0.3,Found,1985,-76.911,156.658
Allan Hills 85067,H5,1.3,Found,1985,-76.679,159.342
Allan Hills 85076,L6,78.3,Found,1985,-76.687,159.347
Allan Hills 85085,CH3,11.9,Found,1985,-76.848,156.42
Allan Hills 85094,H6,8.7,Found,1985,-76.698,159.388
Allan Hills 85103,L6,86.9,Found,1985,-76.916,156.673
Allan Hills 85113,L6,39.9,Found,1985,-76.919,156.583
Allan Hills 85123,L5,15.3,Found,1985,-76.752,159.389
Allan Hills 85132,L6,49.3,Found,1985,-76.851,156.298
Allan Hills 85141,H5,10.6,Found,1985,-76.835,156.443
Allan Hills 85150,L5,13,Found,1985,-76.914,156.539
Allan Hills 85159,EH3,11,Found,1985,-76.856,156.327
Allan Hills 86608,L6,9.8,Found,1986,-76.731,159.416
Allan Hills 87905,L6,28.3,Found,1987,-76.749,159.289
Allan Hills 88008,H4/5,153.5,Found,1988,-76.693,159.348
Allan Hills 88017,H4,70.4,Found,1988,-76.684,159.262
Allan Hills 88026,H5,37.1,Found,1988,-76.691,159.32
Allan Hills 88035,H5,26.6,Found,1988,-76.701,159.311
Allan Hills 88044,L3.4,21,Found,1988,-76.687,159.349
Allan Hills 88053,H4,18.2,Found,1988,-76.721,159.403
Allan Hills 88063,H5/6,13.4,Found,1988,-76.692,159.297
Allan Hills 88072,H5,12.33,Found,1988,-76.723,158.724
Allan Hills 88081,H5,11.14,Found,1988,-76.722,158.734
Allan Hills 88090,H4,9.7,Found,1988,-76.717,159.333
Allan Hills 88100,H5,8.49,Found,1988,-76.717,159.333
Allan Hills 88109,L6,7.19,Found,1988,-76.717,159.333
Allan Hills 88118,H6,5.72,Found,1988,-76.717,159.333
Allan Hills 90401,LL6,274.1,Found,1990,-76.725,159.195
Allan Hills 90410,H5,20.1,Found,1990,-76.978,156.925
Allan Hills 94005,H5,8.2,Found,1994,-76.717,159.667
Allan Hills 94014,L6,22.9,Found,1994,-76.717,159.667
Allan Hills 95102,L6,7,Found,1995,-76.717,159.667
Allan Hills 97101,H5,222.4,Found,1997,-76.717,159.667
Allan Hills 97110,H5,3.6,Found,1997,-76.717,159.667
Allan Hills A76001,L6,20151,Found,1976,-76.75,159.333
Allan Hills A77001,L6,252,Found,1977,-76.75,159.333
Allan Hills A77011,L3.5,291.5,Found,1977,-76.717,159.667
Allan Hills A77021,H5,16.7,Found,1977,-76.717,159.667
Allan Hills A77030,H4/5,0.8,Found,1977,-76.717,159.667
Cumulus Hills 04048,Ureilite,30.3,Found,2003,,
Allan Hills A77047,L3.5,20.5,Found,1977,-76.717,159.667
Allan Hills A77057,H4,3.03,Found,1977,-76.717,159.667
Allan Hills A77066,H5,4.9,Found,1977,-76.717,159.667
Allan Hills A77076,H5,1.7,Found,1977,-76.717,159.667
Allan Hills A77084,H5,44.1,Found,1977,-76.717,159.667
Allan Hills A77093,H4/5,9.05,Found,1977,-76.717,159.667
Allan Hills A77102,H5,12.3,Found,1977,-76.717,159.667
Allan Hills A77113,H5,2,Found,1977,-76.717,159.667
Allan Hills A77123,H5,3.46,Found,1977,-76.717,159.667
Allan Hills A77132,H5,115.4,Found,1977,-76.717,159.667
Allan Hills A77141,H4,11.2,Found,1977,-76.717,159.667
Allan Hills A77150,L6,58.3,Found,1977,-76.717,159.667
Allan Hills A77159,L6,17,Found,1977,-76.717,159.667
Allan Hills A77168,H5,24.7,Found,1977,-76.717,159.667
Allan Hills A77177,H5,368.2,Found,1977,-76.717,159.667
Allan Hills A77187,H5,52.2,Found,1977,-76.717,159.667
Allan Hills A77197,L3.7,20.3,Found,1977,-76.717,159.667
Allan Hills A77206,H5,4.36,Found,1977,-76.717,159.667
Allan Hills A77215,L3.8,819.6,Found,1977,-76.717,159.667
Allan Hills A77224,H4,786.9,Found,1977,-76.717,159.667
Allan Hills A77233,H4,4087,Found,1977,-76.717,159.667
Allan Hills A77243,H5,9.22,Found,1977,-76.717,159.667
Allan Hills A77253,H5,23.6,Found,1977,-76.717,159.667
Allan Hills A77262,H4,861.5,Found,1977,-76.717,159.667
Allan Hills A77270,L6,588.9,Found,1977,-76.717,159.667
Allan Hills A77280,L6,3226,Found,1977,-76.717,159.667
Allan Hills A77289,"Iron, IAB-MG",2186,Found,1977,-76.717,159.667
Allan Hills A77299,H3.7,260.7,Found,1977,-76.717,159.667
Allan Hills A78001,H5,84.5,Found,1978,-76.75,159.5
Allan Hills A78011,L3,4.84,Found,1977,-76.717,159.667
Allan Hills A78020,H4,14.17,Found,1977,-76.717,159.667
Allan Hills A78029,H4,4.1,Found,1978,-76.717,159.667
Allan Hills A78038,L3.4,363,Found,1978,-76.717,159.667
Allan Hills A78047,H5,130.3,Found,1978,-76.717,159.667
Allan Hills A78056,H,10.61,Found,1977,-76.717,159.667
Allan Hills A78065,H6,7.3,Found,1978,-76.717,159.667
Allan Hills A78076,H6,275.6,Found,1978,-76.717,159.667
Allan Hills A78085,H5,219.3,Found,1978,-76.717,159.667
Allan Hills A78094,H5,4,Found,1978,-76.717,159.667
Allan Hills A78103,L6,589.7,Found,1978,-76.717,159.667
Allan Hills A78112,L6,2485,Found,1978,-76.717,159.667
Allan Hills A78121,H5,30.4,Found,1978,-76.717,159.667
Allan Hills A78130,L6,2733,Found,1978,-76.717,159.667
Cumulus Hills 04050,H6,3908,Found,2004,,
Allan Hills A78149,H4,23.2,Found,1978,-76.717,159.667
Allan Hills A78158,Eucrite-pmict,15.1,Found,1978,-76.717,159.667
Allan Hills A78168,H4,33.6,Found,1978,-76.717,159.667
Allan Hills A78177,H5,12.46,Found,1977,-76.717,159.667
Cumulus Hills 04051,H5,1789.9,Found,2004,,
Allan Hills A78194,H5,24.5,Found,1978,-76.717,159.667
Allan Hills A78204,H5,11.11,Found,1977,-76.717,159.667
Allan Hills A78213,H6,9.6,Found,1978,-76.717,159.667
Allan Hills A78222,H5,5.02,Found,1977,-76.717,159.667
Allan Hills A78230,Acapulcoite,3.87,Found,1977,-76.717,159.667
Allan Hills A78239,L3.4,16,Found,1978,-76.717,159.667
Allan Hills A78249,H6,4.2,Found,1978,-76.717,159.667
Allan Hills A78258,H4,8.42,Found,1977,-76.717,159.667
Allan Hills A79006,H5,41,Found,1979,-76.702,159.353
Allan Hills A79014,H5,10.8,Found,1979,-76.717,159.667
Allan Hills A79023,H4,68.1,Found,1979,-76.703,159.393
Allan Hills A79033,L6,280.8,Found,1979,-76.699,159.358
Allan Hills A79042,H5,11.5,Found,1979,-76.689,159.365
Allan Hills A79052,L6,22.6,Found,1979,-76.689,159.363
Allan Hills A80105,L6,445.1,Found,1980,-76.774,159.276
Allan Hills A80116,L6,191.2,Found,1980,-76.774,159.281
Allan Hills A80125,L6,139.2,Found,1980,-76.772,159.285
Allan Hills A81001,Eucrite-unbr,52.9,Found,1981,-76.701,159.403
Allan Hills A81010,Eucrite-pmict,219.1,Found,1981,-76.689,159.379
Allan Hills A81019,H5,1051.2,Found,1981,-76.827,158.211
Allan Hills A81028,L6,80.1,Found,1981,-76.69,159.263
Allan Hills A81037,H6,320.3,Found,1981,-76.717,159.667
Allan Hills A81047,H4,81.2,Found,1981,-76.711,158.785
Allan Hills A81056,H4,1.4,Found,1981,-76.684,159.357
Allan Hills A81065,L3.5,13.1,Found,1981,-76.688,159.361
Allan Hills A81074,H4,8,Found,1981,-76.698,159.398
Allan Hills A81083,H5,6.6,Found,1981,-76.692,159.391
Allan Hills A81092,H4,15.6,Found,1981,-76.693,159.392
Allan Hills A81101,Ureilite,119.2,Found,1981,-76.751,159.334
Allan Hills A81111,H6,210.3,Found,1981,-76.825,158.211
Allan Hills A81120,H5,13.8,Found,1981,-76.704,159.36
Allan Hills A81129,H5,31.6,Found,1981,-76.69,159.343
Allan Hills A81138,H5,4.3,Found,1981,-76.689,159.38
Allan Hills A81147,H4,1.7,Found,1981,-76.695,159.39
Allan Hills A81156,L3.5,19.7,Found,1981,-76.695,159.389
Allan Hills A81165,H5,6.3,Found,1981,-76.662,159.336
Allan Hills A81175,H5,13.2,Found,1981,-76.708,159.368
Allan Hills A81184,L4,16.7,Found,1981,-76.677,159.266
Allan Hills A81193,H6,13.4,Found,1981,-76.692,159.388
Allan Hills A81201,H5,6.5,Found,1981,-76.686,159.333
Allan Hills A81210,H6,0.6,Found,1981,-76.689,159.383
Allan Hills A81219,H5,24.4,Found,1981,-76.683,159.298
Allan Hills A81229,L3.3,40,Found,1981,-76.692,159.35
Allan Hills A81239,H5,31.6,Found,1981,-76.668,159.295
Allan Hills A81248,H6,4.9,Found,1981,-76.684,159.357
Allan Hills A81257,L6,28.7,Found,1981,-76.659,159.344
Allan Hills A81267,H4,26.8,Found,1981,-76.712,158.787
Allan Hills A81276,H5,42.3,Found,1981,-76.687,159.263
Allan Hills A81285,LL6,20,Found,1981,-76.66,159.313
Allan Hills A81293,H5,2,Found,1981,-76.684,159.341
Allan Hills A81303,H6,3.7,Found,1981,-76.681,159.344
Allan Hills A81312,CM2,0.7,Found,1981,-76.689,159.383
Alnif,H5,8000,Found,1992,30.667,-5.167
Angelica,"Iron, IIIAB",14800,Found,1916,44.25,-88.25
Anton,H4,41800,Found,1965,33.782,-102.181
Arabian Peninsula 002,Eucrite,54,Found,2006,,
Arch,CV3,985.8,Found,1972,34.15,-103.22
Armel,L5,9200,Found,1967,39.767,-102.133
Ashmore,H5,55400,Found,1969,32.9,-102.283
as-Sanam,Stone-uncl,NA,Found,1954,22.75,51.167
Asuka 87016,H4,26.23,Found,1987,-72.0,26.0
Asuka 87034,L4,19064.5,Found,1987,-72.0,26.0
Asuka 87078,H4,31.8,Found,1987,-72.0,26.0
Asuka 87095,L6,11.23,Found,1987,-72.0,26.0
Asuka 87110,L6,76.73,Found,1987,-72.0,26.0
Asuka 87127,CK6,19.12,Found,1987,-72.0,26.0
Asuka 87142,L3,27.99,Found,1987,-72.0,26.0
Asuka 87153,L3,142.51,Found,1987,-72.0,26.0
Asuka 87163,L6,49.13,Found,1987,-72.0,26.0
Asuka 87171,H4,45.52,Found,1987,-72.0,26.0
Asuka 87180,L3,133.04,Found,1987,-72.0,26.0
Asuka 87190,LL6,35.24,Found,1987,-72.0,26.0
Asuka 87199,L3,77.76,Found,1987,-72.0,26.0
Asuka 87209,H5,16.89,Found,1987,-72.0,26.0
Asuka 87218,H6,18.12,Found,1987,-72.0,26.0
Asuka 87227,H5,30.09,Found,1987,-72.0,26.0
Asuka 87243,L6,428.66,Found,1987,-72.0,26.0
Asuka 87257,L6,28.27,Found,1987,-72.0,26.0
Asuka 87270,L6,25.7,Found,1987,-72.0,26.0
Asuka 87281,H4,34.68,Found,1987,-72.0,26.0
Asuka 87291,H5,154.59,Found,1987,-72.0,26.0
Asuka 87311,H4,101.42,Found,1987,-72.0,26.0
Asuka 87321,L6,114.88,Found,1987,-72.0,26.0
Asuka 87330,H4,467.39,Found,1987,-72.0,26.0
Asuka 87339,H4,1103.15,Found,1987,-72.0,26.0
Asuka 880036,L6,14.34,Found,1988,-72.0,26.0
Asuka 880073,H5,54.97,Found,1988,-72.0,26.0
Asuka 880615,H5,496.51,Found,1988,-72.0,26.0
Asuka 880625,L6,47.26,Found,1988,-72.0,26.0
Asuka 880636,H4,149.15,Found,1988,-72.0,26.0
Asuka 880645,H4,40.1,Found,1988,-72.0,26.0
Asuka 880658,H4,34.57,Found,1988,-72.0,26.0
Asuka 880668,H4,14.1,Found,1988,-72.0,26.0
Asuka 880684,H3.9,60.26,Found,1988,-72.0,26.0
Asuka 880700,H4,327.5,Found,1988,-72.0,26.0
Asuka 880711,H3.7,59.58,Found,1988,-72.0,26.0
Asuka 880724,H3.8,78.24,Found,1988,-72.0,26.0
Asuka 880734,H4,44.19,Found,1988,-72.0,26.0
Asuka 880745,H3,74.1,Found,1988,-72.0,26.0
Asuka 880756,H5,62.37,Found,1988,-72.0,26.0
Asuka 880765,H4,60.09,Found,1988,-72.0,26.0
Asuka 880774,L3.7,12.21,Found,1988,-72.0,26.0
Asuka 880784,Ureilite,44.23,Found,1988,-72.0,26.0
Asuka 880794,H4,27.98,Found,1988,-72.0,26.0
Asuka 880803,H6,28.19,Found,1988,-72.0,26.0
Asuka 880812,H5,16.94,Found,1988,-72.0,26.0
Asuka 880821,H4,12.57,Found,1988,-72.0,26.0
Asuka 880832,H5,279.34,Found,1988,-72.0,26.0
Asuka 880841,H4,86.63,Found,1988,-72.0,26.0
Asuka 880850,LL6,56.75,Found,1988,-72.0,26.0
Asuka 880859,H5,29.25,Found,1988,-72.0,26.0
Asuka 880869,H3.8,114.34,Found,1988,-72.0,26.0
Asuka 880881,H4,21.59,Found,1988,-72.0,26.0
Asuka 880890,H4,28.12,Found,1988,-72.0,26.0
Asuka 880905,H5,41.2,Found,1988,-72.0,26.0
Asuka 880916,H3.3,15.87,Found,1988,-72.0,26.0
Asuka 880926,H4,82.47,Found,1988,-72.0,26.0
Asuka 880939,H4,23.91,Found,1988,-72.0,26.0
Asuka 880951,H3.8,52.86,Found,1988,-72.0,26.0
Asuka 880968,H4,65.09,Found,1988,-72.0,26.0
Asuka 880978,H5,34.38,Found,1988,-72.0,26.0
Asuka 880987,H5,100.52,Found,1988,-72.0,26.0
Asuka 880997,L6,201.02,Found,1988,-72.0,26.0
Asuka 881006,H4,461.09,Found,1988,-72.0,26.0
Asuka 881016,L6,54.41,Found,1988,-72.0,26.0
Asuka 881025,H5,70.55,Found,1988,-72.0,26.0
Asuka 881036,L5,732.82,Found,1988,-72.0,26.0
Asuka 881045,L6,99.6,Found,1988,-72.0,26.0
Asuka 881057,H5,182.01,Found,1988,-72.0,26.0
Asuka 881067,L6,627.34,Found,1988,-72.0,26.0
Asuka 881076,H4,107.71,Found,1988,-72.0,26.0
Asuka 881085,H4,82.45,Found,1988,-72.0,26.0
Asuka 881095,L5,64.82,Found,1988,-72.0,26.0
Asuka 881106,H5,22.58,Found,1988,-72.0,26.0
Asuka 881116,L5,62.18,Found,1988,-72.0,26.0
Asuka 881126,L6,140.14,Found,1988,-72.0,26.0
Asuka 881136,H4,19.04,Found,1988,-72.0,26.0
Asuka 881146,LL3.9,1989.35,Found,1988,-72.0,26.0
Asuka 881157,H4,387.61,Found,1988,-72.0,26.0
Asuka 881167,L3,243.55,Found,1988,-72.0,26.0
Cumulus Hills 04063,Pallasite,6188.3,Found,2003,,
Asuka 881189,L6,63.97,Found,1988,-72.0,26.0
Asuka 881201,H4,15.25,Found,1988,-72.0,26.0
Asuka 881210,Diogenite,40.16,Found,1988,-72.0,26.0
Asuka 881220,Ureilite,48.97,Found,1988,-72.0,26.0
Asuka 881229,L4,1321.22,Found,1988,-72.0,26.0
Asuka 881238,H5,22.02,Found,1988,-72.0,26.0
Asuka 881248,H4,70.21,Found,1988,-72.0,26.0
Asuka 881258,H3.0,274.09,Found,1988,-72.0,26.0
Asuka 881267,H4,60.49,Found,1988,-72.0,26.0
Asuka 881277,CK5,129.57,Found,1988,-72.0,26.0
Asuka 881288,H4,60.98,Found,1988,-72.0,26.0
Asuka 881298,H3.7,123.21,Found,1988,-72.0,26.0
Asuka 881311,H5,51.16,Found,1988,-72.0,26.0
Asuka 881327,LL3,31.15,Found,1988,-72.0,26.0
Asuka 881339,H5,21.25,Found,1988,-72.0,26.0
Asuka 881352,L6,18.72,Found,1988,-72.0,26.0
Asuka 881363,L4,105.42,Found,1988,-72.0,26.0
Asuka 881375,L5,173.54,Found,1988,-72.0,26.0
Asuka 881385,L6,313.86,Found,1988,-72.0,26.0
Asuka 881395,L6,2140.93,Found,1988,-72.0,26.0
Asuka 881406,EH3,16.49,Found,1988,-72.0,26.0
Asuka 881416,H4,48.69,Found,1988,-72.0,26.0
Asuka 881429,H6,167.35,Found,1988,-72.0,26.0
Asuka 881445,L5,34.39,Found,1988,-72.0,26.0
Asuka 881457,H4,11.82,Found,1988,-72.0,26.0
Asuka 881467,Eucrite-mmict,38.4,Found,1988,-72.0,26.0
Asuka 881476,H5,111.37,Found,1988,-72.0,26.0
Asuka 881494,L3.3,414.65,Found,1988,-72.0,26.0
Asuka 881510,H4,16.19,Found,1988,-72.0,26.0
Asuka 881523,H5,11.11,Found,1988,-72.0,26.0
Asuka 881540,H4,15.45,Found,1988,-72.0,26.0
Asuka 881551,C6,162.48,Found,1988,-72.0,26.0
Asuka 881564,L4,37.22,Found,1988,-72.0,26.0
Asuka 881574,H5,15.29,Found,1988,-72.0,26.0
Asuka 881591,H4,12.94,Found,1988,-72.0,26.0
Asuka 881606,H4,27.89,Found,1988,-72.0,26.0
Asuka 881615,H4,229.75,Found,1988,-72.0,26.0
Asuka 881626,H3.7,80.06,Found,1988,-72.0,26.0
Asuka 881637,L3,195.62,Found,1988,-72.0,26.0
Asuka 881647,LL3,14.33,Found,1988,-72.0,26.0
Asuka 881660,H5,10.45,Found,1988,-72.0,26.0
Asuka 881670,H4,13.3,Found,1988,-72.0,26.0
Asuka 881688,H6,31.56,Found,1988,-72.0,26.0
Asuka 881702,H5,19.03,Found,1988,-72.0,26.0
Asuka 881714,H4,45.54,Found,1988,-72.0,26.0
Asuka 881727,H3,26.96,Found,1988,-72.0,26.0
Asuka 881738,L6,530.84,Found,1988,-72.0,26.0
Asuka 881748,L4,13.57,Found,1988,-72.0,26.0
Asuka 881759,LL3,14.25,Found,1988,-72.0,26.0
Asuka 881769,L4,1079.28,Found,1988,-72.0,26.0
Asuka 881777,L6,55.24,Found,1988,-72.0,26.0
Asuka 881789,H4,272.39,Found,1988,-72.0,26.0
Asuka 881798,H4,373.68,Found,1988,-72.0,26.0
Asuka 881808,LL3,154.76,Found,1988,-72.0,26.0
Asuka 881817,H5,156.56,Found,1988,-72.0,26.0
Asuka 881833,L6,264.83,Found,1988,-72.0,26.0
Asuka 881844,H5,130.71,Found,1988,-72.0,26.0
Asuka 881854,L6,171.3,Found,1988,-72.0,26.0
Asuka 881863,H4,86.7,Found,1988,-72.0,26.0
Asuka 881872,LL3,81.9,Found,1988,-72.0,26.0
Asuka 881883,H4,51.3,Found,1988,-72.0,26.0
Asuka 881893,H6,87.58,Found,1988,-72.0,26.0
Asuka 881905,L6,23.77,Found,1988,-72.0,26.0
Asuka 881916,H4,69.16,Found,1988,-72.0,26.0
Asuka 881927,H6,11.84,Found,1988,-72.0,26.0
Cumulus Hills 04067,Pallasite,7561.9,Found,2003,,
Asuka 881945,H5,64.29,Found,1988,-72.0,26.0
Asuka 881958,H5,154.06,Found,1988,-72.0,26.0
Asuka 881968,H5,26.04,Found,1988,-72.0,26.0
Asuka 881980,H4,400.9,Found,1988,-72.0,26.0
Asuka 881989,Ureilite,38.62,Found,1988,-72.0,26.0
Asuka 881999,H4,201.75,Found,1988,-72.0,26.0
Asuka 882009,H5,89.96,Found,1988,-72.0,26.0
Asuka 882018,L,60.66,Found,1988,-72.0,26.0
Asuka 882029,L6,273.4,Found,1988,-72.0,26.0
Asuka 882039,EL6,383.92,Found,1988,-72.0,26.0
Asuka 882049,H6,250.83,Found,1988,-72.0,26.0
Asuka 882059,EH3,33.52,Found,1988,-72.0,26.0
Asuka 882069,H4,264.61,Found,1988,-72.0,26.0
Asuka 882082,H5,48.97,Found,1988,-72.0,26.0
Asuka 882091,H5,189.63,Found,1988,-72.0,26.0
Asuka 882099,LL4,22.19,Found,1988,-72.0,26.0
Asuka 882109,L,171.03,Found,1988,-72.0,26.0
Asuka 882121,H6,3686,Found,1988,-72.0,26.0
Asuka 9030,L6,67.1,Found,1990,-72.0,26.0
Atwood,L6,2100,Found,1963,40.517,-103.267
Axtell,CV3,6200,Found,1943,31.66,-96.972
Bakhardok,L6,4120,Found,1978,38.6,58.0
Barbacena,"Iron, ungrouped",9026,Found,1918,-21.217,-43.933
Bates Nunataks 00300,Eucrite-unbr,124.6,Found,2000,-80.25,153.5
Bates Nunataks 00310,LL6,20.61,Found,2000,-80.25,153.5
Baygorria,"Iron, IAB complex",80000,Found,1994,-33.0,-56.0
Beckett Nunatak 92601,L6,104,Found,1992,-76.033,160.183
Bella Roca,"Iron, IIIAB",33000,Found,1888,24.9,-105.4
Bendegó,"Iron, IC",5360000,Found,1784,-10.117,-39.2
Berdyansk,L6,2250,Found,1843,46.75,36.817
Biduna Blowhole 004,H5,114.5,Found,2011,-31.033,131.286
Bir Hadi,H5,855,Found,1958,19.417,51.033
Bir Zar 007,L6,5.2,Found,2008,31.922,10.188
Blackwater Draw,H4,1500,Found,1979,34.206,-103.222
Bluebird,L6,3650,Found,2002,35.867,-114.192
Bluewing 007,L4,324,Found,1999,40.282,-118.949
Bluewing 036,L6,10.47,Found,1999,40.267,-118.933
Bogoslovka,H5,2180,Found,1948,52.5,68.8
Boolka,H5,12000,Found,1968,-30.067,141.067
Bou Kra 004,Eucrite-mmict,272.75,Found,2010,26.707,-12.759
Bowesmont,L6,2270,Found,1962,48.683,-97.167
Brewster,L6,17000,Found,1940,39.25,-101.333
Bronco (b),OC,101,Found,1980,33.275,-102.96
Bruno,"Iron, IIAB",13000,Found,1931,52.267,-105.35
Buckley Island 10932,L6,879.9,Found,2010,0.0,0.0
Buckley Island 10942,L6,95.4,Found,2010,0.0,0.0
Buckley Island 10951,L6,26.1,Found,2010,0.0,0.0
Budulan,Mesosiderite-B4,100000,Found,1962,50.567,114.9
Burkhala,"Iron, IAB-ung",1825,Found,1983,63.8,149.0
Butler,"Iron, ungrouped",41000,Found,1874,38.3,-94.367
Caleta el Cobre 001,H6,9,Found,2010,-24.266,-70.033
Caleta el Cobre 010,L4,47,Found,2010,-24.25,-70.517
Calico Rock,"Iron, IIAB",7275,Found,1938,36.083,-92.15
Camel Donga 006,H6,50.96,Found,1992,-30.292,126.588
Camel Donga 015,H6,0.3,Found,1993,-30.12,126.898
Camel Donga 024,L6,0.65,Found,1994,-30.099,126.885
Camel Donga 033,LL6,0.95,Found,1994,-30.092,126.889
Camel Donga 042,H3,37.6,Found,1993,-30.123,126.888
Camel Donga 051,H5,5,Found,1993,-30.309,126.585
Canyon,H?,860,Found,1957,34.967,-101.933
Carbo,"Iron, IID",454000,Found,1923,29.667,-111.5
Carlisle Lakes 005,H5,502,Found,1977,-29.183,127.167
Casey County,"Iron, IAB-MG",723,Found,1877,37.25,-85.0
Catalina 004,Mesosiderite,37.5,Found,2010,-25.233,-69.717
Catalina 013,H4,428,Found,2010,-25.233,-69.717
Catalina 024,H4,312,Found,2009,-25.233,-69.717
Catalina 034,LL5,20,Found,2010,-25.233,-69.717
Cee Vee,H5,3600,Found,1959,34.2,-100.483
Channing,H5,15300,Found,1936,35.717,-102.283
Chico Mountains,"Iron, IIAB",212,Found,1915,29.0,-103.25
Chulafinnee,"Iron, IIIAB",16220,Found,1873,33.5,-85.667
Clark County,"Iron, IIIF",11300,Found,1937,38.0,-84.167
Clover Springs,Mesosiderite-A2,7700,Found,1954,34.45,-111.367
Coffeyville,H5,35900,Found,2006,37.017,-95.667
Colony,CO3.0,3912,Found,1975,35.35,-98.683
Conception Junction,"Pallasite, PMG-an",17000,Found,2006,40.267,-94.683
Cook 006,L4,41.8,Found,1991,-30.507,130.404
Coolamon,L6,393,Found,1921,-34.817,147.133
Copiapo,"Iron, IAB-MG",20000,Found,1863,-27.3,-70.4
Cosmo Newberry,"Iron, IIAB",2156,Found,1980,-27.95,122.883
Coyote Dry Lake 003,H5,255.72,Found,1998,35.088,-116.754
Coyote Dry Lake 080,H5,278.1,Found,1999,35.074,-116.761
Coyote Dry Lake 129,H5,140,Found,2000,35.069,-116.75
Coyote Dry Lake 153,H5,13.87,Found,2001,35.074,-116.764
Coyote Dry Lake 176,H6,187.55,Found,2003,35.055,-116.73
Coyote Dry Lake 275,H4,16.2,Found,2006,35.051,-116.767
Cranbourne,"Iron, IAB-MG",8600000,Found,1854,-38.1,145.3
Cruz del Eje,"Iron, IAB complex",14000,Found,1971,-30.75,-64.783
Cuddeback Dry Lake 008,L6,18.02,Found,2000,35.283,-117.483
Cuddeback Dry Lake 019,L6,10.1,Found,2008,35.305,-117.458
Cumulus Hills 04001,L5,406.2,Found,2003,,
Cumulus Hills 04010,LL5,184.5,Found,2003,,
Cumulus Hills 04019,H6,134.9,Found,2003,,
Cumulus Hills 04028,L5,116.6,Found,2004,,
Cumulus Hills 04037,H5,56,Found,2004,,
Cumulus Hills 04077,Pallasite,9625,Found,2003,,
Dalgety Downs,L4,257000,Found,1941,-25.333,116.183
Daoura,L4,35,Found,1952,29.583,-3.75
Dar al Gani 009,H6,2235,Found,1995,27.153,16.157
Dar al Gani 018,H5,287,Found,1995,27.092,16.3
Dar al Gani 027,CO3,281,Found,1995,27.128,15.971
Dar al Gani 038,LL6,674,Found,1995,27.11,16.352
Dar al Gani 047,L6,240,Found,1995,27.275,16.094
Dar al Gani 056,C3-ung,703,Found,1995,27.268,16.413
Dar al Gani 065,L5,90,Found,1995,27.416,16.194
Dar al Gani 074,H5/6,86,Found,1995,27.16,16.035
Dar al Gani 083,CO3,622,Found,1995,27.16,15.963
Dar al Gani 092,L6,137,Found,1995,27.233,16.029
Dar al Gani 1001,H6,132,Found,1999,27.377,16.302
Dar al Gani 101,H6,842,Found,1996,27.13,16.069
Dar al Gani 1018,H5,181.88,Found,1999,27.632,16.087
Dar al Gani 1026,L3,214,Found,1999,26.907,16.681
Dar al Gani 1034,LL6,232,Found,1999,27.667,15.95
Dar al Gani 1042,Lunar,801,Found,1999,27.182,16.3
Dar al Gani 1051,Martian (shergottite),40.1,Found,2000,27.169,16.135
Dar al Gani 1060,Eucrite,310,Found,2010,26.919,16.657
Dar al Gani 113,H5,290,Found,1996,27.183,16.115
Dar al Gani 122,H6,182,Found,1996,27.108,16.036
Dar al Gani 131,L6,114,Found,1996,27.136,16.32
Dar al Gani 141,L5,145,Found,1996,27.191,16.278
Dar al Gani 151,H5,130,Found,1996,27.185,16.134
Dar al Gani 160,H4,347,Found,1996,27.138,16.272
Dar al Gani 170,H5-6,759,Found,1996,27.7,15.727
Dar al Gani 179,H4,72,Found,1996,27.152,16.197
Dar al Gani 188,CO3,828,Found,1996,27.171,15.945
Dar al Gani 197,H5,46,Found,1996,27.038,16.468
Dar al Gani 206,L6,122,Found,1996,27.625,15.982
Dar al Gani 215,H6,3600,Found,1996,27.128,16.104
Dar al Gani 224,H6,205,Found,1996,27.564,16.152
Dar al Gani 234,L6,244,Found,1997,27.177,16.267
Dar al Gani 243,L6,297,Found,1997,27.216,16.032
Dar al Gani 252,LL6,206,Found,1997,27.114,16.355
Dar al Gani 261,H5/6,220,Found,1997,27.165,16.021
Dar al Gani 270,H5-6,175,Found,1997,27.184,16.129
Dar al Gani 279,H5,120,Found,1997,27.378,16.312
Dar al Gani 288,LL3,110,Found,1997,27.327,16.096
Dar al Gani 298,LL4,2459,Found,1997,26.789,16.705
Dar al Gani 307,L6,370,Found,1997,27.524,16.151
Dar al Gani 316,L6,721,Found,1997,27.244,16.081
Dar al Gani 325,H5,274,Found,1997,28.206,15.636
Dar al Gani 334,L6,422,Found,1997,27.155,16.282
Dar al Gani 343,H4,103,Found,1997,27.155,16.079
Dar al Gani 352,L5,111,Found,1997,27.239,16.13
Dar al Gani 362,L6,527,Found,1997,27.859,15.882
Dar al Gani 371,H6,48,Found,1997,27.835,15.844
Dar al Gani 380,Eucrite-mmict,661,Found,1997,27.442,16.082
Dar al Gani 389,H5,61,Found,1997,27.461,16.195
Dar al Gani 398,H6,502,Found,1998,27.837,15.825
Dar al Gani 407,H6,157,Found,1998,27.409,16.268
Dar al Gani 416,H4,347,Found,1998,27.466,15.914
Dar al Gani 426,H4/5,206,Found,1998,27.379,16.458
Dar al Gani 435,H4-6,192,Found,1998,27.222,16.245
Dar al Gani 444,LL4-5,164,Found,1998,27.388,16.157
Dar al Gani 454,H3.9,161,Found,1998,27.788,15.855
Dar al Gani 463,L6,1916,Found,1998,27.012,15.865
Dar al Gani 472,LL6,482,Found,1998,27.791,15.965
Dar al Gani 481,L6,258,Found,1998,27.369,16.285
Dar al Gani 491,H4,16,Found,1997,27.267,16.067
Dar al Gani 500,H4/5,1030,Found,1997,27.331,16.283
Dar al Gani 509,H4,51,Found,1997,27.267,16.067
Dar al Gani 518,H6,114,Found,1997,27.142,16.087
Dar al Gani 527,L6,63,Found,1997,27.018,16.088
Dar al Gani 536,H6,60,Found,1997,27.201,16.355
Dar al Gani 545,H4,454,Found,1997,27.203,16.082
Dar al Gani 555,L6,11,Found,1997,27.272,16.057
Dar al Gani 564,H6,167.69,Found,1997,26.895,16.552
Dar al Gani 574,CR2,32.5,Found,1998,27.432,16.252
Dar al Gani 583,L6,89.6,Found,1998,27.124,16.112
Dar al Gani 592,L5,182.7,Found,1998,27.634,16.029
Dar al Gani 601,CO3,131,Found,1998,27.07,16.071
Dar al Gani 610,H4,44000,Found,1998,26.85,16.733
Dar al Gani 620,L6,335,Found,1998,27.484,16.305
Dar al Gani 629,H5,65,Found,1998,27.235,16.338
Dar al Gani 638,H4,8170,Found,1998,26.95,16.15
Dar al Gani 647,Eucrite-mmict,1425,Found,1997,27.167,16.133
Dar al Gani 656,L6,578,Found,1999,26.967,16.417
Dar al Gani 665,Ureilite-pmict,363,Found,1999,27.05,16.35
Dar al Gani 674,L6,252,Found,1999,26.983,16.383
Dar al Gani 684,Eucrite,2210,Found,1999,27.083,16.383
Dar al Gani 693,Ureilite,8,Found,1999,27.083,16.367
Dar al Gani 702,L6,96,Found,1999,26.983,16.4
Dar al Gani 711,L6,15,Found,1999,27.167,16.433
Dar al Gani 720,H6,58,Found,1999,26.983,16.383
Dar al Gani 729,L5/6,586,Found,1999,27.1,16.35
Dar al Gani 738,H6,257,Found,1998,27.109,16.06
Dar al Gani 748,H5,265,Found,1998,27.279,16.216
Dar al Gani 757,L6,505,Found,1999,27.832,15.885
Dar al Gani 766,H4,1806,Found,1999,26.971,16.537
Dar al Gani 775,H5,596,Found,1999,26.968,16.45
Dar al Gani 784,H5,50.7,Found,2000,26.983,16.44
Dar al Gani 793,LL6,109,Found,2000,27.464,16.146
Dar al Gani 802,H6,230,Found,2000,27.006,16.473
Dar al Gani 812,H5,2022,Found,2000,26.959,16.456
Dar al Gani 821,H4/5,1103,Found,2000,26.995,16.447
Dar al Gani 830,Ureilite,53.1,Found,2000,27.048,16.384
Dar al Gani 839,H5,12.6,Found,2000,26.991,16.456
Dar al Gani 848,CO3,59,Found,1999,27.083,16.053
Dar al Gani 857,Ureilite,72,Found,1999,27.041,16.372
Dar al Gani 866,L5,261,Found,1999,27.25,16.133
Dar al Gani 876,Martian (shergottite),6.2,Found,1998,27.5,16.5
Dar al Gani 885,H6,102,Found,2000,26.1,16.067
Dar al Gani 894,L3/4,78,Found,2000,27.233,16.1
Dar al Gani 903,H3-6,114,Found,2000,27.123,16.506
Dar al Gani 918,H3-5,200,Found,2000,27.2,16.083
Dar al Gani 927,H6,367,Found,2000,26.983,16.583
Dar al Gani 936,H3-5,522,Found,2000,27.217,16.117
Dar al Gani 947,LL6,436,Found,2000,27.447,16.319
Dar al Gani 956,L6,15000,Found,1997,27.133,15.992
Dar al Gani 965,LL5,216,Found,1998,26.942,16.421
Dar al Gani 974,CR,107,Found,1999,27.029,16.372
Dar al Gani 983,Eucrite-pmict,933,Found,2002,26.738,16.899
Dar al Gani 992,L6,82,Found,2002,27.364,16.28
Daraj 002,L4,4000,Found,1986,29.865,11.692
Daraj 101,H5,2800,Found,1986,29.648,11.747
Daraj 113,H4,226,Found,1986,29.413,11.953
Daraj 127,H5,242,Found,1986,29.6,12.239
Daraj 139,H5,244,Found,1986,29.583,11.783
David Glacier 92301,LL5,108.7,Found,1992,-75.317,162.0
Davy (a),L4,50600,Found,1940,29.1,-97.6
Deakin 002,H4,4.5,Found,1978,-30.883,128.975
Deelfontein,"Iron, IAB-MG",28000,Found,1932,-30.183,23.267
Delphos (c),L5,885,Found,1977,34.05,-103.633
Densmore (1950),H6,11300,Found,1950,39.566,-99.647
Derrick Peak 88017,"Iron, IIAB",63000,Found,1988,-80.067,156.383
Derrick Peak 88025,"Iron, IIAB",1797,Found,1988,-80.067,156.383
Derrick Peak A78009,"Iron, IIAB",138100,Found,1978,-80.067,156.383
Devil Peak,L6,34.7,Found,1999,35.659,-115.373
Dhofar 009,L6,2102,Found,1999,18.282,54.11
Dhofar 018,Howardite,833,Found,2000,18.302,54.153
Dhofar 026,Lunar (anorth),148,Found,2000,18.227,54.112
Dhofar 035,H6,326,Found,1999,19.163,54.637
Dhofar 044,L5,784,Found,1999,19.119,54.795
Dhofar 053,H5,90,Found,1999,19.211,54.719
Dhofar 062,L4/5,275,Found,1999,19.178,54.874
Dhofar 072,H5,112,Found,1999,19.157,54.867
Dhofar 081,Lunar (anorth),174,Found,1999,19.322,54.783
Dhofar 090,H4,690,Found,1999,18.261,54.325
Dhofar 099,L5,504,Found,1999,18.857,54.485
Dhofar 1007,L4,87.77,Found,2003,18.545,54.02
Dhofar 1015,EH4,63.53,Found,2002,18.559,54.082
Dhofar 1023,L(LL)3,69.7,Found,2001,19.288,54.528
Dhofar 1032,L4/5,81.1,Found,2003,18.428,54.171
Dhofar 1040,H5,361,Found,2000,18.786,54.63
Dhofar 1049,L5,121,Found,2000,18.926,54.702
Dhofar 1057,L6,28,Found,2000,18.815,54.633
Dhofar 1065,H5,753,Found,2000,18.874,54.586
Dhofar 1073,CV3,2.72,Found,,19.333,54.782
Dhofar 1081,L5,833,Found,2001,18.745,54.198
Dhofar 1103,H4,316,Found,2004,19.092,54.806
Dhofar 1136,H5,356,Found,2005,19.275,54.673
Dhofar 1168,L4,60.8,Found,2005,19.226,54.967
Dhofar 1190,H4,35,Found,2002,19.137,54.563
Dhofar 122,L6,1556,Found,2000,18.985,54.625
Dhofar 1243,LL4,2510,Found,2005,18.876,54.473
Dhofar 1275,L7,4999,Found,2003,18.829,54.64
Dhofar 1285,Ureilite,406,Found,2002,19.302,54.555
Dhofar 1294,L/LL5,86,Found,2003,19.398,54.53
Dhofar 1303,Ureilite,404,Found,2002,19.302,54.555
Dhofar 1311,H5,66,Found,2005,19.315,54.53
Dhofar 134,H6,868,Found,2000,19.049,54.583
Dhofar 1401,LL~6,42.03,Found,2001,19.191,54.655
Dhofar 141,LL4,160,Found,2000,18.358,54.353
Dhofar 1419,L~6,47.14,Found,2001,19.138,54.674
Dhofar 1427,Ureilite,12.92,Found,2001,19.113,54.819
Dhofar 1435,H5,11.7,Found,2007,18.249,54.004
Dhofar 1443,Lunar,36.7,Found,2001,18.417,54.425
Dhofar 1452,L~6,163,Found,2008,19.016,54.368
Dhofar 1461,L~6,44.7,Found,2008,19.019,54.369
Dhofar 147,L4,200,Found,2000,18.436,54.236
Dhofar 1480,Eucrite-pmict,57.7,Found,2003,19.166,54.672
Dhofar 1488,Eucrite-pmict,3.9,Found,2003,19.168,54.672
Dhofar 1496,LL(L)3,1000,Found,2008,18.687,54.42
Dhofar 1504,L~5,208.2,Found,2009,18.224,54.246
Dhofar 1513,L5,3782,Found,2009,19.338,54.533
Dhofar 1521,L6,1940,Found,2008,18.402,54.547
Dhofar 153,H6,1025,Found,2000,19.111,54.816
Dhofar 1539,H4,1614,Found,2006,18.267,54.425
Dhofar 1547,H4,380,Found,2008,18.585,54.28
Dhofar 1555,H4,605,Found,2009,18.647,54.528
Dhofar 1566,LL5-6,605,Found,2008,18.242,54.106
Dhofar 1576,L5,7700,Found,2010,18.517,54.233
Dhofar 1584,H5,194,Found,2004,18.421,54.428
Dhofar 1592,H5,274,Found,2004,18.918,54.354
Dhofar 161,L4,2506.1,Found,2000,19.271,54.847
Dhofar 1624,H-melt rock,621,Found,2009,18.164,54.275
Dhofar 1633,H5,88,Found,2004,19.142,54.769
Dhofar 1641,CO3,390,Found,2009,18.472,54.128
Dhofar 165,H6,92,Found,2000,19.055,54.579
Dhofar 1658,LL6,3150,Found,2011,18.36,54.407
Dhofar 1666,L4,1300,Found,2011,19.181,54.925
Dhofar 1675,Eucrite-pmict,168,Found,2004,18.259,54.029
Dhofar 1683,H5,318.6,Found,2011,19.654,54.238
Dhofar 1691,H5-6,105.5,Found,2011,18.211,54.3
Dhofar 170,H6,176.2,Found,2000,19.054,54.567
Dhofar 1708,H5,124,Found,2010,18.992,54.595
Dhofar 1717,L3,211,Found,2010,19.082,54.715
Dhofar 1725,L5,263,Found,2011,19.187,54.882
Dhofar 1738,L5,853,Found,,19.327,54.907
Dhofar 1746,H5,19.2,Found,,19.057,54.513
Dhofar 1754,Howardite,580,Found,2001,19.393,54.554
Dhofar 184,L6,66.6,Found,2000,18.856,54.475
Dhofar 193,H4,582,Found,2000,18.687,54.418
Dhofar 202,H4-5,1178.1,Found,2000,19.417,54.757
Dhofar 211,H4,255,Found,2001,18.257,54.182
Dhofar 221,L5,3536,Found,2000,18.252,54.198
Dhofar 230,H4,144,Found,2001,18.998,54.585
Dhofar 240,L5,82.6,Found,2001,19.148,54.778
Dhofar 249,H6,36.6,Found,2001,18.987,54.602
Dhofar 258,H5,110.2,Found,2001,18.709,54.303
Dhofar 267,H5,1910,Found,2000,18.327,54.218
Dhofar 277,L6,1930,Found,2001,18.348,54.337
Dhofar 286,L6,1453,Found,2001,18.127,54.115
Dhofar 295,Ureilite,48,Found,2002,19.208,54.64
Dhofar 304,Lunar (anorth),10,Found,2001,18.403,54.15
Dhofar 313,H5,200,Found,2001,18.452,54.032
Dhofar 322,H5,658,Found,2000,18.337,54.222
Dhofar 331,H5,946,Found,2000,18.142,54.087
Dhofar 341,H5,116,Found,2000,19.328,54.705
Dhofar 350,H5,112,Found,2001,18.822,54.227
Dhofar 359,H5-6,569,Found,2000,18.431,54.456
Dhofar 369,L4,269,Found,2000,19.079,54.794
Dhofar 378,Martian (shergottite),15,Found,2000,18.158,54.113
Dhofar 387,L6,491,Found,2001,19.106,54.81
Dhofar 396,H5,1033,Found,2001,19.036,54.885
Dhofar 407,L5,403,Found,2001,19.285,54.534
Dhofar 419,H6,68,Found,2001,18.763,54.278
Dhofar 429,H4,189,Found,2001,18.809,54.505
Dhofar 438,L6,566,Found,2001,18.795,54.582
Dhofar 450,L6,104,Found,2001,18.913,54.484
Dhofar 460,Lunar (anorth),73.1,Found,2001,18.249,54.007
Dhofar 469,H3-4,309,Found,2001,19.241,54.937
Dhofar 479,H6,2512,Found,2001,19.201,54.652
Dhofar 488,H6,652,Found,2001,19.106,55.046
Dhofar 497,L4,710,Found,2000,18.967,54.642
Dhofar 506,H4,340,Found,2000,18.308,54.173
Dhofar 515,H5,315,Found,2000,19.007,54.393
Dhofar 524,L5,204,Found,2000,19.098,54.5
Dhofar 533,L6,308,Found,2000,18.178,54.182
Dhofar 543,H6,265,Found,2001,19.275,54.459
Dhofar 552,H5,362,Found,2001,18.717,54.368
Dhofar 561,H5,692,Found,2001,18.727,54.371
Dhofar 570,L5,73,Found,2001,18.701,54.369
Dhofar 579,H5/6,206,Found,2001,18.72,54.197
Dhofar 592,L5/6,108,Found,2001,18.692,54.191
Dhofar 601,H6,226,Found,2001,18.688,54.679
Dhofar 611,H4,99,Found,2001,19.139,54.881
Dhofar 620,L6,154,Found,2001,19.167,54.657
Dhofar 629,H5,830,Found,2001,19.109,54.816
Dhofar 638,L6,103,Found,2001,19.203,54.656
Dhofar 647,L6,147,Found,2001,19.182,54.687
Dhofar 656,H4,724,Found,2001,19.091,54.796
Dhofar 665,H5/6,233,Found,2001,19.108,54.812
Dhofar 675,Ureilite,40,Found,2001,19.213,54.629
Dhofar 684,L5,405,Found,2001,19.313,54.719
Dhofar 693,H5,101,Found,2001,19.421,54.795
Dhofar 702,H4,2878,Found,2002,19.165,54.777
Dhofar 711,L5,370,Found,2001,18.498,54.043
Dhofar 720,H4,392,Found,2000,18.945,54.895
Dhofar 731,Lunar (anorth),36,Found,2002,19.333,54.795
Dhofar 749,LL6,1730,Found,2000,18.877,54.78
Dhofar 758,L6,253,Found,2000,18.965,54.757
Dhofar 767,H6,317,Found,2000,18.832,54.766
Dhofar 776,L5,121,Found,2000,18.862,54.679
Dhofar 785,H4/5,98.45,Found,2001,19.082,54.452
Dhofar 794,H6,431.81,Found,2001,19.052,54.463
Dhofar 803,H6,22.43,Found,2001,19.059,54.535
Dhofar 813,L5,75.87,Found,2001,18.55,54.12
Dhofar 822,L5,39.3,Found,2001,19.049,54.493
Dhofar 831,H4,22.29,Found,2001,19.048,54.489
Dhofar 840,H4,126,Found,2002,19.342,54.56
Dhofar 849,L6,146,Found,2001,18.182,54.097
Dhofar 858,H3.9,88,Found,2001,18.222,54.1
Dhofar 910,Lunar (anorth),142,Found,,19.332,54.779
Dhofar 920,L6,26,Found,2003,18.918,54.408
Dhofar 929,L5,602,Found,2002,18.517,54.228
Dhofar 938,LL5,1248,Found,2002,19.405,54.575
Dhofar 948,L5,158,Found,2002,19.398,54.595
Dhofar 957,H4,550,Found,2002,19.092,54.387
Dhofar 968,H4,79,Found,2004,19.297,54.934
Dhofar 979,Ureilite,1063,Found,2004,19.757,54.937
Dhofar 995,H5,243.2,Found,2003,19.14,54.681
Dimmitt (b),OC,2800,Found,1981,34.483,-102.328
Dolores,"Iron, IIIAB",4333,Found,2001,-19.65,-69.95
Dominion Range 03188,L5,701.4,Found,2002,,
Dominion Range 03197,LL5,188.6,Found,2002,,
Dominion Range 03206,H4,70.2,Found,2002,,
Dominion Range 03215,H5,17.3,Found,2002,,
Dominion Range 03225,L5,11.6,Found,2002,,
Dominion Range 03234,L5,17,Found,2002,,
Dominion Range 03258,LL5,393.8,Found,2002,,
Dominion Range 03267,LL5,72.5,Found,2002,,
Dominion Range 03276,LL5,25.53,Found,2003,,
Dominion Range 03285,L6,25.46,Found,2003,,
Dominion Range 03294,L5,31.3,Found,2002,,
Dominion Range 03303,LL5,21.3,Found,2002,,
Dominion Range 03312,H5,16.52,Found,2003,,
Dominion Range 08002,LL-imp melt,173.2,Found,2008,0.0,0.0
Dominion Range 08011,Eucrite-br,3.4,Found,2008,0.0,0.0
Dominion Range 08021,LL5,1009.1,Found,2008,0.0,0.0
Dominion Range 08030,L5,255.3,Found,2008,0.0,0.0
Dominion Range 08039,LL6,89.8,Found,2008,0.0,0.0
Dominion Range 08049,LL5,70.3,Found,2008,0.0,0.0
Dominion Range 08058,LL6,54.2,Found,2008,0.0,0.0
Dominion Range 08067,LL6,28.9,Found,2008,0.0,0.0
Dominion Range 08076,LL6,16.5,Found,2008,0.0,0.0
Dominion Range 08085,LL6,10.3,Found,2008,0.0,0.0
Dominion Range 08094,L5,55.8,Found,2008,0.0,0.0
Dominion Range 08103,LL5,14.7,Found,2008,0.0,0.0
Dominion Range 08113,LL6,58.6,Found,2008,0.0,0.0
Dominion Range 08122,L6,11.3,Found,2008,0.0,0.0
Dominion Range 08131,H5,9.5,Found,2008,0.0,0.0
Dominion Range 08140,LL6,39.1,Found,2008,0.0,0.0
Dominion Range 08149,H6,43.4,Found,2008,0.0,0.0
Dominion Range 08158,L6,6.9,Found,2008,0.0,0.0
Dominion Range 08167,H5,37.3,Found,2008,0.0,0.0
Dominion Range 08177,LL6,31,Found,2008,0.0,0.0
Dominion Range 08186,LL6,74.4,Found,2008,0.0,0.0
Dominion Range 08195,LL6,40.7,Found,2008,0.0,0.0
Dominion Range 08204,LL6,24.1,Found,2008,0.0,0.0
Dominion Range 08213,LL5,9.3,Found,2008,0.0,0.0
Dominion Range 08222,LL6,16.6,Found,2008,0.0,0.0
Dominion Range 08231,LL6,23.3,Found,2008,0.0,0.0
Dominion Range 08241,LL6,20.6,Found,2008,0.0,0.0
Dominion Range 08250,L6,22.9,Found,2008,0.0,0.0
Dominion Range 08259,LL6,64.2,Found,2008,0.0,0.0
Dominion Range 08268,LL6,30,Found,2008,0.0,0.0
Dominion Range 08277,LL6,21,Found,2008,0.0,0.0
Dominion Range 08287,LL6,12.6,Found,2008,0.0,0.0
Dominion Range 08296,L6,23.7,Found,2008,0.0,0.0
Dominion Range 08307,L5,9.6,Found,2008,0.0,0.0
Dominion Range 08316,LL6,20.3,Found,2008,0.0,0.0
Dominion Range 08325,LL6,18.9,Found,2008,0.0,0.0
Dominion Range 08334,LL6,19.8,Found,2008,0.0,0.0
Dominion Range 08343,LL6,1,Found,2008,0.0,0.0
Dominion Range 08352,H6,14.6,Found,2008,0.0,0.0
Dominion Range 08360,L6,14.6,Found,2008,0.0,0.0
Dominion Range 08370,L6,4.4,Found,2008,0.0,0.0
Dominion Range 08379,L6,1.2,Found,2008,0.0,0.0
Dominion Range 08388,L6,6.1,Found,2008,0.0,0.0
Dominion Range 08397,L-imp melt,68.8,Found,2008,0.0,0.0
Dominion Range 08406,L5,45.9,Found,2008,0.0,0.0
Dominion Range 08415,L6,42,Found,2008,0.0,0.0
Dominion Range 08424,LL6,53.1,Found,2008,0.0,0.0
Dominion Range 08434,LL6,85.6,Found,2008,0.0,0.0
Dominion Range 08443,L5,20.1,Found,2008,0.0,0.0
Dominion Range 08452,L6,9.6,Found,2008,0.0,0.0
Dominion Range 08461,L6,122.4,Found,2008,0.0,0.0
Dominion Range 08470,LL6,36.3,Found,2008,0.0,0.0
Dominion Range 08479,L6,11.9,Found,2008,0.0,0.0
Dominion Range 08488,LL6,25.2,Found,2008,0.0,0.0
Dominion Range 08498,LL6,16.9,Found,2008,0.0,0.0
Dominion Range 08507,LL6,37.5,Found,2008,0.0,0.0
Dominion Range 08516,LL6,22,Found,2008,0.0,0.0
Dominion Range 10014,LL5,43.8,Found,2010,0.0,0.0
Dominion Range 10023,L6,10.4,Found,2010,0.0,0.0
Dominion Range 10043,LL6,33.1,Found,2010,0.0,0.0
Dominion Range 10103,Eucrite-br,73.6,Found,2010,0.0,0.0
Dominion Range 10314,LL5,52.6,Found,2010,0.0,0.0
Dominion Range 10323,LL6,8.3,Found,2010,0.0,0.0
Dominion Range 10352,H5,24.8,Found,2010,0.0,0.0
Dominion Range 10361,H5,9.2,Found,2010,0.0,0.0
Dominion Range 10480,L6,12.9,Found,2010,0.0,0.0
Dominion Range 10489,LL6,12.7,Found,2010,0.0,0.0
Dominion Range 10503,LL6,73.7,Found,2010,0.0,0.0
Dominion Range 10513,LL6,30.2,Found,2010,0.0,0.0
Dominion Range 10532,H6,8.5,Found,2010,0.0,0.0
Dominion Range 10541,LL5,30.4,Found,2010,0.0,0.0
Dominion Range 10566,L5,38.5,Found,2010,0.0,0.0
Dominion Range 10598,L6,28.1,Found,2010,0.0,0.0
Dominion Range 10607,LL5,27.1,Found,2010,0.0,0.0
Dominion Range 10636,LL6,17.8,Found,2010,0.0,0.0
Dominion Range 10816,L6,22.5,Found,2010,0.0,0.0
Dominion Range 85501,H5,126.2,Found,1985,-85.333,166.5
Dominion Range 85510,L6,31.7,Found,1985,-85.333,166.5
Dos Cabezas,L5,755,Found,1998,32.295,-109.67
Duchesne,"Iron, IVA",22700,Found,1906,40.383,-110.867
Dungannon,"Iron, IAB-MG",13000,Found,1922,36.85,-82.45
Edmond,H6,4000,Found,1983,39.767,-99.917
El Atchane 004,H4/5,133,Found,1991,29.763,4.235
El Atchane 013,H5,720,Found,2002,29.975,4.667
El Burro,"Iron, IIAB",35900,Found,1939,29.333,-101.833
El Djouf 007,H5,4500,Found,1989,23.667,-1.817
El Médano 005,L6,582,Found,2010,-24.85,-70.533
El Médano 014,H4,54,Found,2010,-24.85,-70.533
El Médano 023,L6,115,Found,2010,-24.85,-70.533
El Médano 033,H5,45,Found,2010,-24.85,-70.533
El Médano 042,L6,22.6,Found,2011,-24.85,-70.533
El Médano 051,L6,28.9,Found,2011,-24.85,-70.533
El Médano 060,H3,29,Found,2011,-24.85,-70.533
El Médano 069,H6,65,Found,2011,-24.85,-70.533
El Médano 078,L6,1228,Found,2011,-24.85,-70.533
El Médano 087,H4,13.9,Found,2011,-24.85,-70.533
El Médano 097,L5-6,229,Found,2011,-24.85,-70.533
El Médano 106,H5/6,91,Found,2011,-24.85,-70.533
El Médano 115,H5,84,Found,2011,-24.85,-70.533
El Médano 124,H5,39,Found,2011,-24.85,-70.533
El Médano 133,LL6,397,Found,2011,-24.85,-70.533
El Médano 142,L6,20.5,Found,2011,-24.85,-70.533
El Médano 151,H4,12.6,Found,2011,-24.85,-70.533
El Médano 161,H5,91,Found,2011,-24.85,-70.533
El Médano 170,L4,3893,Found,2011,-24.85,-70.533
El Mirage,"Iron, IIAB",598,Found,1972,33.683,-112.267
El Rancho Grande,Pallasite,40.7,Found,1954,37.0,-105.0
Elephant Moraine 82602,H4,1824.1,Found,1982,-76.291,157.208
Elephant Moraine 82611,L4,12.6,Found,1982,-76.319,157.281
Elephant Moraine 83203,H5,545.6,Found,1983,-76.329,157.23
Elephant Moraine 83213,LL3.7,2727,Found,1983,-76.283,157.232
Elephant Moraine 83222,L6,317,Found,1983,-76.301,157.269
Elephant Moraine 83231,Eucrite-pmict,66.4,Found,1983,-76.296,157.238
Elephant Moraine 83241,L6,203.3,Found,1983,-76.271,157.16
Elephant Moraine 83251,Eucrite-pmict,261.4,Found,1983,-76.286,157.24
Elephant Moraine 83260,L3.3-3.7,15.4,Found,1983,-76.329,157.223
Elephant Moraine 83269,L5,8.5,Found,1983,-76.326,157.165
Elephant Moraine 83279,L6,35.6,Found,1983,-76.279,157.225
Elephant Moraine 83288,H6,37.7,Found,1983,-76.298,157.217
Elephant Moraine 83297,L6,17.5,Found,1983,-76.308,157.166
Elephant Moraine 83306,L6,41.8,Found,1983,-76.306,157.31
Elephant Moraine 83316,L6,51.1,Found,1983,-76.328,157.231
Elephant Moraine 83325,L6,93.4,Found,1983,-76.325,157.188
Elephant Moraine 83336,L6,130,Found,1983,-76.329,157.197
Elephant Moraine 83347,H5,37.2,Found,1983,-76.281,157.231
Elephant Moraine 83355,C2-ung,66.2,Found,1983,-76.286,157.279
Elephant Moraine 83364,L6,204.9,Found,1983,-76.304,157.173
Elephant Moraine 83373,H6,158.9,Found,1983,-76.317,157.26
Elephant Moraine 83383,L6,116.8,Found,1983,-76.329,157.204
Elephant Moraine 83392,L6,163.8,Found,1983,-76.324,157.179
Elephant Moraine 83401,LL6,111.7,Found,1983,-76.307,157.184
Elephant Moraine 84307,L6,5.1,Found,1984,-76.282,157.25
Elephant Moraine 87504,"Iron, IAB-ung",10.7,Found,1987,-76.183,157.167
Elephant Moraine 87513,Howardite,394.5,Found,1987,-76.273,156.463
Elephant Moraine 87522,CM2,68.6,Found,1987,-76.268,156.514
Elephant Moraine 87532,Eucrite-pmict,193.5,Found,1987,-76.285,157.245
Elephant Moraine 87541,L6,1161.4,Found,1987,-75.986,155.698
Elephant Moraine 87550,H5,1639.8,Found,1987,-76.183,157.167
Elephant Moraine 87560,H5,389.9,Found,1987,-76.183,157.167
Elephant Moraine 87569,L6,211.3,Found,1987,-76.275,156.502
Elephant Moraine 87578,L6,350,Found,1987,-76.183,157.167
Elephant Moraine 87587,L6,102.6,Found,1987,-76.276,156.503
Elephant Moraine 87596,L6,90,Found,1987,-76.273,156.506
Elephant Moraine 87605,L6,45.1,Found,1987,-76.27,156.473
Elephant Moraine 87614,L6,16.4,Found,1987,-76.28,156.454
Elephant Moraine 87624,L6,17.2,Found,1987,-76.27,156.474
Elephant Moraine 87632,L6,8.2,Found,1987,-76.275,156.507
Elephant Moraine 87641,L6,18.5,Found,1987,-76.283,156.441
Elephant Moraine 87650,L6,23.2,Found,1987,-76.28,156.446
Elephant Moraine 87659,L6,4.3,Found,1987,-76.269,156.473
Elephant Moraine 87668,L6,70.3,Found,1987,-76.277,156.452
Elephant Moraine 90329,L6,22.5,Found,1990,-76.281,156.436
Elephant Moraine 87685,L5,44.3,Found,1987,-76.183,157.167
Elephant Moraine 87694,L6,23.4,Found,1987,-76.282,156.441
Elephant Moraine 87703,L6,8.1,Found,1987,-76.183,157.167
Elephant Moraine 87712,H5,35.4,Found,1987,-76.183,157.167
Elephant Moraine 87720,Ureilite-pmict,91.3,Found,1987,-76.183,157.167
Elephant Moraine 87729,L6,1.4,Found,1987,-76.043,156.096
Elephant Moraine 87738,L6,3,Found,1987,-76.271,156.473
Elephant Moraine 87748,L6,3.9,Found,1987,-76.282,156.45
Elephant Moraine 87757,H6,54.8,Found,1987,-76.183,157.167
Elephant Moraine 87766,L6,18.9,Found,1987,-76.283,156.455
Elephant Moraine 87775,L6,16.8,Found,1987,-76.283,156.457
Elephant Moraine 87784,L6,15.1,Found,1987,-76.282,156.457
Elephant Moraine 87793,H6,1.3,Found,1987,-76.183,157.167
Elephant Moraine 87802,L6,1.3,Found,1987,-76.285,156.453
Elephant Moraine 87812,CR2,11.9,Found,1987,-76.04,156.046
Elephant Moraine 87821,H5,152.5,Found,1987,-76.183,157.167
Elephant Moraine 87830,L6,70.8,Found,1987,-76.284,156.455
Elephant Moraine 87839,L6,12.1,Found,1987,-76.284,156.446
Elephant Moraine 87848,L6,1.5,Found,1987,-76.183,157.167
Elephant Moraine 87857,L6,22.6,Found,1987,-76.283,156.454
Elephant Moraine 90006,CK5,23.9,Found,1990,-76.285,156.448
Elephant Moraine 90016,CK5,45.1,Found,1990,-76.29,156.435
Elephant Moraine 90025,CK5,45.8,Found,1990,-76.282,156.399
Elephant Moraine 90034,L6,1413.6,Found,1990,-76.282,156.402
Elephant Moraine 90043,CO3,12.5,Found,1990,-76.268,156.427
Elephant Moraine 90052,CK5,10.7,Found,1990,-76.279,156.427
Elephant Moraine 90061,L6,10.1,Found,1990,-76.268,156.45
Elephant Moraine 90070,L6,106.5,Found,1990,-76.268,156.456
Elephant Moraine 90081,L6,39.1,Found,1990,-76.281,156.501
Elephant Moraine 90090,L6,16.7,Found,1990,-76.281,156.471
Elephant Moraine 90099,L6,11.7,Found,1990,-76.268,156.449
Elephant Moraine 90108,L6,15.4,Found,1990,-76.271,156.453
Elephant Moraine 90117,L6,26.1,Found,1990,-76.271,156.452
Elephant Moraine 90126,L6,5.5,Found,1990,-76.28,156.431
Elephant Moraine 90135,L6,15.5,Found,1990,-76.269,156.455
Elephant Moraine 90145,L6,26.8,Found,1990,-76.28,156.514
Elephant Moraine 90154,L6,18.1,Found,1990,-76.274,156.509
Elephant Moraine 90163,L6,9,Found,1990,-76.287,156.477
Elephant Moraine 90172,L6,15.3,Found,1990,-76.279,156.5
Elephant Moraine 90181,L6,15.4,Found,1990,-76.275,156.499
Elephant Moraine 90190,L6,5.4,Found,1990,-76.266,156.522
Elephant Moraine 90200,L6,6.7,Found,1990,-76.285,156.486
Elephant Moraine 90210,L6,20.5,Found,1990,-76.286,156.487
Elephant Moraine 90219,L6,8.6,Found,1990,-76.273,156.496
Elephant Moraine 90228,L6,6,Found,1990,-76.284,156.48
Elephant Moraine 90237,H5,157.2,Found,1990,-76.265,156.542
Elephant Moraine 90245,L6,19,Found,1990,-76.288,156.468
Elephant Moraine 90254,L6,12.8,Found,1990,-76.278,156.53
Elephant Moraine 90263,L6,4.8,Found,1990,-76.289,156.457
Elephant Moraine 90273,H5,8.6,Found,1990,-76.281,156.432
Elephant Moraine 90282,L6,15.3,Found,1990,-76.28,156.476
Elephant Moraine 90291,L6,11.1,Found,1990,-76.271,156.456
Elephant Moraine 90300,L6,45.1,Found,1990,-76.28,156.466
Elephant Moraine 90309,L6,36.5,Found,1990,-76.281,156.438
Elephant Moraine 90318,L6,10.9,Found,1990,-76.281,156.433
Elephant Moraine 90327,L6,11.8,Found,1990,-76.268,156.455
Elephant Moraine 90338,L6,2.1,Found,1990,-76.289,156.428
Elephant Moraine 90347,L6,0.6,Found,1990,-76.267,156.46
Elephant Moraine 90356,L6,99.9,Found,1990,-76.266,156.409
Elephant Moraine 90365,L6,16,Found,1990,-76.273,156.427
Elephant Moraine 90373,L6,6.5,Found,1990,-76.27,156.435
Elephant Moraine 90382,L6,14.5,Found,1990,-76.267,156.438
Elephant Moraine 90391,L6,59.8,Found,1990,-76.269,156.424
Elephant Moraine 90401,L6,13.4,Found,1990,-76.272,156.427
Elephant Moraine 90410,L6,29.7,Found,1990,-76.27,156.424
Elephant Moraine 90419,L6,2.1,Found,1990,-76.277,156.375
Elephant Moraine 90428,CK5,7.3,Found,1990,-76.293,156.35
Elephant Moraine 90437,L6,10.8,Found,1990,-76.269,156.433
Elephant Moraine 90446,L6,84.7,Found,1990,-76.27,156.444
Elephant Moraine 90455,L6,85.9,Found,1990,-76.28,156.434
Elephant Moraine 90464,L6,159.1,Found,1990,-76.268,156.42
Elephant Moraine 90473,L6,50.1,Found,1990,-76.274,156.431
Elephant Moraine 90482,L6,66,Found,1990,-76.274,156.422
Elephant Moraine 90491,L6,107.1,Found,1990,-76.274,156.437
Elephant Moraine 90500,L6,107.6,Found,1990,-76.28,156.507
Elephant Moraine 90509,L6,8.7,Found,1990,-76.287,156.431
Elephant Moraine 90518,L6,20.9,Found,1990,-76.285,156.441
Elephant Moraine 90528,L6,14.9,Found,1990,-76.287,156.437
Elephant Moraine 90537,L6,17.6,Found,1990,-76.281,156.47
Elephant Moraine 90545,L6,8.3,Found,1990,-76.287,156.438
Elephant Moraine 90554,L6,19.1,Found,1990,-76.283,156.463
Elephant Moraine 90563,L6,4.2,Found,1990,-76.285,156.441
Elephant Moraine 90572,L6,28.9,Found,1990,-76.268,156.441
Elephant Moraine 90581,L6,18.4,Found,1990,-76.282,156.477
Elephant Moraine 90591,L6,6.2,Found,1990,-76.287,156.44
Elephant Moraine 90600,L6,34.2,Found,1990,-76.275,156.407
Elephant Moraine 90609,L6,39.7,Found,1990,-76.274,156.425
Elephant Moraine 90618,L6,42.5,Found,1990,-76.272,156.431
Elephant Moraine 90627,L6,19.3,Found,1990,-76.27,156.435
Elephant Moraine 90635,L6,1.3,Found,1990,-76.275,156.389
Elephant Moraine 90644,L6,1.3,Found,1990,-76.275,156.39
Elephant Moraine 90654,L6,16.5,Found,1990,-76.272,156.437
Elephant Moraine 90663,L6,33.5,Found,1990,-76.27,156.408
Elephant Moraine 90672,L6,72.1,Found,1990,-76.28,156.424
Elephant Moraine 90681,L6,40,Found,1990,-76.279,156.42
Elephant Moraine 90690,L6,24.9,Found,1990,-76.273,156.443
Elephant Moraine 90699,L6,19.1,Found,1990,-76.278,156.398
Elephant Moraine 90708,L6,13.8,Found,1990,-76.28,156.417
Elephant Moraine 90718,H5,2.8,Found,1990,-76.267,156.45
Elephant Moraine 90727,L6,117.2,Found,1990,-76.271,156.483
Elephant Moraine 90736,L6,20.3,Found,1990,-76.269,156.442
Elephant Moraine 90745,L4,5,Found,1990,-76.289,156.411
Elephant Moraine 90754,L6,13.6,Found,1990,-76.281,156.444
Elephant Moraine 90763,L6,4.9,Found,1990,-76.286,156.438
Elephant Moraine 90772,L6,52.3,Found,1990,-76.284,156.469
Elephant Moraine 90782,L6,3.6,Found,1990,-76.293,156.436
Elephant Moraine 90791,L6,14.4,Found,1990,-76.284,156.461
Elephant Moraine 90800,L6,10.2,Found,1990,-76.284,156.437
Elephant Moraine 90809,L6,5,Found,1990,-76.287,156.437
Elephant Moraine 90818,L6,13.2,Found,1990,-76.282,156.455
Elephant Moraine 90827,L6,4,Found,1990,-76.287,156.441
Elephant Moraine 90836,L5,6.9,Found,1990,-76.283,156.473
Graves Nunataks 06209,L5,52.2,Found,2006,,
Elephant Moraine 90853,L6,32.7,Found,1990,-76.282,156.511
Elephant Moraine 90862,L6,9.6,Found,1990,-76.285,156.482
Elephant Moraine 90871,L6,38.4,Found,1990,-76.288,156.476
Elephant Moraine 90879,L6,32.5,Found,1990,-76.286,156.495
Elephant Moraine 90888,L6,25,Found,1990,-76.285,156.492
Elephant Moraine 90897,L6,14.8,Found,1990,-76.285,156.505
Elephant Moraine 90907,L6,30.1,Found,1990,-76.281,156.495
Elephant Moraine 90918,L6,0.6,Found,1990,-76.267,156.45
Elephant Moraine 90927,L6,22.9,Found,1990,-76.27,156.435
Elephant Moraine 90936,L6,25.5,Found,1990,-76.27,156.435
Elephant Moraine 90945,L6,41.2,Found,1990,-76.274,156.428
Elephant Moraine 90954,L6,14.9,Found,1990,-76.272,156.436
Elephant Moraine 90963,L6,11.6,Found,1990,-76.268,156.441
Elephant Moraine 90973,L6,18,Found,1990,-76.276,156.433
Elephant Moraine 90981,L6,3.8,Found,1990,-76.271,156.436
Elephant Moraine 90990,H5,16.1,Found,1990,-76.278,156.477
Elephant Moraine 92006,C2,0.8,Found,1992,-76.05,156.455
Elephant Moraine 92015,Howardite,4.1,Found,1992,-76.05,156.031
Elephant Moraine 92024,LL6,15.4,Found,1992,-76.083,156.019
Elephant Moraine 92033,H5,735.6,Found,1992,-76.031,156.007
Elephant Moraine 92043,L6,204.7,Found,1992,-76.055,156.03
Elephant Moraine 92052,CR2,89.6,Found,1992,-76.055,156.014
Elephant Moraine 92061,L5,79.1,Found,1992,-76.049,156.426
Elephant Moraine 92070,CR2,17.8,Found,1992,-76.06,156.011
Elephant Moraine 92079,L6,4.4,Found,1992,-76.06,156.048
Elephant Moraine 92088,H5,15.1,Found,1992,-76.046,156.458
Elephant Moraine 92097,L6,0.5,Found,1992,-76.034,156.143
Elephant Moraine 92107,CR2,10.9,Found,1992,-76.042,156.066
Elephant Moraine 92115,H5,22.1,Found,1992,-76.057,156.338
Elephant Moraine 92124,H5,1.9,Found,1992,-76.049,156.357
Elephant Moraine 92133,L4,11.4,Found,1992,-76.016,155.855
Elephant Moraine 92142,L6,0.9,Found,1992,-76.019,155.981
Elephant Moraine 92152,CR2,38.8,Found,1992,-76.036,155.951
Elephant Moraine 92161,CR2,51.2,Found,1992,-76.04,156.012
Elephant Moraine 92171,CR2,24,Found,1992,-76.034,156.031
Elephant Moraine 92180,CR2,14.7,Found,1992,-76.022,156.027
Elephant Moraine 92189,CR2,11.1,Found,1992,-76.043,156.015
Elephant Moraine 96005,CM2,1.36,Found,1996,-76.183,157.167
Elephant Moraine 96014,CM2,2.34,Found,1996,-76.183,157.167
Elephant Moraine 96023,H6,897,Found,1996,-76.183,157.167
Elephant Moraine 96032,L4,435.7,Found,1996,-76.183,157.167
Elephant Moraine 96042,Ureilite,249.8,Found,1996,-76.183,157.167
Elephant Moraine 96051,L6,154.7,Found,1996,-76.183,157.167
Elephant Moraine 96060,L6,84.8,Found,1996,-76.183,157.167
Elephant Moraine 96069,H6,5,Found,1996,-76.183,157.167
Elephant Moraine 96078,L6,2.6,Found,1996,-76.183,157.167
Elephant Moraine 96087,H6,13.4,Found,1996,-76.183,157.167
Elephant Moraine 96096,CM2,12.7,Found,1996,-76.183,157.167
Elephant Moraine 96106,L4,21.1,Found,1996,-76.183,157.167
Elephant Moraine 96115,H5,4.4,Found,1996,-76.183,157.167
Elephant Moraine 96126,L6,2.4,Found,1996,-76.183,157.167
Elephant Moraine 96135,EH4/5,95.7,Found,1996,-76.183,157.167
Elephant Moraine 96143,H6,35.7,Found,1996,-76.183,157.167
Elephant Moraine 96152,L6,63.4,Found,1996,-76.183,157.167
Elephant Moraine 96161,L6,2.3,Found,1996,-76.183,157.167
Elephant Moraine 96171,L6,27.6,Found,1996,-76.183,157.167
Elephant Moraine 96179,L6,5.3,Found,1996,-76.183,157.167
Elephant Moraine 96188,L/LL3.2,16.4,Found,1996,-76.183,157.167
Elephant Moraine 96198,H6,0.3,Found,1996,-76.183,157.167
Elephant Moraine 96207,L6,2.6,Found,1996,-76.183,157.167
Elephant Moraine 96216,L3.8,0.9,Found,1996,-76.183,157.167
Elephant Moraine 96225,L5,1.3,Found,1996,-76.183,157.167
Elephant Moraine 96234,L4,2.3,Found,1996,-76.183,157.167
Elephant Moraine 96243,L4,14.7,Found,1996,-76.183,157.167
Elephant Moraine 96252,L6,48.9,Found,1996,-76.183,157.167
Elephant Moraine 96261,L6,62.5,Found,1996,-76.183,157.167
Elephant Moraine 96269,H6,5.9,Found,1996,-76.183,157.167
Elephant Moraine 96278,H6,22.7,Found,1996,-76.183,157.167
Elephant Moraine 96288,H4,33.3,Found,1996,-76.183,157.167
Elephant Moraine 96297,H5,2.9,Found,1996,-76.183,157.167
Elephant Moraine 96306,H6,1.3,Found,1996,-76.183,157.167
Elephant Moraine 96315,H6,46.6,Found,1996,-76.183,157.167
Elephant Moraine 96325,L6,2.1,Found,1996,-76.183,157.167
Elephant Moraine 96334,H6,5.6,Found,1996,-76.183,157.167
Elephant Moraine 96343,L6,19.7,Found,1996,-76.183,157.167
Elephant Moraine 99400,Howardite,233.8,Found,1999,-76.183,157.167
Elephant Moraine 99409,L6,400.2,Found,1999,-76.183,157.167
Elephant Moraine 99418,L5,83.2,Found,1999,-76.183,157.167
Elephant Moraine 99427,H5,38.8,Found,1999,-76.183,157.167
Elephant Moraine 99436,H6,4.2,Found,1999,-76.183,157.167
Elephant Moraine 99445,H5,4.9,Found,1999,-76.183,157.167
Elephant Moraine 99454,H5,25,Found,1999,-76.183,157.167
Elephant Moraine A79006,Eucrite-pmict,716.4,Found,1979,-76.291,157.223
Elida (c),H5,385.5,Found,1968,33.79,-103.563
El-Oued,H4,2305,Found,1952,31.533,8.883
Emsland,"Iron, ungrouped",19000,Found,1940,53.1,7.2
Esperance,L/LL3.4,397,Found,1991,-33.867,121.917
Euclid,H5,2500,Found,1970,47.958,-96.7
Farley,H5,19400,Found,1936,36.333,-104.05
Fife,H5,8600,Found,2003,31.39,-99.406
Fish Canyon,"Iron, IAB complex",27.3,Found,1992,31.735,-110.753
Floydada (b),H5,6266,Found,1999,33.983,-101.333
Forrest 004,L6,64,Found,1970,-30.467,128.2
Forrest 013,L6,26.9,Found,1982,-30.15,128.083
Forrest 022,L5,7.46,Found,1992,-30.773,127.947
Forrest 031,H4,0.83,Found,1992,-30.738,127.954
Fort Pierre,"Iron, IIIAB",15900,Found,1856,44.35,-100.383
Frankel City,L6,4700,Found,1977,32.333,-102.745
Frontier Mountain 01002,H3,13.6,Found,2001,-72.953,160.505
Frontier Mountain 01011,H5,11.6,Found,2001,-72.964,160.537
Frontier Mountain 01020,H6,2.3,Found,2001,-72.99,160.403
Frontier Mountain 01030,Ureilite,6,Found,2001,-72.991,160.403
Frontier Mountain 01039,H3/4,22,Found,2001,-72.989,160.407
Frontier Mountain 01049,H3/4,44.1,Found,2001,-72.989,160.406
Frontier Mountain 01058,H4,1.3,Found,2001,-72.989,160.406
Frontier Mountain 01067,H3,8.4,Found,2001,-72.989,160.407
Frontier Mountain 01076,H4/5,2.1,Found,2001,-72.991,160.405
Frontier Mountain 01085,H4,4.2,Found,2001,-72.989,160.408
Frontier Mountain 01094,L/LL3,3.7,Found,2001,-72.954,160.453
Frontier Mountain 01103,L4,2,Found,2001,-72.954,160.413
Frontier Mountain 01113,H6,31.2,Found,2001,-72.954,160.462
Frontier Mountain 01122,H4-5,3.5,Found,2001,-72.952,160.464
Frontier Mountain 01131,H3,2,Found,2001,-72.992,160.4
Frontier Mountain 01141,H5/6,13.9,Found,2001,-72.992,160.4
Frontier Mountain 01150,H6,11,Found,2001,-72.96,160.649
Frontier Mountain 01159,H3,0.6,Found,2001,-72.989,160.402
Frontier Mountain 01168,H5,4,Found,2001,-72.952,160.521
Frontier Mountain 03006,H6,8.4,Found,2003,-72.952,160.506
Frontier Mountain 03015,H5,2.65,Found,2003,-72.952,160.521
Frontier Mountain 03024,H4,1.53,Found,2003,-72.953,160.452
Frontier Mountain 03033,H~5,2.55,Found,2003,-72.952,160.509
Frontier Mountain 03042,H4,15.47,Found,2003,-72.951,160.516
Frontier Mountain 03051,H6,5.54,Found,2003,-72.954,160.492
Frontier Mountain 03061,H3-4,1.75,Found,2004,-72.988,160.406
Frontier Mountain 03071,H5/6,0.17,Found,2004,-72.953,160.443
Frontier Mountain 03081,H4,42.9,Found,2003,-72.989,160.406
Frontier Mountain 03090,L6,6.1,Found,2004,-72.995,160.389
Frontier Mountain 03099,H5,17.16,Found,2004,-72.952,160.501
Frontier Mountain 09008,L3,27,Found,2009,-72.953,160.46
Frontier Mountain 09017,L4,2.3,Found,2009,-72.953,160.48
Frontier Mountain 10002,H6,2.7,Found,2011,-72.953,160.48
Frontier Mountain 10044,H4,15.2,Found,2011,-72.964,160.511
Frontier Mountain 10077,H6,3.5,Found,2011,-72.967,160.528
Frontier Mountain 10098,LL3,2.1,Found,2011,-72.953,160.485
Frontier Mountain 84002,L6,48.2,Found,1984,-72.955,160.473
Frontier Mountain 84011,H4,1.9,Found,1984,-72.955,160.473
Frontier Mountain 84020,H5,1.2,Found,1984,-72.955,160.473
Frontier Mountain 84029,H5,2.4,Found,1984,-72.955,160.473
Frontier Mountain 90002,H5/6,22.1,Found,1991,-72.955,160.48
Frontier Mountain 90011,Lodranite,1.8,Found,1990,-72.955,160.473
Frontier Mountain 90021,H5,1.3,Found,1990,-72.955,160.473
Frontier Mountain 90030,H4,7.2,Found,1990,-72.953,160.524
Frontier Mountain 90039,L4,8.8,Found,1990,-72.954,160.504
Frontier Mountain 90048,H6,20.3,Found,1990,-72.955,160.438
Frontier Mountain 90057,H6,3.8,Found,1990,-72.953,160.515
Frontier Mountain 90067,H6,8.9,Found,1990,-72.954,160.501
Frontier Mountain 90077,L3,3.2,Found,1990,-72.956,160.458
Frontier Mountain 90088,H6,1.6,Found,1991,-72.953,160.446
Frontier Mountain 90097,H6,2.2,Found,1990,-72.953,160.522
Frontier Mountain 90108,H5,2.2,Found,1990,-72.954,160.502
Frontier Mountain 90119,L6,3,Found,1991,-72.956,160.439
Frontier Mountain 90129,H6,1.9,Found,1990,-72.954,160.501
Frontier Mountain 90139,H6,2.18,Found,1990,-72.953,160.527
Frontier Mountain 90149,H4,13.8,Found,1990,-72.953,160.522
Frontier Mountain 90158,H4-5,23.33,Found,1990,-72.954,160.503
Frontier Mountain 90167,H4,10.84,Found,1990,-72.955,160.445
Frontier Mountain 90177,H4,0.32,Found,1990,-72.955,160.473
Frontier Mountain 90189,L6,2.66,Found,1990,-72.954,160.443
Frontier Mountain 90202,H3.9/4,9.73,Found,1990,-72.955,160.473
Frontier Mountain 90212,L6/7,3.7,Found,1990,-72.956,160.436
Frontier Mountain 90225,H3,8.4,Found,1990,-72.956,160.438
Frontier Mountain 90235,L6,23.94,Found,1991,-72.956,160.441
Frontier Mountain 93001,Acapulcoite/Lodranite,4.86,Found,1993,-72.956,160.491
Frontier Mountain 93010,H5,3.06,Found,1993,-72.982,160.438
Frontier Mountain 93019,H6,2.61,Found,1993,-72.982,160.438
Frontier Mountain 93028,H4,10.19,Found,1993,-72.951,160.457
Frontier Mountain 93038,L6,1.8,Found,1993,-72.951,160.454
Frontier Mountain 93049,H3.6,10.6,Found,1993,-72.99,160.408
Frontier Mountain 95006,H6,121.7,Found,1995,-72.965,160.431
Frontier Mountain 95015,H4,1.9,Found,1995,-72.988,160.409
Frontier Mountain 95024,H4,6.3,Found,1995,-72.953,160.508
Frontier Mountain 95034,H6,1.2,Found,1995,-72.955,160.409
Frontier Mountain 95043,L6,5.7,Found,1995,-72.951,160.509
Frontier Mountain 97005,L5,1,Found,1997,-72.953,160.439
Frontier Mountain 97015,H6,0.7,Found,1997,-72.953,160.447
Frontier Mountain 97027,H6,20.5,Found,1997,-72.952,160.518
Frontier Mountain 97036,H5,1,Found,1997,-72.989,160.412
Frontier Mountain 97045,Eucrite-pmict,14.9,Found,1997,-72.989,160.407
Frontier Mountain 97054,H6,1.8,Found,1997,-72.99,160.409
Frontier Mountain 97064,H5,3.5,Found,1997,-72.991,160.404
Frontier Mountain 99009,H6,6.3,Found,1999,-72.946,160.378
Frontier Mountain 99018,H4,10.1,Found,1999,-72.994,160.399
Frontier Mountain 99027,L4,8.2,Found,1999,-72.956,160.435
Frontier Mountain 99036,H3/4,6.1,Found,1999,-72.988,160.404
Fuzzy Creek,"Iron, IVA",2700,Found,,31.611,-99.904
Garden Head,"Iron, IAB-sHH",1296,Found,1944,49.817,-108.46
Gebel Kamil,"Iron, ungrouped",1600000,Found,2009,22.018,26.088
Geologists Range 99106,H5,62.8,Found,1999,-82.5,155.5
Geologists Range 99115,H6,8.9,Found,1999,-82.5,155.5
Geologists Range 99124,H6,3.2,Found,1999,-82.5,155.5
Gerzeh,Iron,NA,Found,1911,29.317,31.283
Gilzem,H5,436,Found,1987,49.874,6.506
Glorieta Mountain,"Pallasite, PMG-an",148000,Found,1884,35.6,-105.8
Goodland,L4,3628,Found,1923,39.35,-101.667
Granada Creek,H,479,Found,1975,37.967,-102.333
Graves Nunataks 06103,L5,1015.8,Found,2006,,
Graves Nunataks 06112,L5,996.3,Found,2006,,
Graves Nunataks 06121,L5,1072.8,Found,2006,,
Graves Nunataks 06130,CV3,13.6,Found,2006,,
Graves Nunataks 06139,LL5,148,Found,2006,,
Graves Nunataks 06148,L6,362.6,Found,2006,0.0,0.0
Graves Nunataks 06158,CM2,1.3,Found,2006,,
Graves Nunataks 06167,LL6,4.9,Found,2006,,
Graves Nunataks 06176,L5,95.8,Found,2006,0.0,0.0
Graves Nunataks 06184,L6,37.4,Found,2006,,
Graves Nunataks 06193,L5,4.2,Found,2006,,
Graves Nunataks 06202,L5,65.6,Found,2006,,
Graves Nunataks 06224,L5,3.8,Found,2006,,
Graves Nunataks 06234,L5,4.1,Found,2006,,
Graves Nunataks 95209,Lodranite,948.8,Found,1995,-86.717,-141.5
Graves Nunataks 95218,H5,79.1,Found,1995,-86.717,-141.5
Graves Nunataks 95227,L5,36.4,Found,1995,-86.717,-141.5
Graves Nunataks 98003,L5,426.7,Found,1998,-86.717,-141.5
Graves Nunataks 98012,H5,530,Found,1998,-86.717,-141.5
Graves Nunataks 98021,H5,81.3,Found,1998,-86.717,-141.5
Graves Nunataks 98031,H4,2309.8,Found,1998,-86.717,-141.5
Graves Nunataks 98040,H5,542.6,Found,1998,-86.717,-141.5
Graves Nunataks 98049,L6,2341.9,Found,1998,-86.717,-141.5
Graves Nunataks 98058,L5,105.7,Found,1998,-86.717,-141.5
Graves Nunataks 98067,Eucrite-br,53.2,Found,1998,-86.717,-141.5
Graves Nunataks 98076,H6,29.2,Found,1998,-86.717,-141.5
Graves Nunataks 98085,L6,43.7,Found,1998,-86.717,-141.5
Graves Nunataks 98095,L6,31.9,Found,1998,-86.717,-141.5
Graves Nunataks 98104,L6,15.2,Found,1998,-86.717,-141.5
Graves Nunataks 98113,Eucrite-br,63.7,Found,1998,-86.717,-141.5
Graves Nunataks 98122,H6,12.9,Found,1998,-86.717,-141.5
Graves Nunataks 98132,H6,14.6,Found,1998,-86.717,-141.5
Graves Nunataks 98142,L6,9.1,Found,1998,-86.717,-141.5
Graves Nunataks 98151,H6,52.8,Found,1998,-86.717,-141.5
Graves Nunataks 98161,H6,7.7,Found,1998,-86.717,-141.5
Graves Nunataks 98170,H5,21,Found,1998,-86.717,-141.5
Graves Nunataks 98179,H6,18.7,Found,1998,-86.717,-141.5
Great Bear Lake,H6,40,Found,1936,66.0,-120.0
Great Sand Sea 008,LL3-6,450,Found,1996,26.594,25.622
Great Sand Sea 026,H6,100,Found,2007,28.189,25.622
Great Sand Sea 038,H5,146.04,Found,2007,26.826,27.142
Grein 003,H6,490.6,Found,1997,20.568,11.346
Grosvenor Mountains 03003,L5,10640,Found,2003,,
Grosvenor Mountains 03012,L5,1184,Found,2003,,
Grosvenor Mountains 03021,L5,607.9,Found,2003,,
Grosvenor Mountains 03030,L5,895.3,Found,2003,,
Grosvenor Mountains 03039,L5,386.9,Found,2003,,
Grosvenor Mountains 03049,L5,311.3,Found,2003,,
Grosvenor Mountains 03059,L5,625.3,Found,2003,,
Grosvenor Mountains 03068,L5,288.2,Found,2003,,
Grosvenor Mountains 03077,L5,201.1,Found,2003,,
Grosvenor Mountains 03086,H4,131.7,Found,2003,,
Grosvenor Mountains 03095,H6,140.3,Found,2003,,
Grosvenor Mountains 03104,H5,142.2,Found,2003,,
Grosvenor Mountains 03113,LL5,100.9,Found,2003,,
Grosvenor Mountains 03123,L5,86.3,Found,2003,,
Grosvenor Mountains 03132,L5,69.5,Found,2003,,
Grosvenor Mountains 03141,LL5,26.6,Found,2003,,
Grosvenor Mountains 03150,LL4,40.7,Found,2003,,
Grosvenor Mountains 03159,LL5,10,Found,2003,,
Grosvenor Mountains 03168,L5,16.8,Found,2003,,
Grosvenor Mountains 06056,L5,500.6,Found,2006,,
Grosvenor Mountains 06066,L6,292.7,Found,2006,,
Grosvenor Mountains 06075,H6,41.5,Found,2006,,
Grosvenor Mountains 06084,L6,50.7,Found,2006,,
Grosvenor Mountains 06093,LL5,3.4,Found,2006,,
Grosvenor Mountains 85204,L6,1754.7,Found,1985,-85.667,175.0
Grosvenor Mountains 85213,L6,4364.4,Found,1985,-85.667,175.0
Grosvenor Mountains 95503,L6,4801.5,Found,1995,-85.667,175.0
Grosvenor Mountains 95513,L6,851.7,Found,1995,-85.667,175.0
Grosvenor Mountains 95522,"Iron, IIIAB",962.5,Found,1995,-85.667,175.0
Grosvenor Mountains 95531,L6,723.3,Found,1995,-85.667,175.0
Grosvenor Mountains 95540,L5,255.1,Found,1995,-85.667,175.0
Grosvenor Mountains 95549,L5,180.3,Found,1995,-85.667,175.0
Grosvenor Mountains 95558,L3,202.4,Found,1995,-85.667,175.0
Grosvenor Mountains 95567,L6,154.5,Found,1995,-85.667,175.0
Grosvenor Mountains 95576,L6,53.4,Found,1995,-85.667,175.0
Grosvenor Mountains 95585,L6,88.6,Found,1995,-85.667,175.0
Grosvenor Mountains 95594,L6,77.3,Found,1995,-85.667,175.0
Grosvenor Mountains 95603,L6,43.1,Found,1995,-85.667,175.0
LaPaz Icefield 031048,LL5,5.3,Found,2003,,
Grosvenor Mountains 95620,L5,161.3,Found,1995,-85.667,175.0
Grosvenor Mountains 95630,L6,71.5,Found,1995,-85.667,175.0
Grosvenor Mountains 95641,L4,21.9,Found,1995,-85.667,175.0
Grosvenor Mountains 95650,L6,84.3,Found,1995,-85.667,175.0
Grosvenor Mountains 95659,H6,6.9,Found,1995,-85.667,175.0
Grove Mountains 020001,L4,3.37,Found,2002,-73.097,75.175
Grove Mountains 020010,LL3,2.5,Found,2002,-73.114,75.105
Grove Mountains 020019,LL5,10.1,Found,2002,-73.084,75.216
Grove Mountains 020028,LL4,10.1,Found,2002,-73.073,75.269
Grove Mountains 020038,L4,25.6,Found,2002,-73.144,75.058
Grove Mountains 020047,L5,8.9,Found,2003,-72.999,75.228
Grove Mountains 020056,L6,5.46,Found,2003,-72.999,75.198
Grove Mountains 020065,H5,2.33,Found,2003,-72.997,75.223
Grove Mountains 020074,H4,1.48,Found,2003,-72.996,75.21
Grove Mountains 020083,H4,1.12,Found,2003,-72.996,75.213
Grove Mountains 020093,H6,1.06,Found,2003,-72.996,75.206
Grove Mountains 020104,LL3,26.1,Found,2003,-72.981,75.26
Grove Mountains 020113,H4,1.28,Found,2003,-72.98,75.26
Grove Mountains 020121,H5,14.5,Found,2003,-72.978,75.259
Grove Mountains 020130,H4,139.7,Found,2003,-72.977,75.26
Grove Mountains 020140,H6,7.08,Found,2003,-72.977,75.259
Grove Mountains 020149,L5,8.89,Found,2003,-72.977,75.267
Grove Mountains 020158,L4,1101.8,Found,2003,-72.977,75.271
Grove Mountains 020168,H5,11.5,Found,2003,-72.978,75.263
Grove Mountains 020180,H5,0.55,Found,2003,-72.978,75.264
Grove Mountains 020197,H5,0.52,Found,2003,-72.993,75.206
Grove Mountains 020211,H5,1.05,Found,2003,-72.993,75.206
Grove Mountains 020224,L5,6.4,Found,2003,-72.987,75.21
Grove Mountains 020236,H5,72.9,Found,2003,-72.983,75.229
Grove Mountains 020249,H4,1.06,Found,2003,-72.983,75.229
Grove Mountains 020261,H5,0.68,Found,2003,-72.983,75.229
Grove Mountains 020281,Mesosiderite,1.79,Found,2003,-72.979,75.261
Grove Mountains 020293,L5,6.79,Found,2003,-72.984,75.246
Grove Mountains 020310,L5,1.31,Found,2003,-72.984,75.246
Grove Mountains 020325,L6,1.35,Found,2003,-72.984,75.246
Grove Mountains 020339,L5,0.64,Found,2003,-72.984,75.246
Grove Mountains 020356,L4,0.67,Found,2003,-72.984,75.246
Grove Mountains 020395,L5,0.44,Found,2003,-72.984,75.246
Grove Mountains 020574,L6,13.11,Found,2003,-72.984,75.247
Grove Mountains 020590,L5,1.06,Found,2003,-72.984,75.246
Grove Mountains 020773,L6,0.47,Found,2003,-72.984,75.25
Grove Mountains 020817,L5,0.65,Found,2003,-72.983,75.249
Grove Mountains 020921,L5,1.2,Found,2003,-72.984,75.246
Grove Mountains 020942,L6,0.44,Found,2003,-72.984,75.246
Grove Mountains 021205,H5,0.45,Found,2003,-72.984,75.246
Grove Mountains 021476,L6,3.38,Found,2003,-72.941,75.29
Grove Mountains 021488,L5,108.2,Found,2003,-72.959,75.31
Grove Mountains 021498,L3,0.63,Found,2003,-72.941,75.301
Grove Mountains 021507,H6,9.33,Found,2003,-72.946,75.269
Grove Mountains 021517,H5,96.36,Found,2003,-72.936,75.314
Grove Mountains 021535,H4,0.7,Found,2003,-72.963,75.226
Grove Mountains 021554,H4,1.51,Found,2003,-72.935,75.319
Grove Mountains 021569,H4,19.67,Found,2003,-72.94,75.286
Grove Mountains 021579,CO3,6.6,Found,2003,-72.965,75.215
Grove Mountains 021589,H5,67.42,Found,2003,-72.966,75.23
Grove Mountains 021600,H4,24.51,Found,2003,-72.825,75.356
Grove Mountains 021610,L5,49.85,Found,2003,-72.824,75.292
Grove Mountains 021622,H5,0.55,Found,2003,-72.784,75.297
Grove Mountains 021635,L6,6.55,Found,2003,-72.785,75.299
Grove Mountains 021651,L5,35.15,Found,2003,-72.776,75.348
Grove Mountains 021665,H6,1.29,Found,2003,-72.773,75.338
Grove Mountains 021675,L6,56.25,Found,2003,-72.778,75.335
Grove Mountains 021689,H5,2.59,Found,2003,-72.774,75.346
Grove Mountains 021703,L5,0.45,Found,2003,-72.773,75.339
Grove Mountains 021715,H5,1.47,Found,2003,-72.79,75.296
Grove Mountains 021728,H5,2.19,Found,2003,-72.79,75.284
Grove Mountains 021739,L6,2.11,Found,2003,-72.788,75.304
Grove Mountains 021759,L6,0.84,Found,2003,-72.785,75.287
Grove Mountains 021774,L6,2.56,Found,2003,-72.774,75.331
Grove Mountains 021792,L6,88.64,Found,2003,-72.774,75.323
Grove Mountains 021801,L5,28.08,Found,2003,-72.773,75.334
Grove Mountains 021814,H6,1.52,Found,2003,-72.775,75.341
Grove Mountains 021831,H5,0.47,Found,2003,-72.779,75.331
Grove Mountains 021865,CV3,1.28,Found,2003,-72.775,75.338
Grove Mountains 021884,H5,0.88,Found,2003,-72.778,75.33
Grove Mountains 021900,H5,0.55,Found,2003,-72.777,75.323
Grove Mountains 021920,H5,0.48,Found,2003,-72.778,75.334
Grove Mountains 021946,L5,8.21,Found,2003,-72.773,75.34
Grove Mountains 021958,L6,3.26,Found,2003,-72.773,75.343
Grove Mountains 021976,L6,8.36,Found,2003,-72.774,75.343
Grove Mountains 021995,H6,3.48,Found,2003,-72.775,75.347
Grove Mountains 022013,L5,3.9,Found,2003,-72.781,75.318
Grove Mountains 022027,L5,169.65,Found,2003,-72.783,75.298
Grove Mountains 022036,L5,96.54,Found,2003,-72.782,75.302
Grove Mountains 022045,L6,47.76,Found,2003,-72.779,75.315
Grove Mountains 022056,L6,2.16,Found,2003,-72.779,75.315
Grove Mountains 022096,LL4,0.64,Found,2003,-72.779,75.311
Grove Mountains 022116,L6,69.62,Found,2003,-72.779,75.311
Grove Mountains 022125,L6,47.14,Found,2003,-72.779,75.314
Grove Mountains 022134,L6,19.99,Found,2003,-72.779,75.314
Grove Mountains 022143,L5,14.71,Found,2003,-72.779,75.314
Grove Mountains 022152,L6,6.24,Found,2003,-72.779,75.314
Grove Mountains 022161,L5,26.54,Found,2003,-72.782,75.304
Grove Mountains 022172,L6,56.95,Found,2003,-72.782,75.303
Grove Mountains 022184,L6,3.44,Found,2003,-72.781,75.292
Grove Mountains 022194,L6,15.57,Found,2003,-72.781,75.306
Grove Mountains 022203,L6,16.21,Found,2003,-72.781,75.302
Grove Mountains 022214,L6,9,Found,2003,-72.778,75.321
Grove Mountains 022224,L6,15.45,Found,2003,-72.778,75.321
Grove Mountains 022234,L6,7.84,Found,2003,-72.779,75.315
Grove Mountains 022250,L6,2.19,Found,2003,-72.779,75.311
Grove Mountains 022261,L6,2.44,Found,2003,-72.779,75.311
Grove Mountains 022281,L6,4.09,Found,2003,-72.778,75.314
Grove Mountains 022294,L4,1.19,Found,2003,-72.779,75.295
Grove Mountains 022308,L6,0.6,Found,2003,-72.779,75.301
Grove Mountains 022326,L6,1,Found,2003,-72.775,75.336
Grove Mountains 022347,L5,0.48,Found,2003,-72.773,75.331
Grove Mountains 022380,H5,1.53,Found,2003,-72.781,75.287
Grove Mountains 022393,H5,2.48,Found,2003,-72.775,75.325
Grove Mountains 022406,L6,2.53,Found,2003,-72.774,75.323
Grove Mountains 022415,H4,4,Found,2003,-72.777,75.336
Grove Mountains 022429,H4,3.14,Found,2003,-72.774,75.334
Grove Mountains 022447,L6,81.16,Found,2003,-72.773,75.339
Grove Mountains 022456,L5,10.05,Found,2003,-72.773,75.329
Grove Mountains 022468,H4,0.69,Found,2003,-72.774,75.345
Grove Mountains 022489,H5,0.48,Found,2003,-72.776,75.328
Grove Mountains 022526,H5,1.5,Found,2003,-72.773,75.319
Grove Mountains 022553,H4,2.12,Found,2003,-72.774,75.341
Grove Mountains 022578,H5,0.59,Found,2003,-72.773,75.337
Grove Mountains 022602,L5,0.47,Found,2003,-72.782,75.281
Grove Mountains 022627,L6,0.82,Found,2003,-72.782,75.278
Grove Mountains 022646,L6,0.47,Found,2003,-72.782,75.285
Grove Mountains 022672,H5,0.63,Found,2003,-72.781,75.279
Grove Mountains 022775,L6,40.56,Found,2003,-72.775,75.329
Grove Mountains 022786,L5,8.36,Found,2003,-72.776,75.338
Grove Mountains 022822,L5,0.98,Found,2003,-72.774,75.337
Grove Mountains 022855,H4,0.81,Found,2003,-72.774,75.342
Grove Mountains 022876,H5,0.68,Found,2003,-72.774,75.336
Grove Mountains 022901,H4,0.68,Found,2003,-72.775,75.306
Grove Mountains 022913,L6,6.63,Found,2003,-72.775,75.319
Grove Mountains 022929,H5,2.11,Found,2003,-72.775,75.325
Grove Mountains 022941,L5,0.83,Found,2003,-72.774,75.323
Grove Mountains 022967,H4,0.47,Found,2003,-72.774,75.316
Grove Mountains 022985,H4,0.69,Found,2003,-72.774,75.344
Grove Mountains 023046,L5,0.56,Found,2003,-72.773,75.325
Grove Mountains 023098,L4,0.92,Found,2003,-72.776,75.315
Grove Mountains 023113,H5,1.19,Found,2003,-72.774,75.324
Grove Mountains 023127,H6,0.98,Found,2003,-72.774,75.319
Grove Mountains 023145,L6,0.82,Found,2003,-72.773,75.338
Grove Mountains 023159,CV3,1.31,Found,2003,-72.774,75.339
Grove Mountains 023182,H6,0.46,Found,2003,-72.774,75.339
Grove Mountains 023244,L6,2.45,Found,2003,-72.774,75.32
Grove Mountains 023269,H5,0.46,Found,2003,-72.774,75.32
Grove Mountains 023302,L5,3.2,Found,2003,-72.775,75.339
Grove Mountains 023561,L5,0.7,Found,2003,-72.984,75.246
Grove Mountains 023589,L5,1.57,Found,2003,-72.984,75.251
Grove Mountains 023609,L5,0.88,Found,2003,-72.984,75.251
Grove Mountains 023754,L5,3.36,Found,2003,-72.984,75.252
Grove Mountains 023771,L5,5.1,Found,2003,-72.984,75.25
Grove Mountains 023791,L5,0.6,Found,2003,-72.984,75.25
Grove Mountains 024016,L5,1.06,Found,2003,-72.984,75.252
Grove Mountains 024150,H5,2.41,Found,2003,-72.983,75.252
Grove Mountains 024248,L6,0.88,Found,2003,-72.983,75.25
Grove Mountains 024517,H5,40.5,Found,2003,-73.0,75.2
Grove Mountains 050009,H3,2.58,Found,2006,-73.092,75.193
Grove Mountains 050018,L3,0.69,Found,2006,-73.114,75.165
Grove Mountains 050031,H4,31.59,Found,2006,-73.104,75.17
Grove Mountains 050041,H5,3.49,Found,2006,-72.996,75.206
Grove Mountains 050051,L5,5.08,Found,2006,-72.997,75.218
Grove Mountains 050077,L6,2.98,Found,2006,-73.094,75.191
Grove Mountains 050095,H6,1.55,Found,2006,-73.075,75.255
Grove Mountains 050119,L6,21.78,Found,2006,-72.977,75.264
Grove Mountains 050135,H6,1.45,Found,2006,-72.975,75.261
Grove Mountains 050182,L5,26.93,Found,2006,-72.959,75.236
Grove Mountains 050202,L3-6,51.2,Found,2006,-72.983,75.252
Grove Mountains 050250,L6,2.93,Found,2006,-72.984,75.247
Grove Mountains 050390,H4,7.05,Found,2006,-72.989,75.23
Grove Mountains 050404,H3,10.55,Found,2006,-72.983,75.286
Grove Mountains 050418,L5,0.81,Found,2006,-72.984,75.246
Grove Mountains 051009,L6,0.5,Found,2006,-72.984,75.246
Grove Mountains 051236,L6,0.51,Found,2006,-72.984,75.246
Grove Mountains 051535,L5,29.64,Found,2006,-72.941,75.296
Grove Mountains 051563,H4,6.78,Found,2006,-72.935,75.319
Grove Mountains 051582,L6,1.32,Found,2006,-72.93,75.342
Grove Mountains 051597,L5,4.02,Found,2006,-72.941,75.283
Grove Mountains 051612,H5,462.6,Found,2006,-72.829,75.279
Grove Mountains 051630,L6,78.57,Found,2006,-72.78,75.333
Grove Mountains 051643,L5,31.07,Found,2006,-72.994,75.205
Grove Mountains 051658,L4,2.59,Found,2006,-72.779,75.321
Grove Mountains 051675,L6,28.06,Found,2006,-72.779,75.33
Grove Mountains 051708,L5,6.5,Found,2006,-72.78,75.316
Grove Mountains 051735,L6,1.38,Found,2006,-72.778,75.318
Grove Mountains 051759,L6,4.02,Found,2006,-72.781,75.305
Grove Mountains 051772,L5,291,Found,2006,-72.781,75.306
Grove Mountains 051795,L5,33.75,Found,2006,-72.778,75.318
Grove Mountains 051822,L5,0.7,Found,2006,-72.778,75.323
Grove Mountains 051854,L6,9.29,Found,2006,-72.78,75.312
Grove Mountains 051875,L6,28.1,Found,2006,-72.78,75.331
Grove Mountains 051888,L5,27.17,Found,2006,-72.782,75.318
Grove Mountains 051902,L6,10.58,Found,2006,-72.782,75.329
Grove Mountains 051931,L5,44.85,Found,2006,-72.779,75.324
Grove Mountains 051962,L6,66.53,Found,2006,-72.778,75.317
Grove Mountains 052000,H6,5.12,Found,2006,-72.782,75.299
Grove Mountains 052023,L6,40.46,Found,2006,-72.782,75.299
Grove Mountains 052039,L6,29.87,Found,2006,-72.778,75.318
Grove Mountains 052059,H5,0.82,Found,2006,-72.775,75.337
Grove Mountains 052082,L6,20.35,Found,2006,-72.771,75.341
Grove Mountains 052113,L5,0.77,Found,2006,-72.779,75.327
Grove Mountains 052131,L6,12.47,Found,2006,-72.772,75.33
Grove Mountains 052156,L6,4.27,Found,2006,-72.772,75.345
Grove Mountains 052183,L6,1.84,Found,2006,-72.773,75.338
Grove Mountains 052215,L6,2.23,Found,2006,-72.772,75.347
Grove Mountains 052253,H4,2.36,Found,2006,-72.776,75.326
Grove Mountains 052271,H4,2.98,Found,2006,-72.978,75.266
Grove Mountains 052299,L5,1.76,Found,2006,-72.782,75.312
Grove Mountains 052314,H5,46.18,Found,2006,-72.98,75.264
Grove Mountains 052338,H5,0.51,Found,2006,-72.779,75.31
Grove Mountains 052358,L6,6.66,Found,2006,-72.783,75.299
Grove Mountains 052374,L6,45.5,Found,2006,-72.782,75.315
Grove Mountains 052392,H6,3.48,Found,2006,-72.784,75.272
Grove Mountains 052415,L6,12.12,Found,2006,-72.779,75.331
Grove Mountains 052443,L5,2.43,Found,2006,-72.778,75.319
Grove Mountains 052461,L5,1.59,Found,2006,-72.776,75.314
Grove Mountains 052486,L6,29.98,Found,2006,-72.78,75.316
Grove Mountains 052527,H5,0.7,Found,2006,-72.786,75.297
Grove Mountains 052574,L5,1.83,Found,2006,-72.779,75.302
Grove Mountains 052604,L6,0.67,Found,2006,-72.784,75.299
Grove Mountains 052665,L5,28.6,Found,2006,-72.779,75.312
Grove Mountains 052690,L6,2.86,Found,2006,-72.779,75.313
Grove Mountains 052724,L6,1.82,Found,2006,-72.785,75.289
Grove Mountains 052748,L6,1.18,Found,2006,-72.783,75.295
Grove Mountains 052775,L5,22,Found,2006,-72.942,75.292
Grove Mountains 052797,L5,1.64,Found,2006,-72.825,75.354
Grove Mountains 052835,H5,1.77,Found,2006,-72.825,75.354
Grove Mountains 052882,L6,4.36,Found,2006,-72.825,75.354
Grove Mountains 052896,L5,2.8,Found,2006,-72.825,75.354
Grove Mountains 052919,L5,1.46,Found,2006,-72.784,75.309
Grove Mountains 052968,L6,75.56,Found,2006,-72.778,75.306
Grove Mountains 052984,L6,1.27,Found,2006,-72.787,75.292
Grove Mountains 053005,L6,1.28,Found,2006,-72.778,75.31
Grove Mountains 053030,H5,4.76,Found,2006,-72.787,75.293
Grove Mountains 053077,L5,50.23,Found,2006,-72.779,75.316
Grove Mountains 053100,H5,1.19,Found,2006,-72.789,75.278
Grove Mountains 053149,H6,2.29,Found,2006,-72.775,75.34
Grove Mountains 053196,H5,0.5,Found,2006,-72.775,75.34
Grove Mountains 053229,L6,2.18,Found,2006,-72.775,75.34
Grove Mountains 053297,L6,0.82,Found,2006,-72.782,75.302
Grove Mountains 053364,H5,1.38,Found,2006,-72.779,75.299
Grove Mountains 053441,L6,0.83,Found,2006,-72.791,75.281
Grove Mountains 053486,L6,0.76,Found,2006,-72.788,75.27
Grove Mountains 053503,L6,49.59,Found,2006,-72.779,75.319
Grove Mountains 053532,L5,80.25,Found,2006,-72.779,75.309
Grove Mountains 053562,L6,26.75,Found,2006,-72.782,75.3
Grove Mountains 053584,L6,2.8,Found,2006,-72.782,75.3
Grove Mountains 053610,L6,5.01,Found,2006,-72.781,75.308
Grove Mountains 053632,L5,0.7,Found,2006,-72.782,75.301
Grove Mountains 053655,H6,2.15,Found,2006,-72.785,75.297
Grove Mountains 053694,H4,2.42,Found,2006,-72.826,75.353
Grove Mountains 053708,L5,1.34,Found,2006,-72.825,75.354
Grove Mountains 053744,L5,5.84,Found,2006,-72.781,75.271
Grove Mountains 053789,H5,2.13,Found,2006,-72.785,75.271
Grove Mountains 053825,H5,6.49,Found,2006,-72.779,75.27
Grove Mountains 053921,L4,2.46,Found,2006,-72.787,75.274
Grove Mountains 053999,H5,2.8,Found,2006,-72.784,75.28
Grove Mountains 054027,L6,0.51,Found,2006,-72.79,75.273
Grove Mountains 054065,H5,1.31,Found,2006,-72.785,75.284
Grove Mountains 054137,L6,1.18,Found,2006,-72.793,75.275
Grove Mountains 054239,L6,0.95,Found,2006,-72.782,75.296
Grove Mountains 054298,L6,1.17,Found,2006,-72.78,75.279
Grove Mountains 054330,H4,3.95,Found,2006,-72.781,75.299
Grove Mountains 054404,L6,15.43,Found,2006,-72.778,75.291
Grove Mountains 054476,H4,50.74,Found,2006,-72.916,75.1
Grove Mountains 054497,H5,1.19,Found,2006,-72.916,75.1
Grove Mountains 054584,L6,0.52,Found,2006,-72.999,75.187
Grove Mountains 054622,L5,1.28,Found,2006,-72.999,75.187
Grove Mountains 054639,L5,1.45,Found,2006,-72.774,75.327
Grove Mountains 054791,H5,0.52,Found,2006,-72.999,75.187
Grove Mountains 055055,Mesosiderite,0.23,Found,2006,-72.999,75.187
Grove Mountains 090001,L4,221.5,Found,2009,-72.796,74.693
Grove Mountains 090142,L5,354.65,Found,2010,-72.777,75.313
Grove Mountains 090306,L3,67.19,Found,2010,-72.934,75.317
Grove Mountains 090479,L4,66.27,Found,2010,-72.779,75.314
Grove Mountains 090752,H4,25.15,Found,2010,-72.891,74.948
Grove Mountains 090833,L5,52.18,Found,2010,-72.779,75.314
Grove Mountains 091014,H4,40.7,Found,2010,-72.985,75.249
Grove Mountains 99003,L4,7.86,Found,2000,-73.083,75.2
Grove Mountains 99012,L4,5.36,Found,2000,-73.083,75.2
Grove Mountains 99021,L3,1.7,Found,2000,-73.083,75.2
Gruver,H4,13100,Found,1934,36.333,-101.4
Guixi,"Iron, IIIAB",220000,Found,,28.283,117.183
Gunnadorah 004,H5,47.35,Found,1994,-30.467,126.344
Haig,"Iron, IIIAB",503000,Found,1951,-31.383,125.633
Hamadat Murzùq 002,H4,538,Found,1999,26.25,13.017
Hammadah al Hamra 006,H5,458,Found,1990,28.9,12.583
Hammadah al Hamra 017,L/LL5/6,339,Found,1990,29.033,12.417
Hammadah al Hamra 026,L6,166,Found,1990,28.85,12.85
Hammadah al Hamra 035,H5,213,Found,1990,28.817,12.55
Hammadah al Hamra 043,CO3,67,Found,1994,29.074,11.877
Hammadah al Hamra 053,L5-6,680,Found,1994,28.869,13.303
Hammadah al Hamra 062,LL4-5,163,Found,1994,28.765,12.344
Hammadah al Hamra 071,L6,1828,Found,1994,29.212,12.522
Hammadah al Hamra 080,H6,1200,Found,1995,28.649,13.021
Hammadah al Hamra 089,H5,1379,Found,1995,28.467,13.317
Hammadah al Hamra 098,L6,170,Found,1995,28.626,13.401
Hammadah al Hamra 107,L6,288,Found,1995,28.576,13.312
Hammadah al Hamra 117,L5,572,Found,1995,28.833,13.139
Hammadah al Hamra 126,Ureilite,1998,Found,1995,28.475,12.947
Hammadah al Hamra 135,H6,539,Found,1995,28.527,13.306
Hammadah al Hamra 144,L5,1940,Found,1995,28.514,13.007
Hammadah al Hamra 153,H3.8-4,50000,Found,1995,28.6,13.578
Hammadah al Hamra 162,L4/5,575,Found,1995,28.501,13.029
LaPaz Icefield 031119,L5,5.5,Found,2003,,
Hammadah al Hamra 180,Chondrite-ung,936,Found,1996,28.604,13.301
Hammadah al Hamra 189,L5,57,Found,1996,28.533,12.982
Hammadah al Hamra 198,L6,190,Found,1997,28.55,13.35
Hammadah al Hamra 207,L6,333,Found,1997,28.592,13.34
Hammadah al Hamra 215,L5,88,Found,1997,28.513,13.005
Hammadah al Hamra 224,L6,820,Found,1997,29.319,12.01
Hammadah al Hamra 233,H5,123,Found,1997,29.087,12.078
Hammadah al Hamra 243,L6,268.08,Found,1997,28.438,12.975
Hammadah al Hamra 252,L5-6,195.56,Found,1997,29.015,12.668
Hammadah al Hamra 261,Eucrite,1078,Found,2000,28.455,12.851
Hammadah al Hamra 270,L3-5,100,Found,2000,28.686,12.903
Hammadah al Hamra 279,LL6,129,Found,2000,28.47,12.86
Hammadah al Hamra 288,H6,2625,Found,1999,29.076,12.578
Hammadah al Hamra 297,H4,786,Found,2000,29.167,12.317
Hammadah al Hamra 307,H5,533,Found,2000,28.995,12.983
Hammadah al Hamra 316,L6,176,Found,2001,29.34,11.624
Hammadah al Hamra 325,H5,129,Found,1999,28.768,12.726
Hammadah al Hamra 334,H5,662,Found,2003,30.035,13.13
Hammadah al Hamra 344,H~6,2318.4,Found,2000,28.991,12.98
Happy Canyon,EL6/7,16300,Found,1971,34.802,-101.567
Harper Dry Lake 002,H6,12,Found,1999,35.051,-117.301
Harper Dry Lake 029,H6,11.56,Found,2008,35.046,-117.267
Hartsel,H4,490,Found,2000,38.833,-105.8
Haviland (a),H5,1035,Found,1937,37.617,-99.1
Hebron,H6,21820,Found,1965,40.167,-97.6
Hex River Mountains,"Iron, IIAB",60000,Found,1882,-33.317,19.617
Hobbs,H4,2300,Found,1933,32.733,-103.1
Hope Creek,LL6,9830,Found,1998,65.383,-146.267
Huangling,"Iron, IVA",NA,Found,,29.5,110.0
Hughes 004,Howardite,304,Found,1991,-30.585,129.587
Hughes 013,H5,4000,Found,1991,-30.662,129.117
Hughes 022,L5/6,104,Found,1991,-30.216,129.721
Hughes 031,L4,120,Found,1991,-30.173,129.536
Hughes 040,L5,159.1,Found,1993,-30.383,129.517
Hughes 049,L6,33.6,Found,1993,-30.383,129.817
Hugo (stone),H5,80,Found,1936,39.133,-103.483
Ifould Lake 001,L5,40.9,Found,2008,-30.85,132.083
Ilafegh 007,H5,615,Found,1989,21.6,1.45
Ilafegh 016,H4,96,Found,1989,21.717,1.6
Imperial,H4,4,Found,1908,32.867,-115.583
Ioka,L3.5,31500,Found,1931,40.25,-110.083
Isna,CO3.8,23000,Found,1970,24.833,31.667
Ivanovka,H5,8870,Found,1983,54.5,52.8
Jay Bird Springs,Pallasite,292,Found,2003,32.133,-82.983
Jiapigou,Stone-uncl,NA,Found,1880,42.833,127.5
Jiddat al Harasis 009,H4,162,Found,1999,19.268,56.145
Jiddat al Harasis 018,L6,202,Found,2000,19.292,55.243
Jiddat al Harasis 027,L6,810,Found,2000,19.25,56.158
Jiddat al Harasis 059,H6,884,Found,2000,19.938,56.789
Jiddat al Harasis 069,H5,250.95,Found,2001,19.346,56.166
Jiddat al Harasis 078,L6,882.7,Found,2003,19.914,55.663
Jiddat al Harasis 088,L6,185.4,Found,2002,19.357,56.269
Jiddat al Harasis 097,L5,674.3,Found,2002,19.462,56.832
Jiddat al Harasis 106,H4,263.72,Found,2002,19.594,56.157
Jiddat al Harasis 114,H~4,112.8,Found,2004,19.768,55.706
Jiddat al Harasis 123,LL5,248,Found,2004,19.733,55.733
Jiddat al Harasis 206,Mesosiderite,1185.51,Found,2002,19.987,56.418
Jiddat al Harasis 215,H5,121.34,Found,2005,19.938,56.422
Jiddat al Harasis 224,H5,487.71,Found,2005,19.826,56.665
Jiddat al Harasis 233,Mesosiderite,735.8,Found,2005,20.0,56.415
Jiddat al Harasis 242,H4,225.32,Found,2005,19.962,56.424
Jiddat al Harasis 251,Mesosiderite,60.5,Found,2005,19.977,56.42
Jiddat al Harasis 260,H5,175.02,Found,2005,19.991,56.401
Jiddat al Harasis 269,H4,62.71,Found,2005,19.983,56.407
Jiddat al Harasis 278,H4/6,707.4,Found,2005,19.98,55.956
Jiddat al Harasis 287,L5,192.77,Found,2005,19.781,56.476
Jiddat al Harasis 296,L5,294.42,Found,2005,19.8,56.467
Jiddat al Harasis 305,L5,46.98,Found,2005,19.884,56.34
Jiddat al Harasis 314,H5,80.81,Found,2005,19.722,55.708
Jiddat al Harasis 323,H5,2967,Found,2005,19.963,56.446
Jiddat al Harasis 333,H4-6,16,Found,2006,19.728,55.725
Jiddat al Harasis 342,L5,49750,Found,2006,19.715,56.548
Jiddat al Harasis 351,H~5,437.3,Found,2003,19.362,55.617
Jiddat al Harasis 360,L-melt rock,55.5,Found,2003,19.372,55.563
Jiddat al Harasis 369,H~5,7100,Found,2003,19.285,55.822
Jiddat al Harasis 378,L~6,1186.3,Found,2003,19.289,55.715
Jiddat al Harasis 387,L5,622.4,Found,2003,19.276,55.767
Jiddat al Harasis 397,H4,139.088,Found,2002,19.968,56.422
Jiddat al Harasis 406,L6,33000,Found,2006,19.533,56.872
Jiddat al Harasis 415,H6,304.246,Found,2007,19.815,56.53
Jiddat al Harasis 424,Ureilite,160.32,Found,2007,19.923,56.351
Jiddat al Harasis 433,H6,661.9,Found,2007,19.765,56.339
Jiddat al Harasis 442,L4,287.487,Found,2007,19.606,56.429
Jiddat al Harasis 451,H6,334.313,Found,2007,19.741,56.307
Jiddat al Harasis 461,L6,3308.7,Found,2007,19.771,56.352
Jiddat al Harasis 470,L4,267.943,Found,2007,19.839,56.439
Jiddat al Harasis 479,Martian (shergottite),553,Found,2008,19.786,55.853
Jiddat al Harasis 488,H3,22,Found,2008,19.968,56.415
Jiddat al Harasis 497,L6,36.9,Found,2007,19.791,56.415
Jiddat al Harasis 506,H5,2850.3,Found,2008,19.675,55.647
Jiddat al Harasis 515,L5-6,24.4,Found,2008,19.55,55.247
Jiddat al Harasis 525,L4-6,1.6,Found,2008,19.533,55.175
Jiddat al Harasis 534,H6,87.1,Found,2008,19.538,55.17
Jiddat al Harasis 543,H6,8.8,Found,2008,19.538,55.168
Jiddat al Harasis 552,L5,17.7,Found,2008,19.525,55.183
Jiddat al Harasis 561,H5,8.7,Found,2008,19.899,56.173
Jiddat al Harasis 571,H4-6,802.6,Found,2009,19.751,56.331
Jiddat al Harasis 580,H5,1929,Found,2009,19.42,56.702
Jiddat al Harasis 590,H5,1044,Found,2009,19.422,56.7
Jiddat al Harasis 599,L6,169.7,Found,2009,19.797,55.683
Jiddat al Harasis 608,H5,120.6,Found,2009,19.859,55.94
Jiddat al Harasis 617,H5,128.4,Found,2009,19.194,55.417
Jiddat al Harasis 626,Eucrite-pmict,466,Found,2010,19.785,55.959
Jiddat al Harasis 636,LL5,76.4,Found,2010,19.677,55.745
Jiddat al Harasis 645,H5,3030,Found,2010,19.438,56.608
Jiddat al Harasis 655,L5,56,Found,2011,19.83,56.443
Jiddat al Harasis 664,H5,12175,Found,2011,19.826,55.684
Jiddat al Harasis 673,H5,1.48,Found,2011,19.66,55.702
Jiddat al Harasis 682,H5,293.2,Found,2011,19.741,55.605
Jiddat al Harasis 691,H5,27.6,Found,2011,19.485,55.444
Jiddat al Harasis 700,L6,93.2,Found,2011,19.207,55.402
Jiddat al Harasis 708,H4-6,127.2,Found,2011,19.329,55.317
Jiddat al Harasis 719,L6,2144,Found,,19.661,55.735
Jiddat al Harasis 728,H4,69,Found,,19.681,55.698
Jiddat al Harasis 737,L5,1137,Found,,19.767,56.403
Jiddat al Harasis 746,L4,22.9,Found,,19.845,56.466
Jiddat al Harasis 755,L5,17.5,Found,,19.835,56.461
Jiddat al Harasis 764,L5,1236,Found,,19.806,56.482
Jiddat al Harasis 773,L4,19.32,Found,,19.812,56.51
Jiddat al Harasis 783,L4,553.5,Found,,19.843,56.421
Jiddat al Harasis 792,H6,353,Found,,19.819,55.932
Jiddat Arkad 002,H3-5,581,Found,2000,18.425,56.823
Johannessen Nunataks 03003,H6,28.5,Found,2003,-72.895,161.145
Johannessen Nunataks 03012,H5,172.5,Found,2003,-72.896,161.081
Johnson City,L6,10400,Found,1937,37.55,-101.683
Jungo 001,L6,70.7,Found,2007,40.891,-118.363
Kennard,H5,8200,Found,1961,41.483,-96.167
Kalahari 009,Lunar (basalt),13500,Found,1999,-20.982,22.977
Kansas University,L6,2800,Found,1900,,
Karval,H5,1104,Found,1936,38.717,-103.517
Kermichel,L6,3000,Found,1911,47.65,-2.767
Kimble County,H6,153800,Found,1918,30.417,-99.4
Kirishi,L4,1350,Found,2006,59.548,32.113
Kokstad,"Iron, IIIE",341000,Found,1884,-30.55,29.417
Kouga Mountains,"Iron, IIIAB",1173000,Found,1903,-33.617,24.0
Krzadka,Iron,2500,Found,1929,50.375,21.733
Ksar Ghilane 008,H5,295,Found,2011,32.761,9.866
Kumiva Valley,H5,30.15,Found,2001,40.38,-119.086
La Caille,"Iron, ungrouped",626000,Found,1828,43.733,6.783
La Serena,"Iron, IAB-MG",663,Found,1990,,
Laguna Manantiales,Iron,92000,Found,1945,-48.583,-67.417
Lahmada 009,H3-6,70000,Found,1999,27.167,-9.5
Lahmada 018,H5,226,Found,1998,27.285,-9.59
Lake Frome 005,L5,54,Found,1992,-30.711,140.151
Lamesa,"Iron, IAB-sLM",16900,Found,1981,32.883,-101.883
LaPaz Icefield 02201,LL5,4820.9,Found,2002,,
LaPaz Icefield 02209,LL5,1563.1,Found,2002,-86.367,-70.0
LaPaz Icefield 02219,LL5,540.5,Found,2002,-86.367,-70.0
LaPaz Icefield 02228,CV3,335.8,Found,2002,-86.367,-70.0
LaPaz Icefield 02237,H5,24.4,Found,2002,-86.367,-70.0
LaPaz Icefield 02246,LL5,127.4,Found,2002,-86.367,-70.0
LaPaz Icefield 02254,H5,114.6,Found,2002,-86.367,-70.0
LaPaz Icefield 02263,LL5,92.22,Found,2002,-86.367,-70.0
LaPaz Icefield 02272,LL6,39.59,Found,2002,,
LaPaz Icefield 02282,LL5,4.34,Found,2002,-86.367,-70.0
LaPaz Icefield 02291,H5,3.49,Found,2002,-86.367,-70.0
LaPaz Icefield 02300,LL5,108.45,Found,2002,-86.367,-70.0
LaPaz Icefield 02309,LL5,34.27,Found,2002,-86.367,-70.0
LaPaz Icefield 02318,H5,7.7,Found,2002,-86.367,-70.0
LaPaz Icefield 02327,LL5,254.4,Found,2002,-86.367,-70.0
LaPaz Icefield 02336,CM2,85.56,Found,2002,-86.367,-70.0
LaPaz Icefield 02346,L5,14.08,Found,2002,-86.367,-70.0
LaPaz Icefield 02355,LL4,1.71,Found,2002,,
LaPaz Icefield 02364,LL6,24.08,Found,2002,,
LaPaz Icefield 02373,LL5,167.97,Found,2002,-86.367,-70.0
LaPaz Icefield 02382,Ureilite,74.32,Found,2002,-86.367,-70.0
LaPaz Icefield 02391,LL5,5.56,Found,2002,-86.367,-70.0
LaPaz Icefield 02400,L5,29.6,Found,2002,-86.367,-70.0
LaPaz Icefield 02410,L5,77.48,Found,2002,-86.367,-70.0
LaPaz Icefield 02419,LL5,17.54,Found,2002,-86.367,-70.0
LaPaz Icefield 02428,LL5,13.42,Found,2002,-86.367,-70.0
LaPaz Icefield 031000,Diogenite,27.9,Found,2003,,
LaPaz Icefield 031009,LL6,31.7,Found,2003,,
LaPaz Icefield 031018,L5,5.7,Found,2002,,
LaPaz Icefield 031027,LL5,1.8,Found,2002,,
LaPaz Icefield 031037,Fusion crust,0.1,Found,2003,,
LaPaz Icefield 031046,H5,14.6,Found,2003,,
LaPaz Icefield 031066,LL6,9.3,Found,2003,,
LaPaz Icefield 031075,L5,5.4,Found,2003,,
LaPaz Icefield 031084,L5,2.9,Found,2003,,
LaPaz Icefield 031093,LL6,6.7,Found,2003,,
LaPaz Icefield 031102,LL5,17.8,Found,2003,,
LaPaz Icefield 031112,L5,5.8,Found,2003,,
LaPaz Icefield 031127,LL6,33.8,Found,2003,,
LaPaz Icefield 031136,L5,2.2,Found,2003,,
LaPaz Icefield 031145,LL5,1,Found,2003,,
LaPaz Icefield 031154,H5,2.2,Found,2003,,
LaPaz Icefield 031163,L4,37.3,Found,2003,,
LaPaz Icefield 031172,LL6,1.6,Found,2003,,
LaPaz Icefield 031182,L5,7.2,Found,2003,,
LaPaz Icefield 031191,L5,5.3,Found,2003,,
LaPaz Icefield 031200,H6,15.4,Found,2003,,
LaPaz Icefield 031209,L5,29.5,Found,2003,,
LaPaz Icefield 031218,LL6,10.1,Found,2003,,
LaPaz Icefield 031227,L5,4.5,Found,2003,,
LaPaz Icefield 031236,L5,13,Found,2003,,
LaPaz Icefield 031246,L5,4.6,Found,2003,,
LaPaz Icefield 031255,LL5,0.31,Found,2003,,
LaPaz Icefield 031264,L5,8.1,Found,2003,,
LaPaz Icefield 031273,H6,3.6,Found,2003,,
LaPaz Icefield 031282,LL5,7.2,Found,2003,,
LaPaz Icefield 031291,LL5,13.7,Found,2003,,
LaPaz Icefield 031300,LL5,9.4,Found,2003,,
LaPaz Icefield 031310,H4,11.4,Found,2003,,
LaPaz Icefield 031319,H6,17.5,Found,2003,,
LaPaz Icefield 031328,L5,0.99,Found,2003,,
LaPaz Icefield 031337,LL6,9.4,Found,2003,,
LaPaz Icefield 031346,L3,5.4,Found,2003,,
LaPaz Icefield 031355,L6,9.2,Found,2003,,
LaPaz Icefield 031364,L5,5.4,Found,2003,,
LaPaz Icefield 031374,LL5,6.5,Found,2003,,
LaPaz Icefield 031383,LL6,1.4,Found,2003,,
LaPaz Icefield 031392,H5,3.3,Found,2003,,
LaPaz Icefield 03553,H4,6422.7,Found,2002,,
LaPaz Icefield 03562,H5,833.5,Found,2003,,
LaPaz Icefield 03570,L4,801.6,Found,2003,,
LaPaz Icefield 03579,LL4,411.8,Found,2003,,
LaPaz Icefield 03589,H4,232.7,Found,2003,,
LaPaz Icefield 03598,L5,327.2,Found,2003,,
LaPaz Icefield 03607,L5,359.2,Found,2003,,
LaPaz Icefield 03616,H5,99.5,Found,2003,,
LaPaz Icefield 03625,L6,144.7,Found,2003,,
LaPaz Icefield 03634,L5,103.3,Found,2003,,
LaPaz Icefield 03643,L5,230.2,Found,2003,,
LaPaz Icefield 03653,L5,75.6,Found,2003,,
LaPaz Icefield 03662,LL5,68.1,Found,2003,,
LaPaz Icefield 03671,L5,73,Found,2003,,
LaPaz Icefield 03680,L6,55.8,Found,2003,,
LaPaz Icefield 03689,L5,95.4,Found,2003,,
LaPaz Icefield 03698,LL5,84.5,Found,2003,,
LaPaz Icefield 03706,L6,30.5,Found,2003,,
LaPaz Icefield 03716,LL6,25.7,Found,2003,,
LaPaz Icefield 03725,LL6,45.7,Found,2003,,
LaPaz Icefield 03733,L5,31.2,Found,2003,,
LaPaz Icefield 03742,L5,38.1,Found,2003,,
LaPaz Icefield 03751,L5,49.5,Found,2003,,
LaPaz Icefield 03760,H6,8.6,Found,2003,,
LaPaz Icefield 03769,H4,61.1,Found,2003,,
LaPaz Icefield 03779,L5,41.5,Found,2003,,
LaPaz Icefield 03788,L-imp melt,8.3,Found,2003,,
LaPaz Icefield 03797,H6,4.6,Found,2003,,
LaPaz Icefield 03806,H5,1.5,Found,2003,,
LaPaz Icefield 03815,LL6,3.9,Found,2003,,
LaPaz Icefield 03824,L-metal,1.5,Found,2003,,
LaPaz Icefield 03833,LL5,28.5,Found,2002,,
LaPaz Icefield 03843,LL6,19.9,Found,2003,,
LaPaz Icefield 03852,LL5,0.4,Found,2002,,
LaPaz Icefield 03861,LL5,6.4,Found,2002,,
LaPaz Icefield 03870,L5,15.7,Found,2002,,
LaPaz Icefield 03879,LL5,23.1,Found,2002,,
LaPaz Icefield 03888,H5,2.6,Found,2003,,
LaPaz Icefield 03897,LL5,7.1,Found,2002,,
LaPaz Icefield 03907,L5,5.8,Found,2003,,
LaPaz Icefield 03916,"Iron, ungrouped",0.6,Found,2002,,
LaPaz Icefield 03925,L5,13.7,Found,2002,,
LaPaz Icefield 03934,H6,0.83,Found,2003,,
LaPaz Icefield 03943,H5,11.4,Found,2003,,
LaPaz Icefield 03952,H5,9.1,Found,2002,,
LaPaz Icefield 03961,LL5,19.4,Found,2003,,
LaPaz Icefield 03971,L5,5.1,Found,2003,,
LaPaz Icefield 03980,LL6,16.1,Found,2003,,
LaPaz Icefield 03989,L5,8.9,Found,2003,,
LaPaz Icefield 03998,LL5,12.3,Found,2003,,
LaPaz Icefield 04436,L5,408.9,Found,2004,,
LaPaz Icefield 04445,L5,258.7,Found,2004,,
LaPaz Icefield 04454,L6,96.7,Found,2004,,
LaPaz Icefield 04463,L5,53.2,Found,2004,,
LaPaz Icefield 04472,L5,22.3,Found,2004,,
LaPaz Icefield 04481,L6,12.6,Found,2004,,
LaPaz Icefield 04489,L6,2.7,Found,2004,,
LaPaz Icefield 04498,H6,12.5,Found,2004,,
LaPaz Icefield 04507,H6,2.8,Found,2004,,
LaPaz Icefield 04515,L5,7.2,Found,2004,,
LaPaz Icefield 04525,L5,6.8,Found,2004,,
LaPaz Icefield 04535,H5,0.63,Found,2004,,
LaPaz Icefield 04544,H5,50.5,Found,2004,,
LaPaz Icefield 04553,L6,7.6,Found,2004,,
LaPaz Icefield 04562,H6,5.5,Found,2004,,
LaPaz Icefield 04571,LL5,6,Found,2004,,
LaPaz Icefield 04580,H6,21.9,Found,2004,,
LaPaz Icefield 04590,L5,19.9,Found,2004,,
LaPaz Icefield 04599,L5,41.3,Found,2004,,
LaPaz Icefield 04608,L5,15.5,Found,2004,,
LaPaz Icefield 04617,LL6,22.8,Found,2004,,
LaPaz Icefield 04626,L6,6.3,Found,2004,,
LaPaz Icefield 04635,L5,6.8,Found,2004,,
LaPaz Icefield 04644,Chondrite-fusion crust,0.63,Found,2004,,
LaPaz Icefield 04653,L5,47.2,Found,2004,,
LaPaz Icefield 04662,L6,13.4,Found,2004,,
LaPaz Icefield 04671,LL5,5.4,Found,2004,,
LaPaz Icefield 04679,LL6,8.8,Found,2004,,
LaPaz Icefield 04688,H6,19.6,Found,2004,,
LaPaz Icefield 04697,L5,2.8,Found,2004,,
LaPaz Icefield 04706,L5,2.7,Found,2004,,
LaPaz Icefield 04716,LL6,66.6,Found,2004,,
LaPaz Icefield 04725,L5,33,Found,2004,,
LaPaz Icefield 04734,L6,26.7,Found,2004,,
LaPaz Icefield 04743,L6,3,Found,2004,,
LaPaz Icefield 04752,L5,1.4,Found,2004,,
LaPaz Icefield 04761,L5,2.7,Found,2004,,
LaPaz Icefield 04770,H5,1.1,Found,2004,,
LaPaz Icefield 04780,LL6,74.9,Found,2004,,
LaPaz Icefield 04789,L5,83.1,Found,2004,,
LaPaz Icefield 04798,LL5,69.6,Found,2004,,
LaPaz Icefield 04807,CM2,11.6,Found,2004,,
LaPaz Icefield 04816,L6,15.1,Found,2004,,
LaPaz Icefield 04825,L5,6.1,Found,2004,,
LaPaz Icefield 04834,H5,0.9,Found,2004,,
LaPaz Icefield 04844,Diogenite,6.8,Found,2004,,
LaPaz Icefield 10031,R6,12.3,Found,2010,0.0,0.0
LaPaz Icefield 10066,LL5,43.5,Found,2010,0.0,0.0
LaPaz Icefield 10105,LL5,9.2,Found,2010,0.0,0.0
LaPaz Icefield 10136,LL5,418.6,Found,2010,0.0,0.0
Larkman Nunatak 04317,CK4,10.4,Found,2003,,
Larkman Nunatak 04326,LL6,582.9,Found,2004,,
Larkman Nunatak 04336,H5,228.2,Found,2004,,
Larkman Nunatak 04345,L6,255.2,Found,2004,,
Larkman Nunatak 04354,H6,39.3,Found,2004,,
Larkman Nunatak 04363,H6,31.4,Found,2004,,
Larkman Nunatak 04372,L5,9.2,Found,2004,,
Larkman Nunatak 04381,H6,14.7,Found,2004,,
Larkman Nunatak 04391,H6,12,Found,2004,,
Larkman Nunatak 06256,H6,3180,Found,2006,,
Larkman Nunatak 06265,L5,3925,Found,2006,,
Larkman Nunatak 06274,H6,905.6,Found,2006,0.0,0.0
Larkman Nunatak 06283,LL3.8,878.2,Found,2006,0.0,0.0
Larkman Nunatak 06292,LL5,623.7,Found,2006,0.0,0.0
Larkman Nunatak 06301,LL3.8,803.6,Found,2006,0.0,0.0
Larkman Nunatak 06310,L5,815.1,Found,2006,0.0,0.0
Larkman Nunatak 06319,Martian (shergottite),78.6,Found,2006,,
Larkman Nunatak 06328,H6,151.1,Found,2006,0.0,0.0
Larkman Nunatak 06337,H6,83.9,Found,2006,0.0,0.0
Larkman Nunatak 06347,L5,15.7,Found,2006,,
Larkman Nunatak 06356,L6,38.5,Found,2006,,
Larkman Nunatak 06366,H6,17.7,Found,2006,,
Larkman Nunatak 06377,H6,4.8,Found,2006,,
Larkman Nunatak 06386,L5,11.7,Found,2006,,
Larkman Nunatak 06395,H6,36.3,Found,2006,,
Larkman Nunatak 06404,L4,83.6,Found,2006,0.0,0.0
Larkman Nunatak 06413,H6,8.3,Found,2006,,
Larkman Nunatak 06422,L5,65.4,Found,2006,,
Larkman Nunatak 06431,H6,10.5,Found,2006,,
Larkman Nunatak 06442,L6,4.1,Found,2006,,
Larkman Nunatak 06452,H6,52.1,Found,2006,,
Larkman Nunatak 06461,LL5,35.4,Found,2006,,
Larkman Nunatak 06470,LL5,10.6,Found,2006,0.0,0.0
Larkman Nunatak 06479,L6,14.3,Found,2006,0.0,0.0
Larkman Nunatak 06487,H6,15.2,Found,2006,,
Larkman Nunatak 06496,H6,15.4,Found,2006,,
Larkman Nunatak 06506,H6,6.6,Found,2006,0.0,0.0
Larkman Nunatak 06516,H6,45.1,Found,2006,,
Larkman Nunatak 06525,H6,39.8,Found,2006,,
Larkman Nunatak 06534,H6,16.5,Found,2006,,
Larkman Nunatak 06543,L5,11.8,Found,2006,,
Larkman Nunatak 06552,H6,11.6,Found,2006,,
Larkman Nunatak 06561,H5,125,Found,2006,0.0,0.0
Larkman Nunatak 06571,H5,57.5,Found,2006,0.0,0.0
Larkman Nunatak 06580,H6,23.6,Found,2006,,
Larkman Nunatak 06590,L5,24.2,Found,2006,,
Larkman Nunatak 06599,H5,11,Found,2006,,
Larkman Nunatak 06608,L5,13.5,Found,2006,0.0,0.0
Larkman Nunatak 06617,L5,73.9,Found,2006,,
Larkman Nunatak 06626,EL4,22.4,Found,2006,0.0,0.0
Larkman Nunatak 06637,H5,19,Found,2006,,
Larkman Nunatak 06646,H6,17.4,Found,2006,,
Larkman Nunatak 06656,L6,10.9,Found,2006,,
Larkman Nunatak 06664,LL6,94.8,Found,2006,,
Larkman Nunatak 06673,LL5,35.5,Found,2006,0.0,0.0
Larkman Nunatak 06682,H6,20.7,Found,2006,,
Larkman Nunatak 06693,H5,7,Found,2006,,
Larkman Nunatak 06703,H5,9.2,Found,2006,,
Larkman Nunatak 06713,LL6,23.1,Found,2006,,
Larkman Nunatak 06722,L5,24,Found,2006,,
Larkman Nunatak 06731,H6,6.2,Found,2006,,
Larkman Nunatak 06741,L5,10.4,Found,2006,,
Larkman Nunatak 06750,L5,66.8,Found,2006,,
Larkman Nunatak 06759,L5,58.4,Found,2006,,
Larkman Nunatak 06769,L6,21.2,Found,2006,,
Larkman Nunatak 06778,H6,28.5,Found,2006,,
Larkman Nunatak 06787,H5,8.4,Found,2006,,
Larkman Nunatak 06796,H6,8.2,Found,2006,,
Larkman Nunatak 06805,L6,337.6,Found,2006,0.0,0.0
Larkman Nunatak 06814,L6,56.1,Found,2006,0.0,0.0
Larkman Nunatak 06823,LL6,47.5,Found,2006,0.0,0.0
Larkman Nunatak 06833,H6,19.1,Found,2006,,
Larkman Nunatak 06842,L5,13.7,Found,2006,,
Larkman Nunatak 06851,H6,15.7,Found,2006,,
Larkman Nunatak 06860,H5,4.6,Found,2006,,
Larkman Nunatak 06869,CK6,18.4,Found,2006,,
Larkman Nunatak 06878,H6,16.6,Found,2006,0.0,0.0
Latham,L6,NA,Found,1977,-29.75,116.433
Lea County 001,H5,498,Found,1988,32.033,-103.15
Leon,H5,30000,Found,1943,37.667,-96.767
Lewis Cliff 85303,Eucrite-pmict,408,Found,1985,-84.266,161.378
Lewis Cliff 85315,H6,10.2,Found,1985,-84.285,161.35
Lewis Cliff 85324,H5,514.1,Found,1985,-84.287,161.355
Lewis Cliff 85333,L4,47.9,Found,1985,-84.295,161.302
Lewis Cliff 85342,H5,6.9,Found,1985,-84.277,161.377
Lewis Cliff 85352,H5,9.2,Found,1985,-84.276,161.411
Lewis Cliff 85361,L6,4.2,Found,1985,-84.271,161.397
Lewis Cliff 85370,H4,10.8,Found,1985,-84.287,161.357
Lewis Cliff 85380,L6,14.5,Found,1985,-84.277,161.349
Lewis Cliff 85389,H5,3.6,Found,1985,-84.282,161.368
Lewis Cliff 85398,H4,37.9,Found,1985,-84.281,161.369
Lewis Cliff 85407,H5,18.6,Found,1985,-84.289,161.352
Lewis Cliff 85417,L5,9.3,Found,1985,-84.269,161.417
Lewis Cliff 85427,L5,14.8,Found,1985,-84.264,161.379
Lewis Cliff 85436,L6,9.3,Found,1985,-84.277,161.402
Lewis Cliff 85445,H4,10.8,Found,1985,-84.271,161.434
Lewis Cliff 85454,L6,8.2,Found,1985,-84.285,161.35
Lewis Cliff 85462,H6,22.5,Found,1985,-84.286,161.34
Lewis Cliff 85471,L6,239.2,Found,1985,-84.285,161.626
Lewis Cliff 86009,CM2,6.5,Found,1986,-84.257,161.431
Lewis Cliff 86018,L3.1,502,Found,1986,-84.277,161.649
Lewis Cliff 86028,H6,25.9,Found,1986,-84.274,161.691
Lewis Cliff 86036,H5,9.3,Found,1986,-84.274,161.692
Lewis Cliff 86045,H5,5.4,Found,1986,-84.274,161.692
Lewis Cliff 86054,L6,2.4,Found,1986,-84.251,161.359
Lewis Cliff 86063,H5,7,Found,1986,-84.274,161.692
Lewis Cliff 86073,L6,37.7,Found,1986,-84.253,161.391
Lewis Cliff 86082,LL6,8.3,Found,1986,-84.251,161.358
Lewis Cliff 86091,H5,66.7,Found,1986,-84.279,161.617
Lewis Cliff 86100,H5,23.6,Found,1986,-84.279,161.617
Lewis Cliff 86109,H5,17.4,Found,1986,-84.25,161.383
Lewis Cliff 86118,H5,29.7,Found,1986,-84.257,161.394
Lewis Cliff 86127,L3.3,11.9,Found,1986,-84.259,161.416
Lewis Cliff 86137,H6,6.5,Found,1986,-84.257,161.401
Lewis Cliff 86146,H6,2.9,Found,1986,-84.256,161.35
Lewis Cliff 86155,H5,18.3,Found,1986,-84.257,161.402
Lewis Cliff 86165,H4,18.2,Found,1986,-84.259,161.41
Lewis Cliff 86174,H5,27.2,Found,1986,-84.257,161.377
Lewis Cliff 86183,H6,22.9,Found,1986,-84.258,161.349
Lewis Cliff 86192,H5,11.5,Found,1986,-84.255,161.343
Lewis Cliff 86202,H6,12.2,Found,1986,-84.268,161.371
Lewis Cliff 86211,"Iron, ungrouped",163.1,Found,1986,-84.312,161.252
Lewis Cliff 86222,L5,8.9,Found,1986,-84.256,161.373
Lewis Cliff 86233,H5,9.6,Found,1986,-84.254,161.397
Lewis Cliff 86242,H5,12.8,Found,1986,-84.274,161.688
Lewis Cliff 86252,H6,32.9,Found,1986,-84.274,161.688
Lewis Cliff 86260,L5,12.5,Found,1986,-84.255,161.387
Lewis Cliff 86270,L3.1,4.2,Found,1986,-84.254,161.385
Lewis Cliff 86280,H5,10.5,Found,1986,-84.252,161.389
Lewis Cliff 86289,L6,17.6,Found,1986,-84.276,161.359
Lewis Cliff 86298,H5,7.2,Found,1986,-84.274,161.69
Lewis Cliff 86307,L3.3-3.5,4.9,Found,1986,-84.271,161.431
Lewis Cliff 86316,H5,4.3,Found,1986,-84.274,161.69
Lewis Cliff 86325,H5,19.9,Found,1986,-84.274,161.691
Lewis Cliff 86336,H5,8.3,Found,1986,-84.274,161.686
Lewis Cliff 86345,H5,3.6,Found,1986,-84.274,161.689
Lewis Cliff 86353,H5,4.7,Found,1986,-84.274,161.69
Lewis Cliff 86362,H5,5.9,Found,1986,-84.274,161.686
Lewis Cliff 86371,H5,146.6,Found,1986,-84.274,161.689
Lewis Cliff 86380,H4,31.6,Found,1986,-84.252,161.412
Lewis Cliff 86389,H5,1.6,Found,1986,-84.256,161.431
Lewis Cliff 86399,L6,6.9,Found,1986,-84.255,161.44
Lewis Cliff 86409,L6,23.7,Found,1986,-84.255,161.399
Lewis Cliff 86418,H5,42.8,Found,1986,-84.255,161.391
Lewis Cliff 86427,H6,2.3,Found,1986,-84.256,161.432
Lewis Cliff 86436,L3.5,3.9,Found,1986,-84.256,161.42
Lewis Cliff 86445,H6,9.3,Found,1986,-84.274,161.679
Lewis Cliff 86454,H5,3,Found,1986,-84.274,161.677
Lewis Cliff 86464,H5,18.5,Found,1986,-84.274,161.678
Lewis Cliff 86473,H5,20.8,Found,1986,-84.265,161.406
Lewis Cliff 86482,H5,7.4,Found,1986,-84.274,161.677
Lewis Cliff 86491,H5,15,Found,1986,-84.267,161.41
Lewis Cliff 86500,H5,45.2,Found,1986,-84.276,161.658
Lewis Cliff 86509,H5,32.9,Found,1986,-84.276,161.659
Lewis Cliff 86520,H5,6.4,Found,1986,-84.25,161.424
Lewis Cliff 86530,H5,1.9,Found,1986,-84.232,161.456
Lewis Cliff 86539,H6,13.2,Found,1986,-84.244,161.409
Lewis Cliff 87001,CM2,4,Found,1987,-84.344,161.364
Lewis Cliff 87010,Eucrite-unbr,2.6,Found,1987,-84.34,161.401
Lewis Cliff 87019,Aubrite,0.5,Found,1987,-84.347,161.482
Lewis Cliff 87029,H5,4026.6,Found,1987,-84.283,161.083
Lewis Cliff 87038,L6,428.2,Found,1987,-84.356,161.307
Lewis Cliff 87048,H6,277.6,Found,1987,-84.351,161.322
Lewis Cliff 87057,E3-an,0.4,Found,1987,-84.347,161.326
Lewis Cliff 87066,L6,7.2,Found,1987,-84.254,161.387
Lewis Cliff 87076,H6,51.7,Found,1987,-84.253,161.372
Lewis Cliff 87085,H5,9.3,Found,1987,-84.254,161.368
Lewis Cliff 87094,L6,2.6,Found,1987,-84.34,161.403
Lewis Cliff 87105,H6,15.9,Found,1987,-84.254,161.396
Lewis Cliff 87116,H5,6.6,Found,1987,-84.254,161.408
Lewis Cliff 87125,H6,4.3,Found,1987,-84.255,161.461
Lewis Cliff 87137,L4,20.7,Found,1987,-84.254,161.409
Lewis Cliff 87146,LL6,2,Found,1987,-84.346,161.327
Lewis Cliff 87155,H5,54,Found,1987,-84.36,161.228
Lewis Cliff 87164,L6,0.7,Found,1987,-84.347,161.341
Lewis Cliff 87174,L6,101.5,Found,1987,-84.352,161.202
Lewis Cliff 87185,H5,5.4,Found,1987,-84.273,161.702
Lewis Cliff 87194,H6,57.7,Found,1987,-84.349,161.447
Lewis Cliff 87203,H6,20.7,Found,1987,-84.274,161.695
Lewis Cliff 87213,H4,56.1,Found,1987,-84.342,161.422
Lewis Cliff 87222,H5,51.9,Found,1987,-84.273,161.718
Lewis Cliff 87233,H5,36.6,Found,1987,-84.273,161.713
Lewis Cliff 87243,H5,34.8,Found,1987,-84.273,161.713
Lewis Cliff 87253,H6,3.9,Found,1987,-84.273,161.708
Lewis Cliff 87262,H5,15.9,Found,1987,-84.273,161.715
Lewis Cliff 87270,H5,42.2,Found,1987,-84.273,161.718
Lewis Cliff 87279,LL6,80,Found,1987,-84.362,161.292
Lewis Cliff 87288,H5,8.8,Found,1987,-84.273,161.716
Lewis Cliff 88003,CM2,1.7,Found,1988,-84.275,161.378
Lewis Cliff 88013,H5,219.1,Found,1988,-84.276,161.342
Lewis Cliff 88023,"Iron, ungrouped",8,Found,1988,-84.283,161.083
Lewis Cliff 88032,L5,11.2,Found,1988,-84.247,161.46
Lewis Cliff 88041,L6,9.2,Found,1988,-84.246,161.468
Lewis Cliff 88050,H6,6.2,Found,1988,-84.251,161.404
Lewis Cliff 88059,L6,10.8,Found,1988,-84.252,161.401
Lewis Cliff 88067,L6,11.5,Found,1988,-84.253,161.415
Lewis Cliff 88076,H6,4.2,Found,1988,-84.245,161.424
Lewis Cliff 88086,H6,4.4,Found,1988,-84.245,161.43
Lewis Cliff 88095,H6,11.9,Found,1988,-84.253,161.385
Lewis Cliff 88105,H5,9.5,Found,1988,-84.253,161.378
Lewis Cliff 88114,H5,9.3,Found,1988,-84.253,161.408
Lewis Cliff 88123,L6,3.8,Found,1988,-84.253,161.366
Lewis Cliff 88132,H5,7.1,Found,1988,-84.283,161.083
Lewis Cliff 88141,H6,4.9,Found,1988,-84.245,161.418
Lewis Cliff 88151,H5,5.9,Found,1988,-84.246,161.402
Lewis Cliff 88159,H5,32.8,Found,1988,-84.263,161.35
Lewis Cliff 88168,H4,23,Found,1988,-84.248,161.379
Lewis Cliff 88177,L6,83.8,Found,1988,-84.242,161.449
Lewis Cliff 88186,H6,47.1,Found,1988,-84.283,161.329
Lewis Cliff 88195,L6,45.1,Found,1988,-84.277,161.354
Lewis Cliff 88204,L5,21.3,Found,1988,-84.248,161.417
Lewis Cliff 88214,H5,76.5,Found,1988,-84.251,161.387
Lewis Cliff 88223,H6,6.7,Found,1988,-84.282,161.356
Lewis Cliff 88232,LL6,6,Found,1988,-84.238,161.43
Lewis Cliff 88243,H5,12.7,Found,1988,-84.282,161.345
Lewis Cliff 88252,H6,1.8,Found,1988,-84.237,161.471
Lewis Cliff 88261,L3.4,17.6,Found,1988,-84.285,161.338
Lewis Cliff 88270,H6,9.3,Found,1988,-84.279,161.427
Lewis Cliff 88280,Lodranite,6,Found,1988,-84.282,161.359
MacAlpine Hills 02663,L5,4.3,Found,2002,,
Lewis Cliff 88297,H6,20,Found,1988,-84.239,161.475
Lewis Cliff 88306,L6,52,Found,1988,-84.288,161.376
Lewis Cliff 88315,H3.5,25.1,Found,1988,-84.295,161.321
Lewis Cliff 88324,L6,48.2,Found,1988,-84.236,161.473
Lewis Cliff 88333,H5,40.5,Found,1988,-84.285,161.326
Lewis Cliff 88343,H4,28.1,Found,1988,-84.27,161.407
Lewis Cliff 88353,H5,13.2,Found,1988,-84.254,161.393
Lewis Cliff 88362,H6,16.7,Found,1988,-84.251,161.407
Lewis Cliff 88372,LL6,8.7,Found,1988,-84.241,161.475
Lewis Cliff 88381,H5,1.7,Found,1988,-84.243,161.437
Lewis Cliff 88391,H5,15.7,Found,1988,-84.24,161.437
Lewis Cliff 88401,H5,3.9,Found,1988,-84.24,161.437
Lewis Cliff 88412,H6,11.3,Found,1988,-84.238,161.436
Lewis Cliff 88421,H5,11.9,Found,1988,-84.239,161.444
Lewis Cliff 88430,H5,12.7,Found,1988,-84.251,161.376
Lewis Cliff 88439,H5,6.7,Found,1988,-84.25,161.383
Lewis Cliff 88449,H5,1.7,Found,1988,-84.251,161.431
Lewis Cliff 88458,L6,3.3,Found,1988,-84.247,161.463
Lewis Cliff 88467,L3.8,6.6,Found,1988,-84.298,161.288
Lewis Cliff 88477,LL3.4,12.3,Found,1988,-84.249,161.407
Lewis Cliff 88486,H5,11.1,Found,1988,-84.249,161.376
Lewis Cliff 88495,H5,12.2,Found,1988,-84.251,161.387
Lewis Cliff 88504,H5,13.5,Found,1988,-84.248,161.391
Lewis Cliff 88514,H5,6.7,Found,1988,-84.247,161.395
Lewis Cliff 88523,L6,7.2,Found,1988,-84.247,161.412
Lewis Cliff 88533,L6,2,Found,1988,-84.249,161.456
Lewis Cliff 88543,L6,11.3,Found,1988,-84.249,161.37
Lewis Cliff 88552,H5,2.9,Found,1988,-84.253,161.421
Lewis Cliff 88561,LL3.3,10.7,Found,1988,-84.244,161.445
Lewis Cliff 88570,H6,9.5,Found,1988,-84.246,161.41
Lewis Cliff 88579,H5,6,Found,1988,-84.249,161.396
Lewis Cliff 88588,H5,10,Found,1988,-84.248,161.383
Lewis Cliff 88599,H6,8.5,Found,1988,-84.251,161.413
Lewis Cliff 88609,H5,7,Found,1988,-84.268,161.425
Lewis Cliff 88618,H6,13,Found,1988,-84.269,161.372
Lewis Cliff 88627,H5,4.9,Found,1988,-84.251,161.372
Lewis Cliff 88637,H5,6.8,Found,1988,-84.271,161.387
Lewis Cliff 88646,H5,16.9,Found,1988,-84.272,161.406
Lewis Cliff 88655,H5,7.2,Found,1988,-84.275,161.392
Lewis Cliff 88663,L7,14.5,Found,1988,-84.278,161.402
Lewis Cliff 88673,L4,6.9,Found,1988,-84.271,161.412
Lewis Cliff 88682,H4,10.9,Found,1988,-84.286,161.327
Lewis Cliff 88691,H4,15,Found,1988,-84.271,161.368
Lewis Cliff 88700,LL6,13.4,Found,1988,-84.279,161.401
Lewis Cliff 88709,H5,16.4,Found,1988,-84.277,161.396
Lewis Cliff 88718,L6,11.5,Found,1988,-84.276,161.358
Lewis Cliff 88727,H5,6,Found,1988,-84.281,161.368
Lewis Cliff 88737,L6,10.2,Found,1988,-84.285,161.38
Lewis Cliff 88746,LL5,4.3,Found,1988,-84.284,161.365
Lewis Cliff 88755,H4,8.6,Found,1988,-84.278,161.351
Lewis Cliff 88764,H5,9,Found,1988,-84.233,161.476
Lewis Cliff 88773,L6,14.1,Found,1988,-84.251,161.369
Lewis Cliff 88783,LL3.6,9.8,Found,1988,-84.25,161.428
Lewis Cliff 93804,L6,80.8,Found,1993,-84.384,162.08
Lewis Cliff 93814,H6,1,Found,1993,-84.274,161.686
Lewis Cliff 93823,H6,7,Found,1993,-84.272,161.413
Lewis Cliff 93832,H6,3.1,Found,1993,-84.274,161.684
Lewis Cliff 93841,H5,2.9,Found,1993,-84.274,161.689
Lewis Cliff 93851,LL5,4.9,Found,1993,-84.235,161.44
Lewis Cliff 93859,H6,3,Found,1993,-84.274,161.684
Lewis Cliff 93868,H6,4.4,Found,1993,-84.274,161.685
Lewis Cliff 93878,LL6,4.2,Found,1993,-84.272,161.41
Lewis Cliff 93888,H5,10.9,Found,1993,-84.243,161.45
MacAlpine Hills 02720,H6,0.09,Found,2002,,
Lewis Cliff 97213,LL5,82.1,Found,1997,-84.267,161.5
Lewis Cliff 97222,H6,28.9,Found,1997,-84.267,161.5
Lexington County,"Iron, IAB-MG",4760,Found,1880,34.0,-81.25
Lipovsky,"Pallasite, PMG",3500,Found,1904,49.083,42.517
Livingston (Tennessee),"Iron, IAB-ung",235,Found,1937,36.417,-85.25
Lone Star,H4,4300,Found,1965,34.26,-101.408
Lonewolf Nunataks 94107,L6,546.9,Found,1994,-81.333,152.833
Loongana 002,H6,53.89,Found,1992,-30.13,127.383
Los Lunas,H4,94.5,Found,1978,34.812,-106.792
Los Vientos 006,H4,230,Found,2009,-24.683,-69.767
Los Vientos 018,L6,308,Found,2010,-24.683,-69.767
Los Vientos 028,H~5,12110,Found,2012,-24.683,-69.767
Lucerne Valley 001,L6,15.8,Found,1963,34.5,-116.95
Lucerne Valley 010,H4,6.4,Found,1965,34.5,-116.95
Lucerne Valley 018,H6,0.97,Found,2002,34.488,-116.949
Lucerne Valley 027,L6,3.1,Found,2003,34.487,-116.953
Lucerne Valley 040,L6,5.21,Found,2004,34.492,-116.943
Lucerne Valley 049,L6,9.2,Found,2004,34.485,-116.961
Lucerne Valley 094,CK5,3.5,Found,2008,34.487,-116.961
Lucky Hill,"Iron, IIIAB",20500,Found,1885,17.9,-77.633
Lynch 001,L5-6,31.5,Found,1977,-31.017,127.217
MacAlpine Hills 02456,H5,624.8,Found,2002,,
MacAlpine Hills 02465,H5,29.6,Found,2002,,
MacAlpine Hills 02478,H5,8.78,Found,2002,-84.217,160.5
MacAlpine Hills 02488,L6,20.86,Found,2002,-84.217,160.5
MacAlpine Hills 02498,LL5,19.84,Found,2002,,
MacAlpine Hills 02507,H5,12.02,Found,2002,,
MacAlpine Hills 02517,L4,3.61,Found,2002,,
MacAlpine Hills 02527,Eucrite-br,3.7,Found,2002,-84.217,160.5
MacAlpine Hills 02538,L5,54.5,Found,2002,-84.217,160.5
MacAlpine Hills 02554,H6,0.2,Found,2002,-84.217,160.5
MacAlpine Hills 02565,H5,0.69,Found,2002,,
MacAlpine Hills 02575,L5,2.79,Found,2002,,
MacAlpine Hills 02586,H5,2.52,Found,2002,,
MacAlpine Hills 02596,H5,34.98,Found,2002,,
MacAlpine Hills 02605,H6,34.4,Found,2002,-84.217,160.5
MacAlpine Hills 02616,H5,7.25,Found,2002,-84.217,160.5
MacAlpine Hills 02624,L4,3.86,Found,2002,,
MacAlpine Hills 02633,H5,29.5,Found,2002,-84.217,160.5
MacAlpine Hills 02644,H5,23.27,Found,2002,-84.217,160.5
MacAlpine Hills 02653,H6,0.21,Found,2002,-84.217,160.5
MacAlpine Hills 02668,H5,11.26,Found,2002,,
MacAlpine Hills 02677,LL5,299.7,Found,2002,,
MacAlpine Hills 02686,L5,0.18,Found,2002,-84.217,160.5
MacAlpine Hills 02695,H6,0.77,Found,2002,-84.217,160.5
MacAlpine Hills 02705,H5,57.97,Found,2002,-84.217,160.5
MacAlpine Hills 02715,L5,1.11,Found,2002,,
MacAlpine Hills 02732,L5,6.92,Found,2002,,
MacAlpine Hills 02741,H5,167.09,Found,2002,,
MacAlpine Hills 02752,L5,19.4,Found,2002,-84.217,160.5
MacAlpine Hills 02761,H5,0.3,Found,2002,,
MacAlpine Hills 02771,L5,1.44,Found,2002,,
MacAlpine Hills 02780,L6,0.73,Found,2002,,
MacAlpine Hills 02791,LL5,6.84,Found,2002,,
MacAlpine Hills 02801,LL5,13.85,Found,2002,,
MacAlpine Hills 02810,H5,23.79,Found,2002,,
MacAlpine Hills 02820,CM1/2,0.21,Found,2002,,
MacAlpine Hills 02830,H5,321.4,Found,2002,-84.217,160.5
MacAlpine Hills 02839,EL3,110.4,Found,2002,-84.217,160.5
MacAlpine Hills 02850,L5,2.93,Found,2002,,
MacAlpine Hills 02860,L5,0.22,Found,2002,,
MacAlpine Hills 02870,H5,16.97,Found,2002,,
MacAlpine Hills 02879,H5,7.53,Found,2002,,
MacAlpine Hills 02889,L4,3.53,Found,2002,,
MacAlpine Hills 02899,H6,74.73,Found,2002,,
MacAlpine Hills 02908,LL5,16.6,Found,2002,,
MacAlpine Hills 02917,L3,222.16,Found,2002,,
MacAlpine Hills 02928,H5,53.78,Found,2002,,
MacAlpine Hills 02937,H5,7.18,Found,2002,,
MacAlpine Hills 02947,L4,16.03,Found,2002,,
MacAlpine Hills 02957,L4,12.48,Found,2002,,
MacAlpine Hills 041002,H5,19.2,Found,2004,,
MacAlpine Hills 041011,L5,0.4,Found,2004,,
MacAlpine Hills 041020,L5,1.4,Found,2004,,
MacAlpine Hills 041030,H5,0.25,Found,2004,,
MacAlpine Hills 041039,H5,1.06,Found,2004,,
MacAlpine Hills 041048,H5,8.1,Found,2004,,
MacAlpine Hills 041057,L5,7.8,Found,2004,,
MacAlpine Hills 041066,L5,3,Found,2004,,
MacAlpine Hills 041075,H5,0.55,Found,2004,,
MacAlpine Hills 041084,L5,1.16,Found,2004,,
MacAlpine Hills 041094,L6,4.8,Found,2004,,
MacAlpine Hills 041103,H5,0.7,Found,2004,,
MacAlpine Hills 041112,L5,0.57,Found,2004,,
MacAlpine Hills 041121,L5,0.9,Found,2004,,
MacAlpine Hills 041129,L5,0.7,Found,2004,,
MacAlpine Hills 041138,H5,0.9,Found,2004,,
MacAlpine Hills 041147,L5,0.7,Found,2004,,
MacAlpine Hills 041156,H5,0.4,Found,2004,,
MacAlpine Hills 041165,L6,1.9,Found,2004,,
MacAlpine Hills 041174,L5,6.9,Found,2004,,
MacAlpine Hills 041183,L5,1.1,Found,2004,,
MacAlpine Hills 041192,L5,0.4,Found,2004,,
MacAlpine Hills 041201,L4,0.8,Found,2004,,
MacAlpine Hills 041210,L5,0.5,Found,2004,,
MacAlpine Hills 041220,L5,0.8,Found,2004,,
MacAlpine Hills 041229,L5,1.3,Found,2004,,
MacAlpine Hills 041238,L5,1.6,Found,2004,,
MacAlpine Hills 041247,L5,2,Found,2004,,
MacAlpine Hills 041256,L5,3.6,Found,2004,,
MacAlpine Hills 041265,H5,3.3,Found,2004,,
MacAlpine Hills 04852,H5,906.1,Found,2004,,
MacAlpine Hills 04862,L5,0.71,Found,2004,,
MacAlpine Hills 04871,H4,0.72,Found,2004,,
MacAlpine Hills 04880,H5,0.86,Found,2004,,
MacAlpine Hills 04889,H5,0.48,Found,2004,,
MacAlpine Hills 04898,L5,11.6,Found,2004,,
MacAlpine Hills 04907,L5,0.74,Found,2004,,
MacAlpine Hills 04916,L5,4.9,Found,2004,,
MacAlpine Hills 04926,H5,1.9,Found,2004,,
MacAlpine Hills 04935,L5,0.36,Found,2004,,
MacAlpine Hills 04944,H5,0.9,Found,2004,,
MacAlpine Hills 04953,L5,3.6,Found,2004,,
MacAlpine Hills 04962,H5,0.19,Found,2004,,
MacAlpine Hills 04971,H5,2,Found,2004,,
MacAlpine Hills 04980,H5,0.58,Found,2004,,
MacAlpine Hills 04990,L5,0.2,Found,2004,,
MacAlpine Hills 04999,L5,13.5,Found,2004,,
MacAlpine Hills 87311,H4,312.8,Found,1987,-84.217,160.5
MacAlpine Hills 87320,CR2,16.2,Found,1987,-84.217,160.5
MacAlpine Hills 88108,H5,6988.4,Found,1988,-84.217,160.5
MacAlpine Hills 88117,L6,1103.8,Found,1988,-84.217,160.5
MacAlpine Hills 88126,L6,293.9,Found,1988,-84.217,160.5
MacAlpine Hills 88136,EL3,74.4,Found,1988,-84.217,160.5
MacAlpine Hills 88145,H4,11.7,Found,1988,-84.217,160.5
MacAlpine Hills 88154,H6,79.1,Found,1988,-84.217,160.5
MacAlpine Hills 88163,H5,106.2,Found,1988,-84.217,160.5
MacAlpine Hills 88172,L6,37,Found,1988,-84.217,160.5
MacAlpine Hills 88181,L6,84.4,Found,1988,-84.217,160.5
MacAlpine Hills 88190,H5,49.8,Found,1988,-84.217,160.5
MacAlpine Hills 88200,H4,35.1,Found,1988,-84.217,160.5
MacKay Glacier 05204,LL6,894.3,Found,2005,,
MacKay Glacier 05213,LL5,352.3,Found,2005,,
MacKay Glacier 05222,LL5,81.3,Found,2005,,
MacKay Glacier 05231,CM1/2,6.2,Found,2005,,
MacKay Glacier 05240,LL5,1.2,Found,2005,,
MacKay Glacier 05250,L6,34.9,Found,2005,,
MacKay Glacier 05259,L6,0.8,Found,2005,,
MacKay Glacier 92503,H5,7.7,Found,1992,-76.967,162.0
Majuba 003,H4,1306,Found,2003,40.631,-118.409
Manlai,"Iron, ungrouped",166800,Found,1954,44.333,106.5
Mar'inka,"Iron, IIAB",144,Found,1976,47.9,37.5
Maslyanino,"Iron, IAB complex",26000,Found,1992,54.25,84.333
McAddo,L6,1100,Found,1935,33.75,-100.933
Mejillones,"Iron, IIAB",14830,Found,1875,-23.1,-70.5
Menindee Lakes 004,L6,158.5,Found,1969,-33.133,141.717
Mesa Verde Park,"Iron, IAB-ung",3500,Found,1922,37.167,-108.5
Meteorite Hills 001004,L5,27,Found,2000,-79.683,159.75
Meteorite Hills 001013,H6,10.1,Found,2000,-79.683,159.75
Meteorite Hills 001022,H5,19.3,Found,2000,-79.683,159.75
Meteorite Hills 001032,H6,9.7,Found,2000,-79.683,159.75
Meteorite Hills 001041,H6,11.6,Found,2000,-79.683,159.75
Meteorite Hills 001050,LL6,67.6,Found,2000,-79.683,159.75
Meteorite Hills 001059,H6,26.4,Found,2000,-79.683,159.75
Meteorite Hills 001068,L5,7.2,Found,2000,-79.683,159.75
Meteorite Hills 001077,H6,40.6,Found,2000,-79.683,159.75
Meteorite Hills 001086,LL5,9.8,Found,2000,-79.683,159.75
Meteorite Hills 001096,LL5,17.9,Found,2000,-79.683,159.75
Meteorite Hills 001105,LL5,10.6,Found,2000,-79.683,159.75
Meteorite Hills 001113,LL6,12.5,Found,2000,-79.683,159.75
Meteorite Hills 001122,H5,14.8,Found,2000,-79.683,159.75
Meteorite Hills 001131,H6,18.5,Found,2000,-79.683,159.75
Meteorite Hills 00400,"Iron, IIIAB",4583.8,Found,2000,-79.683,155.75
Meteorite Hills 00409,"Iron, IIIAB",14,Found,2000,-79.683,155.75
Meteorite Hills 00419,"Iron, IIIAB",9,Found,2000,-79.683,155.75
Meteorite Hills 00428,"Iron, ungrouped",45.8,Found,2000,-79.683,155.75
Meteorite Hills 00437,L6,2685.3,Found,2000,-79.683,155.75
Meteorite Hills 00446,L5,1181.3,Found,2000,-79.683,155.75
Meteorite Hills 00455,L5,489,Found,2000,-79.683,159.75
Meteorite Hills 00463,L6,369.9,Found,2000,-79.683,155.75
Meteorite Hills 00472,L6,348.3,Found,2000,-79.683,155.75
Meteorite Hills 00482,LL6,175.28,Found,2000,-79.683,155.75
Meteorite Hills 00491,LL6,106.57,Found,2000,-79.683,155.75
Meteorite Hills 00500,L6,230.7,Found,2000,-79.683,155.75
Meteorite Hills 00509,LL6,180.89,Found,2000,-79.683,155.75
Meteorite Hills 00518,LL6,247.8,Found,2000,-79.683,155.75
Meteorite Hills 00527,L5,225,Found,2000,-79.683,155.75
Meteorite Hills 00536,L6,137.19,Found,2000,-79.683,155.75
Meteorite Hills 00546,H5,75.87,Found,2000,-79.683,159.75
Meteorite Hills 00555,L5,91.05,Found,2000,-79.683,155.75
Meteorite Hills 00564,L5,53.58,Found,2000,-79.683,155.75
Meteorite Hills 00573,LL6,70.96,Found,2000,-79.683,155.75
Meteorite Hills 00583,L5,51.8,Found,2000,-79.683,155.75
Meteorite Hills 00592,L5,95.78,Found,2000,-79.683,155.75
Meteorite Hills 00601,LL6,58.56,Found,2000,-79.683,155.75
Meteorite Hills 00611,H6,113.77,Found,2000,-79.683,155.75
Meteorite Hills 00620,H6,125.21,Found,2000,-79.683,155.75
Meteorite Hills 00629,LL6,17.64,Found,2000,-79.683,155.75
Meteorite Hills 00638,LL6,7.5,Found,2000,-79.683,155.75
Meteorite Hills 00647,LL6,55.93,Found,2000,-79.683,155.75
Meteorite Hills 00656,L5,32.82,Found,2000,-79.683,155.75
Meteorite Hills 00665,LL6,30.04,Found,2000,-79.683,155.75
Meteorite Hills 00675,LL6,16.22,Found,2000,-79.683,155.75
Meteorite Hills 00684,L5,14.9,Found,2000,-79.683,155.75
Meteorite Hills 00693,L6,15.23,Found,2000,-79.683,155.75
Meteorite Hills 00702,H6,43,Found,2000,-79.683,159.75
Meteorite Hills 00711,CO3,17,Found,2000,-79.683,159.75
Meteorite Hills 00720,LL6,34.07,Found,2000,-79.683,155.75
Meteorite Hills 00729,L5,2.61,Found,2000,-79.683,155.75
Meteorite Hills 00739,CK4,9.21,Found,2000,-79.683,155.75
Meteorite Hills 00748,H6,2.09,Found,2000,-79.683,155.75
Meteorite Hills 00757,H6,8.42,Found,2000,-79.683,155.75
Meteorite Hills 00766,L6,15.66,Found,2000,-79.683,155.75
Meteorite Hills 00775,LL6,24.2,Found,2000,-79.683,155.75
Meteorite Hills 00784,H4,7.51,Found,2000,-79.683,155.75
Meteorite Hills 00793,H6,40.05,Found,2000,-79.683,155.75
Meteorite Hills 00803,L5,15.41,Found,2000,-79.683,155.75
Meteorite Hills 00812,"Iron, IIIAB",4.96,Found,2000,-79.683,155.75
Meteorite Hills 00821,H6,18.14,Found,2000,-79.683,155.75
Meteorite Hills 00830,H6,36.5,Found,2000,-79.683,159.75
Meteorite Hills 00839,L4,26.3,Found,2000,-79.683,159.75
Meteorite Hills 00848,H6,14.1,Found,2000,-79.683,159.75
Meteorite Hills 00857,LL6,21.7,Found,2000,-79.683,159.75
Meteorite Hills 00867,H5,21.3,Found,2000,-79.683,159.75
Meteorite Hills 00876,H6,22.1,Found,2000,-79.683,159.75
Meteorite Hills 00885,L5,30.99,Found,2000,-79.683,155.75
Meteorite Hills 00894,H6,15.08,Found,2000,-79.683,155.75
Meteorite Hills 00903,H5,21.82,Found,2000,-79.683,155.75
Meteorite Hills 00912,H6,27.62,Found,2000,-79.683,155.75
Meteorite Hills 00921,H4,10.2,Found,2000,-79.683,159.75
Meteorite Hills 00931,L6,6.9,Found,2000,-79.683,159.75
Meteorite Hills 00940,H4,50.8,Found,2000,-79.683,159.75
Meteorite Hills 00949,LL6,33.6,Found,2000,-79.683,159.75
Meteorite Hills 00958,L5,7,Found,2000,-79.683,159.75
Meteorite Hills 00967,LL6,69.7,Found,2000,-79.683,159.75
Meteorite Hills 00976,H5,24.9,Found,2000,-79.683,159.75
Meteorite Hills 00985,H6,25.4,Found,2000,-79.683,159.75
Meteorite Hills 00995,LL6,53.7,Found,2000,-79.683,159.75
Meteorite Hills 01005,L5,19000,Found,2001,-79.683,159.75
Meteorite Hills 01014,H5,180.1,Found,2001,-79.683,159.75
Meteorite Hills 01023,H6,452.8,Found,2001,-79.683,159.75
Meteorite Hills 01032,L5,247,Found,2001,-79.683,159.75
Meteorite Hills 01041,L5,198.6,Found,2001,-79.683,159.75
Meteorite Hills 01050,LL6,1375.1,Found,2001,-79.683,159.75
Meteorite Hills 01060,LL5,351.4,Found,2001,-79.683,159.75
Meteorite Hills 01069,L5,117.1,Found,2001,-79.683,159.75
Meteorite Hills 01078,CM2,19.5,Found,2001,-79.683,159.75
Meteorite Hills 01087,Howardite,28.41,Found,2001,-79.683,155.75
Meteorite Hills 01096,LL5,48.6,Found,2001,-79.683,159.75
Meteorite Hills 01105,L5,1.7,Found,2001,-79.683,159.75
Meteorite Hills 01114,LL5,56.2,Found,2001,-79.683,159.75
Meteorite Hills 01124,H5,41.6,Found,2001,-79.683,159.75
Meteorite Hills 01133,LL6,16.6,Found,2001,-79.683,159.75
Meteorite Hills 01143,H6,44,Found,2001,-79.683,159.75
Meteorite Hills 01152,H5,11.6,Found,2001,-79.683,159.75
Meteorite Hills 01161,L5,92.2,Found,2001,-79.683,159.75
Meteorite Hills 01170,L5,34.9,Found,2001,-79.683,159.75
Meteorite Hills 01179,H5,12.4,Found,2001,-79.683,159.75
Meteorite Hills 01189,LL5,11.4,Found,2001,-79.683,159.75
Meteorite Hills 01198,Acapulcoite,98.5,Found,2001,-79.683,159.75
Meteorite Hills 01207,LL5,45.7,Found,2001,-79.683,159.75
Meteorite Hills 01216,L5,8.8,Found,2001,-79.683,159.75
Meteorite Hills 01225,LL6,10.2,Found,2001,-79.683,159.75
Meteorite Hills 01234,L5,7,Found,2001,-79.683,159.75
Meteorite Hills 01243,H6,11.6,Found,2001,-79.683,159.75
Meteorite Hills 01253,H6,103.1,Found,2001,-79.683,159.75
Meteorite Hills 01262,L5,9.7,Found,2001,-79.683,159.75
Meteorite Hills 01271,L5,141.8,Found,2001,-79.683,159.75
Meteorite Hills 01280,L5,63.2,Found,2001,-79.683,159.75
Meteorite Hills 01289,LL5,23.7,Found,2001,-79.683,159.75
Meteorite Hills 01298,L5,7.4,Found,2001,-79.683,159.75
Meteorite Hills 01307,LL6,8.7,Found,2001,-79.683,159.75
Meteorite Hills 01317,H5,1.3,Found,2001,-79.683,159.75
Meteorite Hills 01326,L5,10.9,Found,2001,-79.683,159.75
Meteorite Hills 96508,L6,629.2,Found,1996,-79.683,159.75
Meteorite Hills 96517,L5,126.6,Found,1996,-79.683,159.75
Meteorite Hills 96526,L5,63.5,Found,1996,-79.683,159.75
Meteorite Hills 96535,H6,45,Found,1996,-79.683,159.75
Meteorite Hills A78007,H6,174.8,Found,1978,-79.683,155.75
Meteorite Hills A78017,H6,46.9,Found,1978,-79.683,155.75
Meteorite Hills A78026,H6,75.2,Found,1978,-79.683,155.75
Miller (Kansas),H4,970,Found,1950,38.625,-96.023
Miller Range 03335,L5,2283.3,Found,2003,,
Miller Range 03344,H5,536.5,Found,2003,,
Miller Range 03353,L5,262.9,Found,2003,,
Miller Range 03362,LL5,400.2,Found,2003,,
Miller Range 03372,LL5,97.8,Found,2003,,
Miller Range 03381,H5,46,Found,2003,,
Miller Range 03390,H5,83.9,Found,2003,,
Miller Range 03399,LL5,18.6,Found,2003,,
Miller Range 03408,L5,1.43,Found,2003,,
Miller Range 03416,LL6,3.5,Found,2003,,
Miller Range 03425,H5,18.2,Found,2003,,
Miller Range 03436,H6,14.2,Found,2003,,
Miller Range 05001,L5,3055.5,Found,2005,,
Miller Range 05010,H4,582.4,Found,2005,,
Miller Range 05019,L5,394.4,Found,2005,,
Miller Range 05027,LL6,67.5,Found,2005,,
Miller Range 05037,H5,239,Found,2005,,
Miller Range 05046,L5,388.3,Found,2005,,
Miller Range 05056,LL5,113.6,Found,2005,,
Miller Range 05065,H5,23.3,Found,2005,,
Miller Range 05074,H5,88.4,Found,2005,,
Miller Range 05082,CB,12,Found,2005,,
Miller Range 05091,L5,14.8,Found,2005,,
Miller Range 05100,L6,17.3,Found,2005,,
Miller Range 05108,L6,19.5,Found,2005,,
Miller Range 05118,H4,1.4,Found,2005,,
Miller Range 05127,LL6,3.5,Found,2005,,
Miller Range 05135,L6,4.9,Found,2005,,
Miller Range 05145,LL6,2.1,Found,2005,,
Miller Range 05154,L5,72,Found,2005,,
Miller Range 05163,H6,42.9,Found,2005,,
Miller Range 07002,CV3,758.4,Found,2007,,
Miller Range 07012,LL6,2604.4,Found,2007,0.0,0.0
Miller Range 07021,H5,746.7,Found,2007,0.0,0.0
Miller Range 07036,H5,234.1,Found,2007,0.0,0.0
Miller Range 07045,L5,308.7,Found,2007,0.0,0.0
Miller Range 07054,L5,62.9,Found,2007,0.0,0.0
Miller Range 07063,L6,6.7,Found,2007,0.0,0.0
Miller Range 07072,L6,0.3,Found,2007,0.0,0.0
Miller Range 07082,H5,12.6,Found,2007,0.0,0.0
Miller Range 07092,H6,0.5,Found,2007,0.0,0.0
Miller Range 07101,H6,285.2,Found,2007,0.0,0.0
Miller Range 07110,H6,256.4,Found,2007,0.0,0.0
Miller Range 07119,"Iron, IVA",232.9,Found,2007,,
Miller Range 07128,H6,156.4,Found,2007,0.0,0.0
Miller Range 07137,L5,110.4,Found,2007,0.0,0.0
Miller Range 07147,LL5,97.2,Found,2007,,
Miller Range 07156,H6,57.1,Found,2007,0.0,0.0
Miller Range 07165,H5,54.1,Found,2007,0.0,0.0
Miller Range 07174,H6,65.4,Found,2007,0.0,0.0
Miller Range 07183,H6,110.7,Found,2007,0.0,0.0
Miller Range 07192,L5,78,Found,2007,0.0,0.0
Miller Range 07201,L5,59.8,Found,2007,0.0,0.0
Miller Range 07211,L6,38.2,Found,2007,0.0,0.0
Miller Range 07220,H6,1.7,Found,2007,0.0,0.0
Miller Range 07229,L6,1.7,Found,2007,0.0,0.0
Miller Range 07238,H6,13.2,Found,2007,0.0,0.0
Miller Range 07247,H6,1.7,Found,2007,0.0,0.0
Miller Range 07256,L6,0.4,Found,2007,0.0,0.0
Miller Range 07265,CO3,0.6,Found,2007,0.0,0.0
Miller Range 07275,H5,29.3,Found,2007,0.0,0.0
Miller Range 07284,L6,22.1,Found,2007,0.0,0.0
Miller Range 07293,CO3,16.7,Found,2007,0.0,0.0
Miller Range 07302,CO3,5.2,Found,2007,0.0,0.0
Miller Range 07311,CO3,0.7,Found,2007,0.0,0.0
Miller Range 07320,L6,4.2,Found,2007,0.0,0.0
Miller Range 07329,H6,6.1,Found,2007,0.0,0.0
Miller Range 07339,L4,1.2,Found,2007,0.0,0.0
Miller Range 07348,H5,23.1,Found,2007,0.0,0.0
Miller Range 07357,CO3,10.5,Found,2007,0.0,0.0
Miller Range 07366,H6,2.1,Found,2007,0.0,0.0
Miller Range 07375,H6,4,Found,2007,0.0,0.0
Miller Range 07384,CO3,28.6,Found,2007,0.0,0.0
Miller Range 07393,EH3,11.8,Found,2007,0.0,0.0
Miller Range 07403,CV3,0.5,Found,2007,0.0,0.0
Miller Range 07412,H5,22.3,Found,2007,0.0,0.0
Miller Range 07421,CO3,1.1,Found,2007,0.0,0.0
Miller Range 07430,LL5,0.8,Found,2007,0.0,0.0
Miller Range 07439,CO3,4.4,Found,2007,0.0,0.0
Miller Range 07448,"Iron, IAB complex",42.4,Found,2007,,
Miller Range 07458,H6,12.2,Found,2007,0.0,0.0
Miller Range 07468,H5,14.4,Found,2007,0.0,0.0
Miller Range 07477,LL6,2.3,Found,2007,0.0,0.0
Miller Range 07486,L5,5.4,Found,2007,0.0,0.0
Miller Range 07496,H6,8.5,Found,2007,0.0,0.0
Miller Range 07505,CO3,1.8,Found,2007,0.0,0.0
Miller Range 07515,L6,5.7,Found,2007,0.0,0.0
Miller Range 07524,H5,15.6,Found,2007,0.0,0.0
Miller Range 07535,H6,4.8,Found,2007,0.0,0.0
Miller Range 07544,H5,3.2,Found,2007,0.0,0.0
Miller Range 07553,L5,0.6,Found,2007,0.0,0.0
Miller Range 07562,L5,5.7,Found,2007,0.0,0.0
Miller Range 07571,H6,2.5,Found,2007,0.0,0.0
Miller Range 07581,L6,16.7,Found,2007,0.0,0.0
Miller Range 07590,CV3,1.8,Found,2007,0.0,0.0
Miller Range 07600,H5,0.6,Found,2007,0.0,0.0
Miller Range 07609,L6,0.3,Found,2007,0.0,0.0
Miller Range 07618,L5,11.4,Found,2007,0.0,0.0
Miller Range 07627,L5,7.7,Found,2007,0.0,0.0
Miller Range 07636,L5,3.4,Found,2007,0.0,0.0
Miller Range 07648,L6,0.7,Found,2007,0.0,0.0
Miller Range 07656,L6,5.2,Found,2007,0.0,0.0
Miller Range 07666,"Iron, IIAB",96.3,Found,2007,,
Miller Range 07675,CM2,37.4,Found,2007,0.0,0.0
Miller Range 07684,CV3,1.3,Found,2007,0.0,0.0
Miller Range 07694,CV3,12.7,Found,2007,0.0,0.0
Miller Range 07703,CM2,13.6,Found,2007,0.0,0.0
Miller Range 090001,CR2,6290,Found,2009,0.0,0.0
Miller Range 090010,CO3,2487.9,Found,2009,0.0,0.0
Miller Range 090020,L5,864.3,Found,2009,0.0,0.0
Miller Range 090029,Pallasite,356.4,Found,2009,0.0,0.0
Miller Range 090038,CO3,404.4,Found,2009,0.0,0.0
Miller Range 090046,LL6,331.7,Found,2009,0.0,0.0
Miller Range 090055,LL5,415.8,Found,2009,0.0,0.0
Miller Range 090064,L5,416.9,Found,2009,0.0,0.0
Miller Range 090073,CO3,255.5,Found,2009,0.0,0.0
Miller Range 090083,L6,203.4,Found,2009,0.0,0.0
Miller Range 090092,LL6,402.6,Found,2009,0.0,0.0
Miller Range 090101,L6,399.9,Found,2009,0.0,0.0
Miller Range 090110,LL6,163.4,Found,2009,0.0,0.0
Miller Range 090119,L6,176.4,Found,2009,0.0,0.0
Miller Range 090128,CO3,160.3,Found,2009,0.0,0.0
Miller Range 090137,L5,265.6,Found,2009,0.0,0.0
Miller Range 090147,LL6,2.2,Found,2009,0.0,0.0
Miller Range 090156,L6,76.4,Found,2009,0.0,0.0
Miller Range 090165,LL6,3.2,Found,2009,0.0,0.0
Miller Range 090174,CV3,0.8,Found,2009,0.0,0.0
Miller Range 090183,L6,2.8,Found,2009,0.0,0.0
Miller Range 090192,L6,25.7,Found,2009,0.0,0.0
Miller Range 090201,L5,28.6,Found,2009,0.0,0.0
Miller Range 090211,LL6,14.5,Found,2009,0.0,0.0
Miller Range 090220,Diogenite,28,Found,2009,0.0,0.0
Miller Range 090229,H5,38.5,Found,2009,0.0,0.0
Miller Range 090238,LL6,71.3,Found,2009,0.0,0.0
Miller Range 090247,LL6,8.2,Found,2009,0.0,0.0
Miller Range 090256,L6,2.2,Found,2009,0.0,0.0
Miller Range 090266,L5,13,Found,2009,0.0,0.0
Miller Range 090276,LL6,7.9,Found,2009,0.0,0.0
Miller Range 090285,L5,131.4,Found,2009,0.0,0.0
Miller Range 090295,L5,6.4,Found,2009,0.0,0.0
Miller Range 090304,L6,3.4,Found,2009,0.0,0.0
Miller Range 090313,L6,3,Found,2009,0.0,0.0
Miller Range 090322,L6,4,Found,2009,0.0,0.0
Miller Range 090330,L-imp melt,2,Found,2009,0.0,0.0
Miller Range 090340,Achondrite-ung,4.7,Found,2009,0.0,0.0
Miller Range 090349,LL6,1.4,Found,2009,0.0,0.0
Miller Range 090358,LL6,2.9,Found,2009,0.0,0.0
Miller Range 090367,L6,9,Found,2009,0.0,0.0
Miller Range 090375,L6,1,Found,2009,0.0,0.0
Miller Range 090384,L6,2.9,Found,2009,0.0,0.0
Miller Range 090393,L5,1.2,Found,2009,0.0,0.0
Miller Range 090403,L5,68.8,Found,2009,0.0,0.0
Miller Range 090413,LL6,55,Found,2009,0.0,0.0
Miller Range 090421,LL5,1.3,Found,2009,0.0,0.0
Miller Range 090430,LL6,10.9,Found,2009,0.0,0.0
Miller Range 090439,CO3,2.5,Found,2009,0.0,0.0
Miller Range 090448,L6,5.2,Found,2009,0.0,0.0
Miller Range 090457,CO3,32.6,Found,2009,0.0,0.0
Miller Range 090467,CO3,10.1,Found,2009,0.0,0.0
Miller Range 090476,L5,25.9,Found,2009,0.0,0.0
Miller Range 090485,CO3,4.6,Found,2009,0.0,0.0
Miller Range 090494,L6,1.9,Found,2009,0.0,0.0
Miller Range 090503,H6,0.6,Found,2009,0.0,0.0
Miller Range 090512,H6,0.7,Found,2009,0.0,0.0
Miller Range 090521,CK6,2.7,Found,2009,0.0,0.0
Miller Range 090531,L6,61.2,Found,2009,0.0,0.0
Miller Range 090540,H6,0.3,Found,2009,0.0,0.0
Miller Range 090549,H6,2.2,Found,2009,0.0,0.0
Miller Range 090557,L5,3.1,Found,2009,0.0,0.0
Miller Range 090566,L6,86.2,Found,2009,0.0,0.0
Miller Range 090575,L5,7.9,Found,2009,0.0,0.0
Miller Range 090584,LL5,65.5,Found,2009,0.0,0.0
Miller Range 090594,CO3,2.2,Found,2009,0.0,0.0
Miller Range 090603,LL6,15.9,Found,2009,0.0,0.0
Miller Range 090612,L6,41.7,Found,2009,0.0,0.0
Miller Range 090621,L6,32.9,Found,2009,0.0,0.0
Miller Range 090630,L5,11.1,Found,2009,0.0,0.0
Miller Range 090639,L6,4.9,Found,2009,0.0,0.0
Miller Range 090648,H-melt rock,32.7,Found,2009,0.0,0.0
Miller Range 090658,H6,12.8,Found,2009,0.0,0.0
Miller Range 090667,L5,1.4,Found,2009,0.0,0.0
Miller Range 090677,CV3,3.9,Found,2009,0.0,0.0
Miller Range 090686,CO3,1.3,Found,2009,0.0,0.0
Miller Range 090695,L6,24.4,Found,2009,0.0,0.0
Miller Range 090704,L6,11.7,Found,2009,0.0,0.0
Miller Range 090713,LL5,1.3,Found,2009,0.0,0.0
Miller Range 090723,CO3,0.6,Found,2009,0.0,0.0
Miller Range 090732,L5,7.1,Found,2009,0.0,0.0
Miller Range 090741,L6,129.8,Found,2009,0.0,0.0
Miller Range 090750,H5,6.1,Found,2009,0.0,0.0
Miller Range 090759,L6,16.9,Found,2009,0.0,0.0
Miller Range 090768,H5,28.3,Found,2009,0.0,0.0
Miller Range 090778,L6,35.1,Found,2009,0.0,0.0
Miller Range 090788,L6,51,Found,2009,0.0,0.0
Miller Range 090797,L6,43.1,Found,2009,0.0,0.0
Miller Range 090806,LL5,3.8,Found,2009,0.0,0.0
Miller Range 090815,H6,1.7,Found,2009,0.0,0.0
Miller Range 090824,H6,0.6,Found,2009,0.0,0.0
Miller Range 090833,H6,48,Found,2009,0.0,0.0
Miller Range 090843,L6,4.5,Found,2009,0.0,0.0
Miller Range 090853,L5,111.3,Found,2009,0.0,0.0
Miller Range 090862,LL5,87.5,Found,2009,0.0,0.0
Miller Range 090871,L6,63.5,Found,2009,0.0,0.0
Miller Range 090880,LL6,30,Found,2009,0.0,0.0
Miller Range 090889,LL6,3.7,Found,2009,0.0,0.0
Miller Range 090898,L6,0.6,Found,2009,0.0,0.0
Miller Range 090907,CO3,1.8,Found,2009,0.0,0.0
Miller Range 090917,LL6,4.5,Found,2009,0.0,0.0
Miller Range 090926,LL6,128.4,Found,2009,0.0,0.0
Miller Range 090935,LL5,17.9,Found,2009,0.0,0.0
Miller Range 090944,LL5,4.8,Found,2009,0.0,0.0
Miller Range 090953,L6,1.8,Found,2009,0.0,0.0
Miller Range 090962,L5,1.8,Found,2009,0.0,0.0
Miller Range 090971,LL6,4.8,Found,2009,0.0,0.0
Miller Range 090981,CV3,38.5,Found,2009,0.0,0.0
Miller Range 090990,L6,21.9,Found,2009,0.0,0.0
Miller Range 090999,L6,41.1,Found,2009,0.0,0.0
Miller Range 091008,LL6,9.9,Found,2009,0.0,0.0
Miller Range 11101,CO3,2.8,Found,2011,0.0,0.0
Miller Range 11204,Diogenite,16.2,Found,2011,0.0,0.0
Miller Range 99300,H5,2419.8,Found,1999,-83.25,157.0
Miller Range 99310,H5,315.7,Found,1999,-83.25,157.0
Miller Range 99319,L5,249.1,Found,1999,-83.25,157.0
Miller Range 99328,L6,6,Found,1999,-83.25,157.0
Mincy,Mesosiderite-B4,89400,Found,1857,36.55,-93.1
Modoc (1948),H6,1800,Found,1948,38.5,-101.1
Monument Draw,Acapulcoite,524.5,Found,1985,32.503,-102.743
Morokweng,LL6,750,Found,2004,-26.372,23.524
Mosca,L6,6220,Found,1942,37.633,-105.833
Mount Cranfield 03540,L3,151.9,Found,2003,,
Mount Howe 10920,LL5,711.3,Found,2010,0.0,0.0
Mount Moroto,L6,752,Found,1995,2.5,34.75
Mount Pratt 04405,LL6,1373.5,Found,2004,,
Mount Pratt 04414,H4,104.4,Found,2004,,
Mount Prestrud 95405,H5,31.9,Found,1995,-86.567,-165.117
Mount Prestrud 95415,L6,82.5,Found,1995,-86.567,-165.117
Mount Wisting 95302,L6,236.2,Found,1995,-86.45,-165.433
Muckera 002,Howardite,98,Found,1991,-30.05,130.217
Muckera 011,L6,26,Found,1991,-30.367,130.083
Mud Dry Lake,H3,18255,Found,2002,37.859,-117.021
Mulga (south),H4,894,Found,1963,-30.2,126.367
Mundrabilla 008,L6,57.1,Found,1982,-30.8,127.617
Mundrabilla 018,Howardite,24,Found,1990,-30.5,127.5
Muroc,L,18.4,Found,1936,34.917,-117.833
Nahuel Niyeu,H5,10540,Found,2005,-40.533,-66.633
Naretha,L4,5500,Found,1915,-31.0,124.833
Naviska,"Iron, IAB complex",147,Found,2004,32.5,-111.28
Neenach,L6,13800,Found,1948,34.8,-118.5
New Almelo,L5,8000,Found,1917,39.667,-100.0
New York,"Iron, IIIAB",2950,Found,1965,0.0,0.0
Nochtuisk,Iron,8,Found,1876,59.983,117.583
Norristown,"Iron, IIIAB",4200,Found,1965,32.517,-82.55
North West Forrest (H),H4,238.4,Found,1969,-30.767,128.017
Northwest Africa 1204,H4,393,Found,1999,,
Northwest Africa 012,L4,15,Found,1999,31.333,-4.333
Northwest Africa 021,L4,166,Found,1999,29.917,-5.583
Northwest Africa 032,Lunar (basalt),300,Found,1999,30.367,-5.05
Northwest Africa 041,L5/6,215,Found,1999,27.167,-9.5
Northwest Africa 051,L4,330,Found,,29.917,-5.583
Northwest Africa 060,CK5,604,Found,2000,,
Northwest Africa 070,H6,8224,Found,2000,,
Northwest Africa 091,L6,370,Found,2000,,
Northwest Africa 100,L6,7136,Found,2000,,
Northwest Africa 1045,H4/5,102,Found,2000,,
Northwest Africa 1053,L6,108,Found,2001,,
Northwest Africa 1061,L6,112,Found,2001,,
Northwest Africa 108,L6,1612,Found,2000,,
Northwest Africa 1150,Howardite,67.05,Found,2000,,
Northwest Africa 1161,H5,43,Found,1999,0.0,0.0
Northwest Africa 118,LL6,436,Found,2000,,
Northwest Africa 1195,Martian (shergottite),315,Found,2002,,
Northwest Africa 1207,H3,905,Found,1999,,
Northwest Africa 1216,H5,198,Found,1999,,
Northwest Africa 1225,L5,357,Found,1999,,
Northwest Africa 1234,LL6,102,Found,2000,,
Northwest Africa 1241,Ureilite,282,Found,2001,,
Northwest Africa 1251,H5/6,122,Found,2002,,
Northwest Africa 1261,L5,118,Found,2002,,
Northwest Africa 1270,L4/5,204,Found,2002,,
Northwest Africa 1296,Angrite,810,Found,2001,,
Northwest Africa 1390,H3.8,270,Found,2000,,
Northwest Africa 1430,"Iron, IIIAB",113000,Found,2001,,
Northwest Africa 1465,CV3-an,3000,Found,2001,,
Northwest Africa 1475,L6,220,Found,2001,,
Northwest Africa 1483,H5,10.4,Found,2001,,
Northwest Africa 1492,H4,72.2,Found,2002,,
Northwest Africa 1501,H5,542,Found,2001,,
Northwest Africa 151,L6,116,Found,2000,,
Northwest Africa 1518,H/L3,340,Found,2001,,
Northwest Africa 1527,L4,128,Found,2001,,
Northwest Africa 1537,L5,528,Found,2000,,
Northwest Africa 1546,L5,500,Found,2000,,
Northwest Africa 1556,L6,374,Found,2002,,
Northwest Africa 1565,H4,200,Found,1999,,
Northwest Africa 1574,H5,210.5,Found,2001,,
Northwest Africa 1583,R3.9,78,Found,2002,,
Northwest Africa 1591,LL5-6,254.8,Found,2001,,
Northwest Africa 1600,H5,165.9,Found,2001,,
Northwest Africa 1609,H4-6,359.4,Found,2001,,
Northwest Africa 1644,Eucrite-pmict,214,Found,2001,,
Northwest Africa 1652,L-imp melt,68.3,Found,2002,,
Northwest Africa 1660,H4,287,Found,2002,,
Northwest Africa 1668,R5,710,Found,2002,,
Northwest Africa 1693,H5,83,Found,2002,,
Northwest Africa 1702,H6,220,Found,2002,,
Northwest Africa 1710,LL4,5.6,Found,2002,,
Northwest Africa 172,H5,24.2,Found,1999,,
Northwest Africa 1760,Eucrite-mmict,20.3,Found,2001,,
Northwest Africa 1768,Eucrite-pmict,9.4,Found,2002,,
Northwest Africa 1778,L6,95000,Found,2002,,
Northwest Africa 1786,H5,277,Found,2002,,
Northwest Africa 1796,H5,22000,Found,2002,,
Northwest Africa 1805,L6,102.4,Found,2002,,
Northwest Africa 1814,CBa,156,Found,1999,,
Northwest Africa 1825,L5,103.4,Found,2002,,
Northwest Africa 1839,L7,121.8,Found,2003,,
Northwest Africa 1855,LL3,282,Found,2002,,
Northwest Africa 1882,Mesosiderite-C,4438,Found,2002,,
Northwest Africa 1892,L6,115,Found,2002,,
Northwest Africa 1901,L6,567,Found,2002,,
Northwest Africa 1910,EL6,305,Found,2003,,
Northwest Africa 1926,Ureilite-pmict,37,Found,2003,,
Northwest Africa 1935,LL4,581,Found,2003,,
Northwest Africa 1944,H4,632,Found,2001,,
Northwest Africa 1955,H/L3-4,2000,Found,2002,,
Northwest Africa 1966,Eucrite-pmict,85.5,Found,2003,,
Northwest Africa 1975,L6,28.4,Found,2003,,
Northwest Africa 1984,L4,1360,Found,2003,,
Northwest Africa 1993,H6,1670,Found,,,
Northwest Africa 2002,L5/6,191,Found,2001,,
Northwest Africa 2011,L4,136.5,Found,2002,,
Northwest Africa 2020,L5,94.2,Found,2002,,
Northwest Africa 2033,L/LL4,16500,Found,2003,,
Northwest Africa 2043,CK3,34.9,Found,2003,0.0,0.0
Northwest Africa 2059,Diogenite-pm,36,Found,2003,,
Northwest Africa 2069,R,44.9,Found,2003,,
Northwest Africa 2078,H5,34.8,Found,2003,,
Northwest Africa 2088,Ureilite,252,Found,2003,,
Northwest Africa 2106,Eucrite,322,Found,2003,,
Northwest Africa 2118,L3.1,42,Found,2002,,
Northwest Africa 2127,L4,45,Found,2003,,
Northwest Africa 2136,L3.5,1045,Found,2004,,
Northwest Africa 2153,L6,353,Found,2004,,
Northwest Africa 2162,H5,417.2,Found,2003,,
Northwest Africa 2170,LL6,480.3,Found,2003,,
Northwest Africa 2181,L6,448,Found,2002,,
Northwest Africa 2195,LL3.6,152.5,Found,,,
Northwest Africa 2205,LL5,1247,Found,2005,,
Northwest Africa 2214,CO3,340,Found,2001,,
Northwest Africa 2225,Ureilite,40,Found,2004,,
Northwest Africa 2239,L3-6,100000,Found,2002,,
Northwest Africa 2247,Eucrite-pmict,8.6,Found,2003,,
Northwest Africa 2256,H5,215.4,Found,2001,27.767,-7.667
Northwest Africa 2267,L3.8,24.5,Found,2002,28.1,-7.517
Northwest Africa 2277,H4,1694,Found,2003,,
Northwest Africa 2286,Diogenite,82,Found,2003,,
Northwest Africa 2295,L6,858,Found,2003,,
Northwest Africa 2303,L6,3435,Found,2003,,
Northwest Africa 2322,L~6,23.6,Found,2002,,
Northwest Africa 2330,L~4,719,Found,2003,,
Northwest Africa 234,LL5,42,Found,2000,,
Northwest Africa 2348,H5,365.3,Found,2004,0.0,0.0
Northwest Africa 2357,L4,427,Found,2002,,
Northwest Africa 2365,LL6,258,Found,2004,,
Northwest Africa 2373,Martian (shergottite),18,Found,2004,,
Northwest Africa 2382,L4,298,Found,2004,,
Northwest Africa 2391,L4,178,Found,2003,,
Northwest Africa 2400,Achondrite-ung,136,Found,2003,,
Northwest Africa 2431,CO3.3,36,Found,2004,,
Northwest Africa 2443,H3-5,230,Found,2003,,
Northwest Africa 2451,L6,6370,Found,2004,,
Northwest Africa 246,H6,1250,Found,2000,,
Northwest Africa 2468,H6,25,Found,2000,,
Northwest Africa 2476,H4/5,110,Found,2004,,
Northwest Africa 2485,H5,61.7,Found,2003,,
Northwest Africa 2494,H6,490,Found,2004,,
Northwest Africa 2502,CV3,590,Found,2004,,
Northwest Africa 2511,L3-6,124,Found,2004,,
Northwest Africa 252,L4,10,Found,1999,29.917,-5.583
Northwest Africa 2530,L6,57.1,Found,2003,,
Northwest Africa 2538,Mesosiderite,215,Found,2003,,
Northwest Africa 2547,L3-5,287,Found,2003,,
Northwest Africa 2560,H4,549,Found,2004,0.0,0.0
Northwest Africa 2568,H5,27.1,Found,2004,0.0,0.0
Northwest Africa 2575,H6,254.8,Found,2004,0.0,0.0
Northwest Africa 2583,L3/4,512.2,Found,2004,0.0,0.0
Northwest Africa 2592,H6,33.4,Found,2004,0.0,0.0
Northwest Africa 2601,L3,576,Found,,0.0,0.0
Northwest Africa 2613,H4/5,20.3,Found,1999,0.0,0.0
Northwest Africa 2621,L4,4639,Found,2004,,
Northwest Africa 2635,Achondrite-ung,4200,Found,2004,,
Northwest Africa 266,H5,940,Found,1999,30.333,-5.833
Northwest Africa 2675,L6,3354,Found,2004,,
Northwest Africa 2698,Howardite,134,Found,2004,,
Northwest Africa 2707,H5,577,Found,2005,,
Northwest Africa 2719,L4,7581,Found,2004,,
Northwest Africa 2728,CO3.2,338,Found,2004,,
Northwest Africa 2739,Howardite,824,Found,2002,,
Northwest Africa 2753,Diogenite,410,Found,2005,,
Northwest Africa 2766,LL3.9,214,Found,2004,,
Northwest Africa 2776,H5,289,Found,2004,,
Northwest Africa 2786,Mesosiderite,30,Found,2005,,
Northwest Africa 2799,LL6/7,1311,Found,2005,,
Northwest Africa 2809,LL6,4850,Found,2003,,
Northwest Africa 2817,Ureilite,337,Found,2003,,
Northwest Africa 2826,LL5,685,Found,2004,,
Northwest Africa 2835,H7,1233,Found,2005,,
Northwest Africa 2843,H3.9,404,Found,2004,,
Northwest Africa 2852,Achondrite-prim,398,Found,2004,,
Northwest Africa 2864,LL4,90,Found,2004,,
Northwest Africa 2876,H5,51.7,Found,2004,,
Northwest Africa 2885,H6,11480,Found,2003,,
Northwest Africa 2902,L-melt rock,1000,Found,2003,,
Northwest Africa 2913,Eucrite,100,Found,2005,,
Northwest Africa 2924,Mesosiderite,180000,Found,2005,,
Northwest Africa 2940,R3.9,138,Found,2003,,
Northwest Africa 2950,H4,946,Found,2005,,
Northwest Africa 2962,LL3.3,230,Found,2005,,
Northwest Africa 2974,CO3.1,668,Found,2005,,
Northwest Africa 2993,Achondrite-ung,625,Found,2006,,
Northwest Africa 3002,H5,922,Found,2002,,
Northwest Africa 3010,L6,690,Found,2000,,
Northwest Africa 303,LL4,158,Found,2000,,
Northwest Africa 3051,L5/6,1788,Found,2003,,
Northwest Africa 3059,H4,203.2,Found,2002,,
Northwest Africa 3067,H4,140,Found,2002,,
Northwest Africa 3076,H6/7,80,Found,2002,,
Northwest Africa 3086,L6,354,Found,2003,,
Northwest Africa 3094,L6,20000,Found,2003,,
Northwest Africa 3102,EL6,68.15,Found,2003,,
Northwest Africa 3111,LL3.9,356,Found,2003,,
Northwest Africa 312,L6,107.22,Found,2001,,
Northwest Africa 3128,LL3.8,532,Found,2001,,
Northwest Africa 3136,Lunar (basalt),95,Found,2004,,
Northwest Africa 3146,R4,304,Found,2003,,
Northwest Africa 3155,CK5,878,Found,2004,,
Northwest Africa 3164,Angrite,928,Found,2004,,
Northwest Africa 3193,CK4,95.6,Found,2008,0.0,0.0
Northwest Africa 3208,"Iron, IIIAB",159,Found,2006,0.0,0.0
Northwest Africa 3225,L6,1845,Found,2006,0.0,0.0
Northwest Africa 3234,L6,653,Found,2006,0.0,0.0
Northwest Africa 3243,L6,542,Found,2006,0.0,0.0
Northwest Africa 3252,H6,83,Found,2006,0.0,0.0
Northwest Africa 3263,L5,250,Found,2006,0.0,0.0
Northwest Africa 3273,L4,100,Found,2006,0.0,0.0
Northwest Africa 3282,L6,56,Found,2006,0.0,0.0
Northwest Africa 3291,H6,25,Found,2006,0.0,0.0
Northwest Africa 3300,LL-melt rock,74.3,Found,2007,0.0,0.0
Northwest Africa 3309,H4/5,1372,Found,2005,0.0,0.0
Northwest Africa 3318,LL5,764,Found,2005,0.0,0.0
Northwest Africa 3329,Diogenite,252,Found,2005,,
Northwest Africa 3340,CM2-an,12.7,Found,2006,,
Northwest Africa 3352,H6,7430,Found,2000,,
Northwest Africa 3361,L3-6,29,Found,2000,,
Northwest Africa 4001,L4,1113,Found,1998,,
Northwest Africa 4010,L4,1676,Found,2005,,
Northwest Africa 4019,Eucrite-pmict,504.7,Found,2005,,
Northwest Africa 4028,L6,810,Found,2004,,
Northwest Africa 4038,CO3,23,Found,2005,,
Northwest Africa 4047,H4-5,200,Found,2005,,
Northwest Africa 4058,LL6,58,Found,,,
Northwest Africa 4068,H4/5,460,Found,,,
Northwest Africa 4078,L5,53.1,Found,,,
Northwest Africa 4087,L6,57.8,Found,,,
Northwest Africa 4096,L6,55,Found,2004,,
Northwest Africa 4107,L6,53.1,Found,,,
Northwest Africa 4118,L6,34.7,Found,2004,,
Northwest Africa 4127,L6,54.4,Found,,,
Northwest Africa 4136,L6,78.2,Found,,,
Northwest Africa 4146,L6,305.6,Found,,,
Northwest Africa 4155,H/L6,247,Found,,,
Northwest Africa 4164,L5,459,Found,2002,,
Northwest Africa 4174,L4,284.5,Found,2002,,
Northwest Africa 4183,L4,177.5,Found,2002,,
Northwest Africa 4192,L5,96,Found,2002,,
Northwest Africa 4203,H4/5,264,Found,2005,,
Northwest Africa 4212,L4-6,2450,Found,2004,,
Northwest Africa 4222,Martian (shergottite),16.5,Found,2006,,
Northwest Africa 4230,Mesosiderite,134,Found,2005,,
Northwest Africa 4240,Ureilite,45,Found,2003,,
Northwest Africa 4249,L6,186,Found,2003,,
Northwest Africa 4258,H5,15,Found,2002,,
Northwest Africa 4266,L3.9,50,Found,2003,,
Northwest Africa 4274,L4-5,132,Found,2005,,
Northwest Africa 4284,Achondrite-ung,137,Found,2005,,
Northwest Africa 4292,L6,12000,Found,2005,,
Northwest Africa 4302,Diogenite,46.2,Found,2005,,
Northwest Africa 4312,H6,48,Found,2004,,
Northwest Africa 4321,L6,280,Found,2004,,
Northwest Africa 4330,H5,50,Found,2004,,
Northwest Africa 4338,H5,53,Found,2002,,
Northwest Africa 4347,L5,75,Found,2001,,
Northwest Africa 4356,L3,198.2,Found,2005,,
Northwest Africa 4366,H6,274.1,Found,2005,,
Northwest Africa 4375,Winonaite,12.2,Found,2005,,
Northwest Africa 4384,L5,132,Found,2004,,
Northwest Africa 4393,H5/6,28,Found,2005,,
Northwest Africa 4412,L3.8,877,Found,2006,,
Northwest Africa 4423,CK3,91.94,Found,2006,,
Northwest Africa 4433,LL5,160,Found,2005,,
Northwest Africa 4444,L3.2,145,Found,2005,,
Northwest Africa 4466,CV3,71.25,Found,2006,,
Northwest Africa 4475,L5,9990,Found,2005,,
Northwest Africa 4484,Eucrite,140,Found,2006,,
Northwest Africa 4496,Eucrite,19,Found,2006,,
Northwest Africa 4520,Ureilite,23.2,Found,2000,,
Northwest Africa 4532,H4,68.7,Found,2005,,
Northwest Africa 4543,CV3,3391,Found,2006,,
Northwest Africa 4551,CO3.5,104,Found,2006,,
Northwest Africa 456,H5/6,359,Found,2001,26.784,-12.834
Northwest Africa 4568,Ureilite,123,Found,2005,,
Northwest Africa 4576,Mesosiderite,30000,Found,2005,0.0,0.0
Northwest Africa 4584,L5-6,638,Found,2006,,
Northwest Africa 4592,H5,67,Found,2003,,
Northwest Africa 4601,L5,1550,Found,2003,,
Northwest Africa 461,H5,171,Found,2001,26.784,-12.834
Northwest Africa 4618,H6,65,Found,2006,0.0,0.0
Northwest Africa 4626,H-melt rock,25.1,Found,2006,0.0,0.0
Northwest Africa 4635,LL5,11.2,Found,2006,0.0,0.0
Northwest Africa 4643,EL6,995.3,Found,2006,0.0,0.0
Northwest Africa 4654,Diogenite,49,Found,2006,,
Northwest Africa 4664,Diogenite-pm,20000,Found,2006,,
Northwest Africa 4680,L4-6,3830,Found,2006,,
Northwest Africa 4693,R3-6,866.2,Found,2006,,
Northwest Africa 4706,"Iron, IAB-sHL",227,Found,2006,0.0,0.0
Northwest Africa 4716,H6,2880,Found,2006,,
Northwest Africa 4724,CK3,35,Found,2001,,
Northwest Africa 4742,Ureilite-pmict,376,Found,2007,,
Northwest Africa 4768,CO3,369.12,Found,2007,,
Northwest Africa 4776,LL6,25.3,Found,,,
Northwest Africa 4798,L4,487,Found,2007,,
Northwest Africa 4806,H6,38.2,Found,2007,0.0,0.0
Northwest Africa 4814,R4,1120,Found,2006,,
Northwest Africa 4823,LL3.3,620,Found,2006,0.0,0.0
Northwest Africa 4831,Eucrite-mmict,154,Found,2006,,
Northwest Africa 4846,LL5,250,Found,2006,,
Northwest Africa 4855,LL6,49.7,Found,2002,,
Northwest Africa 487,L/LL3.4,4272,Found,2000,,
Northwest Africa 4878,Martian (shergottite),130,Found,2007,,
Northwest Africa 4898,Lunar,137,Found,2007,,
Northwest Africa 4918,H6,225.3,Found,2007,,
Northwest Africa 4934,Howardite,307,Found,2007,,
Northwest Africa 4967,CO3.2,689,Found,2007,0.0,0.0
Northwest Africa 4987,L6,200,Found,2005,,
Northwest Africa 4999,LL6,240,Found,2006,,
Northwest Africa 5013,L6,290,Found,2007,,
Northwest Africa 5023,H5,548.6,Found,2002,,
Northwest Africa 5032,L6,162,Found,2007,,
Northwest Africa 5043,LL6,1873,Found,2002,,
Northwest Africa 5066,Ureilite,17,Found,2007,,
Northwest Africa 5074,LL6,522,Found,2007,,
Northwest Africa 5083,H3.9,1382,Found,2005,,
Northwest Africa 5091,L4,86,Found,2001,,
Northwest Africa 5100,L4,31,Found,2001,,
Northwest Africa 5109,L4,28,Found,2001,,
Northwest Africa 5118,L5,21,Found,2001,,
Northwest Africa 5129,L5,277,Found,2001,0.0,0.0
Northwest Africa 515,L6,20000,Found,2000,,
Northwest Africa 5197,LL3.2,289,Found,2006,0.0,0.0
Northwest Africa 5206,LL3.05,128,Found,2007,0.0,0.0
Northwest Africa 5214,Martian (shergottite),50.7,Found,2007,0.0,0.0
Northwest Africa 5229,Eucrite,648,Found,2007,,
Northwest Africa 5247,CO3,15.2,Found,2005,,
Northwest Africa 5256,L5,230,Found,2004,,
Northwest Africa 5270,H4/5,71.4,Found,2006,0.0,0.0
Northwest Africa 5280,H3,557,Found,2007,0.0,0.0
Northwest Africa 5289,"Iron, IVA",296,Found,2007,,
Northwest Africa 5301,L5,61,Found,2007,,
Northwest Africa 5310,CR2,25,Found,2006,,
Northwest Africa 5319,H3,30,Found,2004,0.0,0.0
Northwest Africa 5328,H5/6,55,Found,2005,0.0,0.0
Northwest Africa 5337,H5,507.3,Found,2007,0.0,0.0
Northwest Africa 5363,Achondrite-ung,2455,Found,2008,0.0,0.0
Northwest Africa 539,LL3.5,2020,Found,2000,31.1,-5.183
Northwest Africa 540,H6,3540,Found,2000,31.1,-5.183
Northwest Africa 5408,Eucrite-pmict,2228,Found,2008,,
Northwest Africa 5416,H4,264.6,Found,2002,0.0,0.0
Northwest Africa 5426,R4,285,Found,2006,0.0,0.0
Northwest Africa 544,L3.8,320,Found,2000,31.1,-5.183
Northwest Africa 5466,L5,688,Found,2003,,
Northwest Africa 5485,Howardite,455,Found,2008,,
Northwest Africa 5553,L6,60.9,Found,2008,0.0,0.0
Northwest Africa 5566,L6,200,Found,2005,0.0,0.0
Northwest Africa 5575,L5-6,80,Found,2007,0.0,0.0
Northwest Africa 5594,L6,1160,Found,2008,0.0,0.0
Northwest Africa 5606,R4,79.4,Found,2005,,
Northwest Africa 5618,Eucrite-pmict,179,Found,2008,0.0,0.0
Northwest Africa 5692,LL6,62.8,Found,2008,0.0,0.0
Northwest Africa 5711,L5,2140.2,Found,,0.0,0.0
Northwest Africa 5721,Eucrite,67.5,Found,2007,0.0,0.0
Northwest Africa 5732,CV3,99.98,Found,2008,0.0,0.0
Northwest Africa 5765,L5,31,Found,2006,0.0,0.0
Northwest Africa 5777,H5,581.1,Found,2008,0.0,0.0
Northwest Africa 5788,L3.8,7286,Found,2006,0.0,0.0
Northwest Africa 5799,LL4,497,Found,2008,0.0,0.0
Northwest Africa 5809,H/L5,734,Found,2001,0.0,0.0
Northwest Africa 5819,L4,147,Found,,0.0,0.0
Northwest Africa 5828,H5,2799,Found,,0.0,0.0
Northwest Africa 5838,H6,1438.7,Found,,0.0,0.0
Northwest Africa 5847,L5,300,Found,2008,0.0,0.0
Northwest Africa 5856,L6,416,Found,2007,0.0,0.0
Northwest Africa 5865,L6,309,Found,2006,0.0,0.0
Northwest Africa 5874,LL4,232,Found,2007,0.0,0.0
Northwest Africa 5883,LL4,360,Found,2007,0.0,0.0
Northwest Africa 5938,Ureilite,238,Found,2009,0.0,0.0
Northwest Africa 5959,Howardite,1750,Found,2009,0.0,0.0
Northwest Africa 5971,Brachinite,484,Found,2009,0.0,0.0
Northwest Africa 5982,Eucrite-pmict,1400,Found,2009,0.0,0.0
Northwest Africa 6076,H5,119,Found,2006,0.0,0.0
Northwest Africa 6086,L5,130,Found,2007,0.0,0.0
Northwest Africa 6095,LL6,130,Found,2007,0.0,0.0
Northwest Africa 6108,L-melt rock,25000,Found,2004,0.0,0.0
Northwest Africa 6119,L3.7,250,Found,2002,0.0,0.0
Northwest Africa 6128,L3.8,450,Found,2005,0.0,0.0
Northwest Africa 6138,LL3.7,79.31,Found,2002,0.0,0.0
Northwest Africa 6152,Brachinite,200,Found,2010,0.0,0.0
Northwest Africa 6161,LL6,259,Found,2009,0.0,0.0
Northwest Africa 6178,Howardite,380,Found,2009,0.0,0.0
Northwest Africa 6191,L3.7,145,Found,2009,0.0,0.0
Northwest Africa 6202,Eucrite,269,Found,2009,0.0,0.0
Northwest Africa 6228,H3,478,Found,2003,0.0,0.0
Northwest Africa 6252,Lunar (feldsp. breccia),113,Found,2010,0.0,0.0
Northwest Africa 6270,Eucrite-mmict,276,Found,2010,0.0,0.0
Northwest Africa 891,H4,70.8,Found,2001,,
Northwest Africa 6287,LL5,4426,Found,2010,0.0,0.0
Northwest Africa 6297,LL6,62.62,Found,2009,0.0,0.0
Northwest Africa 6322,H6,72.5,Found,2009,0.0,0.0
Northwest Africa 6335,L6,839.1,Found,2002,0.0,0.0
Northwest Africa 6344,Ureilite,942,Found,2010,0.0,0.0
Northwest Africa 6354,Ureilite,54.3,Found,2010,0.0,0.0
Northwest Africa 6369,"Iron, IAB complex",14830,Found,2009,0.0,0.0
Northwest Africa 6411,L5,43000,Found,2006,0.0,0.0
Northwest Africa 6429,CR2,253,Found,2010,0.0,0.0
Northwest Africa 6448,Winonaite,44.7,Found,2010,0.0,0.0
Northwest Africa 6475,Eucrite-pmict,602,Found,2010,0.0,0.0
Northwest Africa 6488,Eucrite-br,2370,Found,2010,0.0,0.0
Northwest Africa 6501,L3,93,Found,2009,0.0,0.0
Northwest Africa 6510,L4,433.3,Found,2010,0.0,0.0
Northwest Africa 6536,H6,40,Found,2009,0.0,0.0
Northwest Africa 6545,H4,361,Found,2006,0.0,0.0
Northwest Africa 6556,Howardite,224,Found,2010,0.0,0.0
Northwest Africa 6575,Diogenite,135,Found,2010,0.0,0.0
Northwest Africa 6588,LL6-an,2730,Found,2008,0.0,0.0
Northwest Africa 6602,Howardite,1048,Found,2010,0.0,0.0
Northwest Africa 6611,LL3.8,45,Found,2010,0.0,0.0
Northwest Africa 6620,Howardite,89,Found,2011,0.0,0.0
Northwest Africa 6629,LL5,1100,Found,2011,0.0,0.0
Northwest Africa 6640,H5/6,2200,Found,2011,0.0,0.0
Northwest Africa 6649,H5,500,Found,2011,0.0,0.0
Northwest Africa 6673,Pallasite,99.8,Found,2010,0.0,0.0
Northwest Africa 6682,H6,13000,Found,2010,0.0,0.0
Northwest Africa 6691,LL5,57.7,Found,2010,0.0,0.0
Northwest Africa 6704,Achondrite-ung,8387,Found,,0.0,0.0
Northwest Africa 6715,L6,470,Found,2006,0.0,0.0
Northwest Africa 6729,H~4,113,Found,2009,0.0,0.0
Northwest Africa 6738,H~5,179.6,Found,2010,0.0,0.0
Northwest Africa 6815,H6,857.3,Found,2011,0.0,0.0
Northwest Africa 6852,LL6,1009,Found,2011,0.0,0.0
Northwest Africa 6872,L6-melt breccia,29,Found,2004,0.0,0.0
Northwest Africa 6905,EL6,113.6,Found,2008,0.0,0.0
Northwest Africa 6915,Ureilite,89.6,Found,2011,0.0,0.0
Northwest Africa 6929,H4,165,Found,2011,0.0,0.0
Northwest Africa 6952,L4,673,Found,2010,0.0,0.0
Northwest Africa 6989,H7,118,Found,2011,0.0,0.0
Northwest Africa 6998,H4,85.34,Found,2004,0.0,0.0
Northwest Africa 7009,CV3,1007,Found,2011,0.0,0.0
Northwest Africa 7018,H6,443,Found,2011,0.0,0.0
Northwest Africa 7037,L4,253,Found,2011,0.0,0.0
Northwest Africa 7061,LL6,134.2,Found,2011,0.0,0.0
Northwest Africa 7073,L6,1575,Found,2011,0.0,0.0
Northwest Africa 7082,H6,159,Found,2011,0.0,0.0
Northwest Africa 7090,L3,379,Found,2011,0.0,0.0
Northwest Africa 7099,LL6,36,Found,2011,0.0,0.0
Northwest Africa 7107,CV3,146,Found,2010,0.0,0.0
Northwest Africa 7115,H4,10.7,Found,2011,0.0,0.0
Northwest Africa 7129,Achondrite-ung,50,Found,2011,0.0,0.0
Northwest Africa 7139,Eucrite-pmict,4.11,Found,2010,0.0,0.0
Northwest Africa 7150,H4,45326,Found,2011,0.0,0.0
Northwest Africa 7181,L3.5,543,Found,2011,0.0,0.0
Northwest Africa 7195,Ureilite,60.1,Found,2011,0.0,0.0
Northwest Africa 7204,L4,440,Found,2005,0.0,0.0
Northwest Africa 7212,H4,301.3,Found,2012,0.0,0.0
Northwest Africa 7224,Ureilite,26,Found,2010,0.0,0.0
Northwest Africa 7237,L6,558,Found,2011,0.0,0.0
Northwest Africa 7249,L5,6760,Found,2012,0.0,0.0
Northwest Africa 7257,Martian (shergottite),180,Found,2012,0.0,0.0
Northwest Africa 7269,Eucrite-mmict,787,Found,2012,0.0,0.0
Northwest Africa 7278,L4,84.9,Found,2011,0.0,0.0
Northwest Africa 7286,LL4,102,Found,2011,0.0,0.0
Northwest Africa 7313,LL6,777,Found,2012,0.0,0.0
Northwest Africa 7325,Achondrite-ung,345,Found,2012,0.0,0.0
Northwest Africa 7333,Ureilite,88,Found,2011,0.0,0.0
Northwest Africa 7341,L4,56,Found,2011,0.0,0.0
Northwest Africa 7350,Mesosiderite-B2,37.48,Found,2012,0.0,0.0
Northwest Africa 7375,L~6,23.4,Found,2009,0.0,0.0
Northwest Africa 7384,Acapulcoite,125,Found,2010,0.0,0.0
Northwest Africa 7393,L6,2490,Found,2008,0.0,0.0
Northwest Africa 7408,LL6,89.7,Found,2010,0.0,0.0
Northwest Africa 744,H4,24,Found,2000,,
Northwest Africa 7459,LL4,264,Found,2012,0.0,0.0
Northwest Africa 7480,L5,58,Found,2009,0.0,0.0
Northwest Africa 7489,R3.5-4,248,Found,2012,0.0,0.0
Northwest Africa 7499,Brachinite,320,Found,2012,0.0,0.0
Northwest Africa 7509,L5,51.6,Found,2003,0.0,0.0
Northwest Africa 7517,LL5,374,Found,2012,0.0,0.0
Northwest Africa 7526,H6,34.2,Found,2006,0.0,0.0
Northwest Africa 7534,H6-melt breccia,736,Found,2012,0.0,0.0
Northwest Africa 7552,Eucrite-mmict,1200,Found,2012,0.0,0.0
Northwest Africa 7564,L6,520,Found,2011,0.0,0.0
Northwest Africa 7576,Howardite,277,Found,2011,0.0,0.0
Northwest Africa 7589,CV3,864,Found,2012,0.0,0.0
Northwest Africa 760,CV3,1581,Found,2000,,
Northwest Africa 7612,LL4,193,Found,2011,0.0,0.0
Northwest Africa 7620,EL6,147,Found,2011,0.0,0.0
Northwest Africa 7629,L~5,148,Found,2007,0.0,0.0
Northwest Africa 7651,Eucrite-cm,2480,Found,2012,0.0,0.0
Northwest Africa 7661,L5,100,Found,2011,0.0,0.0
Northwest Africa 7678,CV3,4236,Found,2012,0.0,0.0
Northwest Africa 7686,Ureilite,3146,Found,2012,0.0,0.0
Northwest Africa 7694,H5,1316,Found,2012,0.0,0.0
Northwest Africa 7703,H6,123,Found,2011,0.0,0.0
Northwest Africa 7713,H5,1255,Found,2012,0.0,0.0
Northwest Africa 773,Lunar (norite),633,Found,2000,26.767,-12.817
Northwest Africa 7739,L3,140,Found,2012,0.0,0.0
Northwest Africa 7747,Eucrite-pmict,70,Found,2012,0.0,0.0
Northwest Africa 7755,Martian (shergottite),30,Found,2013,0.0,0.0
Northwest Africa 7763,H4,95,Found,2011,0.0,0.0
Northwest Africa 7773,H4,33.2,Found,2012,0.0,0.0
Northwest Africa 7783,H6,190.2,Found,2012,0.0,0.0
Northwest Africa 7837,CR2,586,Found,2012,0.0,0.0
Northwest Africa 7857,LL6,246,Found,2013,0.0,0.0
Northwest Africa 793,L6,1422,Found,2001,0.0,0.0
Northwest Africa 809,L6,359,Found,2001,0.0,0.0
Northwest Africa 827,H3.9,48.7,Found,2000,,
Northwest Africa 839,LL6,230,Found,2001,,
Northwest Africa 848,L6,4508,Found,2000,28.001,-9.27
Northwest Africa 858,LL6,238,Found,2000,,
Northwest Africa 873,H4,62,Found,2001,,
Northwest Africa 881,H4,424,Found,2001,,
Northwest Africa 893,L6,50.8,Found,2001,,
Northwest Africa 902,H4,158,Found,2001,,
Northwest Africa 949,L5,197,Found,2001,,
Northwest Africa 975,L4,1100,Found,2001,,
Northwest Africa 985,H6,69.8,Found,2001,,
Northwest Africa 999,Eucrite,330,Found,2000,,
Nova 010,H4-an,51.5,Found,2010,0.0,0.0
Nullagine,H5,102,Found,1973,-21.867,120.117
Nullarbor 008,L6,370,Found,1991,,
Nullarbor 017,L6,117.3,Found,1980,,
Nurina 008,H4,73.9,Found,1993,-30.491,126.391
Oberlin,LL5,2500,Found,1911,39.8,-100.517
O'Donnell,H5,12700,Found,1992,32.912,-101.919
Old Woman,"Iron, IIAB",2753000,Found,1976,34.467,-115.233
O'Malley 005,H5,0.7,Found,2011,-30.654,131.474
O'Malley 014,H6,9.4,Found,2011,-30.885,131.38
Opava,Iron,14300,Found,1925,49.967,17.9
Osseo,"Iron, IAB complex",46300,Found,1931,47.633,-80.083
Österplana 009,Relict OC,NA,Found,1996,58.583,13.433
Österplana 019,Relict OC,NA,Found,1997,58.583,13.433
Österplana 028,Relict OC,NA,Found,2000,58.583,13.433
Österplana 037,Relict OC,NA,Found,1998,58.583,13.433
Österplana 046,Relict OC,NA,Found,2002,58.583,13.433
Österplana 055,Relict OC,0,Found,2008,58.583,13.433
Österplana 064,Relict OC,0,Found,2011,58.583,13.433
Ouzina,R4,642,Found,1999,30.8,-4.183
Ozren,"Iron, IAB-MG",3900,Found,1952,44.612,18.418
Pampa (a),L6,380,Found,1986,-23.2,-70.433
Pampa de Mejillones 002,H5,162,Found,2003,-23.214,-70.448
Pampa de Mejillones 011,L5,46,Found,2004,-23.136,-70.492
Pannikin,L6,13.6,Found,1965,-32.042,126.183
Para de Minas,"Iron, IVA",116300,Found,1934,-19.867,-44.617
Patricia,H5,14900,Found,1983,32.5,-102.033
Patuxent Range 10209,LL5,8.3,Found,2010,0.0,0.0
Patuxent Range 10218,L6,5.6,Found,2010,0.0,0.0
Patuxent Range 10227,H6,2.2,Found,2010,0.0,0.0
Patuxent Range 10236,L6,6.1,Found,2010,0.0,0.0
Patuxent Range 10245,L6,2,Found,2010,0.0,0.0
Patuxent Range 10254,L5,2.7,Found,2010,0.0,0.0
Patuxent Range 10263,L6,8.5,Found,2010,0.0,0.0
Patuxent Range 10273,H6,2.9,Found,2010,0.0,0.0
Patuxent Range 10282,L6,4,Found,2010,0.0,0.0
Roberts Massif 04133,CR2,459.4,Found,2004,,
Patuxent Range 10299,H5,5.2,Found,2010,0.0,0.0
Patuxent Range 10308,L5,1.1,Found,2010,0.0,0.0
Patuxent Range 10318,L5,4.8,Found,2010,0.0,0.0
Patuxent Range 10327,L5,0.9,Found,2010,0.0,0.0
Patuxent Range 91506,L6,250.5,Found,1991,-84.72,-62.464
Patuxent Range 91515,L6,49.5,Found,1991,-84.964,-67.525
Patuxent Range 91525,L6,11.9,Found,1991,-84.968,-67.46
Patuxent Range 91534,L6,7.2,Found,1991,-84.643,-61.498
Patuxent Range 91543,H5,5,Found,1991,-84.584,-61.818
Patuxent Range 91552,L6,9.4,Found,1991,-84.585,-61.808
Pecora Escarpment 01004,LL5,10.9,Found,2002,-85.684,-68.792
Pecora Escarpment 01014,LL5,62.8,Found,2002,-85.687,-68.886
Pecora Escarpment 01023,EH4,20.9,Found,2002,-85.653,-68.603
Pecora Escarpment 01032,L5,130.1,Found,2002,-85.656,-68.656
Pecora Escarpment 02007,Lunar (anorth),22.4,Found,2002,-85.633,-68.7
Pecora Escarpment 02016,Howardite,23.9,Found,2002,-85.633,-68.7
Pecora Escarpment 02025,H5,78.99,Found,2002,-85.633,-68.7
Pecora Escarpment 02034,H5,2.17,Found,2002,-85.633,-68.7
Roberts Massif 04134,L5,277.3,Found,2004,,
Pecora Escarpment 02052,H5,43.37,Found,2002,-85.633,-68.7
Pecora Escarpment 02061,L5,5.5,Found,2002,-85.633,-68.7
Pecora Escarpment 02070,H5,518,Found,2002,-85.633,-68.7
Pecora Escarpment 02079,H5,2.99,Found,2002,-85.633,-68.7
Pecora Escarpment 82505,L5,3085.5,Found,1982,-85.616,-68.587
Pecora Escarpment 82514,L4,129.8,Found,1982,-85.66,-68.437
Pecora Escarpment 82524,H4,113.8,Found,1982,-85.633,-68.7
Pecora Escarpment 91005,"Pallasite, PMG",3.8,Found,1991,-85.677,-69.056
Pecora Escarpment 91014,L5,5768,Found,1991,-85.673,-68.976
Pecora Escarpment 91023,LL6,1402.3,Found,1991,-85.682,-68.422
Pecora Escarpment 91032,L5,426.6,Found,1991,-85.691,-69.059
Pecora Escarpment 91041,H5,502.6,Found,1991,-85.667,-68.143
Pecora Escarpment 91050,L5,186.3,Found,1991,-85.661,-68.352
Pecora Escarpment 91060,L5,352.4,Found,1991,-85.683,-68.743
Pecora Escarpment 91069,L5,260.4,Found,1991,-85.682,-68.774
Pecora Escarpment 91078,Eucrite-unbr,20.9,Found,1991,-85.68,-68.745
Pecora Escarpment 91087,L6,68.8,Found,1991,-85.688,-68.341
Pecora Escarpment 91096,L6,33,Found,1991,-85.688,-68.35
Roberts Massif 04136,LL5,217.4,Found,2004,,
Pecora Escarpment 91113,L6,22.2,Found,1991,-85.633,-68.7
Pecora Escarpment 91123,H5,20.9,Found,1991,-85.665,-68.587
Pecora Escarpment 91132,L6,215,Found,1991,-85.684,-68.878
Pecora Escarpment 91141,H6,16.1,Found,1991,-85.677,-69.045
Pecora Escarpment 91150,L6,18.9,Found,1991,-85.673,-68.675
Pecora Escarpment 91159,Eucrite-br,8.4,Found,1991,-85.678,-69.06
Pecora Escarpment 91168,H5,26.5,Found,1991,-85.674,-68.657
Pecora Escarpment 91177,L6,188.1,Found,1991,-85.682,-68.705
Pecora Escarpment 91187,L6,25,Found,1991,-85.68,-68.723
Pecora Escarpment 91196,L4,15.1,Found,1991,-85.681,-68.713
Pecora Escarpment 91205,H6,6.2,Found,1991,-85.676,-68.611
Pecora Escarpment 91214,L6,247.3,Found,1991,-85.686,-68.783
Pecora Escarpment 91223,L6,36.6,Found,1991,-85.685,-68.791
Pecora Escarpment 91232,H5,26,Found,1991,-85.662,-68.168
Pecora Escarpment 91241,R3.8-6,75,Found,1991,-85.657,-68.048
Pecora Escarpment 91251,L6,1,Found,1991,-85.675,-68.691
Pecora Escarpment 91260,L6,6.2,Found,1991,-85.565,-68.425
Pecora Escarpment 91269,H6,19.2,Found,1991,-85.682,-68.819
Pecora Escarpment 91278,L6,17.3,Found,1991,-85.679,-68.737
Pecora Escarpment 91287,H6,70.2,Found,1991,-85.684,-68.772
Pecora Escarpment 91296,H6,4.7,Found,1991,-85.69,-69.096
Pecora Escarpment 91305,L6,5.2,Found,1991,-85.675,-68.693
Pecora Escarpment 91315,H5,9.3,Found,1991,-85.679,-68.744
Pecora Escarpment 91323,H5,31.8,Found,1991,-85.674,-68.984
Pecora Escarpment 91332,H6,7.1,Found,1991,-85.679,-69.07
Pecora Escarpment 91341,H5,11.4,Found,1991,-85.677,-69.08
Pecora Escarpment 91350,L6,50.2,Found,1991,-85.682,-68.747
Pecora Escarpment 91359,H5,2.3,Found,1991,-85.678,-69.07
Pecora Escarpment 91368,L6,74.6,Found,1991,-85.633,-68.7
Pecora Escarpment 91378,H5,54.8,Found,1991,-85.697,-68.73
Pecora Escarpment 91387,H6,0.4,Found,1991,-85.69,-69.099
Pecora Escarpment 91396,L6,57.6,Found,1991,-85.688,-68.35
Pecora Escarpment 91405,H5,7.5,Found,1991,-85.692,-69.081
Pecora Escarpment 91414,H4,138,Found,1991,-85.695,-69.015
Pecora Escarpment 91423,H5,9.5,Found,1991,-85.691,-69.091
Pecora Escarpment 91432,L6,23.3,Found,1991,-85.633,-68.7
Pecora Escarpment 91442,L6,10.5,Found,1991,-85.683,-68.797
Pecora Escarpment 91451,EH3,17.7,Found,1991,-85.651,-68.6
Pecora Escarpment 91460,H5,10.7,Found,1991,-85.682,-68.179
Pecora Escarpment 91469,H5,6.6,Found,1991,-85.657,-68.544
Pecora Escarpment 91478,L6,14.8,Found,1991,-85.679,-69.061
Pecora Escarpment 91487,H5,15.4,Found,1991,-85.679,-69.061
Penokee,H5,3580,Found,1947,39.35,-99.917
Phulmari,Stone-uncl,4064,Found,1936,20.133,75.5
Pine Dam,L5,200.4,Found,1976,-30.417,138.0
Pittsburg,"Iron, IAB-MG",600,Found,1850,40.433,-80.0
Plancy-l'Abbaye,H4,180,Found,2003,48.667,-4.05
Podgrodzie,H4/5,8.9,Found,2000,50.903,21.55
Pony Creek,H4,4642,Found,1947,31.663,-99.95
Potter,L6,261000,Found,1941,41.233,-103.3
Primm,H5,3383,Found,1997,35.667,-115.367
Purmela,"Iron, IIF",4500,Found,1977,29.5,-98.05
Queen Alexandra Range 02100,LL5,1007.5,Found,2002,-84.0,168.0
Queen Alexandra Range 02109,H5,5.28,Found,2002,-84.0,168.0
Queen Alexandra Range 02118,LL5,4.61,Found,2002,-84.0,168.0
Queen Alexandra Range 02127,LL4,5.43,Found,2002,-84.0,168.0
Queen Alexandra Range 02135,H6,9.59,Found,2002,-84.0,168.0
Queen Alexandra Range 02145,L4,0.83,Found,2002,-84.0,168.0
Queen Alexandra Range 02154,LL5,2.1,Found,2002,-84.0,168.0
Queen Alexandra Range 02163,H6,122.62,Found,2002,-84.0,168.0
Queen Alexandra Range 02172,L5,11.5,Found,2002,-84.0,168.0
Queen Alexandra Range 02182,H5,29.1,Found,2002,-84.0,168.0
Queen Alexandra Range 87400,L6,118.7,Found,1987,-84.411,163.756
Queen Alexandra Range 90207,L5,366.9,Found,1990,-84.6,162.239
Queen Alexandra Range 90217,L5,327.7,Found,1990,-84.595,162.32
Queen Alexandra Range 90226,L5,302,Found,1990,-84.614,162.122
Queen Alexandra Range 90234,L5,333.2,Found,1990,-84.595,162.298
Queen Alexandra Range 90243,L5,245.9,Found,1990,-84.611,162.151
Queen Alexandra Range 90252,L5,253.4,Found,1990,-84.61,162.148
Queen Alexandra Range 90261,L5,125.5,Found,1990,-84.611,162.144
Queen Alexandra Range 90271,L5,79.8,Found,1990,-84.61,162.145
Queen Alexandra Range 90281,L5,29.3,Found,1990,-84.611,162.131
Queen Alexandra Range 93005,CM2,13.4,Found,1993,-84.623,162.021
Queen Alexandra Range 93014,H6,1767.2,Found,1993,-84.624,162.442
Queen Alexandra Range 93023,H5,957.1,Found,1993,-84.631,162.505
Queen Alexandra Range 93031,L5,233.4,Found,1993,-84.618,162.091
Queen Alexandra Range 93040,L5,346.1,Found,1993,-84.594,162.337
Queen Alexandra Range 93049,H5,317.3,Found,1993,-84.0,168.0
Queen Alexandra Range 93059,L5,189.6,Found,1993,-84.576,162.949
Queen Alexandra Range 93068,L5,121.4,Found,1993,-84.578,162.043
Queen Alexandra Range 93076,L5,161.5,Found,1993,-84.577,162.081
Queen Alexandra Range 93085,L6,1.2,Found,1993,-84.631,162.532
Queen Alexandra Range 93094,H6,1.8,Found,1993,-84.576,162.567
Queen Alexandra Range 93103,H5,9.2,Found,1993,-84.591,162.362
Queen Alexandra Range 93112,L5,0.3,Found,1993,-84.576,162.567
Queen Alexandra Range 93122,L6,2.3,Found,1993,-84.63,162.527
Queen Alexandra Range 93131,H5,3.4,Found,1993,-84.576,162.567
Queen Alexandra Range 93140,L6,11,Found,1993,-84.576,162.567
Queen Alexandra Range 93149,L5,1.1,Found,1993,-84.576,162.566
Queen Alexandra Range 93157,H5,3.1,Found,1993,-84.576,162.566
Queen Alexandra Range 93166,L5,25.1,Found,1993,-84.576,162.567
Queen Alexandra Range 93175,L5,24.7,Found,1993,-84.576,162.572
Queen Alexandra Range 93185,H5,4.3,Found,1993,-84.576,162.57
Queen Alexandra Range 93194,L5,50.8,Found,1993,-84.576,162.575
Queen Alexandra Range 93203,H6,1.4,Found,1993,-84.576,162.571
Queen Alexandra Range 93212,H5,30.7,Found,1993,-84.592,162.232
Queen Alexandra Range 93221,H5,53.5,Found,1993,-84.58,162.632
Queen Alexandra Range 93230,L5,77.2,Found,1993,-84.575,162.088
Queen Alexandra Range 93239,L6,18.6,Found,1993,-84.599,162.198
Queen Alexandra Range 93249,L5,29.4,Found,1993,-84.591,162.248
Queen Alexandra Range 93258,L5,8.2,Found,1993,-84.591,162.242
Queen Alexandra Range 93267,H5,8.5,Found,1993,-84.616,162.08
Queen Alexandra Range 93277,H5,19,Found,1993,-84.0,168.0
Queen Alexandra Range 93286,L5,88.6,Found,1993,-84.0,168.0
Queen Alexandra Range 93295,L5,16.4,Found,1993,-84.0,168.0
Queen Alexandra Range 93304,L5,41.1,Found,1993,-84.577,162.084
Queen Alexandra Range 93314,H5,5.4,Found,1993,-84.606,162.128
Queen Alexandra Range 93323,L5,13.7,Found,1993,-84.579,162.614
Queen Alexandra Range 93332,L5,0.7,Found,1993,-84.604,162.167
Queen Alexandra Range 93341,Ureilite,7.5,Found,1993,-84.599,162.196
Queen Alexandra Range 93350,L5,0.5,Found,1993,-84.0,168.0
Queen Alexandra Range 93359,H6,2.8,Found,1993,-84.0,168.0
Queen Alexandra Range 93368,L5,50.4,Found,1993,-84.0,168.0
Queen Alexandra Range 93378,H6,0.5,Found,1993,-84.0,168.0
Queen Alexandra Range 93387,H5,6,Found,1993,-84.0,168.0
Queen Alexandra Range 93396,H5,7.9,Found,1993,-84.0,168.0
Queen Alexandra Range 93405,L5,45.5,Found,1993,-84.0,168.0
Queen Alexandra Range 93414,H5,0.7,Found,1993,-84.0,168.0
Queen Alexandra Range 93423,L5,53.3,Found,1993,-84.0,168.0
Queen Alexandra Range 93432,H6,1.6,Found,1993,-84.0,168.0
Queen Alexandra Range 93442,L6,13.8,Found,1993,-84.0,168.0
Queen Alexandra Range 93451,H5,27.3,Found,1993,-84.0,168.0
Queen Alexandra Range 93459,H5,3.2,Found,1993,-84.0,168.0
Queen Alexandra Range 93468,H5,11.5,Found,1993,-84.0,168.0
Queen Alexandra Range 93477,H5,2,Found,1993,-84.0,168.0
Queen Alexandra Range 93486,H5,15,Found,1993,-84.0,168.0
Queen Alexandra Range 93495,H5,15.1,Found,1993,-84.0,168.0
Queen Alexandra Range 93505,H5,19.9,Found,1993,-84.0,168.0
Queen Alexandra Range 93514,H5,0.2,Found,1993,-84.0,168.0
Queen Alexandra Range 93523,E4,0.9,Found,1993,-84.0,168.0
Queen Alexandra Range 93532,L5,7,Found,1993,-84.0,168.0
Queen Alexandra Range 93541,L6,4.3,Found,1993,-84.0,168.0
Queen Alexandra Range 93550,H5,22.6,Found,1993,-84.0,168.0
Queen Alexandra Range 93559,H5,5.4,Found,1993,-84.0,168.0
Queen Alexandra Range 93570,L6,8.6,Found,1993,-84.0,168.0
Queen Alexandra Range 93579,H5,6.1,Found,1993,-84.0,168.0
Queen Alexandra Range 93587,L5,0.8,Found,1993,-84.0,168.0
Queen Alexandra Range 93596,L6,1.1,Found,1993,-84.0,168.0
Queen Alexandra Range 93605,L5,4.3,Found,1993,-84.0,168.0
Queen Alexandra Range 93614,L5,3.4,Found,1993,-84.0,168.0
Queen Alexandra Range 93623,H5,1.6,Found,1993,-84.0,168.0
Queen Alexandra Range 93633,H5,1.2,Found,1993,-84.0,168.0
Queen Alexandra Range 93642,L5,2.5,Found,1993,-84.0,168.0
Queen Alexandra Range 93651,L5,19.4,Found,1993,-84.0,168.0
Queen Alexandra Range 93660,L5,19.6,Found,1993,-84.0,168.0
Queen Alexandra Range 93669,L6,1.1,Found,1993,-84.0,168.0
Queen Alexandra Range 93677,H5,10.3,Found,1993,-84.0,168.0
Queen Alexandra Range 93686,H5,13.1,Found,1993,-84.0,168.0
Queen Alexandra Range 93696,L5,99.3,Found,1993,-84.0,168.0
Queen Alexandra Range 93706,L5,108.2,Found,1993,-84.0,168.0
Queen Alexandra Range 93716,L6,8.9,Found,1993,-84.0,168.0
Queen Alexandra Range 93725,L5,11.9,Found,1993,-84.0,168.0
Queen Alexandra Range 93734,H5,4.9,Found,1993,-84.0,168.0
Queen Alexandra Range 93743,L6,23.8,Found,1993,-84.0,168.0
Queen Alexandra Range 93752,H5,45.9,Found,1993,-84.0,168.0
Queen Alexandra Range 94204,EH7,2427.9,Found,1994,-84.0,168.0
Queen Alexandra Range 94213,L6,1227,Found,1994,-84.0,168.0
Queen Alexandra Range 94223,H5,9.8,Found,1994,-84.0,168.0
Queen Alexandra Range 94235,L6,447.1,Found,1994,-84.0,168.0
Queen Alexandra Range 94244,L6,71.8,Found,1994,-84.0,168.0
Queen Alexandra Range 94252,H5,76.5,Found,1994,-84.0,168.0
Queen Alexandra Range 94262,L6,1.5,Found,1994,-84.0,168.0
Queen Alexandra Range 94272,H6,1.3,Found,1994,-84.0,168.0
Queen Alexandra Range 94282,L5,18.8,Found,1994,-84.0,168.0
Queen Alexandra Range 94291,L5,60.4,Found,1994,-84.0,168.0
Queen Alexandra Range 94301,L5,37.5,Found,1994,-84.0,168.0
Queen Alexandra Range 94310,L5,39.5,Found,1994,-84.0,168.0
Queen Alexandra Range 94319,L5,16,Found,1994,-84.0,168.0
Queen Alexandra Range 94329,L6,7.8,Found,1994,-84.0,168.0
Queen Alexandra Range 94339,H5,1.6,Found,1994,-84.0,168.0
Queen Alexandra Range 94348,L6,10.3,Found,1994,-84.0,168.0
Queen Alexandra Range 94357,L5,11.8,Found,1994,-84.0,168.0
Queen Alexandra Range 94367,L6,6.6,Found,1994,-84.0,168.0
Queen Alexandra Range 94376,L5,33,Found,1994,-84.0,168.0
Queen Alexandra Range 94385,L5,39.6,Found,1994,-84.0,168.0
Queen Alexandra Range 94394,L5,67.5,Found,1994,-84.0,168.0
Queen Alexandra Range 94404,H6,2.3,Found,1994,-84.0,168.0
Queen Alexandra Range 94413,H5,70.8,Found,1994,-84.0,168.0
Queen Alexandra Range 94422,H5,2,Found,1994,-84.0,168.0
Queen Alexandra Range 94431,LL6,41.5,Found,1994,-84.0,168.0
Queen Alexandra Range 94441,H6,51.8,Found,1994,-84.0,168.0
Queen Alexandra Range 94450,L5,5.2,Found,1994,-84.0,168.0
Queen Alexandra Range 94459,L6,4,Found,1994,-84.0,168.0
Queen Alexandra Range 94469,L6,1.3,Found,1994,-84.0,168.0
Queen Alexandra Range 94478,L5,32.5,Found,1994,-84.0,168.0
Queen Alexandra Range 94487,L6,3.7,Found,1994,-84.0,168.0
Queen Alexandra Range 94496,L5,4.6,Found,1994,-84.0,168.0
Queen Alexandra Range 94505,H5,1.7,Found,1994,-84.0,168.0
Queen Alexandra Range 94514,L6,1.4,Found,1994,-84.0,168.0
Queen Alexandra Range 94523,L5,29.6,Found,1994,-84.0,168.0
Queen Alexandra Range 94533,H6,37,Found,1994,-84.0,168.0
Queen Alexandra Range 94542,LL6,13.2,Found,1994,-84.0,168.0
Queen Alexandra Range 94551,L6,18.7,Found,1994,-84.0,168.0
Queen Alexandra Range 94560,L6,1.6,Found,1994,-84.0,168.0
Queen Alexandra Range 94570,L4-an,57.2,Found,1994,-84.0,168.0
Queen Alexandra Range 94579,L6,43.9,Found,1994,-84.0,168.0
Queen Alexandra Range 94588,L6,7.7,Found,1994,-84.0,168.0
Queen Alexandra Range 94598,L5,9.8,Found,1994,-84.0,168.0
Queen Alexandra Range 94607,L6,1.8,Found,1994,-84.0,168.0
Queen Alexandra Range 94616,Howardite,13.6,Found,1994,-84.0,168.0
Queen Alexandra Range 94625,L5,27.9,Found,1994,-84.0,168.0
Queen Alexandra Range 94634,L5,56.9,Found,1994,-84.0,168.0
Queen Alexandra Range 94642,L5,35.9,Found,1994,-84.0,168.0
Queen Alexandra Range 94651,L5,1.1,Found,1994,-84.0,168.0
Queen Alexandra Range 94661,L5,57.9,Found,1994,-84.0,168.0
Queen Alexandra Range 94670,LL6,26.2,Found,1994,-84.0,168.0
Queen Alexandra Range 94679,H5,23.2,Found,1994,-84.0,168.0
Queen Alexandra Range 94688,CV3,10.6,Found,1994,-84.0,168.0
Queen Alexandra Range 94697,L5,18.6,Found,1994,-84.0,168.0
Queen Alexandra Range 94706,L5,7.2,Found,1994,-84.0,168.0
Queen Alexandra Range 94715,L5,30.1,Found,1994,-84.0,168.0
Queen Alexandra Range 94725,L6,2.8,Found,1994,-84.0,168.0
Queen Alexandra Range 94734,CM2,11.2,Found,1994,-84.0,168.0
Queen Alexandra Range 94744,L5,11.2,Found,1994,-84.0,168.0
Queen Alexandra Range 94753,L5,28.8,Found,1994,-84.0,168.0
Queen Alexandra Range 94762,H6,27.1,Found,1994,-84.0,168.0
Queen Alexandra Range 94771,H5,17.4,Found,1994,-84.0,168.0
Queen Alexandra Range 97003,CM2,1384.3,Found,1997,-84.0,168.0
Queen Alexandra Range 97013,LL5,706,Found,1997,-84.0,168.0
Queen Alexandra Range 97022,H5,206.4,Found,1997,-84.0,168.0
Queen Alexandra Range 97031,L5,349.5,Found,1997,-84.0,168.0
Queen Alexandra Range 97040,LL5,314.1,Found,1997,-84.0,168.0
Queen Alexandra Range 97049,L6,143.1,Found,1997,-84.0,168.0
Queen Alexandra Range 97058,LL5,143,Found,1997,-84.0,168.0
Queen Alexandra Range 97067,LL5,17.4,Found,1997,-84.0,168.0
Queen Alexandra Range 97077,CM2,20,Found,1997,-84.0,168.0
Queen Alexandra Range 97086,LL5,108.5,Found,1997,-84.0,168.0
Queen Alexandra Range 97095,LL5,19.8,Found,1997,-84.0,168.0
Queen Alexandra Range 971003,LL5,52.4,Found,1997,-84.0,168.0
Queen Alexandra Range 971011,LL5,34.4,Found,1997,-84.0,168.0
Queen Alexandra Range 97102,LL5,20.5,Found,1997,-84.0,168.0
Queen Alexandra Range 971028,LL5,58.1,Found,1997,-84.0,168.0
Queen Alexandra Range 971037,LL5,27.3,Found,1997,-84.0,168.0
Queen Alexandra Range 971045,LL5,479.6,Found,1997,-84.0,168.0
Queen Alexandra Range 97107,LL5,15.5,Found,1997,-84.0,168.0
Queen Alexandra Range 97116,LL5,20.4,Found,1997,-84.0,168.0
Queen Alexandra Range 97125,LL5,3.2,Found,1997,-84.0,168.0
Queen Alexandra Range 97134,LL5,4.6,Found,1997,-84.0,168.0
Queen Alexandra Range 97143,LL5,32.9,Found,1997,-84.0,168.0
Queen Alexandra Range 97152,LL5,1.6,Found,1997,-84.0,168.0
Queen Alexandra Range 97161,LL5,1.4,Found,1997,-84.0,168.0
Queen Alexandra Range 97170,LL5,11.8,Found,1997,-84.0,168.0
Queen Alexandra Range 97179,LL5,13.7,Found,1997,-84.0,168.0
Queen Alexandra Range 97188,LL5,5.5,Found,1997,-84.0,168.0
Queen Alexandra Range 97196,LL5,4,Found,1997,-84.0,168.0
Queen Alexandra Range 97205,LL5,14.6,Found,1997,-84.0,168.0
Queen Alexandra Range 97215,H5,10.9,Found,1997,-84.0,168.0
Queen Alexandra Range 97224,H6,11,Found,1997,-84.0,168.0
Queen Alexandra Range 97233,LL5,39.3,Found,1997,-84.0,168.0
Queen Alexandra Range 97242,H5,26.9,Found,1997,-84.0,168.0
Queen Alexandra Range 97251,LL5,8.4,Found,1997,-84.0,168.0
Queen Alexandra Range 97259,LL5,2.8,Found,1997,-84.0,168.0
Queen Alexandra Range 97268,LL5,36.9,Found,1997,-84.0,168.0
Queen Alexandra Range 97278,LL5,32.7,Found,1997,-84.0,168.0
Queen Alexandra Range 97287,LL5,23,Found,1997,-84.0,168.0
Queen Alexandra Range 97296,LL5,2.4,Found,1997,-84.0,168.0
Queen Alexandra Range 97305,LL5,29.5,Found,1997,-84.0,168.0
Queen Alexandra Range 97314,LL5,2,Found,1997,-84.0,168.0
Queen Alexandra Range 97323,LL5,20.1,Found,1997,-84.0,168.0
Queen Alexandra Range 97332,LL5,36.5,Found,1997,-84.0,168.0
Queen Alexandra Range 97342,H5,177,Found,1997,-84.0,168.0
Queen Alexandra Range 97351,LL5,47.5,Found,1997,-84.0,168.0
Queen Alexandra Range 97361,LL5,14.1,Found,1997,-84.0,168.0
Queen Alexandra Range 97370,LL5,1.3,Found,1997,-84.0,168.0
Queen Alexandra Range 97380,LL5,31.9,Found,1997,-84.0,168.0
Queen Alexandra Range 97389,LL5,6.6,Found,1997,-84.0,168.0
Queen Alexandra Range 97398,LL5,41.1,Found,1997,-84.0,168.0
Queen Alexandra Range 97408,LL5,29.6,Found,1997,-84.0,168.0
Queen Alexandra Range 97418,LL5,4.7,Found,1997,-84.0,168.0
Queen Alexandra Range 97427,LL5,28.9,Found,1997,-84.0,168.0
Queen Alexandra Range 97436,LL5,1.9,Found,1997,-84.0,168.0
Queen Alexandra Range 97445,LL5,35.8,Found,1997,-84.0,168.0
Queen Alexandra Range 97454,LL5,9.8,Found,1997,-84.0,168.0
Queen Alexandra Range 97463,LL5,3,Found,1997,-84.0,168.0
Queen Alexandra Range 97473,L6,4.9,Found,1997,-84.0,168.0
Queen Alexandra Range 97482,LL5,27.7,Found,1997,-84.0,168.0
Queen Alexandra Range 97490,LL5,101.8,Found,1997,-84.0,168.0
Queen Alexandra Range 97499,LL5,1.1,Found,1997,-84.0,168.0
Queen Alexandra Range 97508,LL5,1.7,Found,1997,-84.0,168.0
Queen Alexandra Range 97517,LL5,1.2,Found,1997,-84.0,168.0
Roberts Massif 04153,L5,86.1,Found,2004,,
Queen Alexandra Range 97535,LL5,2.1,Found,1997,-84.0,168.0
Queen Alexandra Range 97544,LL5,9.1,Found,1997,-84.0,168.0
Queen Alexandra Range 97553,LL5,78.8,Found,1997,-84.0,168.0
Queen Alexandra Range 97562,LL5,10.1,Found,1997,-84.0,168.0
Queen Alexandra Range 97570,H6,33.9,Found,1997,-84.0,168.0
Queen Alexandra Range 97579,LL5,8.6,Found,1997,-84.0,168.0
Queen Alexandra Range 97588,LL5,4.8,Found,1997,-84.0,168.0
Queen Alexandra Range 97598,LL5,24,Found,1997,-84.0,168.0
Queen Alexandra Range 97607,LL5,30.4,Found,1997,-84.0,168.0
Queen Alexandra Range 97616,LL5,23.8,Found,1997,-84.0,168.0
Queen Alexandra Range 97625,H6,5.4,Found,1997,-84.0,168.0
Queen Alexandra Range 97634,LL5,1.4,Found,1997,-84.0,168.0
Queen Alexandra Range 97643,LL5,9.7,Found,1997,-84.0,168.0
Queen Alexandra Range 97653,LL5,19.3,Found,1997,-84.0,168.0
Queen Alexandra Range 97662,LL5,18.3,Found,1997,-84.0,168.0
Queen Alexandra Range 97671,LL5,34.1,Found,1997,-84.0,168.0
Queen Alexandra Range 97680,H6,69.9,Found,1997,-84.0,168.0
Queen Alexandra Range 97689,L6,5.5,Found,1997,-84.0,168.0
Queen Alexandra Range 97698,LL5,3.9,Found,1997,-84.0,168.0
Queen Alexandra Range 97707,LL5,6.9,Found,1997,-84.0,168.0
Queen Alexandra Range 97717,LL5,3.4,Found,1997,-84.0,168.0
Queen Alexandra Range 97726,LL5,25.2,Found,1997,-84.0,168.0
Queen Alexandra Range 97735,LL5,25.6,Found,1997,-84.0,168.0
Queen Alexandra Range 97744,LL5,13.4,Found,1997,-84.0,168.0
Queen Alexandra Range 97753,LL5,150.4,Found,1997,-84.0,168.0
Queen Alexandra Range 97762,L6,69.4,Found,1997,-84.0,168.0
Queen Alexandra Range 97841,LL5,117,Found,1997,-84.0,168.0
Queen Alexandra Range 97781,LL5,1.4,Found,1997,-84.0,168.0
Queen Alexandra Range 97790,LL5,5.3,Found,1997,-84.0,168.0
Queen Alexandra Range 97799,LL5,9.6,Found,1997,-84.0,168.0
Queen Alexandra Range 97808,LL5,38.7,Found,1997,-84.0,168.0
Queen Alexandra Range 97818,LL5,12.2,Found,1997,-84.0,168.0
Queen Alexandra Range 97826,LL5,1.3,Found,1997,-84.0,168.0
Queen Alexandra Range 97835,LL5,1.7,Found,1997,-84.0,168.0
Queen Alexandra Range 97846,H6,16.7,Found,1997,-84.0,168.0
Queen Alexandra Range 97855,LL5,44.3,Found,1997,-84.0,168.0
Queen Alexandra Range 97864,LL5,20.5,Found,1997,-84.0,168.0
Queen Alexandra Range 97873,LL5,22.8,Found,1997,-84.0,168.0
Queen Alexandra Range 97882,H6,4.5,Found,1997,-84.0,168.0
Queen Alexandra Range 97891,LL5,2.9,Found,1997,-84.0,168.0
Queen Alexandra Range 97900,LL5,15.3,Found,1997,-84.0,168.0
Queen Alexandra Range 97910,LL5,29.4,Found,1997,-84.0,168.0
Queen Alexandra Range 97919,LL5,36.1,Found,1997,-84.0,168.0
Queen Alexandra Range 97928,LL5,1.4,Found,1997,-84.0,168.0
Queen Alexandra Range 97937,LL5,11,Found,1997,-84.0,168.0
Queen Alexandra Range 97945,LL5,51.1,Found,1997,-84.0,168.0
Queen Alexandra Range 97954,LL5,12.9,Found,1997,-84.0,168.0
Queen Alexandra Range 97963,L5,21.9,Found,1997,-84.0,168.0
Queen Alexandra Range 97973,L5,39.3,Found,1997,-84.0,168.0
Queen Alexandra Range 97983,LL5,48.8,Found,1997,-84.0,168.0
Queen Alexandra Range 97992,LL5,21.2,Found,1997,-84.0,168.0
Queen Alexandra Range 99002,H6,2749.6,Found,1999,-84.0,168.0
Queen Alexandra Range 99012,H4,2016.8,Found,1999,-84.0,168.0
Queen Alexandra Range 99021,H5,402.9,Found,1999,-84.0,168.0
Queen Alexandra Range 99030,L4,797.8,Found,1999,-84.0,168.0
Queen Alexandra Range 99039,L5,244.1,Found,1999,-84.0,168.0
Queen Alexandra Range 99048,LL5,0.2,Found,1999,-84.0,168.0
Queen Alexandra Range 99057,L5,24.1,Found,1999,-84.0,168.0
Queen Alexandra Range 99066,LL5,21.4,Found,1999,-84.0,168.0
Queen Alexandra Range 99075,LL5,2.2,Found,1999,-84.0,168.0
Queen Alexandra Range 99084,LL5,113.8,Found,1999,-84.0,168.0
Queen Alexandra Range 99093,LL5,336.1,Found,1999,-84.0,168.0
Queen Alexandra Range 99103,LL5,9.3,Found,1999,-84.0,168.0
Queen Alexandra Range 99112,LL5,23.2,Found,1999,-84.0,168.0
Queen Alexandra Range 99121,L5,22.6,Found,1999,-84.0,168.0
Queen Alexandra Range 99130,LL5,13.9,Found,1999,-84.0,168.0
Queen Alexandra Range 99139,LL5,4.2,Found,1999,-84.0,168.0
Queen Alexandra Range 99148,H6,21.8,Found,1999,-84.0,168.0
Queen Alexandra Range 99157,E-an,10.7,Found,1999,-84.0,168.0
Queen Alexandra Range 99167,LL5,1.94,Found,1999,-84.0,168.0
Queen Alexandra Range 99177,CR2,43.6,Found,1999,-84.0,168.0
Queen Alexandra Range 99186,L5,3.7,Found,1999,-84.0,168.0
Queen Alexandra Range 99195,H6,234.7,Found,1999,-84.0,168.0
Queen Alexandra Range 99204,LL5,26.7,Found,1999,-84.0,168.0
Queen Alexandra Range 99213,LL5,1.16,Found,1999,-84.0,168.0
Queen Alexandra Range 99222,LL5,9.6,Found,1999,-84.0,168.0
Queen Alexandra Range 99232,LL5,1.5,Found,1999,-84.0,168.0
Queen Alexandra Range 99241,LL5,3.2,Found,1999,-84.0,168.0
Queen Alexandra Range 99250,LL5,6.2,Found,1999,-84.0,168.0
Queen Alexandra Range 99259,LL6,1.19,Found,1999,-84.0,168.0
Queen Alexandra Range 99267,LL5,4.6,Found,1999,-84.0,168.0
Queen Alexandra Range 99276,LL5,6.4,Found,1999,-84.0,168.0
Queen Alexandra Range 99285,LL5,11.5,Found,1999,-84.0,168.0
Queen Alexandra Range 99296,LL5,2.7,Found,1999,-84.0,168.0
Queen Alexandra Range 99305,LL5,17.4,Found,1999,-84.0,168.0
Queen Alexandra Range 99314,L5,101.2,Found,1999,-84.0,168.0
Queen Alexandra Range 99323,LL5,47.5,Found,1999,-84.0,168.0
Queen Alexandra Range 99333,LL5,6.2,Found,1999,-84.0,168.0
Queen Alexandra Range 99342,CM2,1.7,Found,1999,-84.0,168.0
Queen Alexandra Range 99352,H4,92.6,Found,1999,-84.0,168.0
Queen Alexandra Range 99362,LL5,11.7,Found,1999,-84.0,168.0
Queen Alexandra Range 99370,LL5,4.7,Found,1999,-84.0,168.0
Queen Alexandra Range 99379,LL5,3.5,Found,1999,-84.0,168.0
Queen Alexandra Range 99388,LL5,19.4,Found,1999,-84.0,168.0
Queen Alexandra Range 99397,LL5,4.5,Found,1999,-84.0,168.0
Queen Alexandra Range 99406,LL5,2.2,Found,1999,-84.0,168.0
Queen Alexandra Range 99416,LL5,7.9,Found,1999,-84.0,168.0
Queen Alexandra Range 99426,LL5,2.19,Found,1999,-84.0,168.0
Queen Alexandra Range 99435,H5,1.3,Found,1999,-84.0,168.0
Queen Alexandra Range 99446,H6,55.5,Found,1999,-84.0,168.0
Queen Alexandra Range 99455,L5,336.6,Found,1999,-84.0,168.0
Queen Alexandra Range 99464,L5,92.8,Found,1999,-84.0,168.0
Queen Alexandra Range 99473,EH-imp melt,0.6,Found,1999,-84.0,168.0
Queen Alexandra Range 99482,LL5,1.7,Found,1999,-84.0,168.0
Queen Alexandra Range 99492,LL5,1.3,Found,1999,-84.0,168.0
Queen Alexandra Range 99501,LL5,3,Found,1999,-84.0,168.0
Queen Alexandra Range 99510,LL5,27.1,Found,1999,-84.0,168.0
Queen Alexandra Range 99519,LL5,2.1,Found,1999,-84.0,168.0
Queen Alexandra Range 99528,LL5,2.2,Found,1999,-84.0,168.0
Queen Alexandra Range 99537,LL5,1.2,Found,1999,-84.0,168.0
Queen Alexandra Range 99546,LL6,4.7,Found,1999,-84.0,168.0
Queen Alexandra Range 99556,H5,11.2,Found,1999,-84.0,168.0
Queen Alexandra Range 99565,LL5,0.5,Found,1999,-84.0,168.0
Queen Alexandra Range 99574,LL5,10.4,Found,1999,-84.0,168.0
Queen Alexandra Range 99583,LL5,28.9,Found,1999,-84.0,168.0
Queen Alexandra Range 99592,LL5,2.8,Found,1999,-84.0,168.0
Queen Alexandra Range 99601,H5,166.4,Found,1999,-84.0,168.0
Queen Alexandra Range 99610,L6,59.5,Found,1999,-84.0,168.0
Queen Alexandra Range 99620,LL5,29.3,Found,1999,-84.0,168.0
Queen Alexandra Range 99629,LL5,6.2,Found,1999,-84.0,168.0
Queen Alexandra Range 99638,L5,5.1,Found,1999,-84.0,168.0
Queen Alexandra Range 99647,L5,18.3,Found,1999,-84.0,168.0
Queen Alexandra Range 99656,LL5,3.4,Found,1999,-84.0,168.0
Queen Alexandra Range 99665,LL5,6.6,Found,1999,-84.0,168.0
Queen Alexandra Range 99673,LL5,2.2,Found,1999,-84.0,168.0
Queen Alexandra Range 99683,H5,43.3,Found,1999,-84.0,168.0
Queen Alexandra Range 99692,LL5,3.5,Found,1999,-84.0,168.0
Queen Alexandra Range 99701,LL5,3.9,Found,1999,-84.0,168.0
Queen Alexandra Range 99710,LL5,8.4,Found,1999,-84.0,168.0
Queen Alexandra Range 99719,LL5,2.9,Found,1999,-84.0,168.0
Queen Alexandra Range 99728,LL5,0.5,Found,1999,-84.0,168.0
Queen Alexandra Range 99737,LL5,4.1,Found,1999,-84.0,168.0
Queen Alexandra Range 99747,L5,3.4,Found,1999,-84.0,168.0
Queen Alexandra Range 99756,LL5,2.3,Found,1999,-84.0,168.0
Queen Alexandra Range 99765,LL5,5.3,Found,1999,-84.0,168.0
Queen Alexandra Range 99774,LL5,3.1,Found,1999,-84.0,168.0
Queen Alexandra Range 99783,L5,34.51,Found,1999,-84.0,168.0
Queen Alexandra Range 99792,LL5,9.2,Found,1999,-84.0,168.0
Queen Alexandra Range 99801,LL5,2.1,Found,1999,-84.0,168.0
Queen Alexandra Range 99811,LL5,3.6,Found,1999,-84.0,168.0
Queen Alexandra Range 99821,LL5,40.6,Found,1999,-84.0,168.0
Queen Alexandra Range 99830,LL5,5.3,Found,1999,-84.0,168.0
Queen Alexandra Range 99839,LL5,1.8,Found,1999,-84.0,168.0
Queen Alexandra Range 99848,L5,17.7,Found,1999,-84.0,168.0
Queen Alexandra Range 99857,LL5,13.9,Found,1999,-84.0,168.0
Queen Alexandra Range 99866,LL5,4.3,Found,1999,-84.0,168.0
Queen Alexandra Range 99876,LL5,7.3,Found,1999,-84.0,168.0
Queen Alexandra Range 99885,LL5,8.9,Found,1999,-84.0,168.0
Queen Alexandra Range 99894,LL5,14.6,Found,1999,-84.0,168.0
Queen Alexandra Range 99903,LL5,1.3,Found,1999,-84.0,168.0
Queen Alexandra Range 99912,LL5,0.8,Found,1999,-84.0,168.0
Ragged Top,H4,122.7,Found,1997,32.447,-111.347
Ramlat al Wahibah 004,H4/5,43.83,Found,2006,21.348,58.408
Ramlat al Wahibah 014,H5,5591,Found,2006,21.06,58.404
Ramlat al Wahibah 023,H4,107.09,Found,2006,21.376,58.428
Ramlat al Wahibah 032,L6,13.48,Found,2006,21.338,58.412
Ramlat al Wahibah 040,H4/5,78.36,Found,2006,21.371,58.414
Ramlat as Sahmah 003,H5,39.81,Found,2003,20.264,56.464
Ramlat as Sahmah 200,Mesosiderite,487.26,Found,2002,20.005,56.412
Ramlat as Sahmah 209,H5,100.47,Found,2003,20.584,55.853
Ramlat as Sahmah 219,L4,470.16,Found,2003,20.476,55.798
Ramlat as Sahmah 228,L5,417.35,Found,2003,20.56,55.973
Ramlat as Sahmah 237,H4,85.23,Found,2005,20.596,56.154
Ramlat as Sahmah 246,H5,2841,Found,2005,20.839,56.415
Ramlat as Sahmah 255,H5,107.8,Found,2005,20.023,56.464
Ramlat as Sahmah 264,L6,1074,Found,1989,20.709,55.429
Ramlat as Sahmah 273,L4-6,163.3,Found,2008,20.52,56.124
Ramlat as Sahmah 284,LL5,1489.6,Found,2009,20.519,55.801
Ramlat as Sahmah 293,H5-6,31,Found,2009,20.628,55.531
Ramlat as Sahmah 302,H4,161.7,Found,2009,20.145,56.241
Ramlat as Sahmah 311,H4-6,20.3,Found,2009,20.784,55.448
Ramlat as Sahmah 320,L6,1002.3,Found,2009,20.873,55.428
Ramlat as Sahmah 329,H3,80.45,Found,2009,20.001,56.366
Ramlat as Sahmah 338,H3.6,934.7,Found,2010,20.803,55.467
Ramlat as Sahmah 348,L6,31,Found,2010,20.438,55.884
Ramlat as Sahmah 357,L6,2781.2,Found,2010,20.432,55.533
Ramlat as Sahmah 366,L4-5,15.8,Found,2010,20.521,55.853
Ramlat as Sahmah 375,L3.9-5,31.94,Found,2010,20.495,55.851
Ramlat as Sahmah 384,Mesosiderite-C2,5026,Found,2010,20.005,56.405
Ramlat as Sahmah 393,H6,2.24,Found,2010,20.146,55.709
Ramlat as Sahmah 402,H4,100.94,Found,2010,20.145,55.768
Ramlat as Sahmah 412,H5,0.26,Found,2010,20.203,56.032
Ramlat as Sahmah 421,L6,2841,Found,2010,20.425,56.278
Rancho Blanco,Eucrite-mmict,155,Found,1987,24.3,-102.183
Rebiana,L/LL5,459,Found,1999,24.978,21.885
Reckling Peak 92402,CM2,8,Found,1992,-76.242,158.162
Reckling Peak 92411,H5,21.3,Found,1992,-76.231,158.329
Reckling Peak 92420,H5,6.6,Found,1992,-76.232,158.378
Reckling Peak 92430,H5,12.7,Found,1992,-76.22,158.376
Reckling Peak 92439,L6,0.5,Found,1992,-76.22,158.378
Reckling Peak A78002,H4,8483,Found,1978,-76.267,159.25
Reckling Peak A79009,H6,54.7,Found,1979,-76.24,158.598
Reckling Peak A80205,H3.8,53.8,Found,1980,-76.207,158.494
Reckling Peak A80215,L6,9,Found,1980,-76.221,158.67
Reckling Peak A80224,Eucrite-unbr,8,Found,1980,-76.206,158.507
Reckling Peak A80234,LL5,136.2,Found,1980,-76.235,158.327
Reckling Peak A80243,H5,3.4,Found,1980,-76.21,158.475
Reckling Peak A80252,L6,11.2,Found,1980,-76.215,158.4
Reckling Peak A80261,L6,61.6,Found,1980,-76.235,158.76
Red Dry Lake 002,H6,21.5,Found,2001,35.653,-114.024
Red Dry Lake 025,L5/6,6.55,Found,2003,35.679,-114.043
Red Dry Lake 071,H6,4.35,Found,2010,35.625,-114.047
Reid,H5,144.1,Found,1969,-30.067,128.983
Reid 010,H6,8220,Found,1986,-30.322,128.85
Reid 019,L6,56,Found,1993,-30.517,128.476
Reid 028,H6,30.6,Found,1999,-30.124,128.85
Rica Aventura,"Iron, IVA",5395,Found,1910,-21.983,-69.617
Rio do Pires,L6,118,Found,1991,-13.123,-42.288
Roach Dry Lake 021,H6,59.2,Found,2001,35.673,-115.367
Roberts Massif 03522,CK5,282.4,Found,2003,,
Roberts Massif 03531,H5,72.4,Found,2003,,
Roberts Massif 04101,L5,1918.6,Found,2004,,
Roberts Massif 04110,LL6,172.1,Found,2004,,
Roberts Massif 04119,H5,945.5,Found,2004,,
Roberts Massif 04128,L5,1104.8,Found,2004,,
Roberts Massif 04165,H6,14.4,Found,2004,,
Roberts Massif 04175,L5,61.2,Found,2004,,
Roberts Massif 04184,H5,11.5,Found,2004,,
Roberts Massif 04193,L5,85,Found,2004,,
Roberts Massif 04202,H5,14.8,Found,2004,,
Roberts Massif 04211,H5,182.7,Found,2004,,
Roberts Massif 04219,L5,69.2,Found,2004,,
Roberts Massif 04228,Acapulcoite,19.8,Found,2004,,
Roberts Massif 04238,L5,10.1,Found,2004,,
Roberts Massif 04247,H5,44.2,Found,2004,,
Roberts Massif 04256,L5,34.7,Found,2004,,
Roberts Massif 04265,LL5,401.3,Found,2004,,
Roberts Massif 04274,L5,431.1,Found,2004,,
Roberts Massif 04283,LL5,119.6,Found,2004,,
Roberts Massif 04292,L5,32.3,Found,2004,,
Roberts Massif 04301,L5,9.1,Found,2004,,
Rock Creek,L5,1641,Found,1980,34.422,-101.498
Romashki,L6,3400,Found,2009,50.285,46.7
Roosevelt County 004,L6,882,Found,1977,34.083,-103.5
Roosevelt County 016,H5,138.2,Found,1981,34.1,-103.483
Roosevelt County 025,L5,4.3,Found,1984,34.083,-103.5
Roosevelt County 034,H5,118.5,Found,1968,34.083,-103.617
Roosevelt County 044,L6,439.1,Found,1970,34.25,-103.517
Roosevelt County 052,H5,17.7,Found,1971,34.1,-103.483
Roosevelt County 061,H5,49.5,Found,1968,34.083,-103.517
Roosevelt County 070,L5,2.3,Found,1989,34.1,-103.483
Roosevelt County 079,H4,30.2,Found,1993,34.1,-103.583
Roosevelt County 088,H4,7.5,Found,1978,33.883,-103.567
Roosevelt County 096,L5,212.2,Found,1996,34.092,-103.677
Roosevelt County 106,L6,98.8,Found,2001,34.217,-103.933
Rosebud,H5,54900,Found,1915,30.817,-97.05
Rub' al-Khali 002,L6,55,Found,1955,20.0,50.0
Ryder Gletcher,L5,5288,Found,1988,81.167,-49.0
Sahara 00019,L3.8,1665,Found,2000,,
Sahara 01501,H5,254.9,Found,2001,,
Sahara 03501,H4,4067,Found,2003,,
Sahara 97007,H4/5,252,Found,1997,,
Sahara 97017,L3/4,199,Found,1997,,
Sahara 97028,H4,289,Found,1997,,
Sahara 97039,Chondrite-ung,65,Found,1997,,
Sahara 97054,H4,810,Found,1997,,
Sahara 97064,LL6,161.3,Found,1997,,
Sahara 97073,L6,335,Found,1997,,
Sahara 97083,H6,83,Found,1997,,
Sahara 97092,EH3,337,Found,1997,,
Sahara 97104,LL6,207,Found,1997,,
Sahara 97115,EH3,61,Found,1997,,
Sahara 97125,EH3,70,Found,1997,,
Sahara 97134,L6,288,Found,1997,,
Sahara 97143,L4/5,312,Found,1997,,
Sahara 97156,L5,445,Found,1997,,
Sahara 97165,L5,80,Found,1997,,
Sahara 97175,L5,2138,Found,1997,,
Sahara 97184,L5,582,Found,1997,,
Sahara 97193,L3.9,522,Found,1997,,
Sahara 97208,LL6,152,Found,1997,,
Sahara 98088,Mesosiderite,2580,Found,1998,,
Sahara 98312,L5-6,23,Found,1998,,
Sahara 98448,Mesosiderite,785,Found,1998,,
Sahara 98639,H4,300,Found,1998,,
Sahara 99033,H~4,108,Found,1999,0.0,0.0
Sahara 99099,LL6,267,Found,1999,,
Sahara 99339,L/LL3.5,32.4,Found,1999,,
Sahara 99550,L4,213,Found,1999,,
Sahara 99980,H5,292,Found,1999,,
Salar de Atacama,L6,223,Found,2008,-23.826,-68.572
San Bernardino Wash,L5,258,Found,2010,34.001,-115.73
San Juan 001,L5,1229,Found,2001,-25.575,-69.795
San Juan 010,H3.8,21.06,Found,2007,-25.448,-69.867
San Juan 019,L6,181,Found,2008,-25.442,-69.874
San Juan 028,H5,151,Found,2008,-25.441,-69.871
San Juan 038,H5,460,Found,2009,-25.442,-69.882
San Juan 047,H5,14.1,Found,2009,-25.443,-69.864
San Juan 056,L5,85,Found,2010,-25.439,-69.859
San Juan 065,H4,459,Found,2010,-25.583,-69.783
Sandford Cliffs 03451,H5,2863.9,Found,2002,,
Sandford Cliffs 03459,LL6,701.9,Found,2002,,
Sandford Cliffs 03468,LL5,192.3,Found,2002,,
Sandford Cliffs 03478,LL5,107.2,Found,2003,,
Sandford Cliffs 03487,LL4,57.06,Found,2003,,
Sandford Cliffs 03496,LL5,93.3,Found,2002,,
Sandford Cliffs 03505,LL5,42.21,Found,2003,,
Santa Clara,"Iron, IVB",63000,Found,1976,24.467,-103.35
Sappa,L6,5950,Found,1983,39.844,-100.51
Sarir Tibesti 001,H5,6697,Found,1994,24.297,18.414
Sayh al Uhaymir 006,L6,620,Found,1999,20.927,57.285
Sayh al Uhaymir 015,H5,132,Found,1999,21.048,57.287
Sayh al Uhaymir 024,L6,268,Found,1999,21.115,57.221
Sayh al Uhaymir 033,H6,1868,Found,2000,20.997,57.291
Scott Glacier 06021,L5,17,Found,2006,,
Sayh al Uhaymir 050,L6,132,Found,2000,20.976,57.323
Sayh al Uhaymir 059,H4,62,Found,2001,20.542,56.678
Sayh al Uhaymir 069,H6,311.9,Found,2001,20.819,57.34
Sayh al Uhaymir 078,L6,598.6,Found,2001,21.004,57.319
Sayh al Uhaymir 087,H5,1736,Found,2000,20.32,57.232
Sayh al Uhaymir 096,H4/5,158,Found,2000,21.109,56.934
Sayh al Uhaymir 105,H5,34,Found,2001,21.058,57.292
Sayh al Uhaymir 114,L5,191,Found,2001,21.047,57.255
Sayh al Uhaymir 123,L6,120,Found,2001,21.02,57.282
Sayh al Uhaymir 132,H5,12.34,Found,2001,21.068,57.316
Sayh al Uhaymir 141,H5,9.87,Found,2002,21.063,57.316
Sayh al Uhaymir 150,Martian (shergottite),107.7,Found,2002,20.992,57.32
Sayh al Uhaymir 160,L6,185,Found,2000,20.09,56.703
Sayh al Uhaymir 169,Lunar (anorth),206.45,Found,2002,20.573,57.323
Sayh al Uhaymir 180,L4,556,Found,2004,20.548,56.679
Sayh al Uhaymir 190,L5,262,Found,2001,20.863,56.203
Sayh al Uhaymir 200,L6,16.08,Found,2002,21.067,57.283
Sayh al Uhaymir 209,H5,5585,Found,2002,20.332,57.247
Sayh al Uhaymir 218,L4,86.33,Found,2002,20.442,57.233
Sayh al Uhaymir 226,H6,93.47,Found,2002,20.063,56.953
Sayh al Uhaymir 235,L6,2370.06,Found,2002,20.542,57.199
Sayh al Uhaymir 244,H4-6,63.05,Found,2002,20.568,57.374
Sayh al Uhaymir 253,H5,2128.9,Found,2002,20.596,57.162
Sayh al Uhaymir 263,H5,400.8,Found,2002,20.695,57.183
Sayh al Uhaymir 271,H4,314.63,Found,2002,20.769,57.26
Sayh al Uhaymir 280,H4,193.02,Found,2002,21.063,57.313
Sayh al Uhaymir 289,H4/5,3,Found,2004,21.004,57.264
Sayh al Uhaymir 298,H5,221.5,Found,2004,20.791,57.184
Sayh al Uhaymir 307,L~6,1.2,Found,2004,21.003,57.327
Sayh al Uhaymir 316,L4,10,Found,2004,21.005,57.312
Sayh al Uhaymir 326,L6,1352,Found,2004,21.008,57.31
Sayh al Uhaymir 408,L5,369.1,Found,2005,20.91,56.902
Sayh al Uhaymir 417,H5,19.46,Found,2005,20.28,56.508
Sayh al Uhaymir 426,H4-5,112.41,Found,2005,20.926,57.122
Sayh al Uhaymir 434,H~5,286.1,Found,2001,21.089,57.273
Sayh al Uhaymir 443,LL~5,4.7,Found,2007,20.539,56.674
Sayh al Uhaymir 452,H6,676,Found,2006,20.595,56.83
Sayh al Uhaymir 467,L~5,271.7,Found,2008,20.16,56.646
Sayh al Uhaymir 476,L5,86.472,Found,2002,20.245,56.516
Sayh al Uhaymir 487,H6,32.7,Found,2008,21.276,57.119
Sayh al Uhaymir 496,H4,732,Found,2009,20.528,57.404
Sayh al Uhaymir 505,L4-5,110,Found,2009,20.564,56.666
Sayh al Uhaymir 514,L5,1145.1,Found,2009,20.713,57.122
Sayh al Uhaymir 523,L6,265.2,Found,2009,20.415,56.666
Sayh al Uhaymir 536,H5,412.8,Found,2010,20.537,56.989
Sayh al Uhaymir 545,L~6,24.5,Found,2002,20.538,56.666
Sayh al Uhaymir 554,H6,2022,Found,2010,20.241,56.642
Scott Glacier 06011,L5,2072,Found,2006,,
Scott Glacier 06020,L5,13.4,Found,2006,,
Scott Glacier 06034,LL5,4.3,Found,2006,,
Scott Glacier 06043,CM1,27.6,Found,2006,,
Seemore Downs 001,L/LL4,429,Found,1991,-30.583,125.217
Seminole,H4,43900,Found,1961,32.683,-102.617
Seneca,H4,1900,Found,1936,39.833,-96.067
Seymour,"Iron, IAB-MG",25900,Found,1940,37.237,-92.787
Shalim 007,H6,323.85,Found,1998,18.526,55.933
Shalim 016,H5,84.4,Found,2011,18.651,55.142
Shawnee,"Iron, IAB-MG",8181,Found,2010,0.0,0.0
Shişr 003,H5,234,Found,2000,18.57,53.91
Shişr 012,H4,802,Found,2002,18.562,53.972
Shişr 021,H4-6,135.23,Found,2001,18.605,53.888
Shişr 030,H5,176.28,Found,1998,18.154,53.775
Shişr 039,L4-5,2123.2,Found,2002,18.547,53.957
Shişr 048,L5/6,375,Found,2005,18.547,54.0
Shişr 108,L~5,35.41,Found,2001,18.192,53.804
Shişr 118,L/LL4,10.2,Found,2007,18.253,53.996
Shişr 127,H~5,6.1,Found,2007,18.258,53.993
Shişr 136,H~5,1.6,Found,2007,18.259,53.991
Shişr 145,H~5,12.7,Found,2007,18.252,53.998
Shişr 154,H~5,53.2,Found,2007,18.259,53.994
Shişr 163,H4,1872.3,Found,2002,18.557,53.914
Shişr 174,LL6,120,Found,2010,18.544,53.991
Sierra Sandon,"Iron, IIIAB",6330,Found,1923,-25.167,-69.283
Silverton (Texas),H4,2576,Found,1938,34.533,-101.183
Siwa,L5-6,36,Found,1994,28.5,25.5
Sleeper Camp 005,H5,129,Found,,-30.174,126.292
Sleeper Camp 014,LL5,66,Found,1995,-30.183,126.367
Sleeper Camp 023,H4,72.3,Found,1993,-30.109,126.26
Smith Center,L6,1585,Found,1937,39.833,-99.017
Snyder Hill,L5,1160,Found,1994,32.158,-111.113
South Bend,"Pallasite, PMG",2500,Found,1893,41.65,-86.217
Spearman,"Iron, IIIAB",10400,Found,1934,36.25,-101.217
Ssyromolotovo,"Iron, IIIAB",217000,Found,1873,58.617,98.933
Starvation Lake,LL3.9,12000,Found,1975,-30.467,141.083
Stewart Valley 002,L6,28.9,Found,2001,36.208,-116.169
Stewart Valley 011,H6,49.6,Found,2003,36.21,-116.168
Sueilila,LL6,13266,Found,2005,24.636,-14.716
Superior Valley 003,H6,65.6,Found,2001,35.247,-117.1
Superior Valley 013,L5,2.74,Found,2002,35.233,-117.039
Susuman,"Iron, IIIAB",18900,Found,1957,62.721,148.13
Święcany,L/LL5,8,Found,2004,49.791,21.258
Taiban,L5,25000,Found,1934,34.45,-104.017
Tambo del Meteorito,H6,13.84,Found,2002,-23.981,-68.313
Tanezrouft 007,H5,780,Found,1989,25.3,0.617
Tanezrouft 015,H4-5,380,Found,1991,25.437,0.488
Tanezrouft 024,H4,37,Found,1991,25.434,0.013
Tanezrouft 034,H5,4720,Found,1991,25.435,-0.09
Tanezrouft 043,H4/5,284,Found,1992,25.459,-0.138
Tanezrouft 052,H4,737,Found,1992,25.263,-0.189
Tanezrouft 061,L3.9,65,Found,2002,25.3,0.2
Tanezrouft 072,H6,62285,Found,2002,24.438,0.103
Tanezrouft 081,H5,213,Found,2003,25.24,0.198
Tanokami Mountain,"Iron, IIIE",174000,Found,1885,34.917,135.967
Tassédet 002,H5,9.4,Found,2001,18.237,6.52
Tell,H6,16600,Found,1930,34.383,-100.4
Tessera,H4,51.3,Found,2000,45.508,12.308
Thiel Mountains 07001,H6,1865,Found,2007,-85.234,-90.437
Thiel Mountains 07015,H6,96,Found,2008,-85.348,-87.23
Thiel Mountains 82402,LL6,476,Found,1982,-85.163,-94.621
Thiel Mountains 82410,Diogenite,18.8,Found,1982,-85.25,-91.0
Thiel Mountains 91703,L4,264.9,Found,1991,-85.162,-94.576
Thiel Mountains 91712,L4,491.5,Found,1991,-85.158,-94.57
Thiel Mountains 91722,CM2,47.4,Found,1991,-85.158,-94.608
Thiel Mountains 99006,H6,31,Found,2000,-85.163,-94.58
Thiel Mountains 99016,EL6,43,Found,2000,-85.165,-94.777
Thumrayt 001,"Pallasite, PMG",2480,Found,2006,17.583,54.35
Tibooburra,CV3,18.6,Found,1970,-29.433,142.017
Tieret 008,L4,28,Found,2010,30.934,10.065
Tiffa 002,H4/5,4705,Found,1997,19.696,11.527
Timessa 001,H6,473,Found,1990,26.567,15.733
Tobychan,"Iron, IIE",52100,Found,1971,,
Tostado,H6,22000,Found,1945,-29.233,-61.767
Trenton,"Iron, IIIAB",505000,Found,1858,43.367,-88.133
Tucson,"Iron, ungrouped",975000,Found,1850,31.85,-110.967
Tulia (d),H6,17700,Found,1981,34.607,-101.767
Tungsten Mountain 008,H5,7,Found,2001,39.681,-117.628
Tungsten Mountain 542,H5,4.6,Found,2007,39.687,-117.626
Twentynine Palms,L,19700,Found,1944,34.075,-116.017
Ularring,L6,271.8,Found,1970,-29.967,120.6
Umm as Samim 003,H3.7,991,Found,2001,21.32,56.417
Umm as Samim 016,H5,3.86,Found,2010,21.344,55.457
Umm as Samim 025,L6,305.98,Found,2010,21.125,55.527
Union County,"Iron, IC",6800,Found,1853,34.75,-84.0
United Arab Emirates 009,H6,15,Found,2009,22.793,55.097
United Arab Emirates 018,H5,540,Found,2009,22.795,55.208
United Arab Emirates 027,L6,107,Found,2009,22.894,55.17
Ust-Nyukzha,"Iron, IAB complex",44000,Found,1992,56.383,120.467
Valkeala,L6,4000,Found,1962,61.05,26.833
Yamato 980112,L6,12.377,Found,1998,,
Vigo Park,L4,35,Found,1934,34.683,-101.383
Vulcan,H6,19000,Found,1962,50.517,-113.133
Waldo,L6,1300,Found,1937,39.1,-98.833
Warden,H5,7868,Found,1989,-23.267,116.933
Watson 003,H4,2.6,Found,2008,-30.483,131.55
Watson 012,H7,103.1,Found,2009,-30.567,131.5
Wei-hui-fu (a),Iron,NA,Found,1931,,
Wellman (c),H4,45000,Found,1964,33.033,-102.333
White Elephant,L4,10.4,Found,1997,35.89,-114.203
Wilbia,H5,94,Found,1965,-26.45,131.0
Willard (b),H3.6,12700,Found,1934,34.5,-105.833
Williston,"Iron, IIIAB",7645,Found,1962,47.983,-103.65
Winburg,"Iron, IC-an",50000,Found,1881,-28.5,27.0
Wisconsin Range 91600,CM2,184.1,Found,1991,-86.538,-124.216
Wisconsin Range 91609,H4,11.1,Found,1991,-86.5,-124.749
Wisconsin Range 91618,LL4,197.6,Found,1991,-86.152,-124.29
Wisconsin Range 91628,L6,150.1,Found,1991,-86.51,-122.952
Woodward County,H4,45500,Found,1923,36.5,-99.5
Xinyi,H5,69000,Found,1975,34.367,118.333
Yamato 000593,Martian (nakhlite),13713,Found,2000,-71.5,35.667
Yamato 696,H5,41,Found,1969,-71.5,35.667
Yamato 7306,H6,4.8,Found,1973,-71.5,35.667
Yamato 74003,L6,15.5,Found,1974,-71.5,35.667
Yamato 74013,Diogenite,2059.5,Found,1974,-71.837,36.304
Yamato 74021,H5,39.3,Found,1974,-71.794,36.182
Yamato 74030,L6,7.82,Found,1974,-71.5,35.667
Yamato 74039,L6,47.6,Found,1974,-71.828,36.244
Yamato 74048,LL6,67.1,Found,1974,-71.804,36.292
Yamato 74057,H4,16.32,Found,1974,-71.5,35.667
Yamato 74066,L6,12.4,Found,1974,-71.5,35.667
Yamato 74076,L6,20.36,Found,1974,-71.5,35.667
Yamato 74085,H4,30.5,Found,1974,-71.5,35.667
Yamato 74094,H6,867.2,Found,1974,-71.798,36.249
Yamato 74103,H6,21.59,Found,1974,-71.5,35.667
Yamato 74112,H5,45.52,Found,1974,-71.5,35.667
Yamato 74121,H6,8.53,Found,1974,-71.5,35.667
Yamato 74130,Ureilite,17.9,Found,1974,-71.809,36.258
Yamato 74140,H3,4.29,Found,1974,-71.5,35.667
Yamato 74149,H6,0.7,Found,1974,-71.5,35.667
Yamato 74158,L6,91.5,Found,1974,-71.817,36.128
Yamato 74167,H3,2.1,Found,1974,-71.758,35.033
Yamato 74176,L6,4.7,Found,1974,-71.5,35.667
Yamato 74185,L6,0.39,Found,1974,-71.5,35.667
Yamato 74194,H5,4.78,Found,1974,-71.5,35.667
Yamato 74204,H5,5,Found,1974,-71.5,35.667
Yamato 74213,H5,6.3,Found,1974,-71.5,35.667
Yamato 74222,H5,8.16,Found,1974,-71.5,35.667
Yamato 74231,H5,3.66,Found,1974,-71.5,35.667
Yamato 74240,H5,4.18,Found,1974,-71.5,35.667
Yamato 74249,H5,7.1,Found,1974,-71.5,35.667
Yamato 74258,H5,2.61,Found,1974,-71.5,35.667
Yamato 74268,H5,5.43,Found,1974,-71.5,35.667
Yamato 74277,H5,6.31,Found,1974,-71.5,35.667
Yamato 74286,H5,5.77,Found,1974,-71.5,35.667
Yamato 74295,H5,11.16,Found,1974,-71.5,35.667
Yamato 74304,H5,2.12,Found,1974,-71.5,35.667
Yamato 74313,H5,0.79,Found,1974,-71.5,35.667
Yamato 74322,H5,1.68,Found,1974,-71.5,35.667
Yamato 74332,H5,2.19,Found,1974,-71.5,35.667
Yamato 74341,H5,0.86,Found,1974,-71.5,35.667
Yamato 74350,H5,4.78,Found,1974,-71.763,35.9
Yamato 74359,H-an,1.53,Found,1974,-71.5,35.667
Yamato 74368,Diogenite,4.13,Found,1974,-71.5,35.667
Yamato 74377,H6,10.51,Found,1974,-71.5,35.667
Yamato 74385,H5,1.63,Found,1974,0.0,35.667
Yamato 74395,H5,0.77,Found,1974,0.0,35.667
Yamato 74404,H5,1.16,Found,1974,0.0,35.667
Yamato 74413,H5,1.05,Found,1974,0.0,35.667
Yamato 74422,H6,20.58,Found,1974,0.0,35.667
Yamato 74430,H6,2.42,Found,1974,0.0,35.667
Yamato 74439,L6,32.74,Found,1974,-71.5,35.667
Yamato 74448,Diogenite,17.7,Found,1974,-71.5,35.667
Yamato 74458,H5,37.35,Found,1974,-71.5,35.667
Yamato 74467,H6,61.2,Found,1974,0.0,35.667
Yamato 74476,H6,91.8,Found,1974,0.0,35.667
Yamato 74485,H6,46.66,Found,1974,0.0,35.667
Yamato 74494,H6,80.5,Found,1974,0.0,35.667
Yamato 74503,H6,6.64,Found,1974,0.0,35.667
Yamato 74512,H6,11.93,Found,1974,0.0,35.667
Yamato 74522,H6,13.5,Found,1974,0.0,35.667
Yamato 74531,H6,10.75,Found,1974,0.0,35.667
Yamato 74540,H6,18.65,Found,1974,0.0,35.667
Yamato 74549,H6,8.19,Found,1974,0.0,35.667
Yamato 74558,H6,9.62,Found,1974,0.0,35.667
Yamato 74567,H6,6.89,Found,1974,0.0,35.667
Yamato 74576,H6,7.76,Found,1974,0.0,35.667
Yamato 74586,H6,8.18,Found,1974,0.0,35.667
Yamato 74595,H6,7.49,Found,1974,0.0,35.667
Yamato 74604,H4,58.57,Found,1974,-71.5,35.667
Yamato 74613,H6,23.2,Found,1974,-71.726,35.975
Yamato 74622,H6,3.22,Found,1974,0.0,35.667
Yamato 74631,H6,3.23,Found,1974,0.0,35.667
Yamato 74640,H6,1065.9,Found,1974,-71.714,35.997
Yamato 74650,L6,163.2,Found,1974,-71.749,35.997
Yamato 74659,Ureilite,18.9,Found,1974,-71.797,36.085
Yamato 75005,L6,0.2,Found,1975,-71.5,35.667
Yamato 75014,Diogenite,2.99,Found,1975,-71.5,35.667
Yamato 75023,L4/5,1.12,Found,1975,-71.5,35.667
Yamato 75032,Diogenite,189.1,Found,1975,-71.5,35.667
Yamato 75041,L6,1.29,Found,1975,-71.5,35.667
Yamato 75051,L6,3.9,Found,1975,-71.5,35.667
Yamato 75060,L6,2.9,Found,1975,-71.5,35.667
Yamato 75069,L6,8.1,Found,1975,-71.5,35.667
Yamato 75078,L6,1.39,Found,1975,-71.5,35.667
Yamato 75087,L6,0.26,Found,1975,-71.5,35.667
Yamato 75097,L6,2570.2,Found,1975,-71.5,35.667
Yamato 75106,LL3.8,15.8,Found,1975,-71.5,35.667
Yamato 75116,L6,40.5,Found,1975,-71.5,35.667
Yamato 75125,L4/5,62.9,Found,1975,-71.5,35.667
Yamato 75133,L6,82.1,Found,1975,-71.5,35.667
Yamato 75142,L6,8.65,Found,1975,-71.5,35.667
Yamato 75151,L6,3.74,Found,1975,-71.5,35.667
Yamato 75160,L6,4.9,Found,1975,-71.5,35.667
Yamato 75169,L6,3.49,Found,1975,-71.5,35.667
Yamato 75179,L6,7.84,Found,1975,-71.5,35.667
Yamato 75188,L6,7.19,Found,1975,-71.5,35.667
Yamato 75197,L6,6.24,Found,1975,-71.5,35.667
Yamato 75206,L6,11.7,Found,1975,-71.5,35.667
Yamato 75215,L6,1.15,Found,1975,-71.5,35.667
Yamato 75224,L6,2.74,Found,1975,-71.5,35.667
Yamato 75233,L6,1.83,Found,1975,-71.5,35.667
Yamato 75243,L6,0.65,Found,1975,-71.5,35.667
Yamato 75252,L6,0.41,Found,1975,-71.5,35.667
Yamato 75261,EH,0.59,Found,1975,-71.5,35.667
Yamato 75270,L5,26.9,Found,1975,-71.5,35.667
Yamato 75279,LL4-6,2.22,Found,1975,-71.5,35.667
Yamato 75288,L5,93.9,Found,1975,-71.5,35.667
Yamato 75297,L4,20.5,Found,1975,-71.5,35.667
Yamato 75307,Eucrite-pmict,7.9,Found,1975,-71.5,35.667
Yamato 790008,L6,11.39,Found,1979,-71.5,35.667
Yamato 790032,CR2,6.08,Found,1979,-71.5,35.667
Yamato 790041,L4,1.46,Found,1979,-71.5,35.667
Yamato 790068,H4,14.37,Found,1979,-71.5,35.667
Yamato 790077,H4,6.64,Found,1979,-71.5,35.667
Yamato 790086,H4,3.93,Found,1979,-71.5,35.667
Yamato 790096,H4,1.63,Found,1979,-71.5,35.667
Yamato 790105,H4,0.98,Found,1979,-71.5,35.667
Yamato 790115,H4,51.38,Found,1979,-71.5,35.667
Yamato 790124,L6/7,10.27,Found,1979,-71.5,35.667
Yamato 790142,H6,83.49,Found,1979,-71.5,35.667
Yamato 790167,H3.6,18.75,Found,1979,-71.5,35.667
Yamato 790189,H5,7.6,Found,1979,-71.5,35.667
Yamato 790220,H5,2.34,Found,1979,-71.5,35.667
Yamato 790229,H5,0.76,Found,1979,-71.5,35.667
Yamato 790238,H6,13.76,Found,1979,-71.5,35.667
Yamato 790250,LL4,354.2,Found,1979,-71.5,35.667
Yamato 790263,L6,16.37,Found,1979,-71.5,35.667
Yamato 790274,H4,64.7,Found,1979,-71.5,35.667
Yamato 790283,H4,18.28,Found,1979,-71.5,35.667
Yamato 790293,H4,2.99,Found,1979,-71.5,35.667
Yamato 790302,H4,1.43,Found,1979,-71.5,35.667
Yamato 790312,H4,1.43,Found,1979,-71.5,35.667
Yamato 790321,H4,0.94,Found,1979,-71.5,35.667
Yamato 790330,H4,2.82,Found,1979,-71.5,35.667
Yamato 790339,H4,11.37,Found,1979,-71.5,35.667
Yamato 790348,H6,4.88,Found,1979,-71.5,35.667
Yamato 790358,H6,0.69,Found,1979,-71.5,35.667
Yamato 790386,H6,148.86,Found,1979,-71.5,35.667
Yamato 790396,H,5.06,Found,1979,-71.5,35.667
Yamato 790409,H4,10.6,Found,1979,-71.5,35.667
Yamato 790419,H5,8.45,Found,1979,-71.5,35.667
Yamato 790428,H5,9.97,Found,1979,-71.5,35.667
Yamato 790437,H4,13.82,Found,1979,-71.5,35.667
Yamato 790452,L6,82.15,Found,1979,-71.5,35.667
Yamato 790463,H5,130.98,Found,1979,-71.5,35.667
Yamato 790472,H5,8.25,Found,1979,-71.5,35.667
Yamato 790481,H5,5.81,Found,1979,-71.5,35.667
Yamato 790493,H4,9.07,Found,1979,-71.5,35.667
Yamato 790502,H4,110.28,Found,1979,-71.5,35.667
Yamato 790511,H4/5,6.62,Found,1979,-71.5,35.667
Yamato 790524,LL5,335.2,Found,1979,-71.5,35.667
Yamato 790533,LL,164.14,Found,1979,-71.5,35.667
Yamato 790542,LL,57.67,Found,1979,-71.5,35.667
Yamato 790551,LL,35.3,Found,1979,-71.5,35.667
Yamato 790560,H4,37.71,Found,1979,-71.5,35.667
Yamato 790569,LL,16.38,Found,1979,-71.5,35.667
Yamato 790578,LL,30.37,Found,1979,-71.5,35.667
Yamato 790588,LL,1.81,Found,1979,-71.5,35.667
Yamato 790597,LL,7.06,Found,1979,-71.5,35.667
Yamato 790606,LL,9.9,Found,1979,-71.5,35.667
Yamato 790615,LL,5.26,Found,1979,-71.5,35.667
Yamato 790624,LL,8.97,Found,1979,-71.5,35.667
Yamato 790633,LL,5.13,Found,1979,-71.5,35.667
Yamato 790642,LL,7.19,Found,1979,-71.5,35.667
Yamato 790652,LL,4.28,Found,1979,-71.5,35.667
Yamato 790661,LL,6.62,Found,1979,-71.5,35.667
Yamato 790670,LL,1.99,Found,1979,-71.5,35.667
Yamato 790679,LL,1.87,Found,1979,-71.5,35.667
Yamato 790688,LL,3.19,Found,1979,-71.5,35.667
Yamato 790697,LL,3.57,Found,1979,-71.5,35.667
Yamato 790706,LL,3.93,Found,1979,-71.5,35.667
Yamato 790716,LL,2.37,Found,1979,-71.5,35.667
Yamato 790725,H5,4.1,Found,1979,-71.5,35.667
Yamato 790737,L6,40.4,Found,1979,-71.5,35.667
Yamato 790747,H3,10.31,Found,1979,-71.5,35.667
Yamato 790760,H4,301.2,Found,1979,-71.5,35.667
Yamato 790775,L6,11.25,Found,1979,-71.5,35.667
Yamato 790787,L3.1,46.08,Found,1979,-71.5,35.667
Yamato 790797,H4,25.61,Found,1979,-71.5,35.667
Yamato 790806,LL6,18.27,Found,1979,-71.5,35.667
Yamato 790815,LL6,10.34,Found,1979,-71.5,35.667
Yamato 790824,H4,10.47,Found,1979,-71.5,35.667
Yamato 790833,H4/5,6.27,Found,1979,-71.5,35.667
Yamato 790842,H4,7.32,Found,1979,-71.5,35.667
Yamato 790851,LL6,4.66,Found,1979,-71.5,35.667
Yamato 790861,LL6,4.56,Found,1979,-71.5,35.667
Yamato 790870,LL6,3.44,Found,1979,-71.5,35.667
Yamato 790879,LL6,2.27,Found,1979,-71.5,35.667
Yamato 790888,LL6,2.92,Found,1979,-71.5,35.667
Yamato 790897,LL6,1.37,Found,1979,-71.5,35.667
Yamato 790906,LL6,1.4,Found,1979,-71.5,35.667
Yamato 790915,LL6,2.4,Found,1979,-71.5,35.667
Yamato 790925,LL6,1.37,Found,1979,-71.5,35.667
Yamato 790934,LL6,0.96,Found,1979,-71.5,35.667
Yamato 790943,LL6,3.61,Found,1979,-71.5,35.667
Yamato 790954,H4,4.6,Found,1979,-71.5,35.667
Yamato 790971,H5,8.72,Found,1979,-71.5,35.667
Yamato 790980,H4,95.58,Found,1979,-71.5,35.667
Yamato 790992,CO3.5,162.99,Found,1979,-71.5,35.667
Yamato 791002,L6,91.93,Found,1979,-71.5,35.667
Yamato 791011,H4,4.02,Found,1979,-71.5,35.667
Yamato 791020,H4/5,288.26,Found,1979,-71.5,35.667
Yamato 791029,H5,108.8,Found,1979,-71.5,35.667
Yamato 791038,H3,26.33,Found,1979,-71.5,35.667
Yamato 791048,H6,205.53,Found,1979,-71.5,35.667
Yamato 791058,Winonaite,19.46,Found,1979,-71.5,35.667
Yamato 791069,H5/6,114.46,Found,1979,-71.5,35.667
Yamato 791078,H4,37.03,Found,1979,-71.5,35.667
Yamato 791087,H3.7,579.84,Found,1979,-71.5,35.667
Yamato 791096,H4,75.59,Found,1979,-71.5,35.667
Yamato 791105,H4,15.16,Found,1979,-71.5,35.667
Yamato 791114,LL5/6,12.81,Found,1979,-71.5,35.667
Yamato 791123,LL5/6,5.14,Found,1979,-71.5,35.667
Yamato 791133,LL5/6,2.61,Found,1979,-71.5,35.667
Yamato 791142,LL6,0.44,Found,1979,-71.5,35.667
Yamato 791151,H4,14.11,Found,1979,-71.5,35.667
Yamato 791160,L6,5.57,Found,1979,-71.5,35.667
Yamato 791169,H4,7.88,Found,1979,-71.5,35.667
Yamato 791179,H5,7.89,Found,1979,-71.5,35.667
Yamato 791188,Diogenite,9.17,Found,1979,-71.5,35.667
Yamato 791199,Diogenite,121.88,Found,1979,-71.5,35.667
Yamato 791208,Howardite,47.91,Found,1979,-71.5,35.667
Yamato 791217,H4,157.31,Found,1979,-71.5,35.667
Yamato 791226,H4/5,24.86,Found,1979,-71.5,35.667
Yamato 791235,H4/5,10.65,Found,1979,-71.5,35.667
Yamato 791244,H4/5,5.85,Found,1979,-71.5,35.667
Yamato 791253,H4/5,6.54,Found,1979,-71.5,35.667
Yamato 791263,H4/5,5.27,Found,1979,-71.5,35.667
Yamato 791272,H4/5,4.03,Found,1979,-71.5,35.667
Yamato 791281,H4/5,3.82,Found,1979,-71.5,35.667
Yamato 791290,H4/5,2.74,Found,1979,-71.5,35.667
Yamato 791299,H4/5,3.72,Found,1979,-71.5,35.667
Yamato 791308,H4/5,2.84,Found,1979,-71.5,35.667
Yamato 791317,L6,164.42,Found,1979,-71.5,35.667
Yamato 791327,H4,5.26,Found,1979,-71.5,35.667
Yamato 791336,H4,1.47,Found,1979,-71.5,35.667
Yamato 791345,H4,8.7,Found,1979,-71.5,35.667
Yamato 791354,H3,5.2,Found,1979,-71.5,35.667
Yamato 791364,H5,45.04,Found,1979,-71.5,35.667
Yamato 791374,L6,6.3,Found,1979,-71.5,35.667
Yamato 791383,H4,11.96,Found,1979,-71.5,35.667
Yamato 791398,H5,0.96,Found,1979,-71.5,35.667
Yamato 791413,L6,203.61,Found,1979,-71.5,35.667
Yamato 791423,H5,3.66,Found,1979,-71.5,35.667
Yamato 791432,L6,221.07,Found,1979,-71.5,35.667
Yamato 791441,L6,105.66,Found,1979,-71.5,35.667
Yamato 791450,L6,192.86,Found,1979,-71.5,35.667
Yamato 791459,L6,23.65,Found,1979,-71.5,35.667
Yamato 791469,H4,5.09,Found,1979,-71.5,35.667
Yamato 791478,H4,146.95,Found,1979,-71.5,35.667
Yamato 791487,L5/6,13.95,Found,1979,-71.5,35.667
Yamato 791496,L4/5,5.37,Found,1979,-71.5,35.667
Yamato 791505,H4,31.11,Found,1979,-71.5,35.667
Yamato 791514,H5,1.63,Found,1979,-71.5,35.667
Yamato 791523,L6,0.82,Found,1979,-71.5,35.667
Yamato 791536,LL6,839,Found,1979,-71.5,35.667
Yamato 791545,L4,195.17,Found,1979,-71.5,35.667
Yamato 791558,LL3.15,101.64,Found,1979,-71.5,35.667
Yamato 791567,H4,67.98,Found,1979,-71.5,35.667
Yamato 791576,L5/6,4.4,Found,1979,-71.5,35.667
Yamato 791585,L6,79.19,Found,1979,-71.5,35.667
Yamato 791595,H5,5.84,Found,1979,-71.5,35.667
Yamato 791605,H5,112.63,Found,1979,-71.5,35.667
Yamato 791614,H5,21.47,Found,1979,-71.5,35.667
Yamato 791623,H4/5,1.73,Found,1979,-71.5,35.667
Yamato 791632,L5,534.79,Found,1979,-71.5,35.667
Yamato 791641,L4,5.37,Found,1979,-71.5,35.667
Yamato 791650,L4,0.78,Found,1979,-71.5,35.667
Yamato 791659,L4,10.17,Found,1979,-71.5,35.667
Yamato 791669,L4,334.85,Found,1979,-71.5,35.667
Yamato 791678,L4,259.1,Found,1979,-71.5,35.667
Yamato 791687,H5,6.82,Found,1979,-71.5,35.667
Yamato 791697,L4,1.44,Found,1979,-71.5,35.667
Yamato 791710,L4,1607,Found,1979,-71.5,35.667
Yamato 791719,CO3,170.69,Found,1979,-71.5,35.667
Yamato 791728,H4,48.2,Found,1979,-71.5,35.667
Yamato 791738,H4,9.38,Found,1979,-71.5,35.667
Yamato 791747,CO3,5.84,Found,1979,-71.5,35.667
Yamato 791756,L4,3.72,Found,1979,-71.5,35.667
Yamato 791765,L4,1.33,Found,1979,-71.5,35.667
Yamato 791774,H6,37.5,Found,1979,-71.5,35.667
Yamato 791783,H5,323.21,Found,1979,-71.5,35.667
Yamato 791792,H5,2.78,Found,1979,-71.5,35.667
Yamato 791802,L4,58.89,Found,1979,-71.5,35.667
Yamato 791815,H4,3.24,Found,1979,-71.5,35.667
Yamato 791824,CM2,23.28,Found,1979,-71.5,35.667
Yamato 791833,L5,116.35,Found,1979,-71.5,35.667
Yamato 791842,H4,10.9,Found,1979,-71.5,35.667
Yamato 791851,L5,13.86,Found,1979,-71.5,35.667
Yamato 791860,H5,25.16,Found,1979,-71.5,35.667
Yamato 791870,H4,404.14,Found,1979,-71.5,35.667
Yamato 791879,H4,97.96,Found,1979,-71.5,35.667
Yamato 791888,H5,3.55,Found,1979,-71.5,35.667
Yamato 791897,H5,3.26,Found,1979,-71.5,35.667
Yamato 791906,H4,32.26,Found,1979,-71.5,35.667
Yamato 791915,H4,3.47,Found,1979,-71.5,35.667
Yamato 791924,H4,16.38,Found,1979,-71.5,35.667
Yamato 791934,H4,40.02,Found,1979,-71.5,35.667
Yamato 791943,H4,1.6,Found,1979,-71.5,35.667
Yamato 791952,H6,7.79,Found,1979,-71.5,35.667
Yamato 791962,Eucrite-pmict,299.65,Found,1979,-71.5,35.667
Yamato 791971,H4,274.79,Found,1979,-71.5,35.667
Yamato 791980,H4,125.81,Found,1979,-71.5,35.667
Yamato 791989,H4,79.94,Found,1979,-71.5,35.667
Yamato 791999,H4,35.52,Found,1979,-71.5,35.667
Yamato 792037,H4,46.38,Found,1979,-71.5,35.667
Yamato 792084,H4,10.97,Found,1979,-71.5,35.667
Yamato 792149,H4,11.06,Found,1979,-71.5,35.667
Yamato 792506,H4,531.59,Found,1979,-71.5,35.667
Yamato 792515,L5,3.28,Found,1979,-71.5,35.667
Yamato 792524,H4,126.03,Found,1979,-71.5,35.667
Yamato 792534,H5,40.3,Found,1979,-71.5,35.667
Yamato 792543,H4,17.22,Found,1979,-71.5,35.667
Yamato 792552,H4/5,10.06,Found,1979,-71.5,35.667
Yamato 792561,H4/5,14.15,Found,1979,-71.5,35.667
Yamato 792570,H4/5,7.63,Found,1979,-71.5,35.667
Yamato 792579,H4/5,8.04,Found,1979,-71.5,35.667
Yamato 792588,H4/5,4.24,Found,1979,-71.5,35.667
Yamato 792598,H4/5,3.72,Found,1979,-71.5,35.667
Yamato 792607,H4/5,2.95,Found,1979,-71.5,35.667
Yamato 792616,H4/5,3.02,Found,1979,-71.5,35.667
Yamato 792625,H4/5,1.94,Found,1979,-71.5,35.667
Yamato 792634,H4/5,1.72,Found,1979,-71.5,35.667
Yamato 792643,H4/5,0.97,Found,1979,-71.5,35.667
Yamato 792652,H4/5,0.68,Found,1979,-71.5,35.667
Yamato 792662,H4,202.71,Found,1979,-71.5,35.667
Yamato 792671,H4,5.56,Found,1979,-71.5,35.667
Yamato 792683,L6,0.96,Found,1979,-71.5,35.667
Yamato 792692,H5,39.16,Found,1979,-71.5,35.667
Yamato 792702,H4,6.22,Found,1979,-71.5,35.667
Yamato 792711,H4,2.61,Found,1979,-71.5,35.667
Yamato 792720,L6,3.91,Found,1979,-71.5,35.667
Yamato 792735,H6,1.96,Found,1979,-71.5,35.667
Yamato 792750,H6,21.92,Found,1979,-71.5,35.667
Yamato 792759,H4,2.11,Found,1979,-71.5,35.667
Yamato 980120,L6,306.15,Found,1998,,
Yamato 792777,LL4,30.4,Found,1979,-71.5,35.667
Yamato 792786,LL4,9.8,Found,1979,-71.5,35.667
Yamato 792795,H5,71.43,Found,1979,-71.5,35.667
Yamato 792805,H4,15.65,Found,1979,-71.5,35.667
Yamato 792814,H6,8.19,Found,1979,-71.5,35.667
Yamato 792823,H4,10.31,Found,1979,-71.5,35.667
Yamato 792851,H6,0.94,Found,1979,-71.5,35.667
Yamato 792868,H4,13.01,Found,1979,-71.5,35.667
Yamato 792891,H5,38.17,Found,1979,-71.5,35.667
Yamato 792900,H4,18.5,Found,1979,-71.5,35.667
Yamato 792912,H4,2.37,Found,1979,-71.5,35.667
Yamato 792922,H4,5.06,Found,1979,-71.5,35.667
Yamato 792931,H4,74.3,Found,1979,-71.5,35.667
Yamato 792940,H4,24.14,Found,1979,-71.5,35.667
Yamato 792949,H4,13.95,Found,1979,-71.5,35.667
Yamato 792958,H4,107.28,Found,1979,-71.5,35.667
Yamato 792967,E3,2.65,Found,1979,-71.5,35.667
Yamato 792977,E3,2.16,Found,1979,-71.5,35.667
Yamato 792986,E3,0.97,Found,1979,-71.5,35.667
Yamato 792995,E3,2.16,Found,1979,-71.5,35.667
Yamato 793004,E3,0.94,Found,1979,-71.5,35.667
Yamato 793013,E3,1.31,Found,1979,-71.5,35.667
Yamato 793022,E3,1.46,Found,1979,-71.5,35.667
Yamato 793031,E3,0.91,Found,1979,-71.5,35.667
Yamato 793041,E3,0.85,Found,1979,-71.5,35.667
Yamato 793050,E3,0.99,Found,1979,-71.5,35.667
Yamato 793059,E3,0.78,Found,1979,-71.5,35.667
Yamato 793068,E3,0.7,Found,1979,-71.5,35.667
Yamato 793077,E3,0.89,Found,1979,-71.5,35.667
Yamato 793086,E3,0.63,Found,1979,-71.5,35.667
Yamato 793095,E3,0.54,Found,1979,-71.5,35.667
Yamato 793105,E3,0.58,Found,1979,-71.5,35.667
Yamato 793114,E3,0.61,Found,1979,-71.5,35.667
Yamato 793123,E3,0.49,Found,1979,-71.5,35.667
Yamato 793132,E3,0.49,Found,1979,-71.5,35.667
Yamato 793141,E3,0.45,Found,1979,-71.5,35.667
Yamato 793150,E3,0.51,Found,1979,-71.5,35.667
Yamato 793159,E3,0.3,Found,1979,-71.5,35.667
Yamato 793171,L6,7.74,Found,1979,-71.5,35.667
Yamato 793180,H4,1.11,Found,1979,-71.5,35.667
Yamato 793189,L6,3.13,Found,1979,-71.5,35.667
Yamato 793198,H5,3.35,Found,1979,-71.5,35.667
Yamato 793207,H6,3.87,Found,1979,-71.5,35.667
Yamato 793216,L6,3.91,Found,1979,-71.5,35.667
Yamato 793225,EH6-an,75.61,Found,1979,-71.5,35.667
Yamato 793235,L6,18126,Found,1979,-71.5,35.667
Yamato 793244,L4,9.9,Found,1979,-71.5,35.667
Yamato 793253,H4,216.7,Found,1979,-71.5,35.667
Yamato 793262,H6,2.89,Found,1979,-71.5,35.667
Yamato 793271,L6,0.88,Found,1979,-71.5,35.667
Yamato 793280,L6,28.38,Found,1979,-71.5,35.667
Yamato 793290,H5,16.5,Found,1979,-71.5,35.667
Yamato 793299,H6,8.68,Found,1979,-71.5,35.667
Yamato 793308,H6,1.36,Found,1979,-71.5,35.667
Yamato 793319,LL6,2.8,Found,1979,-71.5,35.667
Yamato 793328,H4,3.44,Found,1979,-71.5,35.667
Yamato 793337,H6,302.2,Found,1979,-71.5,35.667
Yamato 793346,H4,9.3,Found,1979,-71.5,35.667
Yamato 793356,H4,4.52,Found,1979,-71.5,35.667
Yamato 793365,H4,1.42,Found,1979,-71.5,35.667
Yamato 793374,L3.6,206.91,Found,1979,-71.5,35.667
Yamato 793383,H4,1.29,Found,1979,-71.5,35.667
Yamato 793392,L4,83.06,Found,1979,-71.5,35.667
Yamato 793401,L6,2554,Found,1979,-71.5,35.667
Yamato 793410,H4,45.41,Found,1979,-71.5,35.667
Yamato 793421,L6,188.82,Found,1979,-71.5,35.667
Yamato 793430,H4,3.42,Found,1979,-71.5,35.667
Yamato 793439,L6,7.83,Found,1979,-71.5,35.667
Yamato 793448,L6,242.48,Found,1979,-71.5,35.667
Yamato 793457,H4,9.99,Found,1979,-71.5,35.667
Yamato 793466,L6,13.21,Found,1979,-71.5,35.667
Yamato 793475,H6,4.83,Found,1979,-71.5,35.667
Yamato 793485,L5,8.98,Found,1979,-71.5,35.667
Yamato 793494,L3,2.12,Found,1979,-71.5,35.667
Yamato 793504,H4,2.42,Found,1979,-71.5,35.667
Yamato 793514,H5,473.6,Found,1979,-71.5,35.667
Yamato 793523,H5,13.25,Found,1979,-71.5,35.667
Yamato 793533,LL6,510.32,Found,1979,-71.5,35.667
Yamato 793542,L6,254.99,Found,1979,-71.5,35.667
Yamato 793552,H4,29.55,Found,1979,-71.5,35.667
Yamato 793561,H6,5.63,Found,1979,-71.5,35.667
Yamato 793570,Eucrite-mmict,43.56,Found,1979,-71.5,35.667
Yamato 793579,H6,8.65,Found,1979,-71.5,35.667
Yamato 793588,L3,72.15,Found,1979,-71.5,35.667
Yamato 793597,L6,288.1,Found,1979,-71.5,35.667
Yamato 794004,L6,11.92,Found,1979,-71.5,35.667
Yamato 794014,H6,5.48,Found,1979,-71.5,35.667
Yamato 794023,H4,25.82,Found,1979,-71.5,35.667
Yamato 794033,L5,3.05,Found,1979,-71.5,35.667
Yamato 794047,H4,206.5,Found,1979,-71.5,35.667
Yamato 794056,H4,5.44,Found,1979,-71.5,35.667
Yamato 794065,H6,19.85,Found,1979,-71.5,35.667
Yamato 794075,H5,3.1,Found,1979,-71.5,35.667
Yamato 794085,H5,8.07,Found,1979,-71.5,35.667
Yamato 8001,L6,22.68,Found,1980,-71.833,35.5
Yamato 8010,L6,109.32,Found,1980,-71.5,35.667
Yamato 81005,L5,1.71,Found,1981,-71.5,35.667
Yamato 81014,L6,8.36,Found,1981,-71.5,35.667
Yamato 81023,CO3,9.58,Found,1981,-71.5,35.667
Yamato 81031,H4,30.98,Found,1981,-71.5,35.667
Yamato 81041,H4,3.54,Found,1981,-71.5,35.667
Yamato 81050,Stone-uncl,12.77,Found,1981,-71.5,35.667
Yamato 81059,H4,36.27,Found,1981,-71.5,35.667
Yamato 81068,CO3,1.65,Found,1981,-71.5,35.667
Yamato 81077,L4,5.99,Found,1981,-71.5,35.667
Yamato 81095,L4,1.25,Found,1981,-71.5,35.667
Yamato 81123,H4,1.58,Found,1981,-71.5,35.667
Yamato 82001,Stone-ung,0.63,Found,1982,-71.5,35.667
Yamato 82010,Eucrite,7.38,Found,1982,-71.5,35.667
Yamato 82019,L5,157.92,Found,1982,-71.5,35.667
Yamato 82028,L5,4.14,Found,1982,-71.5,35.667
Yamato 82037,Eucrite-mmict,45.43,Found,1982,-71.5,35.667
Yamato 82046,H5,7.51,Found,1982,-71.5,35.667
Yamato 82055,L3.6,946.75,Found,1982,-71.5,35.667
Yamato 82065,L6,189.86,Found,1982,-71.5,35.667
Yamato 82074,Diogenite,10.06,Found,1982,-71.5,35.667
Yamato 82083,H5,25.84,Found,1982,-71.5,35.667
Yamato 82092,H4,92.4,Found,1982,-71.5,35.667
Yamato 82101,L6,30.6,Found,1982,-71.5,35.667
Yamato 82111,H6,9011,Found,1982,-71.5,35.667
Yamato 82120,H6,4.16,Found,1982,-71.5,35.667
Yamato 82130,L5,23.11,Found,1982,-71.5,35.667
Yamato 82139,L6,2.68,Found,1982,-71.5,35.667
Yamato 82148,L6,5.47,Found,1982,-71.5,35.667
Yamato 82157,L6,28.67,Found,1982,-71.5,35.667
Yamato 82166,H4,25.67,Found,1982,-71.5,35.667
Yamato 82175,L6,2.32,Found,1982,-71.5,35.667
Yamato 82184,H6,4.79,Found,1982,-71.5,35.667
Yamato 82194,L6,0.75,Found,1982,-71.5,35.667
Yamato 82203,H4,7.37,Found,1982,-71.5,35.667
Yamato 8301,L6,88.52,Found,1983,-71.833,35.5
Yamato 8310,L6,10.65,Found,1983,-71.5,35.667
Yamato 8319,H4,2.83,Found,1983,-71.5,35.667
Yamato 8328,H5,0.36,Found,1983,-71.5,35.667
Yamato 8337,H4,3.56,Found,1983,-71.5,35.667
Yamato 8406,E5,0.12,Found,1984,-71.5,35.667
Yamato 8415,L6,5.17,Found,1984,-71.5,35.667
Yamato 8425,H6,7.4,Found,1984,-71.5,35.667
Yamato 8434,H5,31.38,Found,1984,-71.5,35.667
Yamato 8443,H4,6.06,Found,1984,-71.5,35.667
Yamato 8452,CM2,3.29,Found,1984,-71.5,35.667
Yamato 86002,H5,3.48,Found,1986,-71.5,35.667
Yamato 86012,L6,9.97,Found,1986,-71.5,35.667
Yamato 86021,L6,7.95,Found,1986,-71.5,35.667
Yamato 86030,L6,10.72,Found,1986,-71.5,35.667
Yamato 86040,L6,1.69,Found,1986,-71.5,35.667
Yamato 86049,L6,6.73,Found,1986,-71.5,35.667
Yamato 86058,L6,0.17,Found,1986,-71.5,35.667
Yamato 86067,H4,22.84,Found,1986,-71.5,35.667
Yamato 86077,H4,11.47,Found,1986,-71.5,35.667
Yamato 86086,H4,9.18,Found,1986,-71.5,35.667
Yamato 86095,H4,8.34,Found,1986,-71.5,35.667
Yamato 86104,H4,7.54,Found,1986,-71.5,35.667
Yamato 86113,H4,3.54,Found,1986,-71.5,35.667
Yamato 86122,H4,3.54,Found,1986,-71.5,35.667
Yamato 86131,H4,3.36,Found,1986,-71.5,35.667
Yamato 86141,H4,2.7,Found,1986,-71.5,35.667
Yamato 86150,H4,3.33,Found,1986,-71.5,35.667
Yamato 86159,H4,1.5,Found,1986,-71.5,35.667
Yamato 86168,H4,0.81,Found,1986,-71.5,35.667
Yamato 86177,H4,0.74,Found,1986,-71.5,35.667
Yamato 86186,H4,229.26,Found,1986,-71.5,35.667
Yamato 86195,H4,7.94,Found,1986,-71.5,35.667
Yamato 86205,H4,6.55,Found,1986,-71.5,35.667
Yamato 86214,H4,3.62,Found,1986,-71.5,35.667
Yamato 86224,H4,2.96,Found,1986,-71.5,35.667
Yamato 86233,H4,1.9,Found,1986,-71.5,35.667
Yamato 86242,H4,1.38,Found,1986,-71.5,35.667
Yamato 86251,H4,1.14,Found,1986,-71.5,35.667
Yamato 86260,H4,0.51,Found,1986,-71.5,35.667
Yamato 86270,H4,1.17,Found,1986,-71.5,35.667
Yamato 86279,H4,35.91,Found,1986,-71.5,35.667
Yamato 86288,H4,16.4,Found,1986,-71.5,35.667
Yamato 86296,H4,10.83,Found,1986,-71.5,35.667
Yamato 86305,H4,7.65,Found,1986,-71.5,35.667
Yamato 86314,H4,9.63,Found,1986,-71.5,35.667
Yamato 86323,H4,9.8,Found,1986,-71.5,35.667
Yamato 86333,H4,8.02,Found,1986,-71.5,35.667
Yamato 86342,H4,6.78,Found,1986,-71.5,35.667
Yamato 86351,H4,7.14,Found,1986,-71.5,35.667
Yamato 86360,H4,5.16,Found,1986,-71.5,35.667
Yamato 86369,H4,4.75,Found,1986,-71.5,35.667
Yamato 86378,H4,4.93,Found,1986,-71.5,35.667
Yamato 86387,H4,4.14,Found,1986,-71.5,35.667
Yamato 86397,H4,3.09,Found,1986,-71.5,35.667
Yamato 86407,H4,3.02,Found,1986,-71.5,35.667
Yamato 86416,H4,3.62,Found,1986,-71.5,35.667
Yamato 86425,H4,3.41,Found,1986,-71.5,35.667
Yamato 86434,H4,1.69,Found,1986,-71.5,35.667
Yamato 86443,H4,1.92,Found,1986,-71.5,35.667
Yamato 86452,H4,2.49,Found,1986,-71.5,35.667
Yamato 86462,H4,2.94,Found,1986,-71.5,35.667
Yamato 86471,H4,2.49,Found,1986,-71.5,35.667
Yamato 86480,H4,0.89,Found,1986,-71.5,35.667
Yamato 86489,H4,1.41,Found,1986,-71.5,35.667
Yamato 86498,H4,1.53,Found,1986,-71.5,35.667
Yamato 86507,H4,0.71,Found,1986,-71.5,35.667
Yamato 86516,H4,0.33,Found,1986,-71.5,35.667
Yamato 86526,H4,1.74,Found,1986,-71.5,35.667
Yamato 86535,H4,1.17,Found,1986,-71.5,35.667
Yamato 86544,H4,1.57,Found,1986,-71.5,35.667
Yamato 86553,H4,2.34,Found,1986,-71.5,35.667
Yamato 86562,H4,1.68,Found,1986,-71.5,35.667
Yamato 86570,H4,0.76,Found,1986,-71.5,35.667
Yamato 86579,H4,1,Found,1986,-71.5,35.667
Yamato 86589,H4,1.33,Found,1986,-71.5,35.667
Yamato 86598,H4,2.09,Found,1986,-71.5,35.667
Yamato 86607,H4,1.33,Found,1986,-71.5,35.667
Yamato 86615,H4,1.03,Found,1986,-71.5,35.667
Yamato 86624,H4,0.87,Found,1986,-71.5,35.667
Yamato 86633,C4,3.96,Found,1986,-71.5,35.667
Yamato 86687,CM2,0.97,Found,1986,-71.5,35.667
Yamato 86697,CM2,6.35,Found,1986,-71.5,35.667
Yamato 86706,L3.8,42.03,Found,1986,-71.5,35.667
Yamato 86715,H4,31.75,Found,1986,-71.5,35.667
Yamato 86724,L6,1.54,Found,1986,-71.5,35.667
Yamato 86733,LL6,3.07,Found,1986,-71.5,35.667
Yamato 86742,L6,66.91,Found,1986,-71.5,35.667
Yamato 86751,CV3,197.26,Found,1986,-71.5,35.667
Yamato 86762,Eucrite-pmict,27.34,Found,1986,-71.5,35.667
Yamato 86779,L6,15.92,Found,1986,-71.5,35.667
Yamato 9401,H4,42.97,Found,1994,-71.547,35.402
Yamato 9410,OC,1.53,Found,1994,-71.547,35.402
Yamato 980006,L3,7.4,Found,1998,,
Yamato 980026,L6,1054,Found,1998,,
Yamato 980049,H3,288.06,Found,1998,,
Yamato 980061,H4,9.088,Found,1998,,
Yamato 980073,H3,72.34,Found,1998,,
Yamato 980088,CM2,6.513,Found,1998,,
Yamato 980098,CM2,0.885,Found,1998,,
Yamato 980140,LL4,387.21,Found,1998,,
Yamato 980150,CV3,0.557,Found,1998,,
Yamato 980163,LL4,145.87,Found,1998,,
Yamato 980174,H4,16.267,Found,1998,,
Yamato 980191,L6,17.133,Found,1998,,
Yamato 980209,LL3,16.43,Found,1998,,
Yamato 980230,H5,5.054,Found,1998,,
Yamato 980247,L6,16.041,Found,1998,,
Yamato 980269,L6,22.296,Found,1998,,
Yamato 980282,H4,17.72,Found,1998,,
Yamato 980302,L6,6.139,Found,1998,,
Yamato 980321,LL6,65.14,Found,1998,,
Yamato 980340,L6,54.186,Found,1998,,
Yamato 980356,Eucrite,40.298,Found,1998,,
Yamato 980370,H4,10.168,Found,1998,,
Yamato 980391,H4,18.512,Found,1998,,
Yamato 980403,H5,31.322,Found,1998,,
Yamato 980415,LL3,6.228,Found,1998,,
Yamato 980432,LL6,786.54,Found,1998,,
Yamato 980451,LL6,8.444,Found,1998,,
Yamato 980463,L6,102.38,Found,1998,,
Yamato 980474,L3,7.613,Found,1998,,
Yamato 980490,L3,21.232,Found,1998,,
Yamato 980527,H4,10.353,Found,1998,,
Yamato 980542,L6,15.19,Found,1998,,
Yamato 980565,H5,17.977,Found,1998,,
Yamato 980579,H4,12.549,Found,1998,,
Yamato 980592,L6,79.24,Found,1998,,
Yamato 980627,H4,57.246,Found,1998,,
Yamato 980654,L6,23.119,Found,1998,,
Yamato 980673,H5,7.859,Found,1998,,
Yamato 980700,L6,21.251,Found,1998,,
Yamato 980713,H4,5.576,Found,1998,,
Yamato 980741,H4,16.807,Found,1998,,
Yamato 980762,H4,17.667,Found,1998,,
Yamato 980792,H5,20.483,Found,1998,,
Yamato 980807,H4,29.59,Found,1998,,
Yamato 980821,L6,8.121,Found,1998,,
Yamato 980852,L6,196.91,Found,1998,,
Yamato 980877,H,10.153,Found,1998,,
Yamato 980893,LL6,8.971,Found,1998,,
Yamato 980934,H5,6.384,Found,1998,,
Yamato 980998,H4,5.435,Found,1998,,
Yamato 981023,H4,72.92,Found,1998,,
Yamato 981037,H4,6.843,Found,1998,,
Yamato 981080,H5,10.288,Found,1998,,
Yamato 981123,H4,6.26,Found,1998,0.0,0.0
Yamato 981144,H5,6.15,Found,1998,0.0,0.0
Yamato 981166,H5,46.35,Found,1998,0.0,0.0
Yamato 981189,H5,17.3,Found,1998,0.0,0.0
Yamato 981229,H4,46.09,Found,1998,0.0,0.0
Yamato 981246,H5,14.38,Found,1998,0.0,0.0
Yamato 981277,L3,52.07,Found,1998,0.0,0.0
Yamato 981299,H4,31.16,Found,1998,0.0,0.0
Yamato 981318,H5,5.81,Found,1998,0.0,0.0
Yamato 981350,L6,18.34,Found,1998,0.0,0.0
Yamato 981398,L5,6.92,Found,1998,0.0,0.0
Yamato 981418,H4,6.67,Found,1998,0.0,0.0
Yamato 981442,L6,5.33,Found,1998,0.0,0.0
Yamato 981474,L6,6.68,Found,1998,0.0,0.0
Yamato 981497,H5,22.93,Found,1998,0.0,0.0
Yamato 981510,H4,9.08,Found,1998,0.0,0.0
Yamato 981527,L6,8.78,Found,1998,0.0,0.0
Yamato 981550,H6,18.1,Found,1998,0.0,0.0
Yamato 981581,L6,6.59,Found,1998,0.0,0.0
Yamato 981595,H5,26.66,Found,1998,0.0,0.0
Yamato 981607,LL5,16.6,Found,1998,0.0,0.0
Yamato 981627,H4,39.39,Found,1998,0.0,0.0
Yamato 981643,H6,57.33,Found,1998,0.0,0.0
Yamato 981672,Eucrite,78.13,Found,1998,0.0,0.0
Yamato 981695,H6,16.72,Found,1998,0.0,0.0
Yamato 981710,Diogenite,108.41,Found,1998,0.0,0.0
Yamato 981725,Lodranite,62.99,Found,1998,0.0,0.0
Yamato 981740,Eucrite,6.92,Found,1998,0.0,0.0
Yamato 981754,H4,5.16,Found,1998,0.0,0.0
Yamato 981825,H4,73.41,Found,1998,0.0,0.0
Yamato 981834,H4,6.62,Found,1998,0.0,0.0
Yamato 981897,H4,46.55,Found,1998,0.0,0.0
Yamato 981909,H6,23.82,Found,1998,0.0,0.0
Yamato 981923,H4,30.14,Found,1998,0.0,0.0
Yamato 981935,H6,5.44,Found,1998,0.0,0.0
Yamato 981946,CM2,3.73,Found,1998,0.0,0.0
Yamato 981960,L6,163.03,Found,1998,0.0,0.0
Yamato 981978,L5,8.91,Found,1998,0.0,0.0
Yamato 981990,H4,4.11,Found,1998,0.0,0.0
Yamato 982002,L6,5.23,Found,1998,0.0,0.0
Yamato 982016,L3,4.52,Found,1998,0.0,0.0
Yamato 982027,H3,4.55,Found,1998,0.0,0.0
Yamato 982042,L3,112.86,Found,1998,0.0,0.0
Yamato 982074,H3,21.27,Found,1998,0.0,0.0
Yamato 982083,H4,1.24,Found,1998,0.0,0.0
Yamato 982104,H4,0.5,Found,1998,0.0,0.0
Yamato 982113,L6,10.78,Found,1998,0.0,0.0
Yamato 982132,H4,6.82,Found,1998,0.0,0.0
Yamato 982144,L3,62.74,Found,1998,0.0,0.0
Yamato 982159,H5,19.53,Found,1998,0.0,0.0
Yamato 982173,L6,5.73,Found,1998,0.0,0.0
Yamato 982183,L6,33.55,Found,1998,0.0,0.0
Yamato 982193,H4,5.73,Found,1998,0.0,0.0
Yamato 982202,H4,4.63,Found,1998,0.0,0.0
Yamato 982212,H4,4.73,Found,1998,0.0,0.0
Yamato 982225,H5,7.27,Found,1998,0.0,0.0
Yamato 982236,H4,19.27,Found,1998,0.0,0.0
Yamato 982245,L6,6.13,Found,1998,0.0,0.0
Yamato 982267,H4,7.79,Found,1998,0.0,0.0
Yamato 982283,H5,3.4,Found,1998,0.0,0.0
Yamato 982303,H4,18.36,Found,1998,0.0,0.0
Yamato 982315,H4,108.11,Found,1998,0.0,0.0
Yamato 982334,H4,4.11,Found,1998,0.0,0.0
Yamato 982351,H6,21.64,Found,1998,0.0,0.0
Yamato 982361,L6,9.12,Found,1998,0.0,0.0
Yamato 982372,H4,7.2,Found,1998,0.0,0.0
Yamato 982382,H4,19.31,Found,1998,0.0,0.0
Yamato 982392,E6,94.67,Found,1998,0.0,0.0
Yamato 982406,LL6,8.85,Found,1998,0.0,0.0
Yamato 982428,H3-6,8.84,Found,1998,0.0,0.0
Yamato 982450,L6,12.76,Found,1998,0.0,0.0
Yamato 982460,H4,18.11,Found,1998,0.0,0.0
Yamato 982474,H4,12.84,Found,1998,0.0,0.0
Yamato 982486,H4,18.52,Found,1998,0.0,0.0
Yamato 982516,H4,4.2,Found,1998,0.0,0.0
Yamato 982585,CM,4.16,Found,1998,0.0,0.0
Yamato 982636,LL5,4.52,Found,1998,0.0,0.0
Yamato 982661,H5,195.3,Found,1998,0.0,0.0
Yamato 982670,LL5,4.11,Found,1998,0.0,0.0
Yamato 982705,H4,9.54,Found,1998,0.0,0.0
Yamato 982740,H3,6.92,Found,1998,0.0,0.0
Yamato 982751,H5,34.04,Found,1998,0.0,0.0
Yamato 982760,H5,13.73,Found,1998,0.0,0.0
Yamato 982770,H5,8.6,Found,1998,0.0,0.0
Yamato 982780,H4,6.38,Found,1998,0.0,0.0
Yamato 982789,H4,4.88,Found,1998,0.0,0.0
Yamato 982800,H4,3.13,Found,1998,0.0,0.0
Yamato 982855,L5,7.95,Found,1998,0.0,0.0
Yamato 982881,Ureilite,3.03,Found,1998,0.0,0.0
Yamato 982900,L3,6.13,Found,1998,0.0,0.0
Yamato 982922,H5,4.68,Found,1998,0.0,0.0
Yamato 982938,H4,4.32,Found,1998,0.0,0.0
Yamato 982970,H4,4.02,Found,1998,0.0,0.0
Yamato 982984,H5,8.52,Found,1998,0.0,0.0
Yamato 982993,H5,3.34,Found,1998,0.0,0.0
Yamato 983025,H5,3.47,Found,1998,0.0,0.0
Yamato 983044,H5,12.78,Found,1998,0.0,0.0
Yamato 983064,L6,40.94,Found,1998,0.0,0.0
Yamato 983077,L6,4.8,Found,1998,0.0,0.0
Yamato 983099,H6,310,Found,1998,0.0,0.0
Yamato 983113,L6,88.62,Found,1998,0.0,0.0
Yamato 983127,H5,55.95,Found,1998,0.0,0.0
Yamato 983142,H6,15.79,Found,1998,0.0,0.0
Yamato 983151,H5,3.62,Found,1998,0.0,0.0
Yamato 983170,H6,4.36,Found,1998,0.0,0.0
Yamato 983182,L5,20.72,Found,1998,0.0,0.0
Yamato 983191,H4,6.69,Found,1998,0.0,0.0
Yamato 983202,H5,17.32,Found,1998,0.0,0.0
Yamato 983212,H,9.78,Found,1998,0.0,0.0
Yamato 983224,H5,53.06,Found,1998,0.0,0.0
Yamato 983238,L6,4.3,Found,1998,0.0,0.0
Yamato 983261,H6,9.49,Found,1998,0.0,0.0
Yamato 983271,L6,16.63,Found,1998,0.0,0.0
Yamato 983280,L5,133.6,Found,1998,0.0,0.0
Yamato 983290,H5,5.87,Found,1998,0.0,0.0
Yamato 983311,H4,4.4,Found,1998,0.0,0.0
Yamato 983321,H5,9.16,Found,1998,0.0,0.0
Yamato 983334,L4,3.46,Found,1998,0.0,0.0
Yamato 983349,H4,98.29,Found,1998,0.0,0.0
Yamato 983365,H5,12.12,Found,1998,0.0,0.0
Yamato 983380,L4,20.71,Found,1998,0.0,0.0
Yamato 983396,LL3,80.64,Found,1998,0.0,0.0
Yamato 983409,H5,99.98,Found,1998,0.0,0.0
Yamato 983420,H3,68.04,Found,1998,0.0,0.0
Yamato 983432,H5,4.21,Found,1998,0.0,0.0
Yamato 983448,L5,33.43,Found,1998,0.0,0.0
Yamato 983459,L6,9.42,Found,1998,0.0,0.0
Yamato 983472,H5,11.38,Found,1998,0.0,0.0
Yamato 983485,H5,9.45,Found,1998,0.0,0.0
Yamato 983494,H5,32.01,Found,1998,0.0,0.0
Yamato 983505,H4,42.53,Found,1998,0.0,0.0
Yamato 983515,H5,20.65,Found,1998,0.0,0.0
Yamato 983527,H4,24.78,Found,1998,0.0,0.0
Yamato 983539,H4,3.25,Found,1998,0.0,0.0
Yamato 983555,H6,7.1,Found,1998,0.0,0.0
Yamato 983565,H5,6.98,Found,1998,0.0,0.0
Yamato 983580,L6,31.25,Found,1998,0.0,0.0
Yamato 983591,LL4,12.46,Found,1998,0.0,0.0
Yamato 983600,H5,26.33,Found,1998,0.0,0.0
Yamato 983611,H4,41.42,Found,1998,0.0,0.0
Yamato 983626,L6,15.69,Found,1998,0.0,0.0
Yamato 983637,LL-melt breccia,6.9,Found,1998,0.0,0.0
Yamato 983647,H4,15.06,Found,1998,0.0,0.0
Yamato 983658,LL6,7.21,Found,1998,0.0,0.0
Yamato 983668,LL-melt breccia,7.75,Found,1998,0.0,0.0
Yamato 983681,LL-melt breccia,3.73,Found,1998,0.0,0.0
Yamato 983694,LL-melt breccia,29.24,Found,1998,0.0,0.0
Yamato 983706,H3-6,36.9,Found,1998,0.0,0.0
Yamato 983723,H4,127.1,Found,1998,0.0,0.0
Yamato 983733,H4,13.95,Found,1998,0.0,0.0
Yamato 983748,L6,301,Found,1998,0.0,0.0
Yamato 983758,L6,20.38,Found,1998,0.0,0.0
Yamato 983770,L6,6.57,Found,1998,0.0,0.0
Yamato 983780,H5,6.7,Found,1998,0.0,0.0
Yamato 983789,H4,4.93,Found,1998,0.0,0.0
Yamato 983798,H5,4.7,Found,1998,0.0,0.0
Yamato 983812,H4,15.1,Found,1998,0.0,0.0
Yamato 983821,H4,3.06,Found,1998,0.0,0.0
Yamato 983832,H4,29.95,Found,1998,0.0,0.0
Yamato 983841,H4,12.16,Found,1998,0.0,0.0
Yamato 983851,L6,29.86,Found,1998,0.0,0.0
Yamato 983861,H5,139.3,Found,1998,0.0,0.0
Yamato 983871,H-melt breccia,81.77,Found,1998,0.0,0.0
Yamato 983881,H5,5.72,Found,1998,0.0,0.0
Yamato 983896,EH3,10.26,Found,1998,0.0,0.0
Yamato 983912,H5,42.11,Found,1998,0.0,0.0
Yamato 983924,H5,6.59,Found,1998,0.0,0.0
Yamato 983937,H5,19.76,Found,1998,0.0,0.0
Yamato 983948,H5,4.65,Found,1998,0.0,0.0
Yamato 983966,H4,40.36,Found,1998,0.0,0.0
Yamato 983983,H4,13.7,Found,1998,0.0,0.0
Yamato 983992,H4,82.19,Found,1998,0.0,0.0
Yamato 984007,L6,12.36,Found,1998,0.0,0.0
Yamato 984026,H4,10.06,Found,1998,0.0,0.0
Yamato 984039,H4,39.17,Found,1998,0.0,0.0
Yamato 984049,H4,5.3,Found,1998,0.0,0.0
Yamato 984063,H4,12.89,Found,1998,0.0,0.0
Yamato 984079,Howardite,7.91,Found,1998,0.0,0.0
Yamato 984098,L6,3.11,Found,1998,0.0,0.0
Yamato 984113,H6,3.64,Found,1998,0.0,0.0
Yamato 984135,L5,28.74,Found,1998,0.0,0.0
Yandama,L6,5800,Found,1914,-29.75,141.033
Yarroweyah,"Iron, IIAB",9600,Found,1903,-35.983,145.583
Yongning,"Iron, IAB-ung",60000,Found,1971,22.75,108.333
Yucca 016,H5,25.9,Found,2011,34.827,-114.278
Zapaliname,"Iron, IAB-MG",85000,Found,1998,25.009,-100.75
Zerkaly,H5,16000,Found,1956,52.133,81.967
