곡,아티스트,장르,인기도,댄스,에너지,긍정도,템포
I Don't Care (with Justin Bieber) - Loud Luxury Remix,Ed Sheeran,pop,66,75,92,52,122
Never Really Over - R3HAB Remix,Katy Perry,pop,62,45,86,15,113
SOS - Laidback Luke Tribute Remix / Radio Edit,Avicii,pop,68,57,92,68,124
Let It Be Me - Sondr Remix,Steve Aoki,pop,35,47,82,23,123
One Thing Right - Firebeatz Remix,Marshmello,pop,66,68,85,35,126
Ruin My Life - Steve James Remix,Zara Larsson,pop,58,72,84,64,124
Paradise - Bazzi vs. Black Caviar Remix,Bazzi vs.,pop,55,73,82,68,124
Heaven Can Wait - The Aston Shuffle Remix,Sia,pop,61,62,86,44,122
Old Town Road - Diplo Remix,Lil Nas X,pop,74,77,77,30,140
All Star - Breathe Carolina Remix,Smash Mouth,pop,60,75,90,75,115
Talk - Disclosure VIP,Khalid,pop,60,78,87,56,129
Here With Me,Marshmello,pop,83,79,56,18,100
South of the Border (feat. Camila Cabello & Cardi B) - Sam F,Ed Sheeran,pop,65,79,86,49,110
Ruin My Life,Zara Larsson,pop,79,66,70,58,125
In Your Arms (with X Ambassadors),ILLENIUM,pop,75,40,81,11,148
Need Your Love (with Noah Kahan),Gryffin,pop,70,58,76,52,104
Sleepless Nights,ayokay,pop,64,66,70,45,140
Faith (with Dolly Parton) [feat. Mr. Probz],Galantis,pop,77,55,80,72,118
Now That I Found You,Carly Rae Jepsen,pop,5,61,74,57,124
Something About You (with Rudimental),Elderbrook,pop,53,77,60,66,107
Million Voices,Armin van Buuren,pop,60,47,87,18,126
Scared to Be Lonely,Martin Garrix,pop,81,58,54,20,138
Something Just Like This,The Chainsmokers,pop,83,62,64,45,103
Stay The Night - Featuring Hayley Williams Of Paramore,Zedd,pop,61,60,74,46,128
In My Mind,Dynoro,pop,84,69,77,16,126
Anything Could Happen,Ellie Goulding,pop,57,70,78,38,103
Dive,Hot Shade,pop,68,65,79,41,124
Call You Mine - Asketa & Natan Chaim Remix,The Chainsmokers,pop,58,58,84,28,115
Pon de Replay,Ed Marquis,pop,64,53,72,48,104
Don't Start Now - Kungs Remix,Dua Lipa,pop,65,66,70,25,122
One Life,Mike Perry,pop,64,65,76,23,128
I Will Let You Down (feat. KLARA),Madison Mars,pop,59,61,92,42,126
Acordeão,Tiësto,pop,63,55,89,78,125
No More (feat. Brenda Mullen) - Bottai Edit,Alex Gaudino,pop,19,68,67,41,125
Only Want You - Sam Feldt Remix,Rita Ora,pop,64,58,79,35,106
Sixteen - Don Diablo Remix,Ellie Goulding,pop,66,49,77,30,123
Found Love (feat. Lovespeake),MOTi,pop,59,60,89,64,126
All The Lies - Toby Romeo Remix / Radio Edit,Alok,pop,56,71,81,63,120
I Miss Myself - R3HAB Remix,NOTD,pop,56,50,78,61,123
I'm Not Sorry,Hardwell,pop,34,65,82,35,128
Wish You Well,Sigala,pop,75,67,90,58,125
With You - Frank Walker Remix,Tyler Shaw,pop,49,69,61,45,105
True Colors (feat. Maya Avedis),XO Cupid,pop,73,64,63,45,105
Forever Young,John De Sohn,pop,68,65,62,59,122
All For Love,Tungevaag & Raaban,pop,68,69,90,65,125
Just Got Paid,Sigala,pop,65,73,92,65,120
Who's Got Your Love,Cheat Codes,pop,70,70,89,53,125
Think About You - Galantis Remix,Kygo,pop,63,62,90,33,124
Happier - Tiësto’s AFTR:HRS Remix,Ed Sheeran,pop,53,68,82,38,118
Symphony (feat. Zara Larsson),Clean Bandit,pop,73,72,60,45,123
Feel Good,Felix Jaehn,pop,65,70,90,66,126
All I Wanna Do,Martin Jensen,pop,55,73,79,52,112
Burn Out (feat. Dewain Whitmore),Martin Garrix,pop,68,59,72,41,128
Glitch,Martin Garrix,pop,56,72,79,36,128
Mama Look at Me Now,Galantis,pop,56,59,68,40,126
Skyline,Catiso,pop,2,73,79,48,128
Let You Down - Chris Royal Remix,Bombs Away,pop,39,36,94,14,128
Breathe,Jax Jones,pop,65,72,74,69,126
Nobody Knows,Hiroomi Tosaka,pop,39,62,88,77,140
Make A Move - Pt. 2,EMMA WAHLIN,pop,17,84,52,46,124
Easy Breezy,chelmico,pop,42,66,99,62,93
Fly me 2,eill,pop,41,74,72,32,125
Be on the Stage,KEITA,pop,26,68,85,59,101
Made In JPN,DEAN FUJIOKA,pop,36,62,61,73,200
Simple Things,HarukiD,pop,21,70,65,23,95
ミズノナカヘ - Car TAX remix,yu-re:meu,pop,16,74,85,88,126
Bitten By You,Monkey Majik,pop,40,68,75,97,115
THURSDAY,GOT7,pop,63,68,79,47,158
DRIP,HINAPIA,pop,59,66,87,42,90
Boy With Luv (feat. Halsey),BTS,pop,85,64,86,80,120
As If It's Your Last,BLACKPINK,pop,2,79,85,45,125
DNA,BTS,pop,71,60,78,69,130
ME,CLC,pop,64,75,80,80,147
Way Back Home,SHAUN,pop,66,74,74,56,100
Fever,GFRIEND,pop,67,76,84,51,112
Humph!,PENTAGON,pop,63,79,67,96,133
Break the Distance,ELYAZ,pop,30,60,70,40,128
Like I Love You,Lost Frequencies,pop,58,86,59,75,118
BOOM,Tiësto,pop,70,89,84,20,123
Don't Let Me Down - Illenium Remix,The Chainsmokers,pop,64,43,66,36,80
Counting Stars,OneRepublic,pop,80,66,70,48,122
If I Lose Myself - Alesso vs OneRepublic,OneRepublic,pop,44,52,78,15,126
I Could Be The One (Avicii Vs. Nicky Romero) - Radio Edit,Avicii,pop,66,51,79,64,128
Here Comes The Sun,Campsite Dream,pop,43,68,63,59,121
Mr Todd Terry,Riton,pop,50,81,85,63,120
Do You Mean (feat. Ty Dolla $ign & bülow),The Chainsmokers,pop,17,60,67,57,100
Acid Dreams,MAX,pop,65,82,51,77,100
Instagram - Dimitri Vegas & Like Mike VS Trobi Remix,Dimitri Vegas & Like Mike,pop,41,76,92,65,124
Shy Guy,Campsite Dream,pop,48,60,56,64,96
Play,K-391,pop,78,52,80,17,102
Say My Name,David Guetta,pop,78,70,66,79,95
No Diggity,Campsite Dream,pop,55,71,71,39,105
Get Lucky (feat. Pharrell Williams & Nile Rodgers) - Radio E,Daft Punk,pop,76,79,81,86,116
We Don't Talk,Wiktoria,pop,42,81,62,49,104
Faded,John De Sohn,pop,54,56,86,55,150
Dance Monkey,Skylike,pop,63,78,86,31,118
Once and for All,Moe Aly,pop,44,68,56,50,96
Boots,Greyson Chance,pop,55,44,67,69,77
Amsterdam,Frans,pop,44,84,67,91,110
I Could Get Used To This,Martin Jensen,pop,58,76,74,65,121
Perspective,AMAANDA,pop,32,78,60,38,115
Punching in the Dark,Hellberg,pop,52,68,62,37,110
Try,Lost Kings,pop,55,48,80,36,200
Lost,End of the World,pop,65,71,73,73,122
Here I Am (feat. Michael Shynes),Le P,pop,35,69,62,33,103
everything i wanted,Billie Eilish,pop,97,70,22,24,120
You should be sad,Halsey,pop,86,59,58,32,111
China,Anuel AA,pop,93,79,81,61,105
Señorita,Shawn Mendes,pop,93,76,54,75,117
Presiento,Morat,pop,71,71,73,46,180
Lola Bunny,Lola Indigo,pop,69,77,90,87,95
Nice To Meet Ya,Niall Horan,pop,87,59,84,39,109
Lover (Remix) [feat. Shawn Mendes],Taylor Swift,pop,85,45,60,42,205
Before You Go,Lewis Capaldi,pop,90,46,57,18,112
Sandstorm - Radio Edit,Darude,pop,61,54,98,52,136
Bailando - Video Edit,Paradisio,pop,59,65,96,83,133
Tubthumping,Chumbawamba,pop,53,39,94,62,208
Will I Ever,Alice DJ,pop,49,65,84,63,137
This Is Your Night,Amber,pop,52,67,91,86,128
Waiting for Tonight,Jennifer Lopez,pop,55,69,94,85,125
Sweet Dreams,La Bouche,pop,62,66,96,83,134
(You Drive Me) Crazy [The Stop Remix!] - Remastered,Britney Spears,pop,40,73,95,77,101
Around The World,Aqua,pop,0,70,98,97,130
Lost in Someone Else,Casey Derhak,pop,39,73,55,50,100
I Want You Back - Radio Edit,*NSYNC,pop,54,76,93,85,112
Think of You - Radio Edit,Whigfield,pop,50,70,81,87,127
Dragostea Din Tei - Original Romanian Version,O-Zone,pop,8,81,97,68,130
Sing Hallelujah!,Dr. Alban,pop,21,76,82,94,125
Up & Down,Vengaboys,pop,61,79,93,89,136
Not Today - Remix,Hillsong UNITED,pop,43,62,83,43,110
Nobody,Local Sound,pop,46,71,85,71,102
Victory (Remix),Highlands Worship,pop,31,59,59,35,141
Without Your Love,York Worship,pop,29,53,61,66,101
We Dance,Bright Ones,pop,35,74,64,27,130
Love Me Like You - TYE Remix,The Young Escape,pop,39,40,76,40,178
Streams,Austin & Lindsey Adamec,pop,31,21,73,44,75
Chasing Me,Long Hollow Wave,pop,30,72,80,42,110
Everything and More (feat. Aaron Cole),Hollyn,pop,43,66,70,29,100
You Are My Revival - Remix,Long Hollow Wave,pop,25,60,69,53,120
So Much More - Remix,Northwood Worship,pop,3,67,71,76,104
The Reason (Sean Cook Remix),Urban Rescue,pop,38,64,58,54,98
Leave The Light On,ReauBeau,pop,18,53,83,35,136
Yourself,IIWII,pop,31,56,78,28,124
Is This Love,Venomenal,pop,28,73,88,48,126
Ego - Domastic Remix,Rich Edwards,pop,33,81,79,39,128
The Weekend,REK,pop,18,79,73,56,106
Closure,Snareskin,pop,36,59,54,43,156
Tell Me,Rich Edwards,pop,30,38,62,34,90
Walk Away - Melio Remix,Sick Individuals,pop,24,76,46,19,105
Morninglight - Main Circus Deep Mix,Team Deep,pop,13,64,95,55,125
I Know,Pierce Fulton,pop,2,75,84,74,128
Take Me Away,Calippo,pop,49,80,75,55,125
Shadows (feat. Veronica),Adam K,pop,44,73,68,48,118
Skin - Rinzen Remix,Kidnap,pop,45,78,74,29,123
Over - Zonderling Edit,Dannic,pop,39,82,94,15,125
Symphony - Acoustic Mix,Sick Individuals,pop,24,50,46,26,124
ひとりの夜を抜け,Lucky Kilimanjaro,pop,41,65,74,74,122
ガリレオ・ガール,NONA REEVES,pop,37,70,88,94,124
Make A Move,EMMA WAHLIN,pop,45,82,59,38,124
Flame of Love,Reiji Kawaguchi,pop,26,74,73,58,105
Breakthrough,TWICE,pop,65,87,73,62,112
MAKUAKE PARKGOLF remix,eill,pop,28,70,69,68,126
Woman We Are,Dream Shizuka,pop,26,70,89,59,144
Two Weeks,FKA twigs,pop,58,48,72,34,110
I Know There's Gonna Be (Good Times) [feat. Popcaan],Young Thug,pop,57,63,59,50,90
GLOWED UP,KAYTRANADA,pop,64,68,62,43,136
Should Have Known Better,Sufjan Stevens,pop,65,57,17,30,91
Retrograde,James Blake,pop,67,53,25,19,78
Don't Touch My Hair,Solange,pop,61,82,41,40,91
Girl,The Internet,pop,67,57,42,45,80
Don't Wanna Be Your Girl,Wet,pop,46,56,18,12,130
Chateau Lobby #4 (in C for Two Virgins),Father John Misty,pop,60,44,80,78,188
Open Eye Signal,Jon Hopkins,pop,53,80,72,20,122
Road Head,Japanese Breakfast,pop,60,54,67,16,95
Goodie Bag,Still Woozy,pop,45,70,53,58,138
Riding For The Feeling,Bill Callahan,pop,48,44,21,28,101
Rill Rill,Sleigh Bells,pop,56,47,81,79,73
The Words That Maketh Murder,PJ Harvey,pop,37,59,78,73,158
The Victory - Reloaded,Deborah Dworshipper,pop,46,69,63,48,120
Help,Saint Mars,pop,42,48,67,72,113
Never Enough,Blair Woods,pop,27,60,68,39,100
Wait for Me,CTZNJ,pop,43,30,57,37,90
If I Loved You,Royse,pop,38,66,83,42,115
Heart Beats Fast. (Xander Milne Remix),Eivind Husebø,pop,27,69,66,39,120
Firestone (feat. Conrad Sewell),Kygo,pop,16,68,64,42,114
Faded,Alan Walker,pop,77,59,65,17,90
Chandelier,Sia,pop,79,40,79,57,117
We Can't Stop,Miley Cyrus,pop,77,61,62,48,80
Rich Boy,Josh Stanley,pop,34,84,47,32,110
Uptown Funk,Mark Ronson,pop,82,86,61,93,115
Liar,Camila Cabello,pop,87,74,50,65,98
Story of My Life,One Direction,pop,80,60,66,29,121
Find U Again (feat. Camila Cabello),Mark Ronson,pop,74,60,66,16,104
TiK ToK,Kesha,pop,80,76,84,71,120
Five More Hours - Deorro x Chris Brown,Deorro,pop,68,70,88,50,128
Treat You Better,Shawn Mendes,pop,11,75,82,79,111
Say You Won't Let Go,James Arthur,pop,76,40,56,48,99
Sad (feat. Afrojack) - SLVR Remix,Chico Rose,pop,49,65,92,52,128
Memories,Maroon 5,pop,98,76,32,57,91
hot girl bummer,blackbear,pop,94,78,56,68,130
Look At Her Now,Selena Gomez,pop,86,56,56,55,154
Trampoline (with ZAYN),SHAED,pop,90,62,46,50,127
Hot (Remix) [feat. Gunna and Travis Scott],Young Thug,pop,86,84,63,55,112
Callaita,Bad Bunny,pop,90,61,62,24,176
Fantasias,Rauw Alejandro,pop,92,88,70,79,94
Old Town Road - Remix,Lil Nas X,pop,90,88,62,64,136
Nice To Meet Ya,Niall Horan,pop,87,59,84,39,109
Feelings,Lauv,pop,81,69,47,25,103
Orphans,Coldplay,pop,78,50,81,28,108
Piece Of Your Heart,MEDUZA,pop,30,68,74,63,124
Bones (feat. OneRepublic),Galantis,pop,77,66,80,51,120
Brave,Don Diablo,pop,68,65,87,54,120
One Touch (with ‪Jess Glynne),Jess Glynne,pop,16,69,76,58,124
Love You Like A Love Song,Selena Gomez & The Scene,pop,75,86,68,92,117
Ready or Not,Bridgit Mendler,pop,68,72,87,75,93
He Could Be the One,Hannah Montana,pop,65,60,89,64,126
Stronger (What Doesn't Kill You),Kelly Clarkson,pop,73,56,94,68,116
Glad You Came,The Wanted,pop,71,72,85,45,127
Cake By The Ocean,DNCE,pop,80,77,75,90,119
Do It Again,Pia Mia,pop,74,71,56,41,96
Truth Or Dare,Emily Osment,pop,44,56,75,70,137
Let You Love Me,Rita Ora,pop,72,48,85,45,96
Big Girls Don't Cry (Personal),Fergie,pop,74,71,64,25,113
Toxic,Britney Spears,pop,78,77,84,92,143
Outside Looking In,Jordan Pruitt,pop,40,69,29,42,96
Bleeding Love,Leona Lewis,pop,77,64,66,22,104
So Close,Jennette McCurdy,pop,36,61,66,53,117
Who I Am,Nick Jonas & The Administration,pop,49,64,76,76,107
"Determinate - From ""Lemonade Mouth""",Adam Hicks,pop,64,56,77,22,140
Tell Me Something I Don't Know - Soundtrack,Selena Gomez,pop,59,61,94,70,145
Esperándola sin más,Ignasi Vidal,pop,32,32,40,22,97
Canción del encantamiento,Carmen López,pop,37,38,1,51,88
Introducing Me,Nick Jonas,pop,49,51,50,68,113
What it Takes,Aaryn Doyle,pop,31,71,87,65,101
Years,Astrid S,pop,69,66,28,26,124
Dear Society,Madison Beer,pop,75,65,59,42,146
Doing To Me,Astrid S,pop,66,72,76,37,133
Say It to My Face,Madison Beer,pop,57,75,57,59,114
OK (Anxiety Anthem),Mabel,pop,70,68,80,53,99
Lonely,Noah Cyrus,pop,75,59,26,30,85
Sweet but Psycho,Ava Max,pop,87,72,70,63,133
Daylight,Matt and Kim,pop,10,58,79,71,103
Run the World (Girls),Beyoncé,pop,75,73,90,76,127
Waves - Robin Schulz Radio Edit,Mr. Probz,pop,76,83,51,45,120
Habits (Stay High) - The Chainsmokers Extended Mix,Tove Lo,pop,48,68,77,4,128
So High,Ruben,pop,63,57,50,24,120
If You Can't Hang,Sleeping With Sirens,pop,65,40,98,45,192
The Left Side of Everywhere,Sleeping With Sirens,pop,42,37,97,41,180
There’s No Such Thing As Accidental Infidelity,You Me At Six,pop,37,43,78,49,83
You’ve Made Your Bed (So Sleep In It),You Me At Six,pop,0,47,90,55,176
Finders Keepers,You Me At Six,pop,0,49,90,38,122
Time-Bomb,All Time Low,pop,0,52,92,67,139
Sick Little Games,All Time Low,pop,0,48,80,47,97
"Dear Maria, Count Me In",All Time Low,pop,0,46,89,60,181
She's Finding Me Out,The Friday Night Boys,pop,31,31,70,25,186
Kids in Love,Mayday Parade,pop,45,51,96,72,135
Don't Be So Hard,The Audition,pop,29,39,92,46,170
Hero / Heroine,Boys Like Girls,pop,38,42,90,32,164
You Might As Well Be In Space,The Years Gone By,pop,0,35,96,67,145
Up All Night,blink-182,pop,1,48,90,45,156
What's My Age Again?,blink-182,pop,13,40,95,43,158
Stitches,Shawn Mendes,pop,77,75,75,76,150
Blank Space,Taylor Swift,pop,78,76,70,57,96
Chandelier,Sia,pop,79,40,79,57,117
no tears left to cry,Ariana Grande,pop,83,70,71,35,122
Body on Me,Rita Ora,pop,62,64,74,53,89
Alive,Krewella,pop,55,67,83,57,128
Umbrella,Rihanna,pop,80,58,83,57,174
Shut Up and Dance,WALK THE MOON,pop,82,58,87,62,128
Take Me to Church,Hozier,pop,24,57,66,44,129
Let It Go - English Version,Idina Menzel,pop,2,53,49,35,137
Lose You To Love Me,Selena Gomez,pop,85,49,34,10,103
Bang Bang,Jessie J,pop,39,71,78,74,150
Strip That Down (feat. Quavo),Liam Payne,pop,71,87,50,55,106
Who Will I Be,Demi Lovato,pop,0,49,95,75,152
Kiss You,One Direction,pop,72,63,93,90,90
Can We Dance,The Vamps,pop,0,64,85,59,130
Lightning In A Bottle,The Summer Set,pop,0,66,87,76,129
Round & Round,Selena Gomez & The Scene,pop,52,55,69,49,128
Cloud 9 - Original TV Movie Soundtrack,Dove Cameron,pop,51,47,93,26,122
Hillside Boys,Kim Petras,pop,56,77,64,74,124
Cough Syrup,Young the Giant,pop,70,53,72,22,129
Break Me Down,L0uie L0u,pop,3,57,83,69,76
All I Got (feat. Jae Mazor & Rippa Da Kid),Orion Paxx,pop,3,65,89,46,173
I'm Good,Rippa da Kid,pop,5,64,72,32,188
Epic,Fayn,pop,5,81,44,26,138
Alone Together,Fall Out Boy,pop,60,55,92,61,90
Believer,Imagine Dragons,pop,9,78,78,72,125
Hooked on a Feeling,Blue Swede,pop,75,55,82,93,118
American Idiot,Green Day,pop,78,38,99,77,186
Working for the Weekend,Loverboy,pop,66,52,77,77,147
DJ Got Us Fallin' In Love (feat. Pitbull),Usher,pop,78,66,86,65,120
My Songs Know What You Did In The Dark (Light Em Up),Fall Out Boy,pop,68,56,92,57,152
Flaws,Bastille,pop,51,57,66,41,144
Here I Go Again 87 - 2017 Remastered Version,Whitesnake,pop,19,38,85,27,90
You Give Love A Bad Name,Bon Jovi,pop,16,54,96,83,123
Thunderstruck,AC/DC,pop,81,50,89,26,134
"Take Me Home, Country Roads - Rerecorded",John Denver,pop,44,26,43,55,164
One Week,Barenaked Ladies,pop,69,70,90,73,113
Your Love,The Outfield,pop,70,56,76,58,130
92 Explorer,Post Malone,pop,74,80,73,86,146
9 2 5,Terror Jr,pop,41,84,56,73,113
Perfect,Brooke Alexx,pop,26,86,56,56,122
Waste My Youth,GALXARA,pop,38,41,71,60,141
Playground,More Giraffes,pop,46,72,55,80,80
Middle Name,Thomston,pop,34,55,74,31,118
Joyride,SONIA,pop,61,74,68,40,168
On & On - Mixed,MØ,pop,53,65,65,90,89
useless,RUFUS,pop,44,81,34,49,92
Workin' On It,Meghan Trainor,pop,64,63,47,32,136
Kissing Other People,Lennon Stella,pop,74,70,66,38,94
Lovely,Fly By Midnight,pop,61,55,72,39,160
Gold Jacket,Sam Tsui,pop,29,65,54,25,130
One Second,Josh Arce,pop,38,67,72,81,124
Glue,Lee Bowie,pop,30,77,56,93,98
Girlfriend,Avril Lavigne,pop,72,56,96,67,164
I'm Just a Kid,Simple Plan,pop,70,53,83,42,110
Slow Down,Selena Gomez,pop,62,72,82,72,128
Our Song,Taylor Swift,pop,61,67,66,57,89
Stereo Hearts (feat. Adam Levine),Gym Class Heroes,pop,77,65,80,80,90
Bubbly,Colbie Caillat,pop,71,69,48,26,128
Piano's On The Beach,Jacques Renault,pop,44,53,73,92,100
Blue (Da Ba Dee) - Gabry Ponte Ice Pop Radio,Eiffel 65,pop,64,82,97,76,128
TiK ToK,Kesha,pop,15,76,83,74,120
Pompen,Kraantje Pappie,pop,53,95,73,57,127
Poker Face,Lady Gaga,pop,55,85,81,78,119
Watskeburt?!,De Jeugd Van Tegenwoordig,pop,55,95,49,59,130
Hotline Bling,Drake,pop,0,90,62,57,135
I Loved You (feat. Melissa Steel),Blonde,pop,55,65,79,35,122
This Girl (Kungs Vs. Cookin' On 3 Burners) - Kungs Vs. Cooki,Kungs,pop,20,79,73,49,122
The Party (This Is How We Do It) - Radio Edit,Joe Stone,pop,24,69,92,62,124
Rather Be (feat. Jess Glynne),Clean Bandit,pop,70,80,59,55,121
Liquor Locker,Vic Mensa,pop,1,56,44,48,80
ELEMENT.,Kendrick Lamar,pop,4,73,69,46,190
Pompeii,Bastille,pop,5,68,72,57,127
Stressed Out,Twenty One Pilots,pop,83,73,64,65,170
Dancing With A Stranger (with Normani),Sam Smith,pop,87,74,52,35,103
Fancy,Iggy Azalea,pop,69,91,72,38,95
Young Dumb & Broke,Khalid,pop,83,80,54,39,137
Dance To This (feat. Ariana Grande),Troye Sivan,pop,74,74,76,71,117
Miami,Nicki Minaj,pop,46,87,54,72,157
Hey Hey Hey,Katy Perry,pop,55,65,70,48,134
no tears left to cry,Ariana Grande,pop,40,70,71,36,122
pete davidson,Ariana Grande,pop,36,65,31,30,120
Mercy,Shawn Mendes,pop,18,57,69,40,148
"Can't Back Down - From ""Camp Rock 2: The Final Jam""",Demi Lovato,pop,53,64,85,70,120
Watch Me,Bella Thorne,pop,40,71,71,64,125
TTYLXOX,Bella Thorne,pop,47,82,68,67,112
Meant to Be,Ross Lynch,pop,53,59,70,63,125
"I Don't Dance - From ""High School Musical 2""/Soundtrack Vers",CHAD,pop,60,80,88,68,104
Start of Something New,Melodyia Music,pop,58,66,73,20,104
Shades,Christopher Wilde,pop,43,82,79,58,115
Big Time Rush,Big Time Rush,pop,57,60,89,83,121
I Kissed A Girl,Katy Perry,pop,69,70,76,70,130
Troublemaker (feat. Flo Rida),Olly Murs,pop,59,76,86,96,106
Starboy,The Weeknd,pop,84,68,59,49,186
All About Us,He Is We,pop,55,45,55,37,172
What About Love,Austin Mahone,pop,53,63,78,28,100
Hall of Fame,The Script,pop,78,42,87,63,85
Bump,Baby Blue,pop,34,72,75,58,98
Whistle,Flo Rida,pop,76,75,94,74,104
Sugar,Maroon 5,pop,80,75,79,88,120
Hot N Cold,Katy Perry,pop,55,71,84,86,132
Look What You Made Me Do,Taylor Swift,pop,68,77,71,51,128
Mirrors,Justin Timberlake,pop,77,57,51,51,77
She Looks So Perfect,5 Seconds of Summer,pop,69,49,95,44,160
Super Bass,Nicki Minaj,pop,71,72,86,67,127
My First Kiss - feat. Ke$ha,3OH!3,pop,61,68,89,83,138
Burnin' Up,Jonas Brothers,pop,71,67,95,81,114
Who Knew,P!nk,pop,69,69,73,46,140
Someone New,Quentyn,pop,45,59,63,39,112
Moving On,Quentyn,pop,32,56,80,22,117
On Your Mind,Quentyn,pop,34,57,88,22,115
Lone Wolf,Nathaniel Stewart,pop,12,54,63,57,81
Higher,Quentyn,pop,37,42,63,28,117
Crazy Eights,Futurist,pop,24,46,59,24,90
Paradise,So So Sun,pop,20,67,72,41,115
She Said,Michael Moawad,pop,47,72,46,55,134
Rockabye (feat. Sean Paul & Anne-Marie),Clean Bandit,pop,77,72,76,74,102
Starving,Hailee Steinfeld,pop,77,73,62,51,100
"I Don’t Wanna Live Forever (Fifty Shades Darker) - From ""Fif",ZAYN,pop,22,74,45,9,118
Love You Like A Love Song,Selena Gomez & The Scene,pop,9,86,67,87,117
Despacito - Remix,Luis Fonsi,pop,24,69,82,81,89
Sing Me to Sleep,Alan Walker,pop,61,49,61,17,176
2U (feat. Justin Bieber),David Guetta,pop,71,55,65,56,145
Safe And Sound,Capital Cities,pop,13,65,78,84,118
I'm In Control,AlunaGeorge,pop,5,73,85,67,104
No Lie,Sean Paul,pop,7,74,89,47,102
Shake It Off,Taylor Swift,pop,18,65,78,94,160
Panda,Desiigner,pop,6,58,77,24,145
Nobody Compares To You,Gryffin,pop,3,58,74,35,105
Can't Stop Dancin',Becky G,pop,56,64,67,57,100
You Don't Want Love,Heikki L,pop,19,51,89,41,128
This Feeling (feat. Kelsea Ballerini),The Chainsmokers,pop,22,54,65,47,105
Without Me,Halsey,pop,88,75,49,53,136
With You,Tyler Shaw,pop,42,73,56,45,98
Lost in the Fire,Gesaffelstein,pop,20,66,68,18,101
Bad Liar,Imagine Dragons,pop,13,38,64,8,178
Should've Known Better (feat. Anne-Marie),Clean Bandit,pop,53,64,73,51,75
Blow That Smoke (feat. Tove Lo),Major Lazer,pop,46,72,70,72,102
How You've Been - Black Caviar Remix,R3HAB,pop,36,75,83,28,118
Play,Jax Jones,pop,65,77,77,61,125
imagine,Ariana Grande,pop,11,71,47,38,62
Done Da Da,Massari,pop,46,49,80,68,168
1999,Charli XCX,pop,71,74,74,66,124
High School Dropout,Neon Dreams,pop,2,72,90,88,112
Better When You're Gone,David Guetta,pop,76,65,80,41,128
Love Me,Felix Cartal,pop,60,75,82,61,117
Instant Crush,Daft Punk,pop,75,78,58,52,110
Starboy,The Weeknd,pop,15,68,59,48,186
Lush Life,Zara Larsson,pop,20,69,71,80,98
Shots - Broiler Remix,Imagine Dragons,pop,15,73,78,58,120
Watch Out For This (Bumaye),Major Lazer,pop,2,82,76,88,108
Rise (feat. Skylar Grey),David Guetta,pop,43,66,72,25,130
I Took A Pill In Ibiza - Seeb Remix,Mike Posner,pop,17,66,71,69,102
Sexy Bitch (feat. Akon),David Guetta,pop,18,81,63,80,130
"Hey Mama (feat. Nicki Minaj, Bebe Rexha & Afrojack)",David Guetta,pop,71,60,73,52,86
Fast Car,Jonas Blue,pop,22,46,59,58,114
Lean On (feat. MØ & DJ Snake),Major Lazer,pop,13,72,81,27,98
Burn,Ellie Goulding,pop,70,56,78,33,87
Espada,Javiera Mena,pop,0,66,92,92,127
Espejo,Javiera Mena,pop,35,66,81,50,123
Cámara Lenta,Javiera Mena,pop,0,50,54,46,87
Noche,Javiera Mena,pop,26,52,84,31,194
Como Siempre Soñé,Javiera Mena,pop,0,68,80,37,122
"Un Audífono Tú, un Audífono Yo",Javiera Mena,pop,0,61,54,34,138
Casan (No Puedo Bloquear Lo Que Quiero Dar),Javiera Mena,pop,0,68,36,69,147
Novias,El Guincho,pop,28,82,66,85,140
Closer,The Chainsmokers,pop,62,74,54,66,95
Stay,Zedd,pop,79,69,62,54,102
No Type,Rae Sremmurd,pop,74,89,49,24,125
Sun Is Shining,Axwell /\ Ingrosso,pop,71,47,76,38,132
"I'm the One (feat. Justin Bieber, Quavo, Chance the Rapper &",DJ Khaled,pop,76,61,67,81,81
Final Song,MØ,pop,71,70,67,24,105
Revolution,Diplo,pop,58,63,72,31,148
Animals,Maroon 5,pop,75,28,74,33,190
Hymn for the Weekend,Coldplay,pop,77,49,74,36,90
Only Girl (In The World),Rihanna,pop,8,77,74,68,126
Attention,Charlie Puth,pop,23,77,63,78,100
Under Control,Calvin Harris,pop,72,54,92,51,126
When The Sun Goes Down,The.madpix.project,pop,20,50,92,42,119
Love Me Harder,Ariana Grande,pop,9,47,71,24,99
Show Me the Way - Radio Edit,The.madpix.project,pop,5,70,84,44,128
Party Rock Anthem,LMFAO,pop,71,75,74,35,130
Wish You Were Here - Radio Edit,The.madpix.project,pop,12,69,92,41,125
I Feel It Coming,The Weeknd,pop,80,77,82,58,93
Mercy,Shawn Mendes,pop,9,56,67,38,148
We Are Young (feat. Janelle Monáe),fun.,pop,75,38,64,74,184
Gabby,The Internet,pop,47,50,78,66,157
Dance Apocalyptic,Janelle Monáe,pop,45,58,78,65,206
Faster,Janelle Monáe,pop,38,72,80,73,120
Isn't This The World,Janelle Monáe,pop,31,44,41,27,183
In Your Dreams - Main Version - Explicit,OutKast,pop,31,82,80,32,103
Lean On (feat. MØ & DJ Snake),Major Lazer,pop,75,72,81,27,98
In My Feelings,Drake,pop,83,84,63,35,91
Would You Ever,Skrillex,pop,67,65,91,9,126
FRIENDS,Marshmello,pop,83,63,88,53,95
Options,Mr. Pig,pop,45,75,91,27,108
"Me, Myself & I - Viceroy Remix",G-Eazy,pop,4,79,72,83,112
No Lie,Sean Paul,pop,76,74,88,46,102
Passionfruit,Drake,pop,15,81,46,36,112
Controlla,Drake,pop,73,61,47,35,92
Lose Yourself to Dance,Daft Punk,pop,71,83,66,67,100
You Make Me,Avicii,pop,67,59,73,50,125
"Harder, Better, Faster, Stronger",Daft Punk,pop,70,82,72,69,123
It's a Sin - 2001 Remaster,Pet Shop Boys,pop,38,54,86,29,127
Enjoy the Silence,Depeche Mode,pop,58,65,76,74,113
Can't Get Over You,KVSH,pop,69,71,80,35,123
Panini,Lil Nas X,pop,13,70,59,48,154
I've Been Waiting (w/ ILoveMakonnen & Fall Out Boy),Lil Peep,pop,76,74,84,93,130
People Suck,Confetti,pop,40,77,69,71,90
I'll Be There For You,Silent Child,pop,44,69,61,28,78
Dear God,Confetti,pop,55,64,80,46,94
Walls Could Talk,Halsey,pop,74,63,42,57,95
Middle Finger,Bohnes,pop,66,68,66,39,128
goodbye,updog,pop,46,59,78,36,145
Deadroses,blackbear,pop,61,61,54,60,132
BOOM,X Ambassadors,pop,62,73,59,68,108
Birthday Suit,Cosmo Sheldrake,pop,69,69,57,52,63
like that,Bea Miller,pop,73,57,44,39,62
i wanna be your girlfriend,girl in red,pop,74,54,38,34,156
Dreamer,Four Tet,pop,52,76,76,43,135
BB's Theme,Ludvig Forssell,pop,53,28,43,4,84
La forêt,Lescop,pop,41,86,47,74,132
America Online,The Midnight,pop,7,60,61,7,102
Rest,Charlotte Gainsbourg,pop,0,63,54,36,92
Get The Balance Right! - Combination Mix,Depeche Mode,pop,24,84,57,91,129
Blue Girl,Chromatics,pop,38,62,60,67,107
Fleur de Lys,Phoenix,pop,0,60,83,86,119
Midnight Drivn,Luscious-235,pop,7,66,60,60,102
Souvenir - Remastered 2003,Orchestral Manoeuvres In The Dark,pop,54,74,74,84,103
Tail Lights,Makeup And Vanity Set,pop,1,81,9,4,122
Turbo Killer,Carpenter Brut,pop,0,31,79,30,147
Overpowered,Róisín Murphy,pop,52,74,83,88,117
Fault Line,Loom:ngs,pop,4,77,35,41,110
Severed,The Decemberists,pop,33,60,79,43,136
Fast Car,Jonas Blue,pop,68,64,57,53,114
One More Night,Maroon 5,pop,72,72,82,62,93
Red Lights,Tiësto,pop,69,65,83,55,125
A Sky Full of Stars - Robin Schulz Edit,Coldplay,pop,51,64,85,33,123
Forbidden Voices,Martin Garrix,pop,64,53,71,30,128
No Eyes - Radio Edit,Claptone,pop,65,93,48,57,120
Rude,MAGIC!,pop,78,77,76,93,144
Show Me Love - EDX Remix / Radio Edit,Sam Feldt,pop,67,83,66,71,121
Luna,Belanova,pop,31,59,95,38,132
No Dices Mas,Mœnia,pop,2,70,75,69,127
Secreto Perfecto,Jotdog,pop,0,70,83,59,121
Las Pequeñas Cosas,Jotdog,pop,0,61,90,98,160
Aire,Ana Torroja,pop,24,48,39,15,150
Somos Dos,Bomba Estéreo,pop,60,69,87,92,98
Por Estar Contigo,JEANS,pop,17,78,85,79,106
Historias (feat. Chela Rivas) - Extended Mix,Tony Dark Eyes,pop,14,62,68,31,128
Mis Impulsos Sobre Ti - Remastered,Aleks Syntek,pop,45,71,89,66,114
Como un lobo (Dueto 2007),Miguel Bosé,pop,55,57,89,76,160
Lejos de Ti,María Barracuda,pop,26,45,66,33,158
Tengo De Ti,Morbo,pop,16,56,99,44,130
Do You Really Want Me Back?,Broken English,pop,0,70,86,81,125
Headhunter V1.0,Front 242,pop,42,85,88,83,123
Tarzan Boy,Baltimora,pop,51,70,80,70,107
Are 'Friends' Electric?,Gary Numan / Tubeway Army,pop,51,42,75,43,94
Major Tom - Coming Home,Peter Schilling,pop,58,79,42,84,161
Enola Gay,Orchestral Manoeuvres In The Dark,pop,17,58,74,96,143
Don't You Want Me,The Human League,pop,74,73,74,96,118
The Promise,When In Rome,pop,63,63,88,36,118
There Is a Light That Never Goes Out,The Smiths,pop,2,46,69,84,136
Just Like Heaven,The Cure,pop,13,44,84,51,152
Love Will Tear Us Apart - 2010 Remaster,Joy Division,pop,64,52,90,91,147
Boys Don't Cry,The Cure,pop,0,45,91,70,169
Everybody Wants To Rule The World - Extended Version,Tears For Fears,pop,2,72,68,53,112
Tinseltown in the Rain,The Blue Nile,pop,54,78,82,91,118
My Darling Bullet,Freakangel,pop,0,46,96,31,140
Kein Herz,X-RX,pop,0,52,97,32,140
Space & Time,VNV Nation,pop,36,52,79,71,127
Murderous Trap,Frozen Plasma,pop,0,60,100,82,130
God Is Art,Shiv-R,pop,0,55,75,20,138
Periculär (Richtfest II),[:SITD:],pop,12,51,92,11,105
Destillat - VNV Nation Remix,Das Ich,pop,38,60,73,22,124
Immortal - Single Edit,Solitary Experiments,pop,0,69,100,70,132
A Generation of the lost,Frozen Plasma,pop,0,59,87,56,135
True Life - Vnv Nation Remix,Lights Of Euphoria,pop,0,71,90,17,134
Sandmann,OOMPH!,pop,45,48,96,24,150
Retaliate,VNV Nation,pop,31,57,93,48,120
Kind von Traurigkeit,Unzucht,pop,0,65,79,34,110
A Flicker Of Hope,Wynardtage,pop,26,50,94,41,133
Love Me To The End,Deine Lakaien,pop,0,48,76,15,148
Never Can Say Goodbye,The Communards,pop,3,58,87,84,132
99 Luftballons,Nena,pop,24,47,44,59,193
Don't Stop Believin',Journey,pop,74,49,80,47,119
Karma Chameleon,Culture Club,pop,64,66,55,93,92
Wake Me Up Before You Go-Go - Remastered,Wham!,pop,54,61,80,82,81
You Spin Me Round (Like a Record),Dead Or Alive,pop,17,55,85,96,128
I Wanna Dance with Somebody (Who Loves Me),Whitney Houston,pop,18,71,82,87,119
Never Ending Story,Limahl,pop,4,79,52,86,123
Smells Like Teen Spirit,Nirvana,pop,14,48,88,83,117
Nothin' But A Good Time - Remastered 2006,Poison,pop,50,57,97,56,129
Venus,Bananarama,pop,6,72,96,91,126
Drive,The Cars,pop,5,42,86,38,111
Fast Car,Tracy Chapman,pop,77,71,29,19,104
You're Simply the Best,Carl Wave,pop,28,59,83,54,104
Total Eclipse of the Heart,Bonnie Tyler,pop,74,44,66,18,130
Don't Come Close,Yeasayer,pop,46,56,64,39,82
Nowhere To Go,Nite Jewel,pop,42,65,45,53,130
The Set Up,Favored Nations,pop,55,84,74,92,125
Flutes,Hot Chip,pop,49,69,72,34,118
Polish Girl,Neon Indian,pop,48,63,88,44,112
High Pressure Dave,HEALTH,pop,39,54,94,28,110
Here for You,Kygo,pop,64,68,77,38,105
Crazy (feat. Joie Tan),TEEMID,pop,42,70,62,30,110
Reality (feat. Janieck Devy) - Radio Edit,Lost Frequencies,pop,57,73,64,53,122
Never Forget You,Zara Larsson,pop,76,58,73,28,146
Savannah,Diviners,pop,58,65,78,39,108
Tropic Love,Diviners,pop,53,75,81,49,105
Habits (Stay High),Tove Lo,pop,69,73,65,35,110
The Nights - Felix Jaehn Remix,Avicii,pop,48,67,83,51,123
Fade Away (feat. INNA),Sam Feldt,pop,53,69,71,39,105
Cheap Thrills,Sia,pop,61,63,70,73,90
Starboy,The Weeknd,pop,84,68,59,49,186
What Do You Mean?,Justin Bieber,pop,78,84,57,79,125
Sexy And I Know It,LMFAO,pop,67,71,86,80,130
Havana (feat. Young Thug),Camila Cabello,pop,84,76,52,39,105
Cheerleader - Felix Jaehn Remix Radio Edit,OMI,pop,76,78,68,60,118
On The Floor - Radio Edit,Jennifer Lopez,pop,74,76,69,44,130
Say You Won't Let Go,James Arthur,pop,85,36,56,49,85
Congratulations,Post Malone,pop,84,63,80,49,123
Pass Out,Tinie Tempah,pop,53,69,89,53,91
"Replace It, Forget It",THE WLDLFE,pop,35,55,77,75,150
Chimera,Cheerleader,pop,29,46,97,30,120
Hold on for Dear Life,Night Cap,pop,34,36,64,20,105
Easy,Brad Blackburn,pop,33,83,52,75,112
See Through,The Band CAMINO,pop,14,58,81,67,92
Your Shirt,Chelsea Cutler,pop,44,43,48,17,180
Too Far Gone,Lost Kings,pop,57,62,83,53,93
Number One Fan,MUNA,pop,56,75,56,51,124
Heavy,Romance and Rebellion,pop,25,56,84,70,154
Sugar (feat. Francesco Yates),Robin Schulz,pop,59,64,82,64,123
It's You - Broiler Remix,Syn Cole,pop,2,62,75,46,128
Ohio - filous Remix,Damien Jurado,pop,56,60,70,30,121
Hurricane - Arty Remix,Halsey,pop,3,43,85,45,128
Klanga - De Hofnar Remix,Gostan,pop,5,72,53,58,124
Paris - Lost Frequencies Radio Edit,Antoine Malye,pop,1,74,59,13,100
What - Radio Edit,Ferdinand Weber,pop,2,80,72,45,120
"Sleep, For The Weak! - Lost Frequencies Remix",Lea Rue,pop,27,78,50,63,121
We Go Home,The Avener,pop,2,80,63,66,120
Me and My Guitar,Tep No,pop,3,76,62,7,120
Another You (feat. Mr. Probz) - Pretty Pink Radio Edit,Armin van Buuren,pop,18,74,59,27,122
No Scrubs (feat. Jon Santana),Cappa,pop,1,57,48,34,172
Perfect Strangers,Jonas Blue,pop,21,74,82,71,118
Sanctify (feat. Ilang),Kenn Colt,pop,30,64,87,75,125
Hear Me Now,Alok,pop,52,79,43,46,122
Skin - Keyser Remix,Boy Untitled,pop,31,65,72,39,112
Letting a Flower Die,Valley Hush,pop,29,55,70,52,80
Move Me,Mura Masa,pop,64,76,52,52,105
New Sky,RÜFÜS DU SOL,pop,58,64,74,19,124
Complicated,Mura Masa,pop,61,87,64,74,100
Never Change,Obongjayar,pop,41,75,56,55,91
Maybe Next Time,Esbie Fonte,pop,16,67,73,20,145
Graveyard,Halsey,pop,87,67,58,19,92
You And I - R3HAB Remix,LÉON,pop,51,60,74,19,126
yes & no,XYLØ,pop,61,84,50,66,118
Swim,Fickle Friends,pop,52,59,77,62,105
Love Me Wrong,Allie X,pop,66,46,46,10,97
Little Games - St. Lucia Remix,The Colourist,pop,46,57,73,57,111
Nice Guy,courtship.,pop,52,52,74,52,109
What's Love Got to Do with It,XY&O,pop,39,68,50,24,102
Operate - The Chainsmokers Remix,ASTR,pop,51,59,93,33,126
Heavy,POWERS,pop,57,74,69,90,102
i loved you first,joan,pop,60,56,28,22,75
Visions,So Below,pop,40,59,65,32,90
Work It Out,Knox Hamilton,pop,48,40,82,36,162
Kids (Ain't All Right),Grace Mitchell,pop,55,40,52,46,176
Good Together,The Runaway Club,pop,35,71,89,89,126
Undrunk,FLETCHER,pop,74,61,58,55,92
Dear to Me,Electric Guest,pop,51,73,56,61,118
The Look,Metronomy,pop,69,64,54,50,85
Before Paris,Tom Misch,pop,50,71,37,8,104
It Runs Through Me,Tom Misch,pop,67,80,61,27,97
Slow Burn,Brian Bromberg,pop,19,72,47,57,80
Happy Man,Jungle,pop,52,59,56,14,108
I'm Walking,Perquisite,pop,38,71,46,40,175
Breezeblocks,alt-J,pop,72,57,64,25,75
Withorwithout,Parcels,pop,60,80,66,81,105
Krispy,Loyle Carner,pop,50,78,30,14,90
Me & You ◑,HONNE,pop,65,77,55,60,120
I'm Into You,Nick Murphy / Chet Faker,pop,55,56,68,50,169
Still Beating,Mac DeMarco,pop,66,71,50,47,78
Dreams,Beck,pop,59,58,94,79,114
Nightgowns,Tom Misch,pop,54,85,55,34,92
My Corduroy Hat,Neighbor Susan,pop,41,57,68,38,140
Under the Supermoon,Artists for Peace and Justice,pop,44,63,47,33,132
Home,Fortuno,pop,43,49,22,25,121
To Comprehend,Marrakesh,pop,45,49,66,49,142
Closer Than This,KAYE,pop,40,71,28,51,95
I Can't Keep Waiting,Jackson Powell,pop,41,73,53,59,99
Twisted,Sophie Gray,pop,36,81,38,42,118
Real Eyes,Fili,pop,38,46,51,4,100
Lil' Tune,Sunfish,pop,32,87,71,56,116
Wait for You,Innerbloom,pop,42,21,69,13,166
Silver Lake Queen,Diplomacy,pop,39,74,83,86,124
She Got the Moon,Berry Juice,pop,36,67,63,45,116
Closely,August Roads,pop,32,55,30,12,150
Chai Tea,audrey,pop,21,81,35,4,98
atlantis,RUFUS,pop,37,30,36,14,180
Lost,Blake Rose,pop,69,60,69,51,95
Just a Little Longer,SHY Martin,pop,66,85,55,63,105
Temporary,Ella Vos,pop,59,72,36,35,87
Half Gone,Stephen Puth,pop,65,63,56,49,91
at least i look cool,Sasha Sloan,pop,66,83,35,28,130
Floating (feat. Khalid) [filous Remix],Alina Baraz,pop,64,76,61,62,91
Just Friends,Olivia O'Brien,pop,61,45,25,29,78
123456,Fitz and The Tantrums,pop,58,72,96,81,170
Young,Parachute,pop,54,68,68,51,94
Crop Circles,Jon Bellion,pop,59,79,76,66,100
Feel You Now,The Driver Era,pop,55,54,72,50,180
Counting the Days,Will Taylor James,pop,60,46,52,9,140
Want You Back,Grey,pop,54,76,52,42,93
minimal,ROLE MODEL,pop,61,57,68,20,170
Talk Slow,Cody Lovaas,pop,57,74,54,46,158
Thank Me Later,Anna of the North,pop,54,76,50,72,77
Catch,Dresses,pop,29,82,57,87,120
Waking Up The Giants,Grizfolk,pop,53,59,60,24,128
Take It All Back 2.0,Judah & the Lion,pop,65,44,80,78,148
1000 Nights,FRENSHIP,pop,57,59,71,59,90
Sleep Talking,Charlotte Lawrence,pop,66,66,76,58,102
One Foot,WALK THE MOON,pop,65,58,82,47,100
Stockholm,Atlas Genius,pop,52,57,75,41,125
Dreaming,Smallpools,pop,57,61,89,89,119
A Phone Call In Amsterdam,Valley,pop,53,52,66,37,100
Careless,Vacation Manor,pop,51,55,78,52,116
Waiting on the Summer,VHS Collection,pop,51,55,81,63,105
The Greatest,Sia,pop,14,67,72,74,192
Lush Life,Zara Larsson,pop,12,66,74,79,98
No Diggity,Campsite Dream,pop,55,71,71,39,105
Millionaire (feat. Nelly),Cash Cash,pop,45,60,90,39,100
Cold Ain't For Me,Oceans,pop,50,64,84,36,105
Dollar Bill (feat. Kid Ink),Phoebe Ryan,pop,39,65,76,58,88
Stereo Hearts (feat. Adam Levine),Gym Class Heroes,pop,59,65,80,80,90
Debut,Maria Hazell,pop,11,62,85,52,78
Inside the Lines,Mike Perry,pop,55,56,80,40,97
Los Angeles,Bryce Vine,pop,0,71,80,87,150
Wild Things,Alessia Cara,pop,64,74,63,71,108
Cash Machine,DRAM,pop,40,74,67,70,143
Borderline - Vanic Remix,Tove Styrke,pop,58,41,95,46,160
All Time Low,Jon Bellion,pop,73,62,57,50,90
Chills,Down With Webster,pop,18,53,84,58,148
Lucky,Chelsea Cutler,pop,73,78,26,64,92
Daft Pretty Boys,Bad Suns,pop,62,66,84,61,137
Best Day Of My Life,American Authors,pop,76,67,90,54,100
Say My Name,David Guetta,pop,5,70,66,79,95
Never Really Over,Katy Perry,pop,85,77,88,38,100
I Don't Care (with Justin Bieber),Ed Sheeran,pop,90,80,68,84,102
A Different Way (with Lauv),DJ Snake,pop,9,78,76,56,105
No Sleep (feat. Bonn),Martin Garrix,pop,76,44,64,33,128
FRIENDS,Marshmello,pop,83,63,88,53,95
Last Friday Night (T.G.I.F.),Katy Perry,pop,74,65,82,76,126
One Kiss (with Dua Lipa),Calvin Harris,pop,85,79,86,59,124
Bang Bang,Jessie J,pop,78,71,79,75,150
Lalala,Y2K,pop,91,84,39,50,130
Lost Control,Alan Walker,pop,71,74,56,32,92
Ayy Macarena,Tyga,pop,91,82,63,72,96
So High,JAYLIEN,pop,53,51,72,62,138
This Is Our Time,WILD,pop,57,53,72,29,145
Wherever You Are,Kodaline,pop,67,51,61,34,126
MIDDLE OF THE NIGHT,Elley Duhé,pop,57,41,61,9,186
Long Time Coming,Caitlyn Smith,pop,50,24,59,32,199
So Predictable,Set It Off,pop,57,56,87,50,150
On the Back of Your Neck,Cienfue,pop,49,68,79,69,123
Hard,Noah Neiman,pop,48,50,80,38,150
Forever,Jacquie,pop,46,73,50,49,87
Beautiful Stranger,Marcus King,pop,49,48,25,19,112
Sweaters,Blanks,pop,49,73,75,75,122
Free,Matt Walden,pop,38,52,36,16,105
Roses,The Chainsmokers,pop,73,71,80,34,100
We Sink,Of Monsters and Men,pop,4,46,77,36,111
My House,Flo Rida,pop,76,69,70,74,94
My Shot,Lin-Manuel Miranda,pop,69,83,65,57,91
Heathens,Twenty One Pilots,pop,81,73,40,55,90
It's Time,Imagine Dragons,pop,14,66,88,87,105
Sirens,Woodlock,pop,19,64,64,81,123
Shark in the Water,The Cocktails,pop,34,64,39,70,99
The Sound,The 1975,pop,63,65,94,55,121
A Room of Her Own (TS Version),Like Swimming,pop,13,72,58,58,129
While My Guitar Gently Weeps,Regina Spektor,pop,50,70,32,22,113
Singing In The Rain,Simple Plan,pop,41,62,73,72,149
Fools,The Ransom Collective,pop,42,46,73,33,115
Dancing On Glass - Acoustic,St. Lucia,pop,10,59,83,94,101
"Take Yours, I'll Take Mine",Matthew Mole,pop,16,68,60,46,138
Sweet Disaster,DREAMERS,pop,61,52,82,42,87
Kids,MGMT,pop,76,45,93,17,123
Times Like These,Eden Project,pop,52,26,46,12,145
Love Is Mystical,Cold War Kids,pop,61,57,86,72,106
Painkiller,DREAMERS,pop,56,40,92,23,200
Pleaser,Wallows,pop,68,50,91,38,149
Marijuana Breath,Adam Jensen,pop,55,78,47,66,125
Something Good Can Work (The Twelves Remix),Two Door Cinema Club,pop,0,66,90,59,120
The Mother We Share,CHVRCHES,pop,3,46,72,31,174
Shine (Kygo Remix),Benjamin Francis Leftwich,pop,48,70,60,31,112
Cool Like Me,Fryars,pop,0,65,84,30,121
Youth,Ben Khan,pop,34,68,58,23,129
Stone,JOY.,pop,0,61,48,9,125
Look the Other Way,DWNTWN,pop,12,59,77,40,128
Warm Water - Snakehips Remix,BANKS,pop,57,51,68,40,212
Circles,machineheart,pop,0,61,66,38,100
Pray,The Erised,pop,24,58,45,9,125
All Of The People,Panama Wedding,pop,0,68,70,95,90
Already Love,Great Good Fine Ok,pop,22,65,75,88,172
Tether,Duck House,pop,18,74,53,58,117
Lost & Found,The Midnight,pop,48,55,65,38,158
Always,Great Good Fine Ok,pop,33,76,87,71,114
The Winds of Change,St. Lucia,pop,37,52,81,15,140
12:51,The Strokes,pop,61,45,89,59,145
Tired,Adele,pop,0,80,67,55,97
The Palisades,Childish Gambino,pop,1,74,72,49,100
Best Friend,Rex Orange County,pop,81,57,71,32,145
Winter,Khalid,pop,65,68,57,37,100
Stay,Post Malone,pop,78,51,48,35,86
Mr. Angel,Tommy Newport,pop,0,67,51,40,168
Silly Girl,chloe moriondo,pop,60,48,4,13,79
Crush Culture,Conan Gray,pop,0,63,77,44,90
Shallow - Radio Edit,Lady Gaga,pop,78,57,33,28,96
Lover Boy,Phum Viphurit,pop,67,80,56,63,110
Boredom (feat. Rex Orange County & Anna of the North),"Tyler, The Creator",pop,74,56,58,24,80
Cannonball,Dijon,pop,39,51,29,40,121
Runaway (U & I),Galantis,pop,74,51,80,38,126
Your Soul,Hippie Sabotage,pop,3,49,68,8,94
High You Are,What So Not,pop,62,69,86,41,137
Light,San Holo,pop,68,57,76,43,150
Paris,Magic Man,pop,53,47,88,50,179
Visions,Danrell,pop,37,66,80,27,180
Good Life,OneRepublic,pop,70,63,69,64,95
The Lost Boy (feat. Skizzy Mars),Lostboycrow,pop,23,72,57,23,144
Where I Wanna Be,A R I Z O N A,pop,54,68,80,59,117
Coloring Outside The Lines,MisterWives,pop,54,66,82,62,111
Palace - Justin Caruso Remix,Hayley Kiyoko,pop,32,54,92,72,94
Get What You Give,Felix Cartal,pop,0,62,77,25,121
Wolves,Digitalism,pop,41,61,76,63,129
tbh ily (Kidswaste Remix),Chet Porter,pop,0,65,68,35,105
Nadir,TENDER,pop,48,39,76,51,97
Lower,TENDER,pop,26,65,49,49,164
Stay The Night,Claptone,pop,43,72,60,36,110
Open,Rhye,pop,64,55,32,23,91
Prettiest Virgin (Radio Edit),Agar Agar,pop,57,95,49,59,120
Y crois-tu,Fishbach,pop,31,56,64,29,98
Too Much,Pale,pop,39,89,36,77,108
American Funeral,Alex Da Kid,pop,0,55,53,16,74
Had Some Drinks,Two Feet,pop,4,82,30,30,85
Each Time You Fall in Love,Cigarettes After Sex,pop,38,38,53,28,76
Howling,RY X,pop,5,71,33,11,120
The Moth & The Flame,Les Deux Love Orchestra,pop,39,71,30,8,109
Alone,Claptone,pop,46,73,62,33,110
Youth,Glass Animals,pop,2,65,73,75,96
lucid,slenderbodies,pop,40,72,54,36,102
I Took A Pill In Ibiza - Seeb Remix,Mike Posner,pop,17,67,79,70,102
Mad World,Michael Andrews,pop,2,35,8,36,173
Unstoppable,Paperwhite,pop,17,70,68,68,124
I'm Yours,Jason Mraz,pop,82,69,46,72,151
High And Dry,Radiohead,pop,0,42,38,35,88
Gemini Feed,BANKS,pop,1,77,65,52,102
Stretch Your Eyes,Agnes Obel,pop,43,59,31,54,142
Golden Green,Agnes Obel,pop,38,67,39,46,139
Fuck With Myself,BANKS,pop,1,85,37,14,102
Judas,BANKS,pop,0,66,53,41,108
A Minute to Breathe,Trent Reznor and Atticus Ross,pop,33,48,5,4,116
Sorry,Aquilo,pop,5,32,30,17,177
Detune,Kaleida,pop,0,74,41,11,129
Let It All Go,Birdy,pop,66,38,43,17,107
I Know,Bayonne,pop,0,71,69,72,137
Love Like Mine,Miami Horror,pop,0,66,94,79,118
Breaks,Goldroom,pop,0,57,73,30,108
take me on,joan,pop,9,59,69,26,120
Thru These Tears,LANY,pop,8,71,52,29,120
Sky,XY&O,pop,18,72,82,84,100
Love Like Waves,Friendly Fires,pop,46,65,86,78,118
Takes A Little Time,Zac Samuel,pop,38,68,78,76,118
Atypical,Manila Killa,pop,35,75,78,37,116
Gold,Apollo LTD,pop,0,53,74,57,77
Get Weird,Liimo,pop,20,63,84,76,150
Last to Know,Roosevelt,pop,21,61,88,61,130
The Sound,The 1975,pop,65,65,94,57,121
Lovesick,Fickle Friends,pop,35,77,81,88,124
I Can See,Mac Miller,rap,73,70,50,5,115
First Place,Polo G,rap,60,66,57,56,137
Bandit (with YoungBoy Never Broke Again),Juice WRLD,rap,92,47,63,42,180
VIBEZ,DaBaby,rap,88,77,65,78,154
Famous Hoes,NLE Choppa,rap,80,73,63,33,81
Immortal,21 Savage,rap,83,74,87,66,184
Ready Set (feat. Big Sean),Kash Doll,rap,73,85,62,48,96
HAD ENOUGH (feat. Quavo & Offset),Don Toliver,rap,83,75,79,67,148
Visit By Cap Kendricks,Funky Notes,rap,56,52,73,84,82
Quicky,Fractite,rap,31,74,12,20,91
Sao Paulo Sunset,Saib,rap,59,69,92,76,176
Vaca,Wun Two,rap,56,75,34,68,142
Belém,DAO,rap,61,77,67,30,100
On My Mind,Juan Rios,rap,49,54,28,66,168
Verdi,Wun Two,rap,52,91,46,44,112
The Jam,Tru Comers,rap,51,69,43,18,78
City Stroll,Otis Ubaka,rap,51,76,45,24,86
In My Head,DAO,rap,61,83,41,47,136
Night Train,Koralle,rap,53,65,44,72,90
Waterfloat,Green Assassin Dollar,rap,50,78,21,62,86
Stranger,Phlocalyst,rap,52,53,14,40,174
Treflip FS Blunt,Figub Brazlevic,rap,50,66,66,78,89
Smile Again,Green Assassin Dollar,rap,50,75,44,73,83
bouquet of balloons,biosphere,rap,54,73,34,79,162
chilling by your bedside.,beeno,rap,11,59,17,48,57
Horologist,Osoku,rap,50,66,38,10,132
Waking Up to Sleep,Zeus the Elevated,rap,11,73,22,21,126
Flunked This Semester,HM Surf,rap,62,56,25,27,174
Waiting for You,mell-ø,rap,62,74,13,11,74
Beginnings,Knowmadic,rap,50,61,18,52,70
Circles,Snaer.,rap,55,49,34,16,75
Show and Prove,Es-K,rap,4,73,32,54,92
Recollections,jrd.,rap,47,80,4,62,78
blxt,asbeluxt,rap,47,56,25,36,85
Green Tea,chief.,rap,49,58,22,4,80
sunday,Smeyeul.,rap,47,68,10,20,80
1412,Afluen,rap,47,91,24,65,88
sorry,chief.,rap,9,55,30,55,127
Chal Bombay,DIVINE,rap,67,86,62,51,95
UP-14,Raga,rap,47,66,56,61,85
Rap Ka Mausam,Raga,rap,46,86,88,39,105
Nenjinile Rebirth,Chris G.,rap,47,71,91,71,150
Emiway-Samajh Mein Aaya Kya?,Emiway Bantai,rap,54,78,45,61,103
Pakki Gal,Pam Sengh,rap,35,69,65,20,98
My Whole Life,Rob C,rap,30,64,84,76,184
Sherni,Prabh Deep,rap,27,82,74,25,132
Squad Mera,Splash,rap,30,72,61,40,135
Aji Mera Ghanta,Muhfaad,rap,35,93,34,47,120
thinking of you,mommy,rap,64,80,8,51,160
Tokyo,Drevm,rap,52,72,35,41,85
Lost in Flight,SwuM,rap,55,68,30,9,104
"selfish, Pt. 1",frumhere,rap,59,42,42,4,99
Céleste,Psalm Trees,rap,59,64,31,48,80
Moodswing,Deauxnuts,rap,58,69,33,34,80
Quiet Nights,Epektase,rap,56,73,14,18,75
Soul Mates,Jazzinuf,rap,52,52,51,37,75
Lullabyes,Aviscerall,rap,58,67,65,33,85
better things,Ymori,rap,13,65,48,78,140
Life,Slumberville,rap,55,61,12,13,74
Pyrite,"Sarah, the Illstrumentalist",rap,52,63,14,78,82
Yesterday,chief.,rap,62,63,18,16,77
Happy To Help,Fallen Roses,rap,52,72,38,54,120
20/20,Lil Tjay,rap,79,89,34,54,100
Poles,Quin Nfn,rap,64,90,47,65,140
Ballin' (with Roddy Ricch),Mustard,rap,90,81,55,24,97
on god,bbno$,rap,68,88,30,36,120
On The Road (feat. Meek Mill & Lil Baby),Post Malone,rap,44,44,74,21,113
Bossanova,Lil Tecca,rap,70,72,49,26,140
Protect Da Brand (feat. DaBaby),Moneybagg Yo,rap,69,85,58,62,144
Patointeligencja,Mata,rap,71,85,54,27,137
Jungle Boyz,Malik Montana,rap,61,71,54,58,107
Nowe dzwięki,Żabson,rap,61,70,86,59,160
Brzydkie rzeczy,Bedoes,rap,64,72,59,65,156
Czarne Oczy (Chilaca),Wac Toja,rap,53,66,72,66,125
Ziom z papieru,BORCREW,rap,55,71,85,77,167
Popiół (prod. Szwed),Płomień 81,rap,55,51,74,22,140
Mrs. Officer,Lil Wayne,rap,69,92,55,95,112
It's Goin' Down (feat. Nitti),Yung Joc,rap,65,89,58,61,84
Still Tippin' (feat. Slim Thug & Paul Wall),Mike Jones,rap,62,86,86,79,143
Stuntin' Like My Daddy - Street,Birdman,rap,59,71,88,81,160
Good Times,Styles P,rap,60,70,76,67,82
Throw Some D's,Rich Boy,rap,56,70,86,43,161
Oh Boy,Cam’ron,rap,65,75,77,82,83
Put It On Me,Ja Rule,rap,64,83,79,79,93
Through The Wire,Kanye West,rap,69,57,74,66,83
Right Thurr,Chingy,rap,67,87,75,89,92
Anything,JAY-Z,rap,47,80,75,90,82
Ain't I - main voc up,Yung L.A.,rap,48,66,83,58,78
Money To Blow - Street Version,Birdman,rap,56,71,58,70,133
What's Your Fantasy (Featuring Shawna),Ludacris,rap,63,92,79,97,140
Stay Fly - Explicit Album Version,Three 6 Mafia,rap,60,79,88,65,133
One Call Away,Chingy,rap,60,76,82,96,163
No Role Modelz,J. Cole,rap,82,70,52,46,100
Bank Account,21 Savage,rap,80,88,35,38,75
Weekend (feat. Miguel),Mac Miller,rap,77,84,44,19,120
F.B.G.M.,T-Pain,rap,64,69,66,23,78
Killshot,Eminem,rap,76,89,65,60,106
Tunnel Vision,Kodak Black,rap,52,64,49,23,172
oui,Jeremih,rap,2,42,69,55,79
Broke As Fuck,YBN Cordae,rap,73,62,67,28,154
2 Phones,Kevin Gates,rap,70,90,68,55,122
Reborn,KIDS SEE GHOSTS,rap,74,58,60,23,100
Top,Lil Uzi Vert,rap,67,78,76,68,120
Norf Norf,Vince Staples,rap,70,92,55,9,100
Poetic Justice,Kendrick Lamar,rap,68,78,57,65,136
Friends,Andy Mineo,rap,52,68,66,44,149
Say It,Tory Lanez,rap,6,56,52,29,107
Going Bad (feat. Drake),Meek Mill,rap,85,89,50,54,86
Goodbyes (Feat. Young Thug),Post Malone,rap,51,58,65,18,150
Hot (feat. Gunna),Young Thug,rap,83,86,65,56,112
fast (Remix) [feat. Offset & A Boogie Wit da Hoodie],Sueco the Child,rap,73,82,68,74,100
I Love,Joyner Lucas,rap,75,67,56,56,150
Worth It,YK Osiris,rap,75,76,53,42,124
German,No Money Enterprise,rap,69,79,85,51,140
Silent,Youngn Lipz,rap,62,77,44,16,140
WHERE U FROM,B Wise,rap,46,80,71,28,145
Above Water,Manu Crooks,rap,50,72,55,10,168
PREACHER MAN,SWIDT,rap,43,75,54,92,140
VALENTINO,24kGoldn,rap,84,74,72,54,151
Stuck In A Dream (feat. Gunna),Lil Mosey,rap,64,75,65,74,140
Floss (feat. MoStack & Not3s),AJ Tracey,rap,59,83,49,30,105
Professor X,Dave,rap,63,89,68,56,127
Kraazy,Likybo,rap,78,69,70,37,95
Saint-Tropez,Post Malone,rap,48,62,68,30,132
STARGAZING,Travis Scott,rap,80,49,79,6,150
Gimme Brain,Travis Barker,rap,65,72,68,44,93
Haute (feat. J Balvin & Chris Brown),Tyga,rap,67,95,72,35,103
Kærlighed (feat. Gilli & Kesi),ATYPISK,rap,69,90,69,69,115
London Town,Branco,rap,67,86,54,56,102
Verden Vender,Branco,rap,66,71,62,46,120
Himalaya,Larry 44,rap,54,70,50,35,142
Kawasaki,Jamaika,rap,54,70,65,57,128
BeBe,Stepz,rap,52,69,69,67,120
Ka Ikk,RH,rap,49,78,72,46,104
GØR VED MIG (feat. Sivas),Carmon,rap,48,80,67,50,130
Dig,Benjamin Hav,rap,51,86,62,40,104
Confessions of a Dangerous Mind,Logic,rap,12,81,76,64,142
COMMANDO (feat. G-Eazy),Logic,rap,9,84,49,14,77
Don't Be Afraid To Be Different (feat. Will Smith),Logic,rap,5,87,79,42,111
Everybody Dies,Logic,rap,59,78,92,84,94
Black SpiderMan,Logic,rap,63,62,87,34,140
Yuck,Logic,rap,58,62,80,71,156
Take It Back,Logic,rap,59,84,84,69,135
Driving Ms Daisy,Logic,rap,0,66,83,53,160
Slave II,Logic,rap,55,52,51,13,91
Closing My Eyes,Alrahim Wright III,rap,3,84,23,46,134
Hard Times,Young L3x,rap,49,75,55,69,77
Cloudy Day,the.lazyb,rap,43,72,53,90,93
Troublous,Zambonini,rap,51,52,60,4,120
Japan Stuff,Beaumont,rap,44,61,45,29,80
Temple,SwuM,rap,45,64,74,13,88
Koenji,Huey Daze,rap,41,41,21,11,74
Wonders of the Unknown,Behind Clouds,rap,59,64,51,51,140
Sunday Afternoon,Oatmello,rap,57,73,27,32,85
Marvy,Nokiaa,rap,41,68,26,23,85
Window Seat,Chris Anderson,rap,41,55,56,30,74
ocean.dance.,Fushou.,rap,41,53,40,41,81
Days.,Green Assassin Dollar,rap,42,66,71,60,98
Nobody.knows,Brenky,rap,50,48,13,45,149
All Souled Out,MFakka,rap,41,71,39,22,178
SWISH,Tyga,rap,73,88,54,27,105
Both,Headie One,rap,69,75,67,56,146
Funky Friday,Dave,rap,72,98,54,67,125
Still Disappointed,Stormzy,rap,70,73,67,70,140
Act a Fool,Rick Ross,rap,55,61,80,48,158
Yard,Toddla T,rap,47,72,74,20,129
Cat Pack,AJ Tracey,rap,58,91,64,33,140
Backyard,Kota the Friend,rap,47,86,65,86,150
Song 32,Noname,rap,7,87,48,39,92
SUGAR,BROCKHAMPTON,rap,88,45,54,52,123
TITLE TRACK,Lee Scott,rap,43,76,46,52,78
Compound,Trellion,rap,41,37,20,22,66
You Make Me Wanna (Kill),The Last Skeptik,rap,42,76,84,12,116
Easter Sunday,Zelooperz,rap,4,38,72,80,143
High Rises,CHIKA,rap,43,39,57,60,65
Maschine,The Cratez,rap,49,81,79,65,91
Nur ein Dieb,Veysel,rap,69,69,64,7,142
Swish,Summer Cem,rap,74,76,72,66,174
Der Bratan bleibt der gleiche,Capital Bra,rap,79,61,70,67,96
Was ist das?,Megaloh,rap,48,76,72,68,141
"Para, Money, E's",JIGGO,rap,66,68,60,36,78
Habiba Prima,Kurdo,rap,64,74,72,28,98
8 Parche,Baani Sandhu,rap,67,65,86,73,174
Chandigarh,Dilpreet Dhillon,rap,44,80,74,80,176
Nagni,Jasmine Sandlas,rap,56,76,68,50,177
Forget About It,Sidhu Moose Wala,rap,54,80,88,74,93
Sameblood,Gopi Waraich,rap,29,79,76,50,83
Hisaab,Karan Aujlaa,rap,5,57,75,51,176
Illegal Weapon,Garry Sandhu,rap,63,81,67,71,94
Facts,Karan Aujla,rap,39,87,76,64,110
Guerrilla War,Amrit Maan,rap,24,55,86,70,170
"Aleman: Bzrp Music Sessions, Vol. 15",Bizarrap,rap,77,81,88,65,127
Infiel,Santa Fe Klan,rap,61,77,58,70,150
Chambea,Toser One,rap,36,68,78,58,164
La Marcha De Los Tristes,Lng Sht,rap,58,75,76,70,98
Fekka,Zoop One,rap,37,86,66,74,91
Odio el Drama,Remik Gonzalez,rap,50,96,50,78,124
Solo Fluyo,Neto Reyno,rap,41,73,74,78,174
Generé,Bipo Montana,rap,46,74,56,75,88
Pinteros,El Pinche Mara,rap,39,76,55,31,140
Malditos,TREN LOKOTE,rap,42,85,87,64,136
Cadillac on 22's,David Banner,rap,0,88,54,55,145
Phat Rabbit,Ludacris,rap,13,82,82,77,143
"Stay Fly (feat. Young Buck, Eightball & MJG) - Explicit Albu",Three 6 Mafia,rap,47,79,86,66,133
Go DJ,Lil Wayne,rap,58,73,79,70,158
I'm a Thug,Trick Daddy,rap,56,93,56,59,140
Badd,Mike Jones,rap,54,58,70,40,133
Game Over,Lil' Flip,rap,52,81,59,60,160
Let's Get Away - Revised Edited /Old Hook,T.I.,rap,0,67,81,70,85
Po' Folks (feat. Anthony Hamilton),Nappy Roots,rap,48,85,85,65,86
Why You Wanna,T.I.,rap,1,80,77,65,96
Shooter,Lil Wayne,rap,45,68,66,74,81
Skew It on the Bar-B,OutKast,rap,48,93,82,53,108
Lines,Big Boi,rap,37,59,65,24,85
Sippin On Some Syrup (feat. UGK (Underground Kingz) & Projec,Three 6 Mafia,rap,57,94,84,89,136
Make It Better (feat. Smokey Robinson),Anderson .Paak,rap,70,68,56,55,179
Represent Dat G.C.,Kurupt,rap,35,96,52,52,105
HUMBLE.,Kendrick Lamar,rap,84,91,62,42,150
This Is The Shack,Warren G,rap,20,58,79,69,180
120 Seconds,Freestyle Fellowship,rap,19,90,65,72,110
Pacific Coast Remix,DJ Quik,rap,17,81,63,49,100
Do For Love,2Pac,rap,70,87,63,72,95
California,Dom Kennedy,rap,44,87,70,56,86
The Lost Angels Anthem,Blu,rap,34,61,83,28,96
Cali Sunshine,The Game,rap,40,62,87,55,79
1994,Quasimoto,rap,23,84,68,60,105
Nothin' But The Cavi Hit,Mack 10,rap,53,85,74,53,98
"Initiated (feat. 2Pac a.k.a. Makaveli, Outlawz & Kurupt Tha ",Daz Dillinger,rap,40,89,58,86,94
ATL Hoe,Baby D.,rap,23,90,95,84,124
Throw It Up,Pastor Troy,rap,52,70,60,14,146
Nextel Chirp,Maceo,rap,22,75,75,55,150
Mind Playing Tricks on Me,Geto Boys,rap,65,89,51,45,94
Hustlin' - Album Version (Edited),Rick Ross,rap,0,51,65,62,136
Wanna Be A Balla,Fat Pat,rap,0,87,61,65,92
Still Fly,Big Tymers,rap,0,68,61,56,178
Shake Ya Ass,Mystikal,rap,23,92,46,70,98
Southside,Lil Keke,rap,0,80,71,76,172
That's Right,DJ Taz,rap,26,83,68,90,135
Go DJ,Lil Wayne,rap,0,73,79,70,158
It's Goin' Down (feat. Nitti),Yung Joc,rap,24,89,58,61,84
Trap Or Die,Jeezy,rap,0,68,66,36,79
Wheelz of Steel,OutKast,rap,50,89,64,49,112
Scotty,D4L,rap,40,62,32,52,91
Mr. Big,8Ball & MJG,rap,40,86,50,39,156
Paid Dues,8Ball,rap,38,93,58,65,124
Total Shock,Mr. Mike,rap,17,55,76,41,85
Swangin and Bangin,E.S.G.,rap,24,86,55,77,152
Now I Feel Ya,Scarface,rap,27,78,42,55,79
2 Real,Scarface,rap,33,78,48,73,131
Time Taker,Geto Boys,rap,30,79,44,41,80
Bring It On,Geto Boys,rap,31,86,70,53,93
Street Game,Geto Boys,rap,10,71,82,55,89
Diamonds & Wood,UGK,rap,49,85,55,75,138
Black Ice (Sky High) (feat. OutKast),Goodie Mob,rap,43,93,68,37,101
Tops Drop,Fat Pat,rap,0,91,45,65,93
Pass Me Da Green,Master P,rap,50,64,46,21,146
Hardest Pit,Big Pokey,rap,22,60,74,75,168
"My Neck, My Back (Lick It)",Khia,rap,61,86,62,71,102
Touchdown (feat. Eminem),T.I.,rap,44,72,79,61,81
I Wanna Love You,Akon,rap,66,87,45,37,100
Crept and We Came,Bone Thugs-N-Harmony,rap,43,82,68,60,140
Number One Spot,Ludacris,rap,48,54,95,51,147
Dilemma,Nelly,rap,77,73,55,61,168
Hot In Herre,Nelly,rap,71,96,74,91,107
Hanh!,Ying Yang Twins,rap,28,66,92,35,102
Screwed Up,Ludacris,rap,34,77,73,81,132
Im Not a Gentleman,Geto Boys,rap,27,81,52,64,161
Duck & Run,C-Murder,rap,20,63,72,72,92
It Ain't My Fault,Silkk The Shocker,rap,40,72,51,56,176
Respect Us,Lil Wayne,rap,22,74,89,71,94
Whatcha Wanna Do,Mia X,rap,21,71,59,31,85
Where the Moon Hides,GARZA,rap,44,61,75,10,105
Blue,Dolo Tonight,rap,47,75,70,53,88
TALK,Ella Collier,rap,38,77,53,41,98
Once Again,Quality Control,rap,51,84,88,78,104
"Pink Toes (Offset, DaBaby feat. Gunna)",Quality Control,rap,70,96,77,58,111
Still D.R.E.,Dr. Dre,rap,18,81,78,54,93
CoCo,O.T. Genasis,rap,64,89,63,18,120
Pretty Girls,Britney Spears,rap,59,83,83,79,103
Birds,Migos,rap,42,84,56,28,132
Rich N**ga Timeline,Migos,rap,30,73,61,27,146
Kobe,Chief Keef,rap,46,85,77,69,136
Gangster Trippin,Fatboy Slim,rap,44,71,86,78,102
Mutant Brain,Sam Spiegel,rap,0,71,95,30,100
Let Me Clear My Throat - Old School Reunion Remix '96,DJ Kool,rap,2,70,90,56,103
Feed Me Dope,Future,rap,56,85,69,56,150
HUMBLE.,Kendrick Lamar,rap,12,91,62,42,150
Forbes (feat. G-Eazy),Borgore,rap,44,75,78,50,114
Anaconda,Nicki Minaj,rap,66,96,60,65,130
How We Move (feat. King L),Lil Bibby,rap,0,59,50,14,70
Boy Oh Boy,Good Times Ahead,rap,54,54,95,39,130
Blame It on the Boom Boom,Black Stone Cherry,rap,57,57,89,78,116
Raise Hell,Dorothy,rap,63,55,69,72,80
Highway,Bleeker,rap,56,46,94,70,154
Big & Loud,Nick Nolan,rap,9,36,87,69,185
Suffocation Blues,Black Pistol Fire,rap,56,28,84,42,176
Enter the Riffian,Wo Fat,rap,34,33,79,30,141
Walk This Way (feat. Aerosmith),Run–D.M.C.,rap,68,76,58,94,106
Layla - 40th Anniversary Version / 2010 Remastered,Derek & The Dominos,rap,21,40,90,50,116
Just Got Paid,ZZ Top,rap,52,57,69,62,100
Beast,Nico Vega,rap,48,42,91,16,140
Electric Man,Rival Sons,rap,48,39,87,53,171
Rain Wizard,Black Stone Cherry,rap,38,24,80,65,171
Are You Gonna Go My Way,Lenny Kravitz,rap,72,62,67,78,129
Going to Hell,The Pretty Reckless,rap,1,56,99,27,115
Calm Like A Bomb,Rage Against The Machine,rap,21,32,97,36,150
Stuntin' Like My Daddy - Street,Birdman,rap,59,71,88,81,160
Hypnotized (feat. Akon),Plies,rap,65,84,57,62,117
CheezNDope (feat. Young Dolph & Key Glock),Project Pat,rap,51,84,56,68,76
One Day,UGK,rap,51,81,54,70,146
All Work,Curren$y,rap,56,69,88,62,141
Walk It Out,Unk,rap,55,79,78,71,160
Halle Berry (She's Fine),Hurricane Chris,rap,48,71,74,51,145
Smile,Scarface,rap,60,70,40,50,78
Real Big,Mannie Fresh,rap,47,72,86,55,97
Jugg King,Young Scooter,rap,54,93,67,80,130
Chase The Money,E-40,rap,63,89,78,23,92
Oh Boy,Cam’ron,rap,65,75,77,82,83
I Found Love (On A Lonely Highway),Jeff Floyd,rap,39,79,69,57,102
Fire,Lebrado,rap,34,86,52,88,106
Don't Make Me Beg,Tucka,rap,37,72,69,89,101
Smaller the Club,A Nite Out,rap,30,87,76,93,100
Cheating In The Next Room,Z.Z. Hill,rap,35,68,35,69,82
I Gotta Clean Up,Marvin Sease,rap,32,71,70,69,85
Slow Roll It,The Love Doctor,rap,36,84,42,80,79
I Got This Record,Jwonn,rap,0,71,56,28,78
Candy Land Remix,Tucka,rap,28,86,67,87,111
Soul Music,Vick Allen,rap,35,66,68,88,88
Touch Your Spot,Tucka,rap,32,78,67,96,106
Still My Love,Wilson Meadows,rap,31,50,40,81,100
Can I Change My Mind,Tyrone Davis,rap,38,55,67,89,102
P's & Q's,Reggie P,rap,0,80,25,71,160
The Repair Man,Tucka,rap,30,93,39,81,96
Moves,Big Sean,rap,2,80,52,35,76
The Let Out,Jidenna,rap,44,74,80,56,157
Rent Money,Future,rap,17,69,49,31,166
Free Up,Derek Wise,rap,26,44,55,9,135
U-RITE,THEY.,rap,0,77,84,61,130
The Conversation,Chynna,rap,33,67,40,8,116
Dick in Da Dope,Divine Council,rap,40,95,70,26,120
Buddha,G-Eazy,rap,44,74,54,42,120
SippinTeaInYoHood,XXXTENTACION,rap,0,66,87,48,146
Sacrifices,Drake,rap,1,90,44,53,139
No Target,Brodinski,rap,32,81,60,19,128
"Gucci On My (feat. 21 Savage, YG & Migos)",Mike WiLL Made-It,rap,60,93,36,9,140
Get Mine,Bryson Tiller,rap,52,65,53,43,100
Gospel,Rich Brian,rap,7,68,66,22,156
Eject,CHRIS YONGE,rap,35,73,48,13,110
Let Me Clear My Throat - Old School Reunion Remix '96,DJ Kool,rap,52,70,90,54,103
I Got Dat Feelin' - Live,DJ Kool,rap,26,81,79,53,93
Paid In Full,Eric B. & Rakim,rap,51,88,85,40,99
King Of The Hill,Westside Connection,rap,42,89,82,64,93
Straight Outta Compton,N.W.A.,rap,70,83,88,42,103
Let's Play House,Tha Dogg Pound,rap,52,82,70,80,91
Pimp Of The Year,Dru Down,rap,48,93,51,30,101
Rock The Bells,LL Cool J,rap,51,90,52,28,98
Buttermilk Biscuits (Keep On Square Dancin'),Sir Mix-A-Lot,rap,44,94,60,64,115
Ain't No Future In Yo' Frontin',MC Breed,rap,48,67,76,73,102
The Booty Dub,DJ Magic Mike,rap,26,81,53,60,128
My Prerogative,Bobby Brown,rap,56,75,62,68,110
Nothing But Bass,Bass Patrol,rap,24,58,42,4,183
The Rhythm,Kwame,rap,29,93,45,91,100
All Girls Are The Same,Juice WRLD,rap,3,67,45,22,162
Black Ice,Boaz,rap,0,69,78,43,115
The Morning,Raekwon,rap,45,67,65,19,82
Ali Bomaye,The Game,rap,3,38,69,24,71
Twijfel,Fresku,rap,44,65,92,45,93
Hard Knock Life (The Ghetto Anthem) - Radio Edit,JAY-Z,rap,4,78,65,60,77
Harder Than You Think,Public Enemy,rap,61,48,85,77,104
När solen går ner,AKI,rap,55,81,78,76,92
Put On,Jeezy,rap,2,65,77,27,138
Een Barkie,De Jeugd Van Tegenwoordig,rap,0,66,62,69,100
The Motto,Drake,rap,10,77,43,35,202
Hate It Or Love It,The Game,rap,47,80,78,42,100
Mockingbird,Eminem,rap,13,62,67,23,84
Martians Vs Goblins,The Game,rap,1,48,81,64,83
Donald Trump,Mac Miller,rap,68,64,90,84,163
I Got 5 On It,Luniz,rap,73,60,71,58,174
93 'Til Infinity,Souls Of Mischief,rap,68,59,67,69,206
C.R.E.A.M.,Wu-Tang Clan,rap,72,48,55,58,181
MC's Act Like They Don't Know,KRS-One,rap,58,86,80,86,90
Shadowboxin',GZA,rap,64,70,64,72,92
Tonight's Da Night,Redman,rap,62,70,69,87,90
Me Or The Papes,Jeru The Damaja,rap,58,69,60,80,170
Baknaffek,Das EFX,rap,45,81,53,25,95
No Fear,O.G.C.,rap,35,87,51,78,90
Clan In Da Front,Wu-Tang Clan,rap,54,71,62,59,96
Things Done Changed - 2005 Remaster,The Notorious B.I.G.,rap,52,74,63,12,91
Unbelievable - 2005 Remaster,The Notorious B.I.G.,rap,52,77,79,77,183
Straighten It Out,Pete Rock & C.L. Smooth,rap,52,77,66,79,99
Put Your Head Out,House Of Pain,rap,40,83,68,79,98
Bitch Betta Have My Money,Tyga,rap,47,85,74,67,98
Faded,Tyga,rap,60,83,67,34,95
Where Ya At,Future,rap,67,81,45,19,162
The Motto,Drake,rap,73,77,44,39,202
We Dem Boyz,Wiz Khalifa,rap,67,72,86,52,130
Candy Shop,50 Cent,rap,7,62,58,73,124
No Problem (feat. Lil Wayne & 2 Chainz),Chance the Rapper,rap,74,65,80,79,135
Rack City,Tyga,rap,64,93,34,27,99
Yeah! (feat. Lil Jon & Ludacris),Usher,rap,79,89,79,58,105
Again,Fetty Wap,rap,68,75,73,29,93
Come on to Me (feat. Sean Paul),Major Lazer,rap,37,70,89,38,110
Adventure of a Lifetime,Coldplay,rap,74,64,92,53,112
You Know You Like It,DJ Snake,rap,9,41,72,25,196
Lean Back,Terror Squad,rap,5,80,92,70,127
Derp - Original Mix,Bassjackers,rap,56,65,97,22,128
Rich Niggaz,Juvenile,rap,39,65,79,51,176
Saturday (Oooh! Ooooh!),Ludacris,rap,46,59,81,70,103
Make 'Em Say Ugh,Master P,rap,49,60,73,37,83
Somethin Serious,Big Mike,rap,22,88,69,77,98
Player's Ball,OutKast,rap,59,86,76,58,93
Small Time,Lil' Troy,rap,18,74,77,62,92
25 Lighters,DJ DMD,rap,4,83,64,70,168
Definition of God,Sean Price,rap,26,44,89,42,80
Money Dance,Rick Ross,rap,0,68,71,36,87
Scientology,Rick Ross,rap,41,45,84,44,82
Blessing In Disguise,Rick Ross,rap,0,50,71,46,78
Amsterdam,Rick Ross,rap,0,58,79,14,88
Hold Me Back,Rick Ross,rap,43,44,71,44,126
Baby You (feat. Jason Derulo),The Game,rap,39,55,70,49,157
Jesus Piece,The Game,rap,0,49,66,25,82
40th Street Black / We Will Fight,Wu-Tang Clan,rap,30,87,65,43,120
Solomon Grundy,Sean Price,rap,18,45,87,45,80
LOVEHAPPY,The Carters,rap,50,65,91,58,82
Power,Rapsody,rap,42,44,85,60,81
That New York,Fredro Starr,rap,13,54,65,12,176
המוסד,La Coka Nostra,rap,36,59,93,33,90
The Lion Roars - Mayfield Version,Stephen Marley,rap,0,60,81,93,83
Power Up,"Noke D, D-Gotti, D-Reck, Tyte Eyes & Mik",rap,0,91,78,90,89
City Of Syrup,Big Moe,rap,0,89,44,40,104
Where I’m From - (Huggin’ Da Block) Feat. Z-ro,Big Pokey,rap,12,79,65,77,80
The Screwed Up Click,DJ Screw & The Screwed Up Click,rap,0,51,72,98,86
Wanna Know Who You Are,DJ Screw & The Screwed Up Click,rap,8,49,61,34,148
Full Time Player,Fat Pat,rap,0,78,70,69,80
Sold Out Dates (feat. Lil Baby),Gunna,rap,5,82,55,32,127
SportsCenter,Gucci Mane,rap,20,56,42,38,148
Superhero,Tapemasters Inc and Gucci Mane,rap,11,71,85,62,146
Swing My Door,Gucci Mane,rap,42,75,49,24,140
Well Uh Huh,Pastor Troy,rap,4,68,75,34,164
Cry Me a River,Justin Timberlake,rap,74,62,65,56,74
No Smoke,YoungBoy Never Broke Again,rap,69,66,74,80,144
Old Train (feat. Struggle Jennings),Adam Calhoun,rap,33,61,60,37,80
Rolling Stoned,Upchurch,rap,65,74,51,20,144
Lord Knows (feat. Justin Adams),Upchurch,rap,44,77,77,68,130
God's Work,Demun Jones,rap,0,52,54,53,164
The Beard Song,Demun Jones,rap,28,49,51,42,160
Train Tracks (feat. Struggle),Jelly Roll,rap,56,70,72,53,88
Cowboys,Jelly Roll,rap,54,69,67,48,75
I'm Still Here (feat. Corey Crowder),SMO,rap,21,84,57,93,102
All They Wanna Hear,Danny Boone,rap,27,59,64,74,160
Let's Get Lost,Jelly Roll,rap,28,51,76,51,178
New Orleans,Jelly Roll,rap,40,75,66,26,117
Fly Away,CRUCIFIX,rap,35,76,58,54,140
Gassed Up,Upchurch,rap,41,57,81,59,131
Dirty Elvis,Upchurch,rap,40,67,82,55,130
Livin' on Closing Time,Bottleneck,rap,18,52,72,37,169
Back (with Jake Owen),Colt Ford,rap,46,54,74,60,137
Best For You,Lil Muk,rap,48,52,51,32,99
Costa Rica,Bankrol Hayden,rap,67,90,48,68,128
Fake Bitches,Justina Valentine,rap,24,91,72,45,100
Trapper of the Year,PashaPG,rap,0,65,50,38,166
Old Me,Michael Kraun,rap,35,75,68,17,110
Just A Lil Bit,50 Cent,rap,2,70,68,53,97
Handsome,Rafi Malice,rap,38,78,57,32,90
Push It,Rick Ross,rap,59,66,76,77,151
Westside Story,The Game,rap,2,88,65,96,87
Forgot About Dre,Dr. Dre,rap,16,92,74,60,134
Keep It on Me,Dewey da Don,rap,27,55,79,49,87
Beg For Mercy,G-Unit,rap,0,61,79,84,98
I Can,Nas,rap,0,84,88,69,95
Biggie/Tupac Live Freestyle (Funkmaster Flex & Big Kap Feat.,Funkmaster Flex,rap,0,57,94,81,189
Chin Check,N.W.A.,rap,0,93,73,78,100
Ether,Nas,rap,21,57,83,77,76
Hail Mary,2Pac,rap,0,73,65,38,164
Hustlin',Rick Ross,rap,3,50,65,65,136
Juicy - 2007 Remaster,The Notorious B.I.G.,rap,62,87,82,79,96
Many Men (Wish Death),50 Cent,rap,65,59,83,39,162
Pandemonium (feat. Wale & Rick Ross),Meek Mill,rap,32,61,89,76,160
Runnin' (Dying To Live),2Pac,rap,45,54,80,67,166
Thug 4 Life,2Pac,rap,0,92,79,88,105
Vato,Snoop Dogg,rap,1,48,71,46,91
Кинотеатр «Дружба»,Брутто,rap,32,71,64,54,146
Статус,Nurminsky,rap,33,77,83,80,160
Амбасcадора,Gamora,rap,27,81,79,73,82
Рукалицо,Scroodgee,rap,36,83,58,50,140
До тла,Blvckross,rap,0,42,61,16,176
Буду погибать мало.дым,N1NT3ND0,rap,32,46,56,32,82
Странно,Местный,rap,0,65,69,55,85
На связи (feat. shot),Simaga,rap,24,76,60,47,85
Воспитала,Сережа Местный,rap,18,64,83,65,170
БМВ или МЕРС,Mezza,rap,32,74,44,18,116
Outta Control,50 Cent,rap,0,69,74,46,96
Realest N*ggas - Notorious B.I.G. & 50 Cent,Notorious B.I.G. & 50 Cent,rap,0,90,73,80,96
Go To Sleep,Eminem,rap,4,57,86,37,180
Gangsta Music,Jeezy,rap,0,61,68,27,145
'Till I Collapse,Eminem,rap,83,55,85,10,171
Sacrilegious,ScHoolboy Q,rap,51,77,51,50,134
WW III,Ruff Ryders,rap,0,71,62,41,89
Wait A Minute,G Unit,rap,11,72,68,46,140
Don't Need No Help,Young Buck,rap,35,71,87,94,76
Who Shot Ya? - 2005 Remaster,The Notorious B.I.G.,rap,47,84,74,64,92
Digital Scale,G-Unit,rap,0,70,82,69,84
Detroit Vs. Everybody,Eminem,rap,48,53,76,30,176
Catch Up,Pasto Flocco,rap,51,83,71,60,112
head first,Christian French,rap,68,91,39,61,127
Ante Up,M O P,rap,43,64,86,81,97
Lotto,Rotimi,rap,0,72,53,34,90
"Lose Yourself - From ""8 Mile"" Soundtrack",Eminem,rap,21,70,73,6,171
Pimp Like Me,D12,rap,0,88,54,55,136
Proud Of You,Skooly,rap,15,70,67,78,76
Zérosechsneun,Reda Rwena,rap,27,44,80,38,85
BMW Alpina,Capital Bra,rap,47,78,73,61,150
N.T.M.,LX & Maxwell,rap,53,65,63,11,94
Lieblingszahl,Hasuna,rap,42,52,75,63,129
Saudi Arabi Money Rich - Babos Remix,Haftbefehl,rap,32,48,80,49,172
Is' mir egal,Hanybal,rap,0,63,74,65,90
District,AK Ausserkontrolle,rap,45,78,74,37,94
Geht Los!,Sa4,rap,44,70,74,83,98
Headshot,BTNG,rap,33,54,69,10,167
Hot Pursuit,Hasan.K,rap,9,69,66,80,174
Krokodil,Sa4,rap,41,67,68,25,174
Black Friday,Bushido,rap,20,63,84,73,89
Zackig die Patte,Nazar,rap,0,67,75,36,103
"1,2,3",Hanybal,rap,0,64,86,69,91
Wer bist du?!,Haze,rap,32,60,85,74,94
Children's Story,Slick Rick,rap,0,91,55,74,103
Eazy-er Said Than Dunn,Eazy-E,rap,50,87,82,75,103
Regulate,Warren G,rap,73,85,52,76,95
Murder Rap,Above The Law,rap,31,70,93,76,98
Enemies (feat. DaBaby),Post Malone,rap,46,54,67,67,76
Going Bad (feat. Drake),Meek Mill,rap,85,89,50,54,86
Poppin' Them Thangs,G-Unit,rap,67,77,82,92,88
Tip Toe (feat. A Boogie Wit da Hoodie),Roddy Ricch,rap,81,76,67,57,93
Riot (with Lil Durk & Booka600 feat. G Herbo),Only The Family,rap,56,52,84,67,104
High Tolerance (with Lil Durk feat. NLE Choppa),Only The Family,rap,59,78,57,64,150
The Watcher,Dr. Dre,rap,57,94,49,52,98
Things Done Changed - 2005 Remaster,The Notorious B.I.G.,rap,52,74,63,12,91
Dollars And Sense,DJ Quik,rap,0,85,55,44,99
Iron Maiden,Ghostface Killah,rap,17,76,56,74,103
Twinz (Deep Cover 98),Big Pun,rap,35,64,89,47,95
My Mind Playin Tricks On Me,Geto Boys,rap,0,89,62,42,94
Gas Drawls,MF DOOM,rap,47,77,76,53,91
Elevators (Me & You),OutKast,rap,59,77,59,64,85
So You Want To Be A Gangster,Juice The Motion Picture Soundtrack,rap,0,83,41,52,166
Who Got Da Props,Black Moon,rap,55,80,65,26,100
Mash,J Dilla,rap,39,69,81,26,102
Step Up,Pete Rock,rap,0,76,70,68,91
Beef,Mos Def,rap,0,72,52,71,115
Wreckonize - Remix Vocal,Smif-N-Wessun,rap,58,78,45,56,93
Microphone Fiend,Eric B. & Rakim,rap,47,59,80,69,94
CAN'T LOSE YOU,Night Lovell,rap,55,82,57,10,134
BAD KID,Night Lovell,rap,61,89,32,4,135
PINK WITCH / LESSON,Night Lovell,rap,48,60,51,4,135
Fly,Prznt,rap,40,61,37,35,130
In Da Club,50 Cent,rap,77,90,71,78,90
It Was A Good Day,Ice Cube,rap,2,80,74,81,82
Hoo-Bangin' (WSCG Style),Westside Connection,rap,39,91,42,39,92
Don't Push Me,50 Cent,rap,52,50,78,66,171
Hail Mary,2Pac,rap,1,79,64,39,82
Patiently Waiting,50 Cent,rap,62,54,68,52,79
Real Niggaz Don't Die,N.W.A.,rap,39,71,92,58,92
Real Muthaphuckkin' G's,Eazy-E,rap,69,72,85,78,171
Purple Pills,D12,rap,7,77,63,75,125
That's That S*** - Radio Edit,Snoop Dogg,rap,25,87,64,71,82
Dopeman - Remix,N.W.A.,rap,50,82,57,69,176
Fuck Tha Police,N.W.A.,rap,57,85,84,74,99
Bankster,AK Ausserkontrolle,rap,37,51,78,56,144
Wahre Begebenheiten (feat. AK Ausserkontrolle),18 Karat,rap,49,71,71,48,186
MS Siskat,AJÉ,rap,0,79,49,9,124
36 Bars Reloaded,Mosh36,rap,0,55,58,30,178
Königsaura,Kollegah,rap,15,42,86,36,93
Großstadtdschungel,Miami Yacine,rap,43,78,71,18,118
Patte fließt,Azet,rap,52,70,68,56,93
Meister Yoda,Azet,rap,49,87,51,50,134
Fast Life,Azet,rap,56,74,64,60,98
Gjynah,Azet,rap,43,69,79,43,120
Ich komm allein,Olexesh,rap,9,79,73,49,117
Verkauft,RAF Camora,rap,48,77,78,39,108
Balenciaga,Ufo361,rap,50,76,55,18,137
Bossaura - Remastered,Kollegah,rap,0,59,78,33,88
My Mind Playin Tricks On Me,Geto Boys,rap,0,89,62,44,94
Been There Done That,Dr. Dre,rap,39,49,72,53,86
This D.J.,Warren G,rap,64,80,44,58,92
I Ain't Mad At Cha,2Pac,rap,58,75,68,67,85
Gz And Hustlas (feat. Nancy Fletcher),Snoop Dogg,rap,56,65,81,79,92
Face Down,Mustard,rap,0,77,68,70,97
m.A.A.d city,Kendrick Lamar,rap,67,49,73,22,91
Hookah,Tyga,rap,2,86,48,21,95
Digits,Young Thug,rap,68,77,63,29,132
Skateboard P,MadeinTYO,rap,55,84,50,32,151
Yeah Ya Know (Takers),T.I.,rap,35,46,90,24,140
Money Longer,Lil Uzi Vert,rap,76,80,57,48,136
Bout Me (feat. Problem & Iamsu),Wiz Khalifa,rap,43,80,83,32,100
Three,Future,rap,52,72,69,30,169
Bank Account,21 Savage,rap,6,88,35,38,75
Rap Saved Me,21 Savage,rap,67,84,40,15,143
The Ringer,Eminem,rap,75,94,55,42,119
Captain (feat. Smokepurpp) - Remix,Wiz Khalifa,rap,54,89,56,44,122
On the River,Young Dolph,rap,57,86,39,10,140
Brigada (Epilogue),Alexey Shelygin,rap,0,35,38,41,77
Валим,Nurminsky,rap,47,82,78,69,142
Колибри,Kavabanga Depo Kolibri,rap,53,57,52,78,156
Пацанская,НЕ.KURILI,rap,20,66,80,55,80
Сарума,Kaspiyskiy Gruz,rap,21,65,77,56,82
Уйду с мыслями,Nurminsky,rap,33,85,78,83,80
Мне бы в небо (feat. Руслан Черный),StaFFord63,rap,24,74,62,61,78
Ламбада,N1NT3ND0,rap,17,84,66,72,85
Осень,Basta,rap,33,71,65,88,92
"Ой, мороз",Kaspiyskiy Gruz,rap,29,72,37,46,81
По ресторанам,Kaspiyskiy Gruz,rap,27,62,51,57,150
Свобода (Feat Alesh),Simaga,rap,19,69,65,56,88
За туманами,Litvinenko,rap,34,87,72,51,126
Guilty Conscience,Eminem,rap,4,75,78,49,91
2 Of Amerikaz Most Wanted,2Pac,rap,54,85,88,84,99
Get Money,Junior M.A.F.I.A.,rap,58,73,83,89,91
Late Night Hype,Compton's Most Wanted,rap,49,86,29,73,94
We Can Freak It,Kurupt,rap,53,78,58,58,99
I Get Around,2Pac,rap,69,85,42,64,96
2 Of Amerikaz Most Wanted - (Explicit),2Pac,rap,1,71,90,82,198
SOLVED THE PROBLEM,Comethazine,rap,68,94,70,68,98
Shotta Flow 2,NLE Choppa,rap,70,75,53,39,132
Walk,Comethazine,rap,75,83,80,74,160
BLOCC IS HOT,NLE Choppa,rap,50,75,87,85,166
Straight Thru,Quin Nfn,rap,54,95,33,42,125
BIRDBOY,NLE Choppa,rap,52,86,43,53,123
GUMMO,6ix9ine,rap,0,69,78,68,78
Thuggish Ruggish Bone,Bone Thugs-N-Harmony,rap,1,68,74,65,130
Regulate,Warren G,rap,0,85,50,77,95
Been Around the World (feat. The Notorious B.I.G. & Mase),Diddy,rap,58,82,53,73,99
Hail Mary,2Pac,rap,1,79,63,38,82
Can't Nobody Hold Me Down (feat. Mase),Diddy,rap,59,93,77,68,94
Hypnotize - 2007 Remaster,The Notorious B.I.G.,rap,68,90,69,63,94
Going Back To Cali,The Notorious B.I.G.,rap,1,88,55,57,99
Wanna Be A Baller,Lil' Troy,rap,63,87,65,63,92
Tha Crossroads,Bone Thugs-N-Harmony,rap,4,68,43,56,144
Feel so Good,Mase,rap,64,82,70,54,105
Sound of da Police,KRS-One,rap,62,79,95,32,95
Ileso,Control Machete,rap,30,48,90,51,89
Un Par De Balas,C-Kan,rap,57,82,81,79,172
Super MC's,Cartel De Santa,rap,41,88,75,55,92
Here Come the Horns,Delinquent Habits,rap,43,84,63,56,102
The Kind,Delinquent Habits,rap,19,69,84,42,97
No Hay Falla,TREN LOKOTE,rap,37,78,66,94,166
Conexión Vieja Escuela (feat. Sinful),Cartel De Santa,rap,43,73,68,55,96
Highlife,Cypress Hill,rap,33,70,80,73,109
Grita,Control Machete,rap,27,65,95,51,89
Adictos Por R.a.P,Maniako,rap,9,64,85,88,154
Nos Llaman Malandros,Berbal La 4 Verde,rap,0,80,69,88,170
Hola,Damaco,rap,17,78,73,56,132
Alcoholizados,La Santa Grifa,rap,50,69,72,59,75
Pow Wow Wow,Aleman,rap,24,75,66,73,83
Rivera Loca,Zimple,rap,0,70,85,46,168
Brand New,$ANFI,rap,16,72,71,24,77
I Felt Nothing,Prince of falls,rap,45,86,37,44,120
Irrelevant,Somber,rap,26,80,44,32,127
Wasting My Time,Tvbuu,rap,15,60,83,52,176
INSIDE,Night Lovell,rap,45,86,35,7,123
Laps,Zotiyac,rap,36,76,45,11,140
King Tulip,$uicideBoy$,rap,62,58,58,28,121
War in the East,Anonymuz,rap,27,82,61,32,120
Midnight Marauder,Ramirez,rap,40,70,90,68,175
LTE,$uicideBoy$,rap,66,78,49,4,106
Rxdical Forever,Anonymuz,rap,43,63,71,21,140
McDonalds Rich,SAINt JHN,rap,50,85,80,81,156
T.R.U. (Totally Rotten Underground),$uicideBoy$,rap,55,69,71,28,138
Troll Under the Bridge,gizmo,rap,30,74,93,18,125
Hades,Ghostemane,rap,56,83,59,33,113
Hold Uh,gizmo,rap,0,84,63,22,115
WhatWasThat,BONES,rap,0,72,52,13,100
Nightmare Choir (I Been Asleep Too Long),$uicideBoy$,rap,49,78,90,46,130
Exsanguination,Killstation,rap,38,61,66,6,117
who is he,Auxxk,rap,43,47,84,24,72
Antarctica,$uicideBoy$,rap,0,73,63,32,106
O Pana!,$uicideBoy$,rap,68,80,50,18,115
Goosebumps,$uicideBoy$,rap,49,89,74,44,130
Sea Sick,Fat Nick,rap,50,83,77,55,150
Scrying Through Shattered Glass,Ghostemane,rap,50,49,70,7,155
As Above so Look out Below,Ghostemane,rap,49,71,84,4,150
Blood,Thepoolboi,rap,40,84,71,4,120
ANSIA NO,FSK SATELLITE,rap,76,82,68,71,160
Pookie (feat. Capo Plaza) - Remix,Aya Nakamura,rap,76,84,62,51,98
Candy,VillaBanks,rap,70,95,59,63,103
Tutto apposto (feat. Capo Plaza),Philip,rap,63,70,62,55,140
48H (feat. Sfera Ebbasta),Izi,rap,68,76,50,60,150
Mea Muri Tu (feat. MV Killa & Yung Snapp),Vale Lambo,rap,45,70,68,59,112
American Pie,Xamã,rap,66,58,47,32,130
Kallidade,Kalli,rap,69,78,48,30,100
Surtada,Neo Beats,rap,68,76,47,76,77
Multiplica,Meno Tody,rap,59,77,55,20,83
Malvadão 2,Xamã,rap,63,88,60,91,130
Tipo uma Glock,Jovem Dex,rap,61,88,56,46,140
Cabelinho Disfarçado,Bonde R300,rap,51,90,60,39,132
Plaqtudum,Recayd Mob,rap,67,89,74,7,122
Kylie Jenner,Derek,rap,54,87,67,39,140
Scotch,Sidoka,rap,60,63,67,18,130
Subiendo De Nivel,Jhay Cortez,rap,58,66,56,30,163
Suave - Remix,Jey Blessing,rap,70,67,69,78,176
Días Lluviosos (with Lenny Tavarez),Juhn,rap,69,81,57,54,140
YO LE LLEGO,J Balvin,rap,74,78,79,53,155
Deja Que Fluya,Lary Over,rap,64,63,59,36,172
Hennessy,Neutro Shorty,rap,61,72,51,38,136
Por Ley,Anuel AA,rap,65,73,83,47,138
El Día Que Muera,Ñejo,rap,51,84,57,46,146
Bipolar,Chris Jeday,rap,67,80,69,42,152
NICKI,Trill Pem,rap,66,79,52,7,137
PLIK,DZIARMA,rap,56,80,46,29,120
tęczowy music box,chillwagon,rap,59,68,72,84,147
Gwiazda,Mr. Polska,rap,55,93,60,57,125
BlaBlaCar (feat. Malik Montana),DMN,rap,55,80,66,69,166
Ucieknij ze mną,Żabson,rap,52,71,70,43,170
hot coffee,schafter,rap,63,74,58,50,144
Promienie Słońca,Young Igi,rap,52,79,60,66,150
Jagodzianki (prod.by Abel de Jong),Malik Montana,rap,62,96,66,80,127
Bonnie & Clyde,BLACHA,rap,48,76,63,26,97
Ghetto Flex,Kabe,rap,53,80,70,54,140
Dvd,Mlodyskiny,rap,55,82,49,66,85
Superman,Kubi Producent,rap,51,77,76,67,154
Noc,White 2115,rap,45,70,68,52,94
"Polimá Westcoast: Bzrp Music Sessions, Vol. 19",Bizarrap,rap,70,93,41,45,120
Mentira,Kinder Malo,rap,55,65,46,53,140
Cara de Diablo,Midel,rap,66,79,72,56,75
"Aleman: Bzrp Music Sessions, Vol. 15",Bizarrap,rap,77,81,88,65,127
A Punta de Espada,Duki,rap,41,80,64,49,90
"¿CÓMO TE VA, QUERIDA?",Rels B,rap,69,93,55,93,142
TRAPPERZ A Mafia Da Sicilia (feat. MC Davo & Fuego),Felp 22,rap,63,77,58,33,90
"Pekeño 77: Bzrp Music Sessions, Vol. 5",Bizarrap,rap,42,80,82,68,130
La Clase,Cazzu,rap,61,85,56,30,131
Humo en la Trampa,Aleman,rap,67,92,54,66,129
Disconnected,Lucchii,rap,36,51,88,32,128
Better Times,Psylla,rap,10,30,68,33,105
Lies - ATLAST Remix,KLOUD,rap,42,49,78,26,92
Sacrifice,Hex Cougar,rap,47,45,62,4,140
Awake,TWO LANES,rap,42,50,59,17,160
Keep Working,Vaski,rap,45,70,68,27,100
Out of Sight,N3WPORT,rap,49,37,76,20,170
Breathe,T-Mass,rap,32,51,85,23,160
The Voices,dreamEater,rap,48,41,85,15,180
Dance Monkey,Coopex,rap,57,57,77,24,98
Pull Me In,Inukshuk,rap,42,26,76,23,172
Lovely,Midsplit,rap,53,62,49,26,115
Eternal,Ericovich,rap,40,46,83,34,160
Believe I'm Leaving,Egzod,rap,49,47,80,24,78
Damage,Outr3ach,rap,42,60,56,24,75
Loco por Verte,Los Hitmen,rap,66,77,52,44,160
"BOTA FUEGO (feat. Dímelo Flow, Justin Quiles & Lenny Tavárez",Mau y Ricky,rap,75,70,89,66,176
Nadie Como Tu,Amenazzy,rap,67,69,84,75,105
TE SUPERÉ,Becky G,rap,67,74,78,70,176
Tu Boca,Beéle,rap,56,83,60,69,95
MIAmi Ye,Roco,rap,52,82,86,57,100
Nivel,Lucho SSJ,rap,59,72,56,86,150
Te Traje Flores,Duki,rap,62,83,79,65,100
Calle 2 - Remix,FMK,rap,63,68,51,45,130
"Buenos Aires (feat. Khea, Bhavi)",Seven Kayne,rap,61,70,59,55,160
Glitter,Bhavi,rap,55,83,49,38,123
Ice,Ecko,rap,1,85,77,33,135
Ponte Pa' Mi (feat. Eladio Carrion),Neo Pistea,rap,49,72,57,81,140
Break of Dawn - Duke & Jones Remix,Yellow Claw,rap,49,77,75,21,145
GERONIMO (feat. Ace Hood),BLVK JVCK,rap,49,72,91,48,145
Reach For Me,Party Favor,rap,43,42,83,7,82
The Machine,Take/Five,rap,44,68,70,22,140
Earthquake,Marshmello,rap,59,45,97,43,75
Get Low,Fabian Mazur,rap,47,84,75,58,97
Life,Noise Cans,rap,50,66,93,87,160
Butterfly Effect,DJ Snake,rap,54,22,64,4,150
Fright,Dav the Ninja,rap,35,71,56,24,80
Anymore,Brevis,rap,39,58,71,29,140
Legacy,Onur Ormen,rap,5,59,58,12,140
UNDERGRND,UZ,rap,41,86,53,36,140
All About It (GTA & Cimo Fränkel),Good Times Ahead,rap,36,50,91,71,156
Show You,Noah Neiman,rap,35,72,95,71,110
The Cat,Eprom,rap,42,64,19,4,130
Flashbacks,Marshmello,rap,52,58,90,43,142
Fogo de Chão,Costa Gold,rap,57,90,83,71,125
Pianista da Rua 6,Tribo da Periferia,rap,62,70,50,35,140
Eu Tenho Drip,Derek,rap,57,88,40,48,122
Fé Pros Real,Kalli,rap,48,73,71,28,110
Divisor de Águas,Zeus,rap,38,88,64,56,130
Popeye,MC Igu,rap,52,87,43,52,140
Privê,Thiaguinho MT,rap,42,80,55,39,100
Deus e família,Delano,rap,64,71,63,59,120
TBT,Caverinha,rap,35,95,49,18,105
Sua Amiga Vai Querer,Funk-Se,rap,35,95,52,67,130
Pode Confiar,Mc Leo da Baixada,rap,34,60,68,46,90
Nossa Que Isso (feat. Mc Rebecca & MC Rogê),WC no Beat,rap,58,80,72,74,97
Em Off,Matheus Queiroz,rap,37,58,49,45,130
Plaqtudum - Tropkillaz Remix,Recayd Mob,rap,39,85,84,56,130
Trabalho Lindo,WC no Beat,rap,41,53,57,81,88
Estamos Bien,Bad Bunny,rap,10,79,56,47,120
Es Mejor,Rels B,rap,52,83,61,55,152
Perdóname,FMK,rap,61,70,41,12,130
She Don't Give a Fo,Duki,rap,71,85,56,34,120
"B.U.H.O (feat. Duki, Klave)",Midel,rap,59,90,72,51,128
Te Necesito,Bhavi,rap,56,80,69,52,123
High,Brytiago,rap,1,82,69,66,75
Galbi,Amorf,rap,5,44,59,24,150
Mirage,Nextro,rap,34,43,75,9,127
Token Baashi,CryJaxx,rap,0,67,90,23,150
Outlaws,Adro,rap,35,61,88,16,80
Sailor Mars,AxLi,rap,35,49,84,36,160
Maqlooba,VFM Style,rap,30,50,73,19,150
Leil Nhar,AxLi,rap,40,56,46,22,132
Magenta Riddim,DJ Snake,rap,15,60,90,59,102
only one,Promoting Sounds,rap,48,57,54,6,170
IT WAS ALL A LIE,Dutch Revz,rap,41,71,55,36,165
Without You,Promoting Sounds,rap,59,64,65,23,140
Flyaway,911headcase,rap,34,70,32,36,130
Bandit (with YoungBoy Never Broke Again),Juice WRLD,rap,92,47,63,42,180
Worst Day of My Life,Cal Scruby,rap,57,97,58,86,119
Lil Mama,Miles Wesley,rap,61,67,69,43,123
Did It Again,Lil Tecca,rap,41,70,57,23,149
Time In,Billy Marchiafava,rap,49,78,52,44,158
crash my whip,iann dior,rap,66,70,57,17,90
Alone,Lund,rap,64,74,36,4,120
Hostage,Unodavid,rap,3,70,39,51,160
Love Me,Lil Tecca,rap,13,71,37,83,204
Visão,2STRANGE,rap,24,74,66,54,78
Bipolar,Bonde R300,rap,37,90,44,26,118
DXAVADIN,NONSENSE,rap,31,74,58,59,120
Padrinhos Mágicos,Ecologyk,rap,42,76,93,86,128
Nd Bem/Tudo Bem,Raffé,rap,34,82,65,57,114
Tudo por Causa de Mim,UCLÃ,rap,37,76,83,40,105
Bonnie Clyde,Skinny D RDT,rap,26,87,30,39,131
HyperParadise - Flume Remix,Hermitude,rap,60,60,83,31,145
Dum Dee Dum - JiKay Remix,Keys N Krates,rap,56,78,85,49,100
New Rules - Alison Wonderland Remix,Dua Lipa,rap,53,58,59,25,128
Blame,Ekali,rap,59,62,68,12,92
Thief,Ookay,rap,64,57,80,21,150
Revolution (Unlike Pluto Remix) [feat. Faustix & Imanos and ,Diplo,rap,39,62,67,15,149
The Drop,Bro Safari,rap,53,69,88,53,170
Wild Thoughts - Medasin Dance Remix,DJ Khaled,rap,53,50,70,42,180
Sleepy Eyes,Elohim,rap,11,61,74,49,97
Let Me Love You - Marshmello Remix,DJ Snake,rap,0,66,83,23,120
You - Brillz Remix,Galantis,rap,31,55,85,13,140
Sunset Lover,Petit Biscuit,rap,72,78,52,25,91
Side Effects - Nolan van Lith Remix,The Chainsmokers,rap,36,55,94,52,145
Something About You - ODESZA Remix,Hayden James,rap,63,70,67,10,105
Limelight (NGHTMRE Remix),Just A Gent,rap,60,57,58,29,145
Agradable - Remix,Jeeiph,rap,45,84,58,77,123
CANGURO,WOS,rap,76,60,75,93,164
Paranoia,Frijo,rap,54,83,58,66,120
Pocas Horas,Alejo Park,rap,0,79,54,77,140
Makina de Armado,Duki,rap,1,77,93,90,100
Tan Bien (feat. Agus Padilla),Lit Killah,rap,61,78,76,38,105
Como Le Digo,Khea,rap,3,69,38,19,130
S.A.D,Khea,rap,0,86,31,77,120
Y Si Te Vas,Duki,rap,0,71,44,48,127
DESPUES QUE TE PERDI,Jon Z,rap,65,76,81,60,109
No Pensarte,Myke Towers,rap,0,74,66,53,180
Good Vibes,Fuego,rap,60,82,63,18,100
Desperte Sin Ti (Remix),Noriel,rap,60,74,62,20,115
No Te Hagas,Jory Boy,rap,67,75,69,43,132
Olvidarte,Eladio Carrion,rap,0,83,39,40,150
Nada más que hablar,Chita,rap,48,70,55,13,76
Neón,M4gna,rap,20,74,53,46,160
Imaginate,Rich Music LTD,rap,76,69,75,67,170
Party (feat. A Boogie Wit da Hoodie),Paulo Londra,rap,74,91,67,79,106
Prohibido (feat. Bad Bunny),Lary Over,rap,0,84,43,26,130
Demasiado Loco,Paulo Londra,rap,68,82,38,40,85
Soltera - Remix,Lunay,rap,85,80,78,80,92
HP,Maluma,rap,23,84,79,62,92
Como Antes,Bad Bunny,rap,70,77,38,25,104
Amanece,Anuel AA,rap,80,79,63,89,94
Pasado y Presente,Ozuna,rap,64,88,70,97,128
Vamos Pa' La Calle,Bad Bunny,rap,3,73,88,78,88
HIGHEST IN THE ROOM (feat. ROSALÍA & Lil Baby) - REMIX,Travis Scott,rap,89,56,49,11,153
Hot (Remix) [feat. Gunna and Travis Scott],Young Thug,rap,86,84,63,55,112
Babushka Boi,A$AP Rocky,rap,77,90,74,90,135
Sextasy,Swae Lee,rap,68,78,42,26,148
Wish Wish (feat. Cardi B & 21 Savage),DJ Khaled,rap,73,86,67,85,145
Red Room,Offset,rap,67,94,56,52,112
Grammys,Drake,rap,1,71,44,12,145
No Stylist,French Montana,rap,76,76,70,50,147
Narcos,Migos,rap,3,94,59,24,125
monster,21 Savage,rap,72,89,61,22,134
Drip Too Hard,Lil Baby,rap,12,90,65,40,113
Welcome To The Jungle,Guns N' Roses,rock,78,45,95,33,123
Knockin' On Heaven's Door,Guns N' Roses,rock,13,50,74,38,132
Live And Let Die,Guns N' Roses,rock,9,26,79,25,152
Since I Don't Have You,Guns N' Roses,rock,4,26,65,24,69
Right Next Door To Hell,Guns N' Roses,rock,3,37,99,15,101
Raw Power,Guns N' Roses,rock,46,31,100,38,181
This I Love,Guns N' Roses,rock,58,26,44,13,92
Sleeping Child - 2014 Remastered Version,Michael Learns To Rock,rock,40,74,51,90,93
Paint My Love - 2014 Remastered Version,Michael Learns To Rock,rock,37,58,51,25,142
Jealous Guy - Remastered 2010,John Lennon,rock,66,49,39,25,131
Woman,John Lennon,rock,1,59,66,75,80
Watching The Wheels,John Lennon,rock,0,61,61,27,83
Listen To What The Man Said - Remastered 2014,Wings,rock,29,50,62,62,113
(Just Like) Starting Over,John Lennon,rock,1,70,79,42,99
Not Guilty - 2004 Mix,George Harrison,rock,34,71,30,28,113
Silly Love Songs - Remastered 2014,Wings,rock,53,74,47,82,125
Here Today - Remixed 2015,Paul McCartney,rock,1,24,20,33,165
Sweet Dancer,Mr Absolutt,rock,0,77,77,83,110
Never Ending Summer I,オメガトライブ,rock,23,66,81,44,138
Paddling To You,オメガトライブ,rock,25,64,72,57,150
ROLLING MEMORIES,Kiyotaka Sugiyama,rock,26,68,50,83,132
霧のDOWN TOWN,オメガトライブ,rock,28,63,67,52,115
First Finale,オメガトライブ,rock,17,40,55,30,74
Route 134,オメガトライブ,rock,24,59,90,61,160
Riverside Hotel,オメガトライブ,rock,32,61,77,63,127
Because,オメガトライブ,rock,16,70,87,66,113
Still In Love,Shuya Okino,rock,0,67,73,74,121
Midnight Rendezvous,CASIOPEA,rock,0,68,46,47,96
The Soundgraphy,CASIOPEA,rock,0,74,67,72,112
Coast to Coast,CASIOPEA,rock,0,56,62,77,133
Paradise,T-SQUARE,rock,0,60,69,34,127
Crush,Beckett,rock,37,71,55,59,113
Wake Me When It's Over,The Cranberries,rock,44,44,78,48,184
Summer Song,The Cranberries,rock,38,60,92,62,138
Zombie,The Cranberries,rock,80,31,64,30,167
Twenty One,The Cranberries,rock,49,58,36,9,120
Linger,The Cranberries,rock,75,44,43,20,95
Daffodil Lament,The Cranberries,rock,46,17,43,6,175
Linger - Acoustic Version,The Cranberries,rock,0,42,54,8,92
Heaven Is,Def Leppard,rock,31,58,93,79,119
Rock Of Ages,Def Leppard,rock,43,71,78,64,106
St. Elmos Fire (Man in Motion),John Parr,rock,68,61,60,47,111
Oh Sheila,Ready For The World,rock,51,80,58,84,129
"Axel F - From ""Beverly Hills Cop"" Soundtrack",Harold Faltermeyer,rock,38,80,63,55,117
No More Lonely Nights,Paul McCartney,rock,37,32,43,45,177
I'm On Fire,Bruce Springsteen,rock,17,62,27,84,88
Broken Wings,Mr. Mister,rock,65,29,47,45,99
Friends And Lovers (feat. Gloria Loring),Carl Anderson,rock,34,39,31,16,81
I Can't Wait,Nu Shooz,rock,2,77,79,96,104
Conga,Miami Sound Machine,rock,56,79,66,86,122
"If You Leave - From ""Pretty In Pink""",Orchestral Manoeuvres In The Dark,rock,42,64,76,91,120
"Living in America - From ""Rocky IV"" Soundtrack",James Brown,rock,55,75,85,76,114
Election Day,Arcadia,rock,24,72,55,48,111
I Wanna Dance with Somebody (Who Loves Me),Whitney Houston,rock,2,71,82,87,119
Don't Dream It's Over,Crowded House,rock,23,44,42,55,82
Control,Janet Jackson,rock,44,78,79,64,120
Nueva Ola (El Neon De Color Rosa) - Live,Miguel Rios,rock,0,32,92,44,184
Banzai - Live,Miguel Rios,rock,0,25,95,44,184
Homenaje A Miguel - Live,Miguel Rios,rock,0,19,42,7,63
La Basca Vacila - Live,Miguel Rios,rock,0,44,91,52,155
Todo a Pulmon,Miguel Rios,rock,47,44,41,41,64
Dancing With The Moonlit Knight - Remastered 2008,Genesis,rock,48,30,54,20,83
In The Land Of Grey & Pink,Caravan,rock,0,70,30,61,85
Can't Take It with You,The Alan Parsons Project,rock,29,49,58,35,125
Trains,Porcupine Tree,rock,54,46,78,22,174
Hypocrites,Dave Kerzner,rock,7,49,61,52,133
Where Are You Now,Bjørn Riis,rock,0,32,22,6,143
How Did It Come to This?,Arena,rock,32,40,45,28,75
Perfect Love Song,Squackett,rock,3,44,68,16,120
The Second Brightest Star,Big Big Train,rock,30,29,14,11,145
Blackest Eyes,Porcupine Tree,rock,51,50,84,14,95
Migration - Instrumental Album Version,Camel,rock,0,51,78,91,159
Soldier of Fortune,Deep Purple,rock,50,46,40,24,133
Every Rose Has Its Thorn - Remastered 2003,Poison,rock,71,53,64,29,140
Have You Ever Seen The Rain,Creedence Clearwater Revival,rock,78,74,70,77,116
La Grange - 2005 Remaster,ZZ Top,rock,74,55,64,61,81
"Another Brick in the Wall, Pt. 2",Pink Floyd,rock,76,69,39,72,104
Walk This Way,Aerosmith,rock,65,63,78,87,109
Beast Of Burden - Remastered,The Rolling Stones,rock,18,79,87,86,101
Brown Eyed Girl,Van Morrison,rock,79,49,58,91,151
The Joker,Steve Miller Band,rock,19,60,45,80,83
Foreplay / Long Time,Boston,rock,11,44,66,21,119
Molly (feat. Brendon Urie of Panic at the Disco),Lil Dicky,rock,70,83,51,40,115
Under Pressure - Remastered,Queen,rock,35,67,71,47,114
Simple Man,Lynyrd Skynyrd,rock,9,46,73,42,121
Money - 2011 Remastered Version,Pink Floyd,rock,15,47,54,78,124
Iron Man - 2014 Remaster,Black Sabbath,rock,66,34,79,42,156
Mississippi Queen,Mountain,rock,68,58,62,64,140
Take The Money And Run,Steve Miller Band,rock,67,56,64,84,99
Magic,Coldplay,rock,72,74,48,36,93
O,Coldplay,rock,63,23,22,6,92
Right Down the Line,Gerry Rafferty,rock,65,78,32,77,128
You Take My Breath Away,Rex Smith,rock,0,32,60,28,141
You're No Good,Linda Ronstadt,rock,59,67,52,63,105
Goodbye Girl,David Gates,rock,58,47,26,24,120
Haven't Got Time for the Pain,Carly Simon,rock,34,55,36,63,106
Long Cool Woman (In a Black Dress) - 2003 Remaster,The Hollies,rock,37,76,87,78,139
Hot Legs,Rod Stewart,rock,53,71,91,97,113
I Only Want to Be with You,Bay City Rollers,rock,31,58,92,90,132
Suffragette City - 2002 Remastered Version,David Bowie,rock,0,42,87,76,143
Feelin' Alright,Joe Cocker,rock,0,54,84,92,90
Reelin' In The Years,Steely Dan,rock,1,52,78,74,135
Cinnamon Girl,Neil Young,rock,0,64,79,74,105
Cars,Gary Numan,rock,7,49,60,73,128
How Deep Is Your Love (2007 Remastered Saturday Night Fever ,Bee Gees,rock,14,63,36,68,105
Baker Street,Gerry Rafferty,rock,69,50,35,42,114
Black Horse And The Cherry Tree,KT Tunstall,rock,59,75,79,92,105
It's Been Awhile,Staind,rock,54,51,77,8,117
Song to Say Goodbye,Placebo,rock,57,44,89,44,165
Dirty Harry,Gorillaz,rock,65,62,88,86,192
Bad Love,Eric Clapton,rock,46,56,86,43,125
Consolation Prizes,Phoenix,rock,43,71,61,90,102
Smile,Lily Allen,rock,64,63,64,73,96
Lonely No More,Rob Thomas,rock,56,55,90,86,172
The Drugs Don't Work,The Verve,rock,11,44,50,16,77
L'indécision,Da Silva,rock,0,67,61,91,142
Still Waiting,Sum 41,rock,69,43,95,56,192
I Wanna Be Your Dog,The Stooges,rock,61,53,87,11,121
Love Song,Sara Bareilles,rock,75,58,79,57,123
Nine in the Afternoon,Panic! At The Disco,rock,55,25,80,39,155
The Kill,Thirty Seconds To Mars,rock,71,31,91,30,183
Ending Story??,ONE OK ROCK,rock,40,35,92,41,175
One Way Ticket,ONE OK ROCK,rock,53,72,74,53,98
Fight the Night,ONE OK ROCK,rock,42,31,63,17,135
Liar - Remastered 2011,Queen,rock,35,22,78,27,79
Procession - Remastered 2011,Queen,rock,33,42,7,44,59
Nevermore - Remastered 2011,Queen,rock,35,37,40,18,118
Flick Of The Wrist - Remastered 2011,Queen,rock,35,34,83,55,148
Misfire - Remastered 2011,Queen,rock,32,61,84,96,126
You're My Best Friend - Remastered 2011,Queen,rock,65,51,76,55,119
Good Company - Remastered 2011,Queen,rock,44,49,41,54,184
You And I - Remastered 2011,Queen,rock,34,53,87,54,134
We Will Rock You - Remastered,Queen,rock,79,69,50,48,81
Who Needs You - Remastered 2011,Queen,rock,39,86,38,91,121
If You Can't Beat Them - Remastered 2011,Queen,rock,40,43,77,66,140
Leaving Home Ain't Easy - Remastered 2011,Queen,rock,37,52,45,22,108
Crazy Little Thing Called Love - Remastered 2011,Queen,rock,74,60,76,71,77
Staying Power - Remastered 2011,Queen,rock,38,82,86,49,115
Calling All Girls - Remastered 2011,Queen,rock,35,61,72,62,138
Te Para Tres,Soda Stereo,rock,0,42,24,21,100
De Música Ligera (Live),Soda Stereo,rock,0,32,86,24,124
Paseando Por Roma - Remasterizado 2007,Soda Stereo,rock,41,46,79,34,128
Home Sweet Home,Mötley Crüe,rock,70,40,78,15,76
Riot Rhythm,Sleigh Bells,rock,42,70,83,65,170
Gold on the Ceiling,The Black Keys,rock,69,50,83,56,130
More Than a Feeling,Boston,rock,78,38,68,29,109
(Don't Fear) The Reaper,Blue Öyster Cult,rock,75,33,93,38,141
Heat Of The Moment,Asia,rock,66,32,84,54,136
The Boys Are Back In Town,Thin Lizzy,rock,74,44,71,77,81
Doctor Doctor - 2007 Remaster,UFO,rock,60,30,80,56,143
Love Hurts,Nazareth,rock,58,48,33,14,80
Valerie,Steve Winwood,rock,65,72,53,73,116
Funk #49,James Gang,rock,57,65,94,72,91
Lady In Black,Uriah Heep,rock,56,55,70,57,87
Nights In White Satin - Single Version / Mono Mix,The Moody Blues,rock,67,20,48,17,85
Fantasy,Aldo Nova,rock,51,52,88,37,131
Don't Know What You Got (Till It's Gone),Cinderella,rock,61,38,54,23,132
Hotel California - 2013 Remaster,Eagles,rock,82,58,51,61,147
When I See You Smile,Bad English,rock,64,50,61,33,136
Amanece,Caifanes,rock,47,55,93,41,110
De Noche Todos los Gatos Son Pardos,Caifanes,rock,46,38,62,15,192
Afuera,Caifanes,rock,71,49,55,70,126
Under Pressure - Remastered,Queen,rock,59,66,71,53,113
(I Can't Get No) Satisfaction - Mono Version,The Rolling Stones,rock,76,72,86,93,136
I Saw Her Standing There - Remastered 2009,The Beatles,rock,71,49,80,97,160
I Want To Hold Your Hand - Remastered 2015,The Beatles,rock,74,49,72,87,131
Dust in the Wind,Kansas,rock,77,48,32,39,94
Jump - 2015 Remaster,Van Halen,rock,78,57,84,80,130
"Paint It, Black - Mono",The Rolling Stones,rock,66,50,84,76,160
Honky Tonk Women - Mono Version,The Rolling Stones,rock,66,56,78,97,120
One,U2,rock,77,39,53,32,181
Comfortably Numb,Pink Floyd,rock,74,47,37,17,127
Money - 2011 Remastered Version,Pink Floyd,rock,15,47,54,78,124
Kashmir - 2012 Remaster,Led Zeppelin,rock,63,48,62,59,81
My Sharona,The Knack,rock,73,59,70,90,147
T.N.T.,AC/DC,rock,77,75,76,44,126
My Generation - Mono Version,The Who,rock,56,30,79,72,95
I Love Rock 'N Roll,Joan Jett & The Blackhearts,rock,72,54,72,90,94
Under the Graveyard,Ozzy Osbourne,rock,71,50,88,15,140
American Girl,Tom Petty and the Heartbreakers,rock,5,56,73,82,114
Cover Me,Bruce Springsteen,rock,5,52,78,82,121
Sweet Emotion,Aerosmith,rock,73,38,76,49,99
Use Somebody,Kings of Leon,rock,48,27,76,16,137
Dancing In the Dark,Bruce Springsteen,rock,76,53,94,50,149
"Lola - Live at Providence Civic Center, Providence, RI - Sep",The Kinks,rock,51,49,78,48,81
Black Magic Woman,Santana,rock,61,50,55,63,124
Go Your Own Way - 2004 Remaster,Fleetwood Mac,rock,73,59,94,83,135
Brandy (You're a Fine Girl),Looking Glass,rock,72,72,62,83,125
Honky Tonk Women,The Rolling Stones,rock,2,56,68,97,120
Rock You Like a Hurricane,Scorpions,rock,61,58,83,67,124
Old Time Rock & Roll,Bob Seger,rock,72,71,94,96,124
I Won't Back Down,Tom Petty,rock,71,76,48,96,114
Can't You See,The Marshall Tucker Band,rock,14,41,71,54,164
Limelight,Rush,rock,69,58,85,79,131
Juke Box Hero,Foreigner,rock,67,36,65,52,177
Renegade,Styx,rock,66,49,55,66,106
All Right Now,Free,rock,70,79,47,82,120
Refugee,Tom Petty and the Heartbreakers,rock,63,58,70,76,116
Slow Ride - 45 Version,Foghat,rock,64,49,59,66,114
"Mama, I'm Coming Home",Ozzy Osbourne,rock,69,28,66,24,139
Round and Round,Ratt,rock,63,62,96,40,127
Start Me Up - Remastered,The Rolling Stones,rock,76,63,93,97,122
Nothin' But A Good Time - Remastered 2006,Poison,rock,65,58,97,53,129
Gimme Shelter,The Rolling Stones,rock,75,63,63,49,119
Welcome To The Jungle,Guns N' Roses,rock,19,44,96,34,123
Narda,Kamikazee,rock,58,60,76,31,120
Martyr Nyebera,Kamikazee,rock,54,29,93,38,170
With A Smile,Eraserheads,rock,52,32,48,40,150
Binibini,Brownman Revival,rock,1,64,52,70,74
Stay,Cueshé,rock,57,31,49,16,157
Magpakailanman,Rocksteddy,rock,50,68,56,33,105
Harana,Parokya Ni Edgar,rock,62,58,16,42,151
Gemini,Sponge Cola,rock,49,41,52,18,148
Define,Hilera,rock,40,53,93,46,136
Hello Sunshine,Bruce Springsteen,rock,56,55,44,27,120
Ball and Chain,The Who,rock,33,44,85,27,90
All I Got Is You,Deep Purple,rock,40,38,91,35,78
Down Came the Rain,Electric Light Orchestra,rock,49,55,82,57,114
Cat Fight (Over A Dog Like Me),Stray Cats,rock,31,48,79,64,107
All This Music Must Fade,The Who,rock,33,50,93,50,152
Shut It Down,Neil Young,rock,43,38,58,23,80
Shower the People,James Taylor,rock,52,68,45,57,98
Guitar Man,Bread,rock,64,55,51,51,143
Kiss on My List,Daryl Hall & John Oates,rock,61,82,74,96,121
How Much I Feel,Ambrosia,rock,58,67,51,52,95
Hey Nineteen,Steely Dan,rock,60,95,30,73,120
Any Day Now,Ronnie Milsap,rock,48,70,53,62,103
Baby Come Back,Player,rock,56,64,60,55,156
Key Largo,Bertie Higgins,rock,46,50,66,33,102
Sharing The Night Together,Dr. Hook,rock,63,62,69,76,77
Into The Night,Benny Mardones,rock,51,44,69,51,163
Eye In The Sky,The Alan Parsons Project,rock,67,82,42,52,112
Must Do Something About It - 1993 Digital Remaster,Wings,rock,35,82,36,64,101
Cold as Ice - 2008 Remaster,Foreigner,rock,57,55,71,51,131
Kickstart My Heart,Mötley Crüe,rock,54,36,97,25,179
Bang Your Head (Metal Health),Quiet Riot,rock,24,52,94,49,123
Wheel in the Sky,Journey,rock,51,48,76,40,106
Saturday Night Special,Lynyrd Skynyrd,rock,0,58,58,66,121
"Long, Long Way from Home - 2008 Remaster",Foreigner,rock,34,59,96,44,129
Bad Moon Rising,Creedence Clearwater Revival,rock,0,68,50,96,90
Sharp Dressed Man,ZZ Top,rock,53,65,77,40,125
Lights,Journey,rock,46,19,61,41,206
Listen to the Music,The Doobie Brothers,rock,58,64,53,88,106
Hold the Line,TOTO,rock,75,49,70,78,96
Rock You Like a Hurricane,Scorpions,rock,64,59,89,70,124
Poison,Alice Cooper,rock,70,28,91,26,119
Jessie's Girl,Rick Springfield,rock,63,69,71,84,132
Brown Eyed Girl,Van Morrison,rock,79,49,58,91,151
Owner of a Lonely Heart,Yes,rock,69,74,80,89,125
Long Train Runnin',The Doobie Brothers,rock,71,57,91,84,117
Walk on the Wild Side,Lou Reed,rock,17,56,26,38,104
Thirteen,Vivillain,rock,35,60,93,49,93
Paranoid,Royal Bliss,rock,43,46,94,51,84
Spin Around,The Eiffels,rock,1,62,91,74,129
Anytime Soon,Chris Beer,rock,31,66,44,35,140
Satisfy Me,The Unfits,rock,52,58,58,20,105
Promise Me,Brian Mackey,rock,29,61,82,51,110
Drive Slow,Skrizzly Adams,rock,36,70,35,20,96
New Me Who Dis,Andrew Gialanella,rock,1,68,77,60,162
Addiction,Andrew W. Boss,rock,25,61,94,48,75
My Foolish Heart,Abby K,rock,31,58,50,27,135
Lifeline,Homestead,rock,35,65,63,52,65
Tonight I'm Gonna Rock You Tonight,Spinal Tap,rock,0,40,86,72,92
Do Me Right,Hollis Brown,rock,40,69,68,43,137
Sweet Home Alabama,Lynyrd Skynyrd,rock,4,61,63,93,98
Bad Moon Rising,Creedence Clearwater Revival,rock,5,52,84,94,179
Legs - 2008 Remaster,ZZ Top,rock,59,61,95,76,125
Wang Dang Sweet Poontang,Ted Nugent,rock,17,28,98,57,193
Atlantic City,The Band,rock,61,65,52,72,98
The W.S. Walcott Medicine Show - Alternate Mix/Remastered,The Band,rock,13,65,76,80,99
Fool in the Rain - 2012 Remaster,Led Zeppelin,rock,40,52,91,70,131
Kashmir - 1990 Remaster,Led Zeppelin,rock,69,48,54,58,81
It's Not My Cross To Bear,The Allman Brothers Band,rock,0,41,38,47,128
Can't Take It With You,The Allman Brothers Band,rock,0,44,79,73,96
Saturday Night Special,Lynyrd Skynyrd,rock,0,55,59,56,121
One More Time - Original Version,Lynyrd Skynyrd,rock,0,36,76,78,176
My Best Friend's Girl,The Cars,rock,63,80,61,96,122
Juke Box Hero - 2008 Remaster,Foreigner,rock,42,33,71,52,177
Won't Get Fooled Again - Original Album Version,The Who,rock,2,71,85,31,135
Sweet Child O' Mine,Guns N' Roses,rock,10,45,94,66,125
Like A Rolling Stone - Edit,The Rolling Stones,rock,0,45,91,51,102
Cryin',Aerosmith,rock,30,45,83,52,106
"I Don't Want to Miss a Thing - From ""Armageddon"" Soundtrack",Aerosmith,rock,75,38,66,14,121
Runaway,Bon Jovi,rock,0,47,91,58,152
My Generation - Original Mono Version,The Who,rock,0,38,83,76,96
Another One Bites The Dust,Queen,rock,47,92,39,77,110
Sunshine Of Your Love,Cream,rock,28,69,48,79,115
You Don't Know How It Feels,Tom Petty,rock,64,76,50,84,144
Afe Ato Yen Bio,De Frank Professionals,rock,42,81,86,95,122
Funky Lady,Teddy Chisi,rock,33,71,72,51,128
Changa Namwele,Machine Gunners,rock,30,46,55,79,190
You Are My Heart,Rex Williams,rock,50,66,68,60,98
Acid Rock,The Funkees,rock,9,73,62,94,146
Akwa Kayi Ji Bia Nuwa,The Identicals,rock,0,52,92,91,112
Somebody's Gonna Lose or Win,The Hygrades,rock,8,73,75,70,103
Fafa,Vieux Farka Touré,rock,0,44,61,35,93
You Can't Always Get What You Want,The Rolling Stones,rock,66,32,62,47,86
Stairway to Heaven - Remaster,Led Zeppelin,rock,78,34,34,20,82
Running on Empty - 45 Version,Jackson Browne,rock,64,54,71,59,137
Cherry Bomb,The Runaways,rock,65,50,81,50,137
Saturday Night's Alright (For Fighting),Elton John,rock,41,49,98,96,152
Expecting to Fly,Buffalo Springfield,rock,43,25,35,12,76
The Jean Genie - 2013 Remaster,David Bowie,rock,64,58,57,82,128
Gimme Shelter - Mono,The Rolling Stones,rock,36,64,61,50,119
People Are Strange,The Doors,rock,69,70,47,76,119
Give Blood,Pete Townshend,rock,35,51,79,41,128
Hotel California - 2013 Remaster,Eagles,rock,82,58,51,61,147
Come As You Are,Nirvana,rock,72,50,82,54,120
You Give Love A Bad Name,Bon Jovi,rock,16,53,96,82,123
Smells Like Teen Spirit,Nirvana,rock,14,48,88,83,117
The Passenger,Iggy Pop,rock,21,50,85,74,135
The Boys Are Back In Town,Thin Lizzy,rock,3,44,85,67,81
"Layla - Acoustic; Live at MTV Unplugged, Bray Film Studios, ",Eric Clapton,rock,59,51,39,62,94
Living After Midnight,Judas Priest,rock,63,61,82,82,135
How You Remind Me,Nickelback,rock,78,45,76,54,172
Holy Diver,Dio,rock,65,47,78,12,92
You're All I've Got Tonight,The Cars,rock,46,58,86,66,122
Feel Like Makin' Love (Remastered Album Version),Bad Company,rock,8,56,54,66,85
Give A Little Bit,Supertramp,rock,0,56,45,51,91
She's A Beauty,The Tubes,rock,45,69,79,67,111
Take Me to the River - 2003 Remaster,Talking Heads,rock,37,65,45,86,100
Get Together,The Youngbloods,rock,39,50,42,59,103
"The Rain, The Park & Other Things - Single Version",The Cowsills,rock,40,28,70,54,64
Let's Go Crazy,Prince,rock,24,31,93,38,196
Don't You (Forget About Me),Simple Minds,rock,5,67,70,70,111
In My Life - Remastered 2009,The Beatles,rock,73,69,44,44,103
Brown Eyed Girl,Van Morrison,rock,2,49,58,91,151
Keep It Warm,Flo & Eddie,rock,42,71,40,52,107
Long Tall Sally (The Thing),Little Richard,rock,1,47,60,92,184
I Can't Quit You Baby - 2014 Remaster,Led Zeppelin,rock,40,53,45,54,78
Money - 2011 Remastered Version,Pink Floyd,rock,11,47,54,78,124
Head Over Heels,JD McPherson,rock,37,87,90,93,128
I'm Shakin',Jack White,rock,43,49,78,76,79
"Heartbroken, In Disrepair",Dan Auerbach,rock,44,60,90,93,78
Heavy Is the Head,Zac Brown Band,rock,1,40,93,74,171
Devil's Keep,Tyler Bryant & the Shakedown,rock,1,65,72,33,103
Jailhouse Rock,Elvis Presley,rock,73,65,58,92,167
Livin' Thing,Electric Light Orchestra,rock,14,55,65,37,123
Evil Woman,Electric Light Orchestra,rock,0,70,58,90,120
Sultans of Swing,Dire Straits,rock,35,73,80,92,148
Rocket Man (I Think It's Going To Be A Long Long Time),Elton John,rock,1,62,54,35,137
Bad Moon Rising,Creedence Clearwater Revival,rock,50,63,68,90,90
Born On The Bayou,Creedence Clearwater Revival,rock,0,68,57,56,117
Crocodile Rock,Elton John,rock,3,62,66,97,150
Movin' Out (Anthony's Song),Billy Joel,rock,35,67,89,89,134
Rocky Mountain Way,Joe Walsh,rock,38,47,57,44,86
Joy To The World,Three Dog Night,rock,63,65,68,97,127
Double Vision,Foreigner,rock,52,68,71,77,130
Blue Collar Man (Long Nights),Styx,rock,50,45,60,78,124
Life Is A Highway,Tom Cochrane,rock,62,68,75,84,103
Only the Good Die Young,Billy Joel,rock,56,58,87,76,76
Go Your Own Way - 2004 Remaster,Fleetwood Mac,rock,74,58,95,80,135
Sweet Dreams (Are Made of This) - Remastered,Eurythmics,rock,81,69,71,88,125
The Safety Dance,Men Without Hats,rock,54,78,74,29,100
Beat It - Single Version,Michael Jackson,rock,77,78,87,92,139
Bad - 2012 Remaster,Michael Jackson,rock,67,79,89,39,114
Youth Gone Wild,Skid Row,rock,62,54,72,63,117
Every Little Step,Bobby Brown,rock,56,79,65,94,100
Dance the Night Away - 2015 Remaster,Van Halen,rock,58,55,84,72,130
You've Got Another Thing Coming,Judas Priest,rock,64,52,83,53,138
Common People,Pulp,rock,68,31,80,57,145
Feel the Pain,Dinosaur Jr.,rock,60,34,80,85,132
Suedehead - 2011 Remaster,Morrissey,rock,63,53,99,67,142
I Wanna Be Your Dog - 2019 Remaster,The Stooges,rock,54,52,94,14,121
Heart Of Glass - Special Mix,Blondie,rock,70,69,58,84,114
Santa Monica,Everclear,rock,68,49,94,39,100
Save Me,Aimee Mann,rock,56,62,35,34,143
Always on My Mind,Pet Shop Boys,rock,70,53,78,73,125
Creep,Radiohead,rock,82,52,43,10,92
Alive,Pearl Jam,rock,75,28,88,60,75
Don't Speak,No Doubt,rock,73,52,71,57,76
Uprising,Muse,rock,75,60,90,41,128
Blitzkrieg Bop - 2016 Remaster,Ramones,rock,71,38,78,90,177
Chasing Cars,Snow Patrol,rock,77,56,59,14,104
Constant Craving,k.d. lang,rock,57,60,77,32,128
Black Hole Sun,Soundgarden,rock,49,36,73,16,106
Californication,Red Hot Chili Peppers,rock,81,59,77,33,96
Zombie,The Cranberries,rock,80,31,64,30,167
Wind Of Change,Scorpions,rock,77,45,52,25,152
Stairway to Heaven - Remaster,Led Zeppelin,rock,78,34,34,20,82
Last Kiss,Pearl Jam,rock,70,62,69,77,112
Dust in the Wind,Kansas,rock,77,48,32,39,94
The Sound of Silence - Acoustic Version,Simon & Garfunkel,rock,74,52,22,33,107
You Get What You Give,New Radicals,rock,73,62,90,74,114
Roxanne,The Police,rock,77,62,75,66,134
Smooth (feat. Rob Thomas),Santana,rock,59,61,92,96,116
Hold the Line,TOTO,rock,75,49,70,78,96
The Second You Sleep,Saybia,rock,58,36,45,12,72
Supermassive Black Hole,Muse,rock,73,67,92,78,120
Autumn,Day Felice,rock,39,59,68,69,118
Undisclosed Desires,Muse,rock,65,68,58,64,116
Grayscale,Travel With The Sun,rock,19,60,80,49,135
Mercy,Muse,rock,60,48,93,37,130
Sunburn,Muse,rock,59,47,90,32,93
Icky Thump,The White Stripes,rock,64,42,63,36,98
Army Of Me,Björk,rock,57,46,69,52,172
This Is Love,PJ Harvey,rock,51,59,68,42,112
Vicious,Lou Reed,rock,56,60,85,95,124
Cargo Cult,Mick Harvey,rock,9,30,71,28,152
Somedays,Tess Parks,rock,38,34,62,30,94
Lazarus,David Bowie,rock,61,66,70,51,130
I Wanna Be Your Dog,The Stooges,rock,61,53,87,11,121
Gypsies of the Band,Electric Zoo,rock,11,56,44,75,138
Red Right Hand - From 'Peaky Blinders' Original Soundtrack,PJ Harvey,rock,50,24,7,4,170
Real Love,Inga-Dingo,rock,12,36,83,27,78
Ovation,Pomegranate Tiger,rock,18,36,37,28,109
Snake Eyes,Trouble,rock,27,46,84,45,174
Axolotl,The Veils,rock,33,51,72,16,96
Dancer,Laila,rock,2,26,70,30,174
Scotty Doesn't Know,Lustra,rock,66,32,89,54,174
Lifestyles of the Rich & Famous,Good Charlotte,rock,68,62,93,61,106
"Build God, Then We'll Talk",Panic! At The Disco,rock,59,42,83,45,125
Jenny,The Click Five,rock,59,55,83,63,96
Savin' Me,Nickelback,rock,64,44,82,52,164
All For You,Sister Hazel,rock,63,63,75,64,137
Hey,Pixies,rock,67,59,32,33,100
MMMBop,Hanson,rock,65,68,94,62,105
Hey Leonardo (She Likes Me for Me),Blessid Union Of Souls,rock,50,64,85,63,103
She Hates Me,Puddle Of Mudd,rock,69,58,75,58,110
Numb,Linkin Park,rock,81,50,86,24,110
With Arms Wide Open - New Version With Strings,Creed,rock,60,32,70,16,142
Snow (Hey Oh),Red Hot Chili Peppers,rock,79,43,90,60,105
Take Care of You,Cherokee,rock,48,87,60,55,103
Doing Yoga,Kazy Lambist,rock,58,73,76,32,109
Different State of Mind,Kid Bloom,rock,60,66,39,74,141
Lovesong,The Cure,rock,60,61,81,82,140
This Charming Man - 2011 Remaster,The Smiths,rock,72,61,85,75,104
Shadowplay - 2007 Remaster,Joy Division,rock,59,43,76,12,145
Suedehead - 2011 Remaster,Morrissey,rock,51,53,99,67,142
Just Like Heaven,The Cure,rock,65,43,97,76,151
Unloveable - 2011 Remaster,The Smiths,rock,48,63,52,56,97
Moonage Daydream - 2012 Remaster,David Bowie,rock,68,56,60,75,144
"Head Over Heels - Dave Bascombe 7"" N.Mix",Tears For Fears,rock,64,62,74,64,95
Electricity - 2003 Digital Remaster,Orchestral Manoeuvres In The Dark,rock,55,47,91,53,162
Are 'Friends' Electric?,Tubeway Army,rock,50,42,74,42,94
Wonderful Woman - 2008 Remaster,The Smiths,rock,32,50,85,54,108
The Promise,When In Rome,rock,63,63,88,36,118
Moving in Stereo,The Cars,rock,56,72,54,37,116
The Killing Moon,Echo & the Bunnymen,rock,63,52,85,71,124
Learn to Fly,Foo Fighters,rock,73,46,92,54,136
Lake Of Fire,Nirvana,rock,65,54,62,68,145
With Or Without You - Remastered,U2,rock,24,54,43,12,110
Livin' On A Prayer,Bon Jovi,rock,16,56,69,85,123
Something from Nothing,Foo Fighters,rock,59,23,86,43,187
Big Me - Live,Foo Fighters,rock,1,38,48,35,107
Bliss,Th' Dudes,rock,52,45,61,78,132
Romeo And Juliet,Dire Straits,rock,22,61,44,52,88
Waste A Moment,Kings of Leon,rock,67,44,85,54,153
Be Somebody,Kings of Leon,rock,52,49,84,31,134
Hey There Delilah,Plain White T's,rock,6,66,30,31,104
Free Fallin',Tom Petty,rock,65,62,44,60,84
Scentless Apprentice,Nirvana,rock,0,32,83,57,169
Just Like Heaven,The Cure,rock,70,44,94,48,151
Motorcycle Emptiness,Manic Street Preachers,rock,60,52,80,20,112
Munich,Editors,rock,61,18,88,39,149
Stand Inside Your Love,The Smashing Pumpkins,rock,49,27,76,38,136
Somebody Told Me,The Killers,rock,69,51,98,72,138
Live Forever,Oasis,rock,57,34,78,22,91
Seven Nation Army,The White Stripes,rock,58,75,46,30,124
Stupid Girl,Garbage,rock,47,63,76,66,120
Do I Wanna Know?,Arctic Monkeys,rock,82,55,53,40,85
People Are People,Depeche Mode,rock,60,68,83,81,120
Hold Me Now,Thompson Twins,rock,56,79,52,88,108
Wishful Thinking,China Crisis,rock,53,67,51,96,125
Birds Fly (Whisper to a Scream),The Icicle Works,rock,42,56,76,56,114
Voices Carry,'Til Tuesday,rock,54,58,57,58,105
Karma Chameleon - Remastered,Culture Club,rock,72,67,73,89,92
Shout,Tears For Fears,rock,70,51,94,50,98
Six Two Eight - 628,Europe,rock,44,81,83,90,128
I Go Crazy,Flesh For Lulu,rock,39,63,81,83,127
Come Undone,Duran Duran,rock,66,54,79,71,174
Somebody - Remix,Depeche Mode,rock,36,28,44,46,161
Television / So Far So Good,Rex Orange County,rock,69,40,50,32,165
Sunflower,Rex Orange County,rock,79,38,76,57,130
You Say I'm in Love,Banes World,rock,68,62,28,34,140
Pretty Girls,Michael Seyer,rock,55,58,40,18,137
Breathe (In the Air),Pink Floyd,rock,68,43,38,26,128
Wake Up in the Sky,Gucci Mane,rock,73,80,58,37,143
Cool with You,Her's,rock,66,53,62,55,107
Let Me Entertain You,Robbie Williams,rock,67,48,96,35,125
Love,Zoé,rock,70,69,51,74,79
Souvenir,León Larregui,rock,62,59,58,54,77
You Might Be Sleeping,Jakob Ogawa,rock,27,59,56,51,93
I Think We're Alone Now,Tiffany,rock,68,75,72,94,131
Dancin (feat. Luvli) - Krono Remix,Aaron Smith,rock,84,72,74,36,120
American Idiot,Green Day,rock,78,38,99,77,186
Do You Want To,Franz Ferdinand,rock,59,41,94,76,123
Starman - 2012 Remaster,David Bowie,rock,73,49,45,55,100
Bennie And The Jets - Remastered 2014,Elton John,rock,66,66,67,78,133
All Day and All of the Night,The Kinks,rock,69,55,86,72,137
Stay Free - Remastered,The Clash,rock,45,52,86,67,151
The Boy with the Thorn in His Side - 2011 Remaster,The Smiths,rock,53,51,87,85,119
I Need You - Live,Tom Petty and the Heartbreakers,rock,21,48,81,55,125
Give Me Love (Give Me Peace On Earth),George Harrison,rock,60,37,57,63,81
Out Of Tune,Real Estate,rock,36,41,76,69,121
Handle With Care,Traveling Wilburys,rock,9,68,75,74,115
"Take Me Home, Country Roads - Rerecorded",John Denver,rock,44,26,43,55,164
Close To Me,The Cure,rock,68,72,52,96,185
Romeo and Juliet,Dire Straits,rock,54,60,57,49,87
Stand By Me - Remastered,Oasis,rock,50,19,82,35,170
Always Where I Need To Be,The Kooks,rock,56,33,96,88,168
Who The Fuck Are Arctic Monkeys?,Arctic Monkeys,rock,44,35,90,57,133
Walk Idiot Walk,The Hives,rock,58,62,95,68,146
Don't Look Back In Anger - Remastered,Oasis,rock,63,33,92,34,163
Tongue Tied,Grouplove,rock,78,56,94,37,113
Smells Like Teen Spirit,Nirvana,rock,74,50,91,72,117
Cold Cold Man,Saint Motel,rock,65,61,66,51,111
Last Nite,The Strokes,rock,65,62,90,80,104
Break My Baby,KALEO,rock,63,53,75,41,74
Plastic Dream,The Lizards,rock,15,44,81,54,110
Devil's Basement,Shanghai Treason,rock,6,54,93,62,111
Come To Me,ÄTNA,rock,53,24,77,20,186
Another,Naipia,rock,16,56,52,48,132
Airport,Yammerer,rock,19,49,96,59,102
Ostracised,KOYO,rock,17,49,93,29,127
Island,Kensington,rock,54,62,67,14,140
Robbery,Lime Cordiale,rock,64,69,71,89,153
Living Proof,Des Rocs,rock,43,45,70,48,150
Dancing In The Dark,Lucy Dacus,rock,50,44,76,43,77
Nothing To Lose,DI-RECT,rock,41,62,90,79,152
Glycerine - Remastered,Bush,rock,63,42,34,9,114
Every Breaking Wave,U2,rock,49,67,44,43,115
Just Can't Get Enough - 2006 Remaster,Depeche Mode,rock,61,76,77,92,128
The Perfect Kiss - 2015 Remaster,New Order,rock,50,63,86,80,130
Your Silent Face - 2015 Remaster,New Order,rock,54,64,78,79,118
Love My Way,The Psychedelic Furs,rock,0,67,83,61,126
It's No Good,Depeche Mode,rock,58,60,76,18,99
Domino Dancing,Pet Shop Boys,rock,59,64,92,81,110
Low Life,Crobot,rock,54,55,91,76,76
Killing Me Slowly,Bad Wolves,rock,65,34,89,28,138
SAVAGES,Ice Nine Kills,rock,58,48,99,41,131
History of Violence,Theory of a Deadman,rock,60,59,82,62,82
Native Son,Alter Bridge,rock,32,49,96,13,107
All I Had To Lose (feat. Mark Morales),Mark Morton,rock,44,33,23,41,149
Yuve Yuve Yu (feat. From Ashes to New),The HU,rock,56,55,97,52,132
Beyond The Wave,Of Allies,rock,40,48,90,46,93
Rearview Mirror,Art Of Dying,rock,39,57,94,50,124
Black Flag Army,HELLYEAH,rock,44,54,99,27,140
I Am Broken Too,Killswitch Engage,rock,42,42,97,63,75
Out For Blood,Sum 41,rock,57,55,87,50,140
Bloodline,Northlane,rock,47,52,97,37,97
Save Defiance,Mark Morton,rock,39,36,88,44,175
Lost (feat. Sully Erna),Stitched Up Heart,rock,8,52,97,17,105
Too Much Is Not Enough,Shakra,rock,38,60,93,62,132
Backseat Boogie,Airbourne,rock,45,43,96,50,145
Too Bad,Rival Sons,rock,54,31,86,25,145
Missteria,Gotthard,rock,33,56,86,63,103
So Careless,The Tea Party,rock,41,50,90,57,92
Blackened Eyes,Hank von Hell,rock,39,51,90,37,127
White Lines,Tygers Of Pan Tang,rock,38,41,93,43,138
Hail the End of Days,Deaf Rat,rock,33,51,96,49,100
Talk to Me,Sixx:A.M.,rock,42,55,84,28,108
Blood of Babylon,THE NEW DEATH CULT,rock,22,37,90,84,167
Vultures,Bokassa,rock,40,55,84,55,125
Overboard,Helhorse,rock,10,43,95,31,140
Silent Thunder,Crazy Lixx,rock,35,42,93,47,143
Leaders of Tomorrow,Perkele,rock,44,55,94,68,88
Dr. Feelgood,Mötley Crüe,rock,14,53,95,43,111
Rainbow in the Dark,Dio,rock,60,51,95,61,117
No One Like You,Scorpions,rock,60,51,62,81,118
Wanted Dead Or Alive,Bon Jovi,rock,14,26,80,29,151
Cum on Feel the Noize,Quiet Riot,rock,70,44,91,63,145
Kickstart My Heart,Mötley Crüe,rock,54,36,97,25,179
Dude (Looks Like A Lady),Aerosmith,rock,70,54,98,91,126
I Wanna Be Somebody,W.A.S.P.,rock,3,30,83,48,164
I Don't Believe In Love - Remastered 2003,Queensrÿche,rock,51,56,99,27,118
Heaven,Warrant,rock,60,46,49,33,146
Up All Night,Slaughter,rock,51,52,73,55,98
Bark at the Moon,Ozzy Osbourne,rock,65,30,96,30,147
Detroit Rock City,KISS,rock,5,55,91,46,91
You Shook Me All Night Long,AC/DC,rock,78,53,77,76,127
Just Like Paradise,David Lee Roth,rock,55,61,85,38,136
Falling Down,Dylan 'N' Alice,rock,11,46,94,28,90
Break Stuff,Limp Bizkit,rock,59,43,91,62,109
Full Circle,Five Finger Death Punch,rock,68,50,99,29,150
Paranoia,Hostile Array,rock,38,42,96,48,165
Falling Apart,Take The Day,rock,31,50,96,29,110
Half. Awake,Starsick System,rock,18,45,95,31,115
Me Against the Devil,Jake Adkins,rock,27,55,71,56,113
More Than Animals,Awake At Last,rock,26,66,92,59,112
Battle Inside,My Own Words,rock,32,42,86,37,148
Firefly,Breaking Benjamin,rock,53,48,85,53,92
Zero Gravity,Alveole,rock,17,52,92,64,140
So Far Away,Crossfade,rock,51,50,94,40,106
Trenches,Pop Evil,rock,34,55,95,59,100
Fake It,Seether,rock,0,60,95,60,99
In the End,Linkin Park,rock,83,56,86,40,105
Scars,I Prevail,rock,67,50,96,57,138
At Your Altar,Within The Grey,rock,20,50,92,45,95
Area,Zero Theorem,rock,22,43,98,44,178
wonderful life (feat. Dani Filth),Bring Me The Horizon,rock,62,41,96,41,173
Low,Wage War,rock,62,50,97,50,130
So Far Down,American Sin,rock,30,38,92,48,195
Cross Off,Mark Morton,rock,51,53,94,32,132
Back In Black,AC/DC,rock,83,31,70,76,188
Highway to Hell,AC/DC,rock,83,57,91,42,116
T.N.T.,AC/DC,rock,77,75,76,44,126
Dull Days,Robbers,rock,29,56,64,42,112
Cause the World Is Small,Brothers Page,rock,37,52,49,47,77
The Whole Truth,Abby K,rock,23,68,43,38,125
Sneakers,The Inoculated Canaries,rock,22,42,76,45,90
Sick As Our Secrets,Makes My Blood Dance,rock,27,54,85,51,112
Act One,The Let Go,rock,29,60,73,69,90
Walk Me Home,Joe McLeod,rock,32,53,63,41,80
Reflections,Irvine,rock,25,62,47,31,94
Rock And Roll All Nite,KISS,rock,3,58,83,88,145
Stereo,Hey Guy,rock,25,52,72,37,101
YYZ,Rush,rock,0,52,91,37,141
Do Me Right,Hollis Brown,rock,40,69,68,43,137
Holiday,Scorpions,rock,4,43,43,29,118
Believe In Love,Scorpions,rock,4,48,76,34,133
Walking On The Edge,Scorpions,rock,2,46,86,23,88
A Moment In A Million Years,Scorpions,rock,46,36,45,18,78
Poison,Alice Cooper,rock,57,30,91,30,119
Sweet Child O' Mine,Guns N' Roses,rock,8,45,90,69,125
It's a Long Way to the Top (If You Wanna Rock 'N' Roll),AC/DC,rock,70,46,86,53,136
Blame,Late Night Legacy,rock,41,56,86,77,91
Sweet Home Alabama,Lynyrd Skynyrd,rock,31,58,68,93,98
Simply Irresistible,Robert Palmer,rock,50,69,84,72,143
Kiss from a Rose,Wake Me,rock,44,52,92,15,134
Out In The Fields,Gary Moore,rock,52,44,95,36,180
For What It's Worth,Buffalo Springfield,rock,73,65,52,82,99
My Generation - Shel Talmy Stereo Version,The Who,rock,1,44,90,80,95
Alive,Pearl Jam,rock,12,30,82,54,76
"You're Gonna Go Far, Kid",The Offspring,rock,3,55,92,58,126
Cocaine,Eric Clapton,rock,1,68,55,68,105
I Love Rock N' Roll,Jane Ashton,rock,25,84,30,66,95
Feel Like Makin' Love (Remastered Album Version),Bad Company,rock,8,56,54,66,85
Stranglehold,Ted Nugent,rock,56,49,74,51,148
Bad Moon Rising,Creedence Clearwater Revival,rock,24,65,76,93,90
Rock Bottom - 2007 Remastered Version,UFO,rock,2,26,86,52,159
Baba O'Riley,The Who,rock,76,49,72,15,117
Green-Eyed Lady,Sugarloaf,rock,47,56,52,89,149
"Another Brick In The Wall, Pt. 2 - 2011 Remastered Version",Pink Floyd,rock,17,69,39,72,104
Riders on the Storm - New Stereo Mix,The Doors,rock,52,55,54,60,105
Listen to the Music,The Doobie Brothers,rock,75,64,60,91,106
18 and Life,Skid Row,rock,69,47,65,30,90
Blinded By The Light,Manfred Mann's Earth Band,rock,11,59,56,62,141
Wicked Game,HIM,rock,53,51,87,52,120
"Blue On Black (feat. Kenny Wayne Shepherd, Brantley Gilbert ",Five Finger Death Punch,rock,60,45,87,40,156
Truth To the Weak (Not Built To Collapse),Fire From The Gods,rock,39,49,94,58,163
Do You Really Want It,Nothing More,rock,57,22,89,56,171
Bulletproof,Godsmack,rock,56,39,91,64,162
Du hast,Rammstein,rock,67,64,92,72,125
Red Cold River,Breaking Benjamin,rock,2,30,96,19,92
One Step Closer,Linkin Park,rock,74,49,97,54,95
Go To War,Nothing More,rock,54,46,89,35,137
The Red,Chevelle,rock,68,51,84,33,140
Guerrilla Radio,Rage Against The Machine,rock,69,60,96,49,104
Steambreather,Mastodon,rock,52,36,98,26,165
Bad Company,Five Finger Death Punch,rock,6,56,89,17,114
Given Up,Linkin Park,rock,37,66,88,94,100
Monster,Skillet,rock,75,64,96,69,135
Cocaine - Original,Nomy,rock,45,42,87,35,177
Under The Knife,Rise Against,rock,3,57,98,52,104
Desire Into Gold,New Medicine,rock,30,49,94,45,164
One For The Money,Escape the Fate,rock,0,53,96,36,90
All My Friends Are Dead,Turbonegro,rock,54,28,98,46,185
Behave,Syden,rock,0,39,87,60,170
Pull the Pins,This Is Not Utopia,rock,25,44,97,24,90
Venom - Music From The Motion Picture,Eminem,rock,76,75,79,46,136
Leave It All Behind,Cult To Follow,rock,63,64,95,54,115
Paint It Black,The Rolling Stones,rock,0,46,79,57,159
Breaking The Law,Motörhead,rock,31,34,95,53,166
Barracuda,Heart,rock,0,51,93,61,137
Stand,Motörhead,rock,12,24,97,30,195
Little Wing,Jimi Hendrix,rock,0,49,54,44,140
The Trooper - 1998 Remastered Version,Iron Maiden,rock,8,29,86,70,162
Anarchy In The UK,Sex Pistols,rock,0,36,93,20,134
Jump - 2004 Remaster,Van Halen,rock,59,55,84,82,130
Ziggy Stardust - 1997 Remaster,David Bowie,rock,32,47,51,45,81
Sweet Child O' Mine,Guns N' Roses,rock,3,45,90,69,125
Long Way Back From Hell,Danzig,rock,0,36,76,16,173
You've Got Another Thing Coming,Judas Priest,rock,17,51,82,54,138
Motor City Madhouse - Edit,Ted Nugent,rock,0,45,93,47,119
Ten Thousand Fists,Disturbed,rock,63,54,98,21,107
Battle Born,Five Finger Death Punch,rock,55,46,96,39,148
You,Five Finger Death Punch,rock,51,56,98,43,136
Coming Undone,Korn,rock,71,69,68,55,75
I Am Machine,Three Days Grace,rock,67,40,97,48,75
My Nemesis,Five Finger Death Punch,rock,55,44,97,51,75
Tears Don't Fall,Bullet For My Valentine,rock,59,21,93,26,162
The Pretender,Foo Fighters,rock,76,43,96,36,173
Dangerous,Shaman's Harvest,rock,49,51,80,24,101
Reckless,JAXSON GAMBLE,rock,48,70,74,82,100
Comatose,Skillet,rock,66,36,96,45,170
Duck And Run,3 Doors Down,rock,0,51,93,85,88
Face Everything And Rise,Papa Roach,rock,54,41,99,36,140
Aerials,System Of A Down,rock,10,40,92,25,81
Medisin,SIXN,rock,46,56,80,32,88
Uni,Atlas,rock,40,46,94,28,160
Kano Kalokeria,Kim,rock,21,71,75,62,97
We Built This City,Critic City,rock,35,62,96,69,143
Survivor's Guilt,The Fight Left Inside,rock,21,51,89,30,150
On the Line,Fever Feel,rock,29,66,35,35,111
Hit or Miss,Winter Havens,rock,39,82,55,28,120
Countdown,KAY JAM,rock,26,59,79,56,134
You're Never Gonna Like Me,Bad Apples,rock,17,34,92,38,111
Dreaming of You,Louzada,rock,27,47,94,49,76
Gave 'em Love,Scoo8y Smack,rock,21,53,62,61,168
Dream On,Blacktop Mojo,rock,54,49,68,18,77
Octane,Burnos,rock,13,33,97,36,165
With Me Now,Blacklite District,rock,0,54,96,51,150
Whore,In This Moment,rock,1,60,88,54,90
Mz. Hyde,Halestorm,rock,49,56,93,50,138
No Surprise - Edit,Theory of a Deadman,rock,39,47,84,33,130
Die For You,Red,rock,35,61,90,42,128
Gunfight,Sick Puppies,rock,22,49,82,51,86
Take the Bullets Away (feat. Lacey Sturm),We As Human,rock,47,48,93,35,141
Narcissistic Cannibal (feat. Skrillex & Kill the Noise),Korn,rock,60,52,89,56,174
Criminal,Framing Hanley,rock,18,50,85,31,164
Fix Me,10 Years,rock,58,45,84,24,158
Drown,Theory of a Deadman,rock,26,48,94,38,142
Set Me on Fire,Flyleaf,rock,0,34,91,50,190
With Or Without You - Remastered,U2,rock,79,54,43,11,110
Never Tear Us Apart,INXS,rock,59,66,61,19,97
I Wanna Be with You Everywhere,Soul&Roll,rock,30,70,54,83,115
Think Twice,Lisa Gey,rock,33,56,55,40,134
Heaven Isn't Too Far Away,Luck Wallace,rock,29,47,50,43,144
The Flame,Cheap Trick,rock,62,63,58,36,97
Glory of Love,Peter Cetera,rock,71,52,58,31,145
(Don't Fear) The Reaper,Blue Öyster Cult,rock,10,37,93,56,141
The Rocker,Thin Lizzy,rock,0,26,91,51,145
Go to Hell,Alice Cooper,rock,38,37,66,52,166
The Wizard,Uriah Heep,rock,0,44,52,64,138
True Confessions,Blue Öyster Cult,rock,0,61,87,83,121
La Grange - 2005 Remaster,ZZ Top,rock,24,55,64,61,81
Fox On The Run,Sweet,rock,0,41,82,37,128
Death On Two Legs (Dedicated To...) - Remastered 2011,Queen,rock,12,37,69,50,125
Trampled Under Foot - 2007 Remastered Version,Led Zeppelin,rock,0,55,86,81,111
It's Alright,Black Sabbath,rock,0,39,55,48,80
I Stole Your Love,KISS,rock,0,48,97,52,96
Can't Get Enough (Remastered Album Version),Bad Company,rock,1,66,76,70,126
Heartbreaker,Free,rock,23,43,79,47,127
Majestic,Journey,rock,25,26,56,8,72
No Sugar Tonight,The Guess Who,rock,44,54,64,52,101
Heaven's On Fire,KISS,rock,5,63,91,73,124
Dude (Looks Like a Lady),Aerosmith,rock,1,57,96,93,126
Tom Sawyer,Rush,rock,3,54,86,58,88
Kashmir - 1990 Remaster,Led Zeppelin,rock,69,48,54,58,81
Lights Out - 2008 Remastered Version,UFO,rock,0,30,92,54,154
Tush,ZZ Top,rock,44,55,86,86,146
Purple Haze,Jimi Hendrix,rock,71,53,90,49,109
Bedside Radio - Remastered,Krokus,rock,22,54,74,89,125
Whiskey In The Jar,Thin Lizzy,rock,3,55,92,71,128
Wind Of Change,Scorpions,rock,8,43,62,24,151
When the Children Cry - 2006 Remaster,White Lion,rock,35,51,28,36,130
The Hell Song,Sum 41,rock,57,36,94,66,173
Meant to Live,Switchfoot,rock,54,40,90,51,152
Rope,Foo Fighters,rock,60,51,73,54,138
Sinner,Drowning Pool,rock,53,58,96,53,121
Denial,Sevendust,rock,34,61,88,50,104
Stupify,Disturbed,rock,55,49,94,44,196
Joker And The Thief,Wolfmother,rock,66,26,78,46,155
Handful Of Gold - Hounded Remix,CAZZETTE,latin,50,74,58,13,120
Tear Me Down (feat. Philip Rustad),Davai,latin,57,72,82,70,100
Save Tonight,Sam Feldt,latin,7,63,78,24,115
44th and 8th,Sean Bradford,latin,26,84,69,26,120
Breathin' (feat. Cara Hughes),Bortharm,latin,44,71,72,37,126
Show Me Love - EDX Remix / Radio Edit,Sam Feldt,latin,62,84,66,68,121
Never Gonna Give You Up,Mac Beez,latin,50,76,75,86,106
Tonight and Every Night,Robin Schulz,latin,48,77,64,29,124
Somebody Else,Zonoma,latin,54,69,52,18,107
Miami 82 - Kygo Remix,Syn Cole,latin,59,71,60,60,113
Oh Baby,Seizo,latin,46,70,80,39,124
Stuck On You,On June,latin,5,73,52,40,121
Forever And A Day - LVNDSCAPE Remix,Bolier,latin,3,68,87,48,118
Fall At Your Feet,Lucy Neville,latin,32,71,67,11,110
Fade Away,Sam Feldt,latin,3,69,71,39,105
Parecen Viernes,Marc Anthony,latin,71,66,86,97,96
Talento De Televisión,Willie Colón,latin,69,78,80,94,105
Vivir Bailando,Silvestre Dangond,latin,67,85,85,55,92
Adicto (feat. Marc Anthony),Prince Royce,latin,70,74,76,70,116
Loma de Cayenas,Vicente Garcia,latin,51,84,90,96,130
Canalla,Romeo Santos,latin,68,88,88,90,130
Payasos,Romeo Santos,latin,66,86,70,91,124
Frágil,Reynier Perez,latin,55,70,89,90,166
Sin Tu Amor,Mr. Don,latin,43,72,66,87,130
Adiós Amor,Daniela Darcourt,latin,62,68,77,30,93
Como la Manigua,Yuri Buenaventura,latin,38,65,45,51,88
Amantes - Versión Salsa,Greeicy,latin,51,77,71,79,97
Soñé Contigo,Anddy Caicedo,latin,45,80,86,82,102
Tu Falta de Querer,Son Tentacion,latin,52,70,77,81,96
Alucinado,Jose Carlos Garcia,latin,45,68,76,60,170
Lo Que Tú y Yo Vivimos (feat. Gente de Zona) - Ao Vivo,Gusttavo Lima,latin,64,67,92,41,92
Dividido,Alex Cuba,latin,50,84,35,75,148
Viaje Tropical - Live,Marissa Mur,latin,41,67,60,52,97
Fishaman (feat. Elkin Robinson),Juan Pablo Vega,latin,48,75,61,81,170
Quédate,Debi Nova,latin,63,89,48,93,120
Kumbayeo,Salomón Beda,latin,40,84,40,81,116
Aguacate,Salomón Beda,latin,17,71,63,50,95
Raúl en el Baúl,India Marte,latin,41,70,54,83,92
Identidad (feat. Ibeyi),Haydee Milanes,latin,40,67,37,82,93
A La Madrugada,Simon Grossmann,latin,2,67,85,97,164
Me Gustas Tú,Carolina Camacho,latin,38,85,30,50,88
La Futura,Gio Chamba,latin,36,79,82,60,88
Avanza,Lacandona Social Sound,latin,41,64,82,75,150
El Sueno de Frida,Antonio Garcia Isaac,latin,38,64,45,38,111
Respiração,Ley Line,latin,39,73,42,74,134
Chica Fugaz,Ricardo Bendek,latin,37,48,62,41,116
7 AM,Tomas Skyldeberg,latin,45,70,78,21,110
Chillseekers,Chill Cole,latin,15,70,75,52,120
Circular,Crisp Nibblets,latin,54,78,82,11,125
Summer Feelings,Onda Norte,latin,4,68,67,33,100
Tyto,Okwen,latin,37,83,76,14,118
Rewind,Cornpop,latin,50,72,82,24,112
Mexico Para Sempre,Il Greco,latin,42,81,70,49,118
Movimiento,Andréza,latin,40,65,67,70,180
Waste Our Time,BLAEKER,latin,3,62,67,46,180
Mirage,Dye O,latin,14,70,71,46,110
Somebody I'm Not,Martin Jensen,latin,55,73,73,78,100
Starfields,Hallman,latin,12,61,84,34,120
Chit Chat,Small Talk,latin,43,80,68,82,100
Beautiful People (feat. Khalid) - NOTD Remix,Ed Sheeran,latin,66,70,79,37,104
By My Side,CALVIN,latin,45,73,63,56,102
Selfish,Dimitri Vegas & Like Mike,latin,69,41,79,69,93
Dilemma,Jemme,latin,47,71,62,70,96
Moving On,Where The Man,latin,33,67,59,35,100
Cristina (feat. Shelow Shaq),Maffio,latin,77,86,60,87,102
Me Hubieras Dicho,Yiyo Sarante,latin,55,75,59,79,114
Borinquen Bella (feat. Zion & Lennox),Farruko,latin,63,79,73,45,91
Celebration (feat. Ky-Mani Marley),Maffio,latin,61,72,81,84,94
Palm Beach,Vicente Garcia,latin,48,85,54,77,110
Lluvia,Chongo de Colombia,latin,28,60,54,46,134
Andar em Paz,Urias,latin,44,52,28,50,157
Oasis - Ao Vivo no Estúdio MangoLab,Potyguara Bardo,latin,52,66,49,32,124
Duas da Tarde,Silva,latin,52,84,35,59,120
Maria João,Paula Caju,latin,26,65,64,70,109
Ficar Sem Você,Davi,latin,34,79,41,51,150
Caranguejo,Riko Viana,latin,25,81,64,89,140
Pense em Mim,Johnny Hooker,latin,44,42,45,40,179
Ovelha Negra,Renato Enoch,latin,31,64,30,13,132
Das Estrelas,As Bahias e a Cozinha Mineira,latin,37,39,46,35,176
Family,The Chainsmokers,latin,85,58,61,37,118
The Rest Will Follow,Ludvigsson,latin,51,75,83,40,120
Hold on Tight,Sterkøl,latin,50,61,75,61,128
Bored Games,Middle Class Richkids,latin,42,84,59,69,95
As Far as Feelings Go,Alle Farben,latin,66,68,80,60,106
Strongest (Alan Walker Remix),Ina Wroldsen,latin,69,72,79,85,92
Too Loud,ROËDS,latin,45,75,64,36,115
Globetrotter,Ludvigsson,latin,50,72,80,38,114
So Sick,EC Twins,latin,50,65,75,42,100
Not Ok,Kygo,latin,73,62,66,41,105
Don't Know How,Caj Morgan,latin,40,62,84,16,123
Room for Two,Moe Aly,latin,38,39,69,29,149
Bonnie & Clyde,Jake Cooper,latin,50,73,65,49,100
A Place For Us (feat. Ynnox),Dualities,latin,60,66,86,72,125
Waterfalls,Roger Martin,latin,46,58,78,17,118
Whenever (feat. Conor Maynard),Kris Kross Amsterdam,latin,74,73,76,52,110
Night Shift,Juze,latin,36,73,84,70,123
Running Wild,Nate VanDeusen,latin,36,68,65,63,150
Let Me Go,Nate VanDeusen,latin,29,70,72,88,150
Muscle Memory,Natania,latin,35,80,51,31,98
Look At Me,Suvenir,latin,30,60,87,22,140
Run Free - Alex Grey Remix,Deep Chills,latin,37,60,76,67,200
Pa' Mayté,Carlos Vives,latin,60,72,87,97,124
La Sirena,Luis Felipe Gonzalez,latin,1,76,86,96,100
25 Horas,Proyecto Uno,latin,54,72,95,95,125
Vanidosa,Prophex,latin,35,87,91,97,145
Por Causa da Bandida,Kaian Muniz,latin,23,79,82,61,134
Buscando - A Mi Tierra,Adrenalina Latina,latin,17,81,56,80,100
Weekend,Henry Santos,latin,49,76,69,90,125
Cara de Niño,Jonathan Moly,latin,42,70,88,93,100
El Tren del Sabor,Tony Succar,latin,30,82,85,92,107
La Promesa,Andrés Cepeda,latin,54,62,86,93,192
Lemon Wedge in the Sky,"Sarah, the Illstrumentalist",latin,59,73,78,69,92
Caffè Mocha,Jazzinuf,latin,44,88,54,78,94
Amazônia,Ariel T,latin,41,75,73,83,80
Villas,Dylan Sitts,latin,51,70,41,14,171
Venice,Gyvus,latin,62,88,56,80,95
Nataly's Portra,June Jissle,latin,40,84,40,48,136
Sunflower Dance,Trog'low,latin,41,82,57,62,95
Shifting Skies,Guustavv,latin,55,86,44,44,138
let's be lazy together,biosphere,latin,42,80,37,69,89
Tropico,Cloudchord,latin,40,62,51,30,85
bittersweet (feat. lando!),Dream Easy Collective,latin,40,86,34,31,90
Relaxing Jungle Sounds,Lluvia del Bosque,latin,54,44,90,5,150
Forest Rain,Rain Recordings,latin,75,8,100,0,172
My Body,Hot Shade,latin,1,66,84,87,104
By Your Side,Jonas Blue,latin,9,70,74,64,123
Fantasy - Felix Jaehn Remix,Alina Baraz,latin,42,64,78,25,123
Daydream,Broiler,latin,2,71,68,33,120
Give Me Your Love,Sigala,latin,31,64,94,69,125
Fed Up,LVNDSCAPE,latin,0,45,84,23,112
Try Again,Campsite Dream,latin,35,71,72,39,93
What Do You Love,Seeb,latin,9,54,90,39,96
Gimme! Gimme! Gimme!,GAMPER & DADONI,latin,65,62,75,42,126
Here With Me,Mada,latin,52,59,64,22,108
Rolling Stone (John Skyfield & ConKi Remix),East Love,latin,46,67,81,69,103
Made of Bones (Nightcall Remix),James Quick,latin,56,73,66,71,110
It Will Feel,Saco,latin,51,72,65,44,117
La Isla Bonita,Hr. Troels,latin,51,73,86,60,108
Sunshine Reggae,Ian Storm,latin,17,65,89,77,104
We Got The World,Charleon,latin,45,53,88,47,128
Since We Met,MVCA,latin,38,64,70,15,122
Save Tonight,Sam Feldt,latin,0,63,78,24,115
Two Princes - Radio Mix,Fake Pictures,latin,9,75,80,81,118
Bailando - Matoma Remix,Enrique Iglesias,latin,45,67,76,52,91
Cold Water (feat. Justin Bieber & MØ) - Lost Frequencies Rem,Major Lazer,latin,2,71,54,47,115
Animals - Gryffin Remix,Maroon 5,latin,1,55,84,53,101
The Sun,Meynberg,latin,48,75,54,40,116
Coming Home,Citna,latin,36,75,57,62,120
Waves - Robin Schulz Radio Edit,Mr. Probz,latin,43,83,51,45,120
Show Me Love,Max Lean,latin,47,72,88,22,125
Here Comes the Sun,Mauve,latin,52,81,58,43,120
Strangers,GAB,latin,51,73,69,32,124
Melody,Little Venice,latin,46,68,76,42,110
Time to Shine,Bogenhausen,latin,33,67,83,33,125
Sorry,WUSA,latin,33,64,87,79,114
Easy Love,Sigala,latin,67,68,94,65,124
Geronimo,Max Lean,latin,37,58,69,54,123
Here with You,NLSN,latin,44,75,73,43,105
Where the Rivers Flow - Radio Mix,Sons Of Maria,latin,49,70,84,24,120
Spaceship,Comet Blue,latin,45,68,72,62,118
Beat the Sunrise - Original Mix,SNBRN,latin,25,71,82,21,124
Uitzicht,Bakermat,latin,54,81,42,66,126
Land Down Under,Chachi,latin,7,70,80,24,120
Catchfire (Sun Sun Sun) - Edx Radio Edit,Spada,latin,3,76,77,36,124
Give It Up (feat. Salt Ashes),Cruels,latin,36,75,61,49,117
Ragga (Radio Edit),Bolier,latin,26,81,70,44,123
Live Forever - Dunisco featuring JeyJeySax Remix,Patrick Hagenaar,latin,24,75,62,71,124
Forever And A Day - LVNDSCAPE Remix,Bolier,latin,29,68,87,47,118
Capsize,FRENSHIP,latin,73,68,71,36,93
Hundred Miles,Yall,latin,64,48,71,49,98
Bailar Contigo,Monsieur Periné,latin,59,80,62,68,101
Te Me Fuiste,César Avila,latin,28,53,62,59,103
Si Alguna Vez,Mon Laferte,latin,50,74,61,86,127
Bongo Bong,Manu Chao,latin,66,76,55,96,150
Agüitaecoco,Simon Grossmann,latin,56,64,26,64,124
Música Tropical,Vera Pedro,latin,17,46,50,44,160
Choclo,Fideo y los del mondo,latin,15,79,53,66,100
Reforget,Lauv,latin,62,44,47,22,170
Something About You - ODESZA Remix,Hayden James,latin,63,70,67,10,105
Is It Love,3LAU,latin,51,64,74,29,125
Ocean (feat. Khalid),Martin Garrix,latin,76,51,69,22,140
Nevermind,Dennis Lloyd,latin,79,60,69,8,100
Let You Down,NF,latin,83,66,71,46,148
I Got U - Radio Edit,Duke Dumont,latin,20,63,84,55,121
The Wave,R3HAB,latin,50,75,41,39,80
Would You Ever,Skrillex,latin,67,65,91,9,126
Automatic - Kasbo Remix,ZHU,latin,32,55,70,35,100
No Doubt,Rogers & Dean,latin,35,56,76,10,160
Don't Leave (feat. AYER),TKDJS,latin,40,70,60,66,126
Heaven,Platon Emil,latin,0,66,66,33,108
Let's Go Home,Eklo,latin,43,68,63,72,98
Good Intentions (feat. Lourdiz),R3HAB,latin,36,46,65,20,96
Closer (feat. Halsey),The Chainsmokers,latin,85,75,52,66,95
Contact,Lulleaux,latin,58,65,76,67,96
It's Gotta Be You,Isaiah,latin,67,43,74,59,95
Breakup Song,De Hofnar,latin,32,74,54,23,95
El Sol No Regresa,La Quinta Estacion,latin,8,62,88,70,128
Que Lo Nuestro Se Quede Nuestro,Carlos Rivera,latin,71,46,44,29,144
Culpable O No - Miénteme Como Siempre,Luis Miguel,latin,73,54,37,25,70
Abrázame Muy Fuerte,Juan Gabriel,latin,72,52,39,31,136
Nada Fue Un Error,Coti,latin,3,61,89,83,139
La Vida Entera,Camila,latin,65,41,37,23,133
Azúcar Amargo,Fey,latin,43,68,94,69,130
Espacio sideral,Jesse & Joy,latin,61,60,48,81,90
Pasos de cero,Pablo Alborán,latin,67,75,64,80,100
Humanos a Marte,Chayanne,latin,67,69,90,79,93
Amor,Cristian Castro,latin,50,64,71,74,128
En El Muelle De San Blas,Maná,latin,72,64,69,70,97
Mirala Miralo,Alejandra Guzman,latin,61,67,89,58,122
Volví a Nacer,Carlos Vives,latin,65,59,81,51,98
Te Conozco,Ricardo Arjona,latin,57,53,59,31,150
Hasta Que Te Conocí,Juan Gabriel,latin,4,33,31,19,170
Tanto,Jesse & Joy,latin,78,77,73,62,144
¿Qué Ha Pasao'?,Abraham Mateo,latin,78,65,75,40,178
Tequila,Juanes,latin,77,76,69,70,156
"Mitad Mentira, Mitad Verdad",Río Roma,latin,64,74,83,64,99
Si por mi fuera,Beret,latin,74,70,75,88,150
Boomerang,Lalo Ebratt,latin,46,60,66,92,92
PAPI,Isabela Merced,latin,63,87,70,74,94
Hola Señorita - Robin Schulz Remix,Maître Gims,latin,61,73,83,70,101
Con Altura,ROSALÍA,latin,87,88,69,75,98
Me Gusta,Shakira,latin,79,78,70,78,92
Haute (feat. J Balvin & Chris Brown),Tyga,latin,70,95,72,35,103
Burn Out,ShiShi,latin,35,79,68,28,112
Naagin,Vayu,latin,65,81,50,24,97
Habibi (Ya Nour El Ein) - Recorded at Spotify Studios Stockh,Imenella,latin,55,68,79,60,100
Vem Me Satisfazer,MC Ingryd,latin,78,86,56,54,100
Contagious,Sean Tizzle,latin,31,83,67,82,113
Running Through My Mind,Lynn Hayek,latin,38,57,86,28,93
"Shaitan Ka Saala (From ""Housefull 4"")",Sohail Sen,latin,67,84,77,34,100
Goal,Patron,latin,73,88,75,46,101
Uuh Mama,Willy Paul,latin,26,78,66,91,95
Secukupnya,Hindia,latin,72,73,80,93,102
Pełnia,Smolasty,latin,54,57,90,78,180
Flotando,Francisca Valenzuela,latin,53,60,69,37,162
Mio,Devan,latin,39,71,76,47,95
Púrpura,Nanpa Básico,latin,58,78,46,37,148
No Estaba en Mis Planes,Sandoval,latin,52,33,46,33,170
De Qué Sirve,Paulina Rubio,latin,57,53,60,69,175
Chichi,Periko & Jessi Leon,latin,55,89,80,69,110
Algo contigo,Valeria Castro,latin,40,66,6,33,102
Despertar,Sasha Sokol,latin,42,63,62,67,119
Música,DJ Luian,latin,78,79,82,85,178
Que Tire Pa Lante,Daddy Yankee,latin,90,66,90,71,94
Whine Up,Nicky Jam,latin,46,82,66,66,105
Date La Vuelta,Luis Fonsi,latin,75,75,82,87,94
QUE PRETENDES,J Balvin,latin,86,64,79,94,93
Muito Calor,Ozuna,latin,73,81,86,60,98
Verte Ir,DJ Luian,latin,83,86,65,55,96
Perdóname,Mau y Ricky,latin,71,53,45,69,88
Baila Baila Baila - Remix,Ozuna,latin,80,78,57,49,100
Una Vida Para Recordar,Piso 21,latin,79,70,78,48,182
22,TINI,latin,74,70,64,81,176
Adictiva,Daddy Yankee,latin,77,79,77,70,99
"I Can’t Get Enough (benny blanco, Selena Gomez, J Balvin, Ta",benny blanco,latin,79,54,47,69,95
Hace Tiempo,Fonseca,latin,6,77,92,70,102
Niña Bonita,Chino & Nacho,latin,66,68,91,72,120
Hace Tiempo,Fonseca,latin,2,71,94,62,102
Prometo Olvidarte,Tony Dize,latin,49,81,84,78,106
Estrellita,J-King y Maximan,latin,0,69,84,73,100
El Problemon,Bonka,latin,0,78,78,81,123
Tengo Prisa,Dragon & Caballero,latin,41,82,75,91,97
Contigo,Cali Y El Dandee,latin,44,79,84,84,104
Aguacero,Altafulla,latin,0,64,76,81,192
Tus Ojos No Me Ven - feat. Joewell y Randy,Joey Montana,latin,45,82,57,67,95
La Alergia,Donny Caballero,latin,44,88,88,86,105
Cásate Conmigo,Silvestre Dangond,latin,68,56,88,65,94
Caminar de Tu Mano,Río Roma,latin,9,64,87,59,105
Chillax,Alkilados,latin,4,63,85,93,190
Dime Si Volverás,Dragon & Caballero,latin,33,72,83,87,120
Don't Wanna Lose You,Gloria Estefan,latin,52,55,36,47,82
No Te Olvidaré,Gloria Estefan,latin,39,60,44,26,144
Music of My Heart,*NSYNC,latin,43,38,56,40,112
No Me Dejes de Querer,Gloria Estefan,latin,36,70,89,87,83
I See Your Smile,Gloria Estefan,latin,34,40,46,23,79
Tu Fotografia,Gloria Estefan,latin,34,58,50,52,140
Tabaco Y Chanel,Bacilos,latin,68,64,58,70,97
Sabes A Chocolate,Kumbia Kings,latin,41,75,91,76,110
Dime Si Este Amor Se Acabo,Guille El Invencible,latin,0,77,93,80,95
Se Siente Bien,Dragon & Caballero,latin,20,77,73,90,96
Ya no me importas,Ferdy,latin,0,82,83,91,99
Me Gustas Tu,Manu Chao,latin,10,66,73,91,176
Desde Que No Estás,Fonseca,latin,45,61,90,92,182
El Besito,Pasabordo,latin,0,70,94,76,108
Mi error,Afrodisiaco,latin,0,77,86,74,94
Algo Está Cambiando,Julieta Venegas,latin,34,64,60,36,87
¿Y Por Que?,Danilo Parra,latin,18,75,95,91,107
Don,Miranda!,latin,0,82,74,96,120
De la Noche a la Mañana,Elefante,latin,54,82,64,91,129
Don't You Worry Child - Acoustic Version,Swedish House Mafia,latin,58,55,79,54,102
Sunday Morning - Acoustic,Maroon 5,latin,10,42,67,74,82
I'm Yours - Live,Jason Mraz,latin,57,43,69,57,145
Kings And Queens - Unplugged,Thirty Seconds To Mars,latin,0,23,40,19,147
Misery Business - Acoustic Version,Paramore,latin,47,63,51,92,169
"Mr. Jones - Live At Chelsea Studios, New York/1997",Counting Crows,latin,10,47,64,47,149
Are You Gonna Be My Girl - UK Acoustic Version,Jet,latin,52,67,67,59,97
Shots - Acoustic (Piano) / Live From The Smith Center / Las ,Imagine Dragons,latin,40,45,39,21,95
Pompeii - Live From Capitol Studios/2013,Bastille,latin,38,31,37,46,85
A Beautiful Lie - Acoustic,Thirty Seconds To Mars,latin,28,40,40,19,154
Six Feet Under The Stars (Acoustic),All Time Low,latin,39,66,40,68,130
"A Sky Full of Stars - Live at the Royal Albert Hall, London",Coldplay,latin,54,47,76,19,125
We Are Young (feat. Janelle Monáe) - Acoustic [Acoustic],fun.,latin,44,45,31,27,166
The Reason - Acoustic,Hoobastank,latin,0,56,35,15,107
Vivir Sin Aire - Unplugged,Maná,latin,53,60,71,43,132
Dejar de Extrañarte,Franco Masini,latin,41,61,67,49,146
Maldito miedo (feat. Soge Culebra),Alex Ubago,latin,57,52,77,38,154
Buena,Manuel Medrano,latin,69,74,60,52,126
Ya No Soy Así,Cruz,latin,61,80,75,54,100
El Despertar,Nil Moliner,latin,54,75,87,90,100
A punto (feat. Delfina Campos),Amigos Raros,latin,43,65,77,74,127
3 A.M.,Jesse & Joy,latin,71,70,84,62,102
Eso Que Me Das,Juan Pablo Vega,latin,41,73,69,83,110
We Party (Mixed & Mastered),Maniaxo,latin,35,80,67,26,145
End of the World,ODILLIA,latin,35,81,76,70,110
Living Legend,Cole.45,latin,35,76,74,32,137
Créeme,KAROL G,latin,75,72,87,68,97
El Préstamo,Maluma,latin,70,74,74,72,94
Déjala Que Vuelva (feat. Manuel Turizo),Piso 21,latin,72,68,79,84,170
Calypso,Luis Fonsi,latin,64,86,84,93,110
SUGAR,BROCKHAMPTON,latin,88,45,54,52,123
Blinding Lights,The Weeknd,latin,98,51,80,34,171
Falling,Trevor Daniel,latin,97,78,43,24,127
Lose You To Love Me,Selena Gomez,latin,93,50,34,9,102
Before You Go,Lewis Capaldi,latin,90,46,57,18,112
Ayy Macarena,Tyga,latin,91,82,63,72,96
Lalala,Y2K,latin,91,84,39,50,130
SICKO MODE,Travis Scott,latin,87,83,73,45,155
Happy Now,Kygo,latin,81,69,57,49,118
Goodbyes (feat. Young Thug),Post Malone,latin,90,55,65,16,150
Turn Me On (feat. Vula),Riton,latin,86,74,83,52,124
1950,King Princess,latin,79,60,54,27,72
Right Back,Khalid,latin,70,79,43,60,97
Just Us (feat. SZA),DJ Khaled,latin,71,64,86,57,93
A$IAN BOY,Chriilz,latin,33,66,97,37,150
Breathe Away,Catlea,latin,35,65,78,43,140
It's Only Time,Cabela and Schmitt,latin,37,40,57,25,220
Spaceship Earth,Burningfields,latin,27,42,38,9,82
Circle of Cranes,Julian Kerins,latin,41,25,41,11,168
Heavy Lies The Crown,Royse,latin,38,70,56,45,110
Epic Days,Eclectic Sound,latin,6,71,72,68,122
Crazy,Betty Moon,latin,21,76,91,55,119
Loco por Volverte a Ver,Chili Fernandez,latin,0,81,66,91,87
Sueños,Diego Torres,latin,47,69,80,91,104
La Bicicleta,Carlos Vives,latin,73,74,94,95,180
Bailando - Spanish Version,Enrique Iglesias,latin,68,72,78,96,91
Hasta el Amanecer,Nicky Jam,latin,71,83,61,59,94
"Ay Mi Dios (feat. Pitbull, Yandel & Chacal)",IAmChino,latin,6,76,83,81,92
Shaky Shaky,Daddy Yankee,latin,68,90,63,87,88
Te Quiero Pa´Mi,Don Omar,latin,65,76,81,66,89
Zumba,Don Omar,latin,57,73,89,83,125
Tú Foto,Ozuna,latin,71,75,56,81,176
Me Voy Enamorando,Chino & Nacho,latin,51,68,91,51,100
Si ella quisiera,Justin Quiles,latin,62,77,61,63,90
Pa' Que Retozen,Tego Calderon,latin,71,82,86,87,92
No Te Veo - Digital Single,Casa De Leones,latin,61,85,87,97,116
El Telefono,"Héctor ""El Father""",latin,65,81,68,49,90
Mala Mía,Maluma,latin,74,75,75,90,180
Let U Go,Kyngs,latin,36,68,55,45,110
Swing,Danny Ocean,latin,77,73,62,53,106
Coqueta,Said P.,latin,43,71,73,78,170
El Destino,Natalia Jiménez,latin,54,54,52,63,91
Chilango Blues,Mon Laferte,latin,54,60,47,38,88
"Vuela, Vuela (feat. Mercurio, OV7, JNS, Calo & Litzy) - En V",Magneto,latin,43,47,99,34,125
Ya Te Perdoné,Ventino,latin,57,51,29,31,129
Te Confieso,Camila,latin,8,48,34,19,144
Perdido (feat. Joey Montana),Carlos Baute,latin,19,75,82,77,162
Se Supone,Lucah,latin,54,65,34,15,120
Quédate,Kany Garcia,latin,6,64,36,28,138
Sólo Amigos,Adexe & Nau,latin,51,64,85,73,174
Perdido,Carlos Baute,latin,37,79,84,82,162
Un Traguito,Lérica,latin,61,64,85,65,97
Medellín - Offer Nissim Madame X In The Sphinx,Madonna,latin,43,78,85,22,114
Bellacoso,Residente,latin,77,77,85,70,180
La Cartera,Farruko,latin,76,77,80,64,88
Las Flores (feat. Los Auténticos Decadentes),Benjamín Amadeo,latin,58,75,76,76,100
La Llamada,Felibena,latin,4,80,84,42,91
Myself,NEEVE,latin,27,57,90,30,116
Party Like Its 1920,The Swinghoppers,latin,44,75,95,71,120
Wie wunderschön - Wolfgang Lohr Remix,Antoine Villoutreix,latin,36,76,68,79,95
I.D.K,Mr Lock,latin,37,63,72,59,156
Espero Que Entiendas,Oz,latin,26,59,70,17,128
What Side Of Love - Acoustic Version,Parachute,latin,52,78,23,22,142
Mistletoe (Waiting) a Hip Hop Holiday,DJ Eddie F,latin,37,61,82,57,97
Sell My Story,James Patricio,latin,23,79,42,37,104
Muriendo - Remix,Salah,latin,31,75,82,69,90
Young Ones,Andrea Consoli,latin,42,59,58,40,100
Taste (feat. Offset),Tyga,latin,82,88,56,34,98
I Love It (& Lil Pump),Kanye West,latin,79,90,52,33,104
Muévelo,Nicky Jam,latin,82,60,81,92,188
Morado,J Balvin,latin,82,88,70,78,97
Fantasias,Rauw Alejandro,latin,92,88,70,79,94
Bellaquita - Remix,Dalex,latin,87,80,72,76,166
"BOTA FUEGO (feat. Dímelo Flow, Justin Quiles & Lenny Tavárez",Mau y Ricky,latin,75,70,89,66,176
La Mas Linda,Casper Magico,latin,70,84,70,46,91
B11 (feat. Myke Towers),Rvssian,latin,82,76,72,20,100
Chica Bombastic,Wisin & Yandel,latin,77,78,75,78,172
China,Anuel AA,latin,93,79,81,61,105
Uniforme,Rich Music LTD,latin,81,74,86,77,174
Soltera - Remix,Lunay,latin,85,80,78,80,92
La Boca - Remix,Mau y Ricky,latin,82,69,77,85,93
Doble Cara,Arcangel,latin,65,88,47,72,96
Nana,J Alvarez,latin,39,71,71,95,176
Recuerdo,TINI,latin,72,80,64,68,176
Días Lluviosos (with Lenny Tavarez),Juhn,latin,69,81,57,54,140
Fantasía,Ozuna,latin,85,70,72,78,180
Mala Costumbre,Lalo Ebratt,latin,57,72,74,80,192
Sirena,Lionel Ferro,latin,42,77,64,66,93
Delirio,Nacho,latin,48,71,62,63,184
No Te Vayas,Don Omar,latin,56,76,69,65,94
Yo Tengo una Gata,Ozuna,latin,67,77,63,82,184
Tormenta Mágica,Vibarco,latin,41,68,62,59,178
Tu Príncipe,Daddy Yankee,latin,69,77,82,52,94
Sensacion Del Bloque,De La Ghetto,latin,66,71,73,40,92
En La Cama (feat. Daddy Yankee),Nicky Jam,latin,63,86,91,88,104
Dile,Don Omar,latin,73,82,71,71,94
Yo Voy (feat. Daddy Yankee),Zion & Lennox,latin,66,81,70,55,95
Borro Cassette,Maluma,latin,72,73,70,78,176
Mi Cama Huele a Ti,"Tito ""El Bambino""",latin,63,74,85,68,95
Down,R.K.M & Ken-Y,latin,47,80,78,79,95
Bandoleros,Don Omar,latin,67,66,90,79,91
No Quiere Novio (remix) [feat. Nejo & Tego Calderon],DJ Nelson,latin,56,87,82,80,95
Automovil,Ñejo,latin,61,79,76,96,170
Cuando Baila Reggaeton,Tego Calderon,latin,54,85,80,91,95
El Carnaval,Baby Rasta & Gringo,latin,54,80,62,68,95
los Disicipulos,Eddie Dee,latin,57,63,89,86,94
Si No Cuidas Tu Mujer,Eddie Dee,latin,52,51,67,81,100
Rutina,Favian Lovo,latin,55,72,69,74,94
Ontas? - Remix,Alex Rose,latin,65,87,66,77,90
Tra Tra Tra Remix,Ghetto Kids,latin,79,85,74,88,160
Reggaetón en lo Oscuro,Wisin & Yandel,latin,72,75,90,69,92
Una Mujer,De La Ghetto,latin,64,87,78,89,96
Mera Woo,El Alfa,latin,70,94,94,38,116
Taxi Voy,j mena,latin,62,87,70,83,158
Se Prendió,Agus Padilla,latin,55,75,90,76,178
Hipócrita,Anuel AA,latin,10,79,86,79,92
No Soy Yo,Emilia,latin,66,75,82,91,192
Pa Mí - Remix,Dalex,latin,18,69,62,73,170
A Vapor,Sky,latin,50,87,62,85,91
Te Hace Falta,Baby Rasta & Gringo,latin,56,87,84,80,92
Nadie (feat. Sech & Sharo Towers) - Remix,Farruko,latin,77,76,75,71,95
Veneno,BB Nobre,latin,49,78,82,22,96
No Te Veo - Remix,Casper Magico,latin,74,86,79,78,104
Tutu,Camilo,latin,88,73,83,94,146
Loco,Beéle,latin,39,85,57,77,105
Oye,TINI,latin,81,68,51,26,95
Zun Da Da,Zion,latin,67,78,77,62,88
More,Zion,latin,63,69,78,86,172
Bien Loco,Nova y Jory,latin,62,52,81,78,170
Un Poco Loca (feat. De La Ghetto),Jowell & Randy,latin,58,81,74,81,176
Quiero Saber,Ivy Queen,latin,33,85,91,87,95
Dembow,Wisin & Yandel,latin,58,74,81,88,93
Porque Me Tratas Así?,Wisin & Yandel,latin,55,79,56,52,94
Caile,"Tito ""El Bambino""",latin,52,90,79,69,97
Aprovecha (feat. Daddy Yankee),Nova y Jory,latin,58,62,77,59,172
Métele Sazón,Luny Tunes,latin,58,85,66,91,95
Bandida,Zion & Lennox,latin,56,81,78,54,95
HP,Maluma,latin,83,84,79,62,92
El Amante,Nicky Jam,latin,72,68,69,73,180
Me Rehúso,Danny Ocean,latin,74,74,80,43,105
Vacaciones,Wisin,latin,68,78,91,70,96
Te Boté - Remix,Nio Garcia,latin,80,90,68,44,97
Que Va,Alex Sensation,latin,70,77,83,83,91
Llegaste Tú,CNCO,latin,69,70,91,56,97
Desconocidos,Mau y Ricky,latin,79,71,77,71,174
Enseñame a Soñar - Original Mix,DJ Goozo,latin,65,98,92,25,128
Vallenato Apretao,Silvestre Dangond,latin,60,79,79,57,90
Cuando Te Besé,Becky G,latin,76,77,73,30,100
Otra vez (feat. J Balvin),Zion & Lennox,latin,74,83,77,70,96
La Rompe Corazones,Daddy Yankee,latin,72,68,86,89,176
Vente Pa' Ca,Ricky Martin,latin,73,66,92,53,100
Me Niegas,Baby Rasta & Gringo,latin,64,68,71,88,174
Downtown,Anitta,latin,75,78,68,62,166
Obsesionado,Farruko,latin,63,70,88,67,169
Hipnotízame,Wisin & Yandel,latin,61,80,83,57,80
Baila Conmigo,Manuel Turizo,latin,53,88,35,56,90
Culo,Pitbull,latin,50,86,66,97,60
Bailando por Ahi,Juan Magán,latin,56,73,73,97,130
Que Tengo Que Hacer,Daddy Yankee,latin,0,76,89,95,108
Guaya Guaya,Don Omar,latin,49,69,87,69,184
Suavemente,Elvis Crespo,latin,67,81,88,92,124
Recuerdos,Juhn,latin,66,77,62,45,174
No Es Justo,Xcelencia,latin,50,81,87,60,95
No Me Equivoqué,Lenny Tavárez,latin,63,75,70,59,174
Me Enredas,Leebrian,latin,37,84,45,63,160
Abusadora,Almighty,latin,65,89,66,66,100
Tu No Ta Soltera,Logan Romero,latin,40,77,55,12,92
Linda Estrella (feat. Baby Rasta y Gringo),Noriega,latin,0,75,53,85,75
Tocarte Toa (feat. Natya),Big Yamo,latin,2,86,90,83,100
Permitame,Tony Dize,latin,49,62,66,90,214
Algo Musical,Ñejo & Dalmata,latin,53,88,64,71,107
5 Letras,Alexis y Fido,latin,56,82,77,67,94
Fantasma - Main,Zion,latin,0,64,69,77,184
Na De Na,Angel Y Khriz,latin,59,88,89,69,120
Pasarela,DJ Nelson,latin,0,79,84,51,95
Web Cam,Farruko,latin,0,74,70,58,81
Deja (feat. Nejo Y Dalmata),J Alvarez,latin,0,74,76,74,81
Solos (feat. Plan B),Tony Dize,latin,0,74,70,96,84
Se Aloca,Reykon,latin,0,86,69,88,98
Ella Me Cautivo,J Balvin,latin,0,82,77,90,107
Ojos Que No Ven,Kexxy Pardo,latin,46,77,60,86,176
Mañana No Hay Clase (24/7),Sebastian Yatra,latin,71,78,73,82,180
Fugitivo,Maikel Delacalle,latin,59,61,66,15,172
Vacilón,Don Omar,latin,61,73,52,68,83
Cola,Mozart La Para,latin,37,84,76,64,130
¿Cuánto E$?,Jhay Cortez,latin,51,60,55,60,83
Malas Intenciones,Tharyk,latin,49,72,86,70,96
Pega Pega,"Tito ""El Bambino""",latin,65,80,84,84,97
"Domingo (Reykon, Cosculluela, Greeicy & Rauw Alejandro) - Re",Reykon,latin,67,80,71,54,93
Si Se Da,Myke Towers,latin,78,83,71,70,94
Estamos Bien,Bad Bunny,latin,10,79,56,47,120
NI BIEN NI MAL,Bad Bunny,latin,79,83,45,34,128
Qué Hay de Malo - Reggae Version,Farruko,latin,57,67,66,83,168
NA,NA,latin,0,68,92,73,97
Rakata,Wisin & Yandel,latin,0,73,78,65,192
Mi Cura,Kevin G.,latin,30,59,50,22,192
Pobre Diabla,Don Omar,latin,1,74,75,85,92
Donde Estés Llegaré,Alexis y Fido,latin,56,83,90,60,94
Abusadora,Wisin & Yandel,latin,0,78,78,17,115
Dónde Están Las Gatas,Nicky Jam,latin,0,83,94,79,110
Tocarte Toa 2012 (feat. Big Yamo & Jimmy Bad Boy),Latin Fresh,latin,41,83,87,51,100
Cojela Que Va Sin Jockey,Daddy Yankee,latin,0,82,60,60,95
Mírame,Daddy Yankee,latin,56,79,75,73,96
Bartender,Alexis y Fido,latin,45,83,73,32,116
Sexo Seguro,"Franco ""El Gorilla""",latin,55,75,89,58,97
Taboo,Don Omar,latin,64,43,89,81,187
Hooka,Don Omar,latin,60,73,86,82,170
Blue Zone,Don Omar,latin,45,80,71,48,95
Slow Motion,Don Omar,latin,37,74,84,70,180
Bailando Sola - Remastered 2016,Don Omar,latin,44,75,65,32,90
Yo Soy De Aqui,Don Omar,latin,48,70,74,73,92
Intocable,Don Omar,latin,2,89,63,48,95
Perriando,Reykon,latin,65,80,62,88,180
Desde Que Te Conocí,Jonna Torres,latin,37,58,68,49,181
Adore You,Harry Styles,latin,91,68,77,57,99
RITMO (Bad Boys For Life) (Remix) *,The Black Eyed Peas,latin,35,79,80,63,105
Don't Start Now,Dua Lipa,latin,97,79,79,68,124
RITMO (Bad Boys For Life),The Black Eyed Peas,latin,96,72,72,67,105
Candy,Doja Cat,latin,85,69,52,21,125
If The World Was Ending (feat. Julia Michaels),JP Saxe,latin,88,46,47,60,76
Old Town Road - Remix,Lil Nas X,latin,90,88,62,64,136
Slide Away,Miley Cyrus,latin,81,53,54,29,148
Muévelo,Nicky Jam,latin,82,60,81,92,188
Higher Love,Kygo,latin,87,69,68,40,104
Goodbyes (feat. Young Thug),Post Malone,latin,90,55,65,16,150
Turn Me On (feat. Vula),Riton,latin,86,74,83,52,124
Piece Of Your Heart,MEDUZA,latin,88,68,74,63,124
Can We Kiss Forever?,Kina,latin,85,52,13,12,110
Fantasias,Rauw Alejandro,latin,92,88,70,79,94
6 AM,J Balvin,latin,70,75,75,73,176
NA,NA,latin,0,71,82,65,96
Ya Llego (Captain Planet Remix),Willie Colón,latin,2,83,85,54,115
"Ay MI Dios (feat. Pitbull, Yandel & Chacal)",IAmChino,latin,69,76,83,81,92
Aire,Leslie Grace,latin,46,75,90,74,100
Vente Pa' Ca,Ricky Martin,latin,73,66,92,53,100
Perro Fiel (feat. Nicky Jam),Shakira,latin,71,75,76,89,184
Echa Pa'lla (Manos Pa'rriba),Pitbull,latin,4,55,81,96,87
A Ella,KAROL G,latin,57,73,77,59,182
X,Nicky Jam,latin,52,60,77,71,180
Familiar,Liam Payne,latin,70,64,80,91,93
Dura,Daddy Yankee,latin,76,78,84,84,95
Me Gusta,Natti Natasha,latin,5,85,70,68,96
Ya Tú Sabes,CNCO,latin,40,76,70,60,142
Girl You Hear me Crying,N.V.,latin,0,64,82,41,123
I Can't Live Without You,Angelique,latin,0,70,72,66,122
Highways Of Love,Johnny O.,latin,24,63,53,65,121
You're the One for Me,April,latin,0,61,79,57,123
So In Love,Ballin Entertainment,latin,0,75,60,78,130
I'll Never Forget You,Ballin Entertainment,latin,0,42,75,56,127
All Broken Hearted,Ballin Entertainment,latin,0,78,83,84,128
Forever,Ballin Entertainment,latin,0,77,63,77,132
In A Dream,Ballin Entertainment,latin,0,78,66,87,132
Paradise,Ballin Entertainment,latin,0,71,83,60,129
A Day In My Life (Without You),Lisette Melendez,latin,0,61,95,79,119
One More Romance,Bobby Delante,latin,0,65,88,66,125
I Only Wanted To Love You,Denine,latin,0,68,85,84,127
Moment In Love,Bobby Delante,latin,10,62,84,86,124
Only Time Will Tell,O.S.U.,latin,7,72,93,97,122
I Get Even,Lil Menace,latin,31,90,76,32,94
La Raza,Kid Frost,latin,51,80,53,72,107
Oh What A Night,Lil Rob,latin,11,74,59,20,97
I Like It,Mr. Capone-E,latin,0,76,76,34,97
Dope's Gotta Hold On Me (feat. Ese Rich Roc),Spanish F.L.Y.,latin,6,58,36,58,239
The Sickside,Sick Jacken,latin,30,66,61,48,94
By Your Side,Silencer,latin,18,67,56,40,173
Whatever You Want,Lighter Shade Of Brown,latin,5,79,52,81,83
Sureno Vida,Brownside,latin,0,70,55,53,93
Hopeless Boy (feat. David Ortiz),King Lil G,latin,57,57,61,39,94
Slutty Girls,Mr. Knightowl,latin,10,96,56,60,115
Criminal Mentality,Mr. Criminal,latin,39,55,90,69,98
Memories,Cypress Hill,latin,29,90,82,71,96
Beautiful day (In San Diego),Young Sicc,latin,0,61,43,91,95
California,Akwid,latin,46,90,75,52,98
No Idea,Don Toliver,latin,92,66,61,35,128
Orphans,Coldplay,latin,70,50,81,28,108
Hot Girl Summer (feat. Nicki Minaj & Ty Dolla $ign),Megan Thee Stallion,latin,53,65,81,51,132
"You Can't Stop The Girl (From Disney's ""Maleficent: Mistress",Bebe Rexha,latin,77,39,72,25,152
The London (feat. J. Cole & Travis Scott),Young Thug,latin,83,80,59,18,98
Killing Butterflies,Lewis Blissett,latin,53,59,78,50,144
Can't Lie (feat. James Francis & Kalibwoy) - Praia Del Sol &,D-Rashid,latin,9,81,76,44,104
Bobslee,Merdan D,latin,27,89,42,47,100
I Tell Them (feat. Jack & Lewis),Sam Blans,latin,25,60,82,28,108
Possitive Vibes,Jack & Lewis,latin,18,63,48,11,133
X - Remix,Nicky Jam,latin,73,66,70,74,180
Drum Power,Dominic Candela,latin,3,79,84,65,128
Wild,Diaz & Bruno,latin,37,81,83,52,100
Rutte No Jave,Freddy Moreira,latin,25,90,94,78,108
Damelo (You got what I want) - Original Mix,Gregor Salto,latin,3,82,65,30,128
City Aya,Renato S,latin,2,71,92,49,125
Ja Te Falei 2015 Rework,Igor Neves,latin,1,85,97,47,128
Drum Code,David Fesser,latin,3,77,86,15,128
Back Together,Igor Neves,latin,0,79,98,46,128
Riddim Go,Gregor Salto,latin,25,75,88,49,128
Keep On Shining,Silvio Luz,latin,0,79,97,59,126
La Playa - Remix,Myke Towers,latin,79,78,63,39,140
Infeliz,Arcangel,latin,84,71,80,72,176
Música,DJ Luian,latin,78,79,82,85,178
Fantasía,Ozuna,latin,85,70,72,78,180
Uniforme,Rich Music LTD,latin,81,74,86,77,174
Toxico,Brytiago,latin,75,86,63,60,90
"DJ No Pare (feat. Zion, Dalex, Lenny Tavárez) - Remix",Justin Quiles,latin,86,74,71,83,170
No Me Conoce - Remix,Jhay Cortez,latin,84,79,79,58,92
Otro Trago - Remix,Sech,latin,86,72,79,76,176
Diavla,Chris Viz,latin,76,84,62,66,100
Pa Mí - Remix,Dalex,latin,18,69,62,73,170
UN PESO,J Balvin,latin,79,63,68,96,79
Ella Quiere Beber - Remix,Anuel AA,latin,18,75,66,70,95
Secreto,Anuel AA,latin,82,81,80,71,92
Falling,DÉRLY,latin,12,82,66,65,94
Otro Trago,Sech,latin,84,75,70,62,176
Duro,Hayz,latin,9,67,71,76,88
Comerte A Besos,Justin Quiles,latin,6,80,72,51,88
Calma - Remix,Pedro Capó,latin,86,83,77,76,127
Imposible,Luis Fonsi,latin,74,79,76,91,91
El Perdón,Nicky Jam,latin,74,63,69,66,180
Échame La Culpa,Luis Fonsi,latin,20,72,90,64,96
Baby Girl (feat. Lalo Ebratt),Mario Bautista,latin,75,80,70,45,103
Amanece,Anuel AA,latin,80,79,63,89,94
Ella Fuma,Plan B,latin,71,80,73,84,172
Otra Noche en Miami,Bad Bunny,latin,78,51,65,30,89
Que Mas Pues - Remix,Justin Quiles,latin,83,65,66,81,113
A Thousand Years,Christina Perri,latin,79,42,41,16,139
International Love,Pitbull,latin,71,67,86,65,120
Moves Like Jagger - Studio Recording From The Voice Performa,Maroon 5,latin,6,72,76,66,128
Angel,Akon,latin,53,56,87,32,126
Ride It,Jay Sean,latin,51,71,57,77,93
Love Me,Justin Bieber,latin,65,73,87,63,125
In My Head,Jason Derulo,latin,69,76,75,85,110
Only Girl (In The World),Rihanna,latin,72,79,72,61,126
Firework,Katy Perry,latin,67,64,83,65,124
F*ck Up Some Commas,Future,latin,68,87,57,46,140
Hasta Abajo,Don Omar,latin,57,70,92,68,180
El Perdón,Nicky Jam,latin,7,62,70,64,180
Kukere,Iyanya,latin,0,76,85,96,130
Metele Sazon,Tego Calderon,latin,0,83,41,92,95
Pedro Navaja,Rubén Blades,latin,9,58,61,83,94
Cheap Thrills,Sia,latin,68,59,80,73,90
Perdido En Tus Ojos,Don Omar,latin,58,68,88,79,96
Kill For You,Skylar Grey,latin,50,67,80,27,96
For Free,DJ Khaled,latin,56,92,57,50,104
Gyal You A Party Animal - Remix,Charly Black,latin,67,73,89,76,101
You Got Me,The Roots,latin,65,73,44,76,81
Love Me Now,John Legend,latin,67,49,76,71,124
Imaginate,Wisin & Yandel,latin,42,82,74,56,98
Taboo,Don Omar,latin,1,44,88,81,125
Sending All My Love,Linear,latin,49,70,52,77,105
One Way Love,TKA,latin,0,72,73,73,117
When I Hear Music,Debbie Deb,latin,0,76,76,76,126
Tell It to My Heart,Taylor Dayne,latin,65,64,99,72,118
Temptation,Corina,latin,35,61,77,56,118
Please Don't Go (Freestyle Dance Usa Mix),Nayobe,latin,30,73,69,82,121
Don't Break My Heart,Safire,latin,30,69,81,53,119
I'll Be Loving You,Adam Marano,latin,33,70,92,81,126
Go Go Yellow Screen,Digital Emotion,latin,42,79,94,85,129
Forever Amor,D'zyre,latin,18,76,96,89,117
Love Letter,Giggles,latin,31,81,70,86,115
Just Like the Wind,N.V.,latin,36,75,53,65,125
It Must Be Love,Tonasia,latin,8,64,87,72,121
Point of No Return,Nu Shooz,latin,38,69,84,81,109
Demons,Imagine Dragons,latin,72,50,71,43,90
Counting Stars,OneRepublic,latin,74,66,70,48,122
Let Her Go,Passenger,latin,35,48,55,24,75
See You Again (feat. Charlie Puth),Wiz Khalifa,latin,18,69,48,28,80
Secrets,OneRepublic,latin,76,52,76,38,148
Without You (feat. Usher),David Guetta,latin,59,61,61,40,128
One More Night,Maroon 5,latin,67,72,82,61,93
I'm Yours,Jason Mraz,latin,82,69,46,72,151
Single Ladies (Put a Ring on It),Beyoncé,latin,69,43,58,27,193
Life is a Highway,Rascal Flatts,latin,72,58,95,67,103
Since U Been Gone,Kelly Clarkson,latin,72,66,74,40,131
Give Me Everything,Pitbull,latin,48,67,93,48,129
I Need Your Love (feat. Ellie Goulding),Calvin Harris,latin,69,70,87,58,125
Cheerleader - Felix Jaehn Remix Radio Edit,OMI,latin,67,78,68,59,118
Ex's & Oh's,Elle King,latin,73,61,92,45,140
X - Spanglish Version,Nicky Jam,latin,50,66,72,68,180
In My Mind Part 3 (feat. Georgi Kay),Flo Rida,latin,53,68,87,23,128
Machika - Dillon Francis Remix,J Balvin,latin,40,68,94,50,112
Adictiva,Daddy Yankee,latin,77,79,77,70,99
Cheap Thrills Remix,Sia,latin,56,53,75,67,180
La Cartera,Farruko,latin,76,77,80,64,88
CUIDAO POR AHÍ,J Balvin,latin,72,84,81,59,91
Hasta Que Salga el Sol,Ozuna,latin,68,86,82,57,96
"Loco Contigo (with J. Balvin & Ozuna feat. Nicky Jam, Natti ",DJ Snake,latin,80,79,69,55,96
Uhhh,DJ DYLVN,latin,35,89,70,86,92
Naughty,SXTEEN,latin,51,78,41,54,192
AFTER,Johnny 500,latin,50,70,66,68,188
Only You,Frenna,latin,64,85,55,85,95
Work It,Tabitha,latin,53,54,83,73,101
VERDIEND,Chivv,latin,55,77,78,68,102
Lovin’,Hansie,latin,40,70,55,64,184
Design,Kevcody,latin,51,90,43,79,107
Kostbaar,Yung Felix,latin,39,63,61,22,120
Viraal,Frenna,latin,57,86,65,77,130
Louboutin,Frenna,latin,58,76,62,63,120
Candela,Afro Bros,latin,41,79,84,43,100
Kom Bij Mij,Hansie,latin,49,50,72,60,190
Confío,Gui Brazil,latin,38,87,56,46,105
Ya No Soy Igual,Musiko,latin,32,73,95,66,98
Nadie me ama como tú,T-Bone,latin,28,68,94,68,128
Bueno es Dios,DJ PV,latin,37,77,63,55,105
Luz y Sal (feat. Edward Sanchez),Funky,latin,55,75,80,64,92
"Trapstorno (feat. Natan El Profeta, Rubinsky Rbk & Philipe)",Redimi2,latin,54,76,83,19,145
Ganas de Vivir,Kike Pavón,latin,53,72,86,88,100
Arte (feat. Pablo Quintero),Carlos Herrera Music,latin,30,60,49,30,145
Dame Mas (Bilingual Version),Genessis & Nikki,latin,20,71,86,61,100
No Fallará,Funky,latin,44,77,77,39,140
Aquí Como en el Cielo - Artury Pepper Remix,Job González,latin,0,61,70,21,148
Me Liberé,Evaluna Montaner,latin,55,80,76,57,112
Sin Tu Amor,Musiko,latin,48,69,79,85,174
For Your Love,Edu Linares,latin,10,59,94,82,160
"Ando Con ""Él""",Rudy Torres,latin,14,69,57,62,137
Danza Kuduro,Don Omar,latin,70,70,92,89,130
El Mismo Sol - Jan Leyk Remix,Alvaro Soler,latin,0,62,94,66,124
Ny Champagne,Camilo & Grande,latin,21,73,70,78,96
Virtual Diva,Don Omar,latin,57,78,87,69,114
Move On (C'est la vie),Faydee,latin,40,72,66,42,101
Paiso,Hans Grants,latin,0,60,55,60,170
Talk Dirty (feat. 2 Chainz),Jason Derulo,latin,67,76,65,76,100
So Hot,Jigg,latin,43,52,75,60,194
Contigo,Juan Magán,latin,0,50,90,48,128
Gasolina Budda Remix,Lil Jon,latin,0,72,82,63,96
"Bubble Butt (feat. Bruno Mars, 2 Chainz, Tyga & Mystic) - Ra",Major Lazer,latin,0,80,60,37,194
Cocaina (feat. Young Thug),Migos,latin,39,57,75,36,103
Cut It (feat. Young Dolph),O.T. Genasis,latin,63,88,67,23,130
Ah Leke,Pitbull,latin,38,81,89,93,138
Shake That Thing,Sean Paul,latin,39,63,90,54,177
Abarajame,Illya Kuryaki & The Valderramas,latin,0,76,63,64,88
La Voz,Delinquent Habits,latin,36,69,78,24,106
Chupacabras - Remaster 2004,Tiro De Gracia,latin,45,80,75,84,101
El Juego Verdadero,Tiro De Gracia,latin,52,85,78,64,95
Hubiera,Crudo Means Raw,latin,43,72,34,50,91
Somnífera,The Guadaloops,latin,44,55,49,44,145
Rey de Reyes,María y José,latin,10,78,90,90,129
Sangre en el Pool Party,Crudo Means Raw,latin,41,79,31,37,91
Yo Quiero Fumar (I Wanna Get High) - Spanish Edit,Cypress Hill,latin,50,50,58,43,82
Marijuano Locos (Stoned Raiders) - Spanish Edit,Cypress Hill,latin,44,78,70,53,91
Siempre Peligroso - feat. Fermin IV Caballero of Control Mac,Cypress Hill,latin,50,90,62,67,92
Día y Noche,Liricistas,latin,47,71,69,54,94
Desde,Portavoz,latin,0,83,43,93,91
Milki,Akapellah,latin,45,91,46,22,128
Entre Horizonte y Verticalde (feat. Sebastián Jordán),Cevlade,latin,28,60,68,66,89
Carrying Your Love With Me,George Strait,latin,62,63,48,34,138
You're The One That I Want - From “Grease”,John Travolta,latin,10,74,77,83,107
Humble And Kind,Tim McGraw,latin,70,36,48,14,101
We Are Family,Sister Sledge,latin,71,78,89,82,119
Chicken Fried,Zac Brown Band,latin,75,57,71,81,170
P.Y.T. (Pretty Young Thing),Michael Jackson,latin,71,89,82,96,127
Cake By The Ocean,DNCE,latin,2,77,76,88,119
Happier,Marshmello,latin,89,69,79,67,100
Crazy In Love (feat. Jay-Z),Beyoncé,latin,75,65,77,68,99
Cotton Eye Joe,Rednex,latin,57,74,94,61,132
Wanted,Hunter Hayes,latin,69,42,48,30,170
ZEZE (feat. Travis Scott & Offset),Kodak Black,latin,56,86,63,47,98
Me Voy Pa'l Party,Nicky Jam,latin,50,82,94,78,95
P.I.M.P. - Snoop Dogg Remix,50 Cent,latin,56,68,70,83,78
"Banda De Camión (Remix) [feat. Farruko, De La Ghetto, Bryant",El Alfa,latin,56,54,98,73,120
Reggaetón en lo Oscuro,Wisin & Yandel,latin,4,74,89,73,92
SAD!,XXXTENTACION,latin,87,74,61,47,75
Árabe,Papichamp,latin,55,68,67,64,200
¿Quien Tu Eres?,Bad Bunny,latin,71,73,58,32,137
Estamos Bien,Bad Bunny,latin,76,76,54,44,120
Me Mata,Bad Bunny,latin,69,84,53,69,114
Sexo Seguro,"Franco ""El Gorilla""",latin,0,75,89,58,97
De Ti Depende (feat. Plan B),Jory Boy,latin,41,61,84,57,176
Mirala (feat. Farruko & Zion),De La Ghetto,latin,45,75,89,62,91
Va a Toa,Farruko,latin,24,67,94,80,92
HIGHEST IN THE ROOM (feat. ROSALÍA & Lil Baby) - REMIX,Travis Scott,r&b,89,56,49,11,153
GANG GANG,JACKBOYS,r&b,84,86,60,57,123
Hop Off A Jet (feat. Travis Scott),Young Thug,r&b,82,82,48,35,145
F.N,Lil Tjay,r&b,82,57,52,32,120
Peta (feat. Meek Mill),Roddy Ricch,r&b,84,78,57,27,140
Panini,Lil Nas X,r&b,13,70,59,48,154
That's Tuff (feat. Quavo),Rich The Kid,r&b,75,90,64,31,138
W (feat. Gunna),Koffee,r&b,74,86,72,90,101
I Wanna Rock (feat. Gunna),G-Eazy,r&b,64,78,85,70,100
On God,Kanye West,r&b,75,41,89,39,73
Pose (feat. Megan Thee Stallion & Lil Uzi Vert),Yo Gotti,r&b,68,92,73,44,120
In Love with the K (feat. BlocBoy JB),Swagger Rite,r&b,40,82,48,27,124
I Think I Luv Her,Tyla Yaweh,r&b,77,90,61,84,84
"Just in Case (feat. Swizz Beatz, Rick Ross & DMX)",Godfather of Harlem,r&b,52,46,91,67,91
"Cross the Path (feat. Swizz Beatz, A.CHAL & Jidenna)",Godfather of Harlem,r&b,46,57,94,77,186
Slide,H.E.R.,r&b,81,83,47,20,97
All Facts (feat. Ty Dolla $ign),G-Eazy,r&b,29,53,70,64,160
Won't Be Late (feat. Drake),Swae Lee,r&b,75,92,59,33,124
Yesterday (feat. Maxx Owa),GASHI,r&b,55,66,61,40,98
ALREADY,Beyoncé,r&b,69,65,73,55,67
Girls Need Love (with Drake) - Remix,Summer Walker,r&b,10,66,43,9,97
Redbone,Childish Gambino,r&b,18,74,36,61,160
Down for You (feat. BJ the Chicago Kid),Kehlani,r&b,53,48,71,35,80
Honesty,Pink Sweat$,r&b,14,62,20,42,80
Petty Lover,Jaz Karis,r&b,54,76,36,59,120
Kaleidoscope World (feat. Krista) - Radio Mix,Jenil,r&b,16,69,86,17,128
Do You Mean (feat. Ty Dolla $ign & bülow),The Chainsmokers,r&b,48,60,67,57,100
Teeth,5 Seconds of Summer,r&b,77,75,46,42,139
Lie,Lukas Graham,r&b,69,58,61,30,92
Nice To Meet Ya,Niall Horan,r&b,87,59,84,39,109
Another Place,Bastille,r&b,73,68,74,62,115
everything i wanted,Billie Eilish,r&b,97,70,22,24,120
Blinding Lights,The Weeknd,r&b,98,51,80,34,171
My Oh My (feat. DaBaby),Camila Cabello,r&b,94,72,49,38,105
Loyal,SAYGRACE,r&b,51,68,48,74,160
Time Machine,Alicia Keys,r&b,66,77,64,49,106
Fly,Lucky Daye,r&b,47,82,62,50,128
Bad To You (with Normani & Nicki Minaj),Ariana Grande,r&b,76,73,58,63,148
"Getting Late (From ""Queen & Slim: The Soundtrack"")",Syd,r&b,58,66,35,5,111
2 Many,Kodie Shane,r&b,40,78,69,69,141
Boys Ain't Shit,SAYGRACE,r&b,52,83,62,84,103
I'm Leaving,Rileyy Lanez,r&b,53,82,33,20,117
Buying Time,Lucky Daye,r&b,61,76,44,67,118
Easy (feat. 6LACK),Next Town Down,r&b,56,77,30,49,81
Could've Been (feat. Bryson Tiller),H.E.R.,r&b,75,46,35,41,103
Hair Down (feat. Kendrick Lamar),SiR,r&b,67,79,49,47,120
2 AM,Lil Mop,r&b,34,85,56,52,140
Put Em Up,Boosie Badazz,r&b,40,73,57,54,86
I Can Do Whatever,Dopeamean,r&b,28,78,65,62,128
Attention,Mandi Macias,r&b,26,85,52,30,142
Get Rite,Roc DaGuard,r&b,22,90,64,71,103
Make Room,Nino Man,r&b,24,54,92,66,85
Doctor Jesus,Robert Turner,r&b,25,66,58,55,117
The Zone,The Weeknd,r&b,61,62,52,25,140
The Party & The After Party,The Weeknd,r&b,60,44,63,40,204
Starboy,The Weeknd,r&b,84,68,59,49,186
Call Out My Name,The Weeknd,r&b,24,45,60,16,134
Crew Love,Drake,r&b,51,42,55,29,160
Take Me Away (feat. Syd),Daniel Caesar,r&b,61,40,41,19,74
Got Friends,GoldLink,r&b,65,69,75,34,144
Blue Ocean Floor,Justin Timberlake,r&b,0,15,20,8,181
Tears In The Rain,The Weeknd,r&b,43,66,64,18,160
Too Fast,Sonder,r&b,63,40,33,10,99
Again,John Legend,r&b,46,37,31,16,173
F.U.B.U.,Solange,r&b,50,48,50,45,143
P.O.V.,dvsn,r&b,47,81,34,12,100
Love,Keyshia Cole,r&b,68,69,52,32,117
"U Know What's Up (feat. Lisa ""Left Eye"" Lopes)",Donell Jones,r&b,60,85,54,87,103
Breakin' My Heart (Pretty Brown Eyes),Mint Condition,r&b,57,67,52,55,137
Knock You Down,Keri Hilson,r&b,65,59,88,64,155
Where My Girls At,702,r&b,58,70,72,76,92
Summer Rain,Carl Thomas,r&b,52,67,63,78,186
Oops (Oh My) [feat. Missy Elliott],Tweet,r&b,60,66,54,78,160
If You Love Me,Brownstone,r&b,62,69,58,21,95
I'm Blessed,Charlie Wilson,r&b,50,68,70,65,160
Say Yes,Floetry,r&b,58,75,40,43,118
Back At One,Brian McKnight,r&b,71,66,35,26,130
Nothing In This World,KeKe Wyatt,r&b,52,70,63,40,132
It Won't Stop (feat. Chris Brown),Sevyn Streeter,r&b,66,66,57,21,120
Rhythm Of The Night,DeBarge,r&b,64,71,76,96,115
I Can't Stop Loving You,Kem,r&b,53,70,30,12,141
Callaita,Bad Bunny,r&b,90,61,62,24,176
WORKIN ME,Quavo,r&b,64,79,63,27,170
Space Cadet (feat. Gunna),Metro Boomin,r&b,7,90,46,64,109
Legacy (feat. Travis Scott & 21 Savage),Offset,r&b,72,84,51,34,128
Ready (feat. Gunna),Lil Baby,r&b,64,79,40,13,77
Go Loko,YG,r&b,78,88,67,14,101
Forever,Tory Lanez,r&b,72,80,78,17,147
Hot (feat. Gunna),Young Thug,r&b,83,86,65,56,112
Collateral Damage,Burna Boy,r&b,66,74,85,90,102
"Dreams, Fairytales, Fantasies (feat. Brent Faiyaz & Salaam R",A$AP Ferg,r&b,15,74,60,45,92
Hottest in the City,Ty Dolla $ign,r&b,61,75,67,38,147
Big Mood,PAST,r&b,26,86,59,43,150
Start Wit Me (feat. Gunna),Roddy Ricch,r&b,80,89,48,41,130
Yessirr,Tory Lanez,r&b,46,65,58,10,90
I Bruise Easily,Natasha Bedingfield,r&b,42,61,58,39,131
Street Thing,Aaliyah,r&b,27,38,50,19,128
Show Me Love,Tamia,r&b,27,62,65,33,80
You Don't Know My Name,Alicia Keys,r&b,61,26,66,25,167
Hold Back The River,James Bay,r&b,68,72,72,51,135
Fall In Line (feat. Demi Lovato),Christina Aguilera,r&b,57,39,63,20,123
The Blower's Daughter,Damien Rice,r&b,67,34,20,7,133
Retrograde,James Blake,r&b,67,53,25,19,78
Que te vaya bonito,Chavela Vargas,r&b,45,64,25,33,117
Cornerstone,Benjamin Clementine,r&b,43,50,36,17,78
Human,Sevdaliza,r&b,53,54,17,16,98
Call Out My Name - The Four Performance,Leah Jenea,r&b,42,70,42,28,134
"Read All About It, Pt. III",Emeli Sandé,r&b,68,63,44,34,98
Beneath Your Beautiful,Labrinth,r&b,69,56,52,23,84
Unforgettable - The Four Performance,Zhavia Ward,r&b,50,59,85,58,95
No Pressure,Mahalia,r&b,57,48,55,65,74
Vete,Biig Piig,r&b,48,66,29,27,75
Something's Got To Give,Labrinth,r&b,67,51,75,56,109
xanny,Billie Eilish,r&b,83,52,12,5,112
Confidently Lost,Sabrina Claudio,r&b,65,67,39,32,114
Waves - Guitar Acoustic,Dean Lewis,r&b,53,41,28,38,152
Get You The Moon (feat. Snøw),Kina,r&b,86,50,24,9,119
Come Home To Me,LÉON,r&b,69,66,19,30,82
One Dance,Drake,r&b,83,79,62,37,104
lovely (with Khalid),Billie Eilish,r&b,89,35,30,12,115
Playinwitme (feat. Kehlani),KYLE,r&b,74,69,58,68,157
TTM (feat. Wiz Khalifa & NGHTMRE),PnB Rock,r&b,63,79,82,60,120
UnFazed (feat. The Weeknd),Lil Uzi Vert,r&b,53,78,71,46,127
Head In The Clouds,88rising,r&b,66,52,46,24,146
Good Life (with G-Eazy & Kehlani),G-Eazy,r&b,61,56,77,57,168
Boredom (feat. Rex Orange County & Anna of the North),"Tyler, The Creator",r&b,74,56,58,24,80
Comin Out Strong,Future,r&b,64,63,48,33,109
Seasons (feat. Khalid),6LACK,r&b,73,60,32,51,142
Without Me,Halsey,r&b,88,75,49,53,136
Dreamcatcher (feat. Swae Lee & Travis Scott),Metro Boomin,r&b,2,68,23,10,174
If You Ever (feat. 6LACK),Nao,r&b,63,49,62,38,112
Machete,EARTHGANG,r&b,32,72,82,76,140
0 To 100 / The Catch Up,Drake,r&b,5,56,72,50,177
God Said Trap (King Trappy III),IDK,r&b,0,81,59,39,120
Cocky,Jonah Cruzz,r&b,29,81,79,57,120
Eve - feat. Miss Kitty,Eve,r&b,0,64,80,42,150
Type of Way,Rich Homie Quan,r&b,46,85,51,76,135
Hella Hoes,A$AP Mob,r&b,56,63,85,54,130
Push It,iSHi,r&b,0,64,77,20,175
Cash Money,Mike Zombie,r&b,0,57,83,7,140
El Chapo - feat. Skrillex,The Game,r&b,0,75,91,59,127
Everyday,Rim'K,r&b,0,46,85,47,84
Bankroll,Sy Ari Da Kid,r&b,20,86,64,45,128
Cups of Coffee,Alien Family,r&b,0,73,82,53,170
SRS,Migos,r&b,30,76,53,29,108
Drake We Made It,Young Money,r&b,0,79,82,72,116
Dat $tick,Rich Brian,r&b,69,92,51,17,108
Everything Or Nothing,Picture This,r&b,59,60,68,24,105
Can I Be Him,James Arthur,r&b,78,70,54,48,108
You Are The Reason,Calum Scott,r&b,83,33,24,22,171
The Story Never Ends,Lauv,r&b,72,61,13,35,120
Why I Love You,MAJOR.,r&b,54,36,21,21,80
Not About Angels,Birdy,r&b,75,40,11,22,117
Do You?,Rebecca Black,r&b,41,57,13,13,84
Love Again,Brandy,r&b,55,49,47,55,102
Purpose,Justin Bieber,r&b,71,48,28,32,130
Sleep at Night,Hayley Gene Penner,r&b,39,80,50,55,126
Learn Ya,6LACK,r&b,21,55,52,24,84
Falling Like The Stars,James Arthur,r&b,79,30,35,19,178
Mercy,Shawn Mendes,r&b,18,57,69,40,148
Bored,Billie Eilish,r&b,76,61,32,11,120
Don't Watch Me Cry,Jorja Smith,r&b,69,56,16,35,131
Hurt Somebody,Noah Kahan,r&b,65,63,56,47,115
We'll Always Have Paris,Alex Isley,r&b,25,80,43,67,130
Woman,HONNE,r&b,57,51,41,25,140
Easily,Bruno Major,r&b,74,77,26,36,119
Forward (feat. James Blake),Beyoncé,r&b,56,39,13,5,124
Fighting Temptation,Deitrick Haddon,r&b,17,74,75,74,120
Hold On (feat. Monica & Fred Hammond),James Fortune,r&b,41,32,74,39,162
I'm Still Here (feat. Soul Seekers),Jessica Reedy,r&b,26,62,53,60,68
Mighty God,Deitrick Haddon,r&b,32,48,75,34,160
So In Love With You (Amazing),Jessica Reedy,r&b,16,47,35,10,88
Ungrateful,Deitrick Haddon,r&b,16,70,75,59,97
For My God (feat. Jennifer Hudson),Empire Cast,r&b,22,40,94,52,200
Pass Me Over,Anthony Hamilton,r&b,9,54,56,49,156
In The Middle,Isaac Carree,r&b,42,85,79,96,120
The Only Way Out,Andra Day,r&b,39,50,34,38,85
We Give You Glory (feat. Tasha Cobbs),Fiya,r&b,34,30,76,34,143
Those Who Know,Brasstracks,r&b,20,79,73,65,87
Telling the Truth,Brasstracks,r&b,26,69,60,65,120
We Bout It,Brasstracks,r&b,22,56,68,21,145
The Morning,The Weeknd,r&b,70,65,55,19,120
Put Me Thru,Anderson .Paak,r&b,56,73,79,61,108
Your Prime,Anderson .Paak,r&b,47,60,64,56,161
Swim Good,Frank Ocean,r&b,65,65,67,71,160
Solo,Frank Ocean,r&b,69,44,29,25,124
Biking (Solo),Frank Ocean,r&b,59,64,55,18,148
I Ain't Got Time!,"Tyler, The Creator",r&b,63,55,72,55,109
Get Away,Big K.R.I.T.,r&b,44,62,72,15,156
Bury Me In Gold,Big K.R.I.T.,r&b,39,53,77,44,98
BUMP,BROCKHAMPTON,r&b,50,62,70,38,148
La Cuba Mía - En Vivo,Celia Cruz,r&b,20,51,70,83,168
Todo Se Acabó - Remasterizado,Formell,r&b,34,51,86,64,172
La Negra Tiene Tumbao,Celia Cruz,r&b,55,80,84,96,111
Guajiro,Sexto Sentido,r&b,13,61,58,93,97
Catalejo - 2015,Buena Fe,r&b,27,59,75,77,120
Bonito y sabroso,Beny Moré,r&b,36,91,46,93,125
Mi Historia Entre Tus Dedos,Los 4,r&b,56,72,94,81,100
Ojos Negros,Kelvis Ochoa,r&b,36,60,28,53,78
Disco Inferno,The Trammps,r&b,54,68,70,81,130
Rock & Roll - 2015 Remastered Full Length Version,The Velvet Underground,r&b,61,49,74,74,133
Tom Sawyer,Rush,r&b,73,54,90,67,88
You Make Me Feel Like Dancing - Remastered,Leo Sayer,r&b,44,76,55,83,96
Son Of A Preacher Man,Dusty Springfield,r&b,71,40,43,64,180
At Seventeen,Janis Ian,r&b,5,60,16,32,125
Let's Dance - 2002 Remaster,David Bowie,r&b,65,65,64,79,115
Build Me Up Buttercup,The Foundations,r&b,72,66,51,85,134
I Can't Stand The Rain,Ann Peebles,r&b,41,73,39,97,160
What Is Hip?,Tower Of Power,r&b,52,67,73,60,102
Ain't No Love In The Heart Of The City - Single Version,"Bobby ""Blue"" Bland",r&b,58,52,38,74,158
Be Thankful For What You've Got - Pt. 1,William DeVaughn,r&b,8,86,44,91,92
Pick Up the Pieces,Average White Band,r&b,53,77,85,89,107
Shining Star,"Earth, Wind & Fire",r&b,61,68,69,80,103
Hollywood Swinging,Kool & The Gang,r&b,54,62,82,57,111
Um Pouco De Você,Vitão,r&b,54,77,60,65,90
NADA FÁCIL,Luccas Carlos,r&b,67,62,70,46,168
Não Dá Mais,CMK,r&b,50,81,59,77,150
A Braba,Lord ADL,r&b,47,59,46,72,102
Malvadão 2,Xamã,r&b,63,88,60,91,130
Volta,Fly,r&b,39,59,64,32,76
"Pode Me Esperar (feat. Meucci, Tasdan & Agatha)",MTK,r&b,54,69,68,62,104
Vem Cá,Altamira,r&b,67,75,40,72,81
Singular,Orgânico,r&b,60,71,80,80,160
Acreditar de Novo,1Kilo,r&b,49,78,58,83,100
Two Weeks,FKA twigs,r&b,58,48,72,34,110
I Know There's Gonna Be (Good Times) [feat. Popcaan],Young Thug,r&b,57,63,59,50,90
GLOWED UP,KAYTRANADA,r&b,64,68,62,43,136
The Morning,The Weeknd,r&b,70,65,55,19,120
Retrograde,James Blake,r&b,67,53,25,19,78
Ode to Viceroy,Mac DeMarco,r&b,63,51,63,31,95
Girl,The Internet,r&b,67,57,42,45,80
Don't Wanna Be Your Girl,Wet,r&b,46,56,18,12,130
Chateau Lobby #4 (in C for Two Virgins),Father John Misty,r&b,60,44,80,78,188
Open Eye Signal,Jon Hopkins,r&b,53,80,72,20,122
Round And Round,Ariel Pink,r&b,57,66,59,58,110
Goodie Bag,Still Woozy,r&b,45,70,53,58,138
Loud Places,Jamie xx,r&b,7,65,63,17,109
Rill Rill,Sleigh Bells,r&b,56,47,81,79,73
The Words That Maketh Murder,PJ Harvey,r&b,37,59,78,73,158
Rare,Selena Gomez,r&b,88,84,55,63,115
Years,Astrid S,r&b,69,66,28,26,124
Maniac,Conan Gray,r&b,85,62,65,52,108
sex,EDEN,r&b,76,41,52,53,103
Vulnerable,Selena Gomez,r&b,80,70,57,38,100
Morado,J Balvin,r&b,82,88,70,78,97
Heroine,Niko Walters,r&b,40,70,30,50,91
right here,keshi,r&b,67,62,44,35,160
Feel Up,Pia Mia,r&b,63,82,48,38,98
Norman fucking Rockwell,Lana Del Rey,r&b,75,22,22,14,77
New Love Cassette,Angel Olsen,r&b,60,62,46,58,79
The Barrel,Aldous Harding,r&b,39,73,41,66,87
Best Life,Danny Brown,r&b,54,70,76,47,86
UFOF,Big Thief,r&b,61,62,61,74,147
Baby Blu,Nilüfer Yanya,r&b,49,78,77,58,125
Limitless,Sudan Archives,r&b,53,64,48,36,88
Formation,Beyoncé,r&b,77,90,62,82,122
Press,Cardi B,r&b,74,89,52,24,134
Sorry Not Sorry,Demi Lovato,r&b,14,70,64,87,144
Mo Bamba,Sheck Wes,r&b,82,73,62,26,146
7/11,Beyoncé,r&b,71,75,70,56,136
bad guy,Billie Eilish,r&b,95,70,42,56,135
Hollaback Girl,Gwen Stefani,r&b,69,93,92,90,110
Work,Rihanna,r&b,77,72,53,56,92
Champagne & Sunshine (Ellusive Remix),PLVTINUM,r&b,66,57,79,57,110
Better Days,Cam Meekins,r&b,52,81,56,60,90
Life Is Good (feat. Drake),Future,r&b,93,68,61,51,142
Memories,Maroon 5,r&b,98,76,32,57,91
Señorita,Shawn Mendes,r&b,88,76,55,75,117
Dance Monkey,Coopex,r&b,57,57,77,24,98
Vete,Bad Bunny,r&b,93,89,67,53,92
Watermelon Sugar,Harry Styles,r&b,86,55,82,56,95
I Don't Care (with Justin Bieber),Ed Sheeran,r&b,84,80,68,84,102
Sunflower - Spider-Man: Into the Spider-Verse,Post Malone,r&b,87,76,52,92,90
Ballin' (with Roddy Ricch),Mustard,r&b,90,81,55,24,97
How Do You Sleep?,Sam Smith,r&b,91,48,68,34,111
You should be sad,Halsey,r&b,14,59,60,33,111
SIREN,Rothchild,r&b,26,57,77,15,140
Still Learning,Halsey,r&b,70,71,66,32,102
Chills,Why Don't We,r&b,77,62,69,78,163
Save Room for Us,Tinashe,r&b,64,76,67,42,112
Still I Crave You,Snowk,r&b,24,79,81,76,115
No Good,Ally Brooke,r&b,64,68,77,69,120
Peppa Pig (Prod. Y2K),Leyla Blue,r&b,53,83,32,36,129
Bad News Baby,ALMA,r&b,60,66,83,54,130
Nena,Melii,r&b,29,54,73,86,94
Lucid Dreams,Juice WRLD,r&b,11,51,57,22,84
Bank Account,21 Savage,r&b,80,88,35,38,75
YOSEMITE,Travis Scott,r&b,80,78,55,14,128
God's Plan,Drake,r&b,86,75,45,36,77
No Limit,G-Eazy,r&b,76,84,77,40,176
Wake Up in the Sky,Gucci Mane,r&b,73,80,58,37,143
Without Me,Halsey,r&b,88,75,49,53,136
Shallow,Lady Gaga,r&b,88,57,38,32,96
FRIENDS,Marshmello,r&b,83,63,88,53,95
Lean Wit Me,Juice WRLD,r&b,83,66,65,24,164
Level Up,Ciara,r&b,68,75,82,58,153
Eastside (with Halsey & Khalid),benny blanco,r&b,84,56,68,32,89
Emotionless,Drake,r&b,6,41,68,8,173
Freaky Friday (feat. Chris Brown),Lil Dicky,r&b,77,76,60,76,133
Hope,Nidža Bleja,r&b,36,82,72,73,105
Feel jazz - Remix,Nidža Bleja,r&b,36,73,66,38,100
Ms. Jackson,OutKast,r&b,77,84,80,62,95
My Boo,Usher,r&b,77,66,51,68,86
In Da Club,50 Cent,r&b,71,90,72,80,90
It Was A Good Day,Ice Cube,r&b,74,80,74,79,82
Hot In Herre,Nelly,r&b,71,96,74,91,107
Right Thurr,Chingy,r&b,67,87,75,89,92
Rock Wit U (Awww Baby),Ashanti,r&b,64,71,80,85,95
Where the Party At (feat. Nelly),Jagged Edge,r&b,67,60,66,86,129
7 Days,Craig David,r&b,55,64,84,88,83
Put It On Me,Ja Rule,r&b,0,69,78,82,186
U Got It Bad,Usher,r&b,70,82,50,65,124
Yo (Excuse Me Miss),Chris Brown,r&b,14,60,63,59,87
Ice Box,Omarion,r&b,63,78,73,82,131
I Wanna Know,Joe,r&b,64,72,49,60,136
Outta My System,Bow Wow,r&b,59,77,59,74,84
Sirena,Lionel Ferro,r&b,42,77,64,66,93
Summer on You,PRETTYMUCH,r&b,73,81,45,69,100
Easier,5 Seconds of Summer,r&b,81,50,43,62,176
Beautiful People (feat. Khalid),Ed Sheeran,r&b,89,64,65,55,93
Jesus In LA,Alec Benjamin,r&b,77,77,63,69,94
Sucker,Jonas Brothers,r&b,87,84,73,95,138
It's You,Ali Gatie,r&b,68,73,46,40,96
Woke Up Late (feat. Hailee Steinfeld),Drax Project,r&b,32,70,66,35,119
I Believe in a Thing Called Love,Branches,r&b,58,60,60,12,126
Counting Stars,Mountain Faith,r&b,2,68,30,54,138
Islands in the Stream,Love Canon,r&b,1,64,70,63,112
Game of Thrones (Main Theme),Flatt Lonesome,r&b,2,31,53,48,177
Low,The Cleverlys,r&b,2,70,67,72,127
New Slang,Pickin' On Series,r&b,37,73,57,71,120
Sex on Fire,Pickin' On Series,r&b,33,63,57,71,140
Gin and Juice,Hayseed Dixie,r&b,41,53,80,89,120
My Love (Live),Humming House,r&b,32,41,82,43,127
Billie Jean,The Civil Wars,r&b,64,53,20,54,90
Just One Look,Branches,r&b,31,57,55,13,127
99 Problems,Hugo,r&b,61,53,56,59,163
"It's Alright Ma, I'm Only Bleeding",The Duhks,r&b,0,70,49,31,108
I Will,Alison Krauss,r&b,0,55,22,58,110
Lucy in the Sky With Diamonds,Bill Evans,r&b,30,43,37,62,137
Godzilla (feat. Juice WRLD),Eminem,r&b,79,81,74,83,166
Rare,Selena Gomez,r&b,73,84,55,63,115
Glory,The Score,r&b,71,56,61,48,85
yuh (fool),greisun,r&b,37,66,64,63,150
How Crazy Is That,Derrick Ryan,r&b,30,78,33,20,124
Twenty20,Toby Beck,r&b,17,86,45,34,97
I'll Do for Ya,Johnnie Floss,r&b,16,77,79,96,162
X Now,Nicky Kuba,r&b,36,88,49,62,123
Lit,Charles DaBeast,r&b,14,78,37,56,115
Yellow Hearts,Ant Saunders,r&b,62,87,40,71,129
Follow God,Kanye West,r&b,85,53,90,43,180
Immigrato,Checco Zalone,r&b,56,64,75,69,120
Mambo Salentino,Boomdabash,r&b,69,91,66,86,100
Per Un Milione,Boomdabash,r&b,61,74,74,90,86
Stupida Allegria,Emma,r&b,61,72,87,86,102
È sempre bello,Coez,r&b,62,69,63,50,111
m8nstar,tha Supreme,r&b,65,58,76,44,165
Senza farlo apposta,Shade,r&b,61,52,82,31,128
Maradona y Pelé,Thegiornalisti,r&b,66,68,82,67,120
"La Luna e la Gatta (feat. Tommaso Paradiso, Jovanotti, Calcu",Takagi & Ketra,r&b,64,76,70,76,104
Per Le Strade Una Canzone (feat. Luis Fonsi),Eros Ramazzotti,r&b,56,72,88,57,93
Puoi leggerlo solo di sera,Modà,r&b,51,50,52,11,128
Dalla tua parte,Alessandra Amoroso,r&b,57,59,76,15,82
Polynesia,Gazzelle,r&b,63,78,73,58,125
Domani vedrai (feat. Gigi),Gigi D'Alessio,r&b,40,75,83,78,101
E Poi Ti Penti,Alberto Urso,r&b,45,41,56,18,116
Dance Monkey,Tones and I,r&b,92,82,59,51,98
The Worst In Me,KAYTRANADA,r&b,67,78,64,59,110
Panini,Lil Nas X,r&b,84,70,59,48,154
Look At Her Now,Selena Gomez,r&b,86,56,56,55,154
Closer (feat. Halsey),The Chainsmokers,r&b,85,75,52,66,95
Money In The Grave (Drake ft. Rick Ross),Drake,r&b,88,83,50,10,101
1950,King Princess,r&b,79,60,54,27,72
The Bones - with Hozier,Maren Morris,r&b,76,56,60,36,77
Tell Me You Love Me,Demi Lovato,r&b,4,52,59,24,82
Real Friends,Camila Cabello,r&b,63,74,30,82,92
For You (Fifty Shades Freed) (& Rita Ora),Liam Payne,r&b,12,48,80,17,113
End Game,Taylor Swift,r&b,68,65,59,15,159
Sensualidad,Bad Bunny,r&b,74,81,68,68,140
Black & White,Rudy Mancuso,r&b,45,61,89,77,196
Fight Night,Migos,r&b,52,83,73,86,90
Too Good At Goodbyes,Sam Smith,r&b,76,68,37,48,92
Sorry Not Sorry,Demi Lovato,r&b,5,70,67,87,144
I Feel It Coming,The Weeknd,r&b,70,77,82,58,93
Summertime Sadness (Lana Del Rey Vs. Cedric Gervais) - Cedri,Lana Del Rey,r&b,73,57,81,11,126
Attention,Charlie Puth,r&b,23,77,63,78,100
Empty Streets,Kota Banks,r&b,2,66,63,31,140
Dark Days - Sofi Tukker Remix,Local Natives,r&b,43,60,92,41,121
We Don't Talk Anymore,Charlie Puth,r&b,70,73,56,35,100
Bucktown,Smif-N-Wessun,r&b,58,77,84,65,89
Manifesto,OverDoz.,r&b,38,92,74,90,102
Breadcrumbs,Deca,r&b,44,64,75,85,83
Celebrity Reduction Prayer (feat. Open Mike Eagle & Oddisee),Mello Music Group,r&b,41,69,51,21,128
Black Coffee,Blake Anthony,r&b,32,75,35,24,81
Step Up,Pete Rock / InI,r&b,0,78,70,66,91
Ya Mama,The Pharcyde,r&b,0,78,86,77,90
Suede,NxWorries,r&b,0,72,70,67,117
The Difference,L'Orange,r&b,24,72,76,83,78
La La La,De La Soul,r&b,30,72,84,32,87
93 'Til Infinity,Souls Of Mischief,r&b,0,57,76,67,206
Warming Up,Pete Flux,r&b,22,74,95,61,92
Tales of Trillium Shakespeare (feat. Ayo da Don),Focus the Truth,r&b,32,62,72,73,90
Episode VIII,Madlib,r&b,29,73,54,56,182
Can I Kick It?,A Tribe Called Quest,r&b,0,87,65,75,97
Finally // beautiful stranger,Halsey,r&b,79,63,55,12,134
Saide (Sad Song) - English Version,Gliffo,r&b,39,60,49,31,76
Can't Stop,After 7,r&b,42,73,81,81,97
Sensitivity,Ralph Tresvant,r&b,0,69,79,72,97
Here We Go Again! - Radio Edit,Portrait,r&b,39,77,74,60,107
Candy Girl,New Edition,r&b,0,79,90,76,104
Weak,SWV,r&b,66,69,53,57,128
Tell Me What You Want Me to Do,Tevin Campbell,r&b,27,61,55,51,128
Don't Stop Your Love,Keith Sweat,r&b,32,76,52,63,102
Roni,Bobby Brown,r&b,40,71,68,89,147
Cha Cha Cha,MC Lyte,r&b,19,88,89,92,91
State Of The World,Janet Jackson,r&b,26,74,84,86,112
Heat Of The Moment - Remix,After 7,r&b,30,71,85,86,101
The Way That You Love Me,Paula Abdul,r&b,36,77,85,89,120
One Sweet Day,Mariah Carey,r&b,68,57,50,30,128
Tender Love,Force M.D.'s,r&b,1,34,34,9,143
Remember The Time,Michael Jackson,r&b,0,83,92,79,108
Live and Learn,Joe Public,r&b,38,74,89,65,107
Knockin' Da' Boots,H-Town,r&b,1,73,58,60,128
Tell Me,Groove Theory,r&b,63,80,36,89,93
If I Ever Fall In Love,Shai,r&b,26,63,30,18,128
I'll Do For U,Father MC,r&b,25,83,67,81,110
My Prerogative,Bobby Brown,r&b,26,69,80,66,110
I Wanna Be Down,Brandy,r&b,60,70,47,66,86
Set Adrift On Memory Bliss - Radio Edit,P.M. Dawn,r&b,0,72,85,54,100
Rock Wit'cha,Bobby Brown,r&b,52,68,55,91,78
Nite and Day,Al B. Sure!,r&b,51,66,48,64,92
Groove Me,Guy,r&b,0,80,87,76,108
Can You Stand The Rain,New Edition,r&b,2,56,56,72,143
Baby I'm Yours,Shai,r&b,22,71,60,72,144
New Jack City,Guy,r&b,35,72,57,60,109
Turned Away,Chuckii Booker,r&b,33,43,83,79,190
Forever My Lady,Jodeci,r&b,52,71,50,77,118
Real Love,Mary J. Blige,r&b,63,77,78,83,95
"Rub You The Right Way - 7"" Version",Johnny Gill,r&b,0,63,99,69,112
Him Or Me - Edit Version,Today,r&b,0,82,68,73,106
Is It Good To You,Heavy D & The Boyz,r&b,46,71,60,84,107
Why Me Baby?,Keith Sweat,r&b,29,72,52,34,133
Bump n' Grind,R. Kelly,r&b,3,68,52,66,130
Baby Be Mine,Blackstreet,r&b,0,90,60,42,106
Joyride (feat. Tasha Scott),Men of Vizion,r&b,8,80,83,62,93
Humpin' Around - Radio Edit,Bobby Brown,r&b,29,75,80,66,110
Ain't 2 Proud 2 Beg,TLC,r&b,47,67,71,71,105
Where I Wanna Be Boy,Miss Jones,r&b,21,73,62,48,95
Really into You,Around The Way,r&b,2,62,70,62,192
Happy Days,Silk,r&b,34,70,54,53,94
Honey Dip - Radio Edit,Portrait,r&b,22,68,53,64,105
The Right Kind of Love,Jeremy Jordan,r&b,31,72,63,90,178
Gotta Get Yo' Groove On,Tevin Campbell,r&b,23,85,67,83,95
Make It Happen,Mariah Carey,r&b,46,81,53,75,108
I'll Be Good To You,Bobby Brown,r&b,0,79,64,66,108
Take Me There - Remix,Blackstreet,r&b,29,77,71,87,96
Dancehall Queen (feat. Chevelle Franklyn),Beenie Man,r&b,46,84,86,63,103
Wifey,Next,r&b,53,83,65,73,100
Let Me Love You,Mario,r&b,77,66,58,56,95
My Part of Town,Tuff Crew,r&b,15,91,91,83,114
That's My Attitude,Troop,r&b,22,82,50,90,109
Doin' It,LL Cool J,r&b,44,81,54,61,95
How Deep Is Your Love - Single Version,Dru Hill,r&b,0,60,63,78,94
Nobody (feat. Athena Cage),Keith Sweat,r&b,62,70,49,39,118
I Don't Ever Want to See You Again,Uncle Sam,r&b,47,61,50,41,126
Let's Get Down,Tony! Toni! Toné!,r&b,40,91,66,58,103
Groove Me,Guy,r&b,48,80,62,78,108
Remember the Time,Michael Jackson,r&b,69,83,92,79,108
If I Had No Loot,Tony! Toni! Toné!,r&b,46,87,72,81,107
My Fantasy,Teddy Riley,r&b,0,70,98,59,113
That's The Way Love Is,Bobby Brown,r&b,8,70,90,59,108
Rub You The Right Way - J.G. Classic,Johnny Gill,r&b,0,68,96,61,112
Keep On Walkin',CeCe Peniston,r&b,27,78,83,63,105
Lady,D'Angelo,r&b,8,82,36,72,85
Anywhere,112,r&b,53,59,50,86,126
I Care About You,Babyface,r&b,0,48,59,33,156
Girls Dem Sugar,Beenie Man,r&b,53,60,78,73,124
Don't Leave Me,Blackstreet,r&b,36,79,58,73,82
I'll Make Love To You,Boyz II Men,r&b,19,57,50,21,142
You Should Be Mine (Don't Waste Your Time),Brian McKnight,r&b,14,77,62,70,95
Happily Ever After,Case,r&b,55,75,61,56,120
I Wanna Sex You Up - Single Mix,Color Me Badd,r&b,58,55,59,47,202
Where I Wanna Be,Donell Jones,r&b,34,66,39,46,102
In My Bed - So So Def Mix,Dru Hill,r&b,22,83,64,84,95
Don't Go,En Vogue,r&b,18,68,64,79,151
What's So Different?,Ginuwine,r&b,38,80,62,96,79
I'll Do Anything/I'm Sorry,Ginuwine,r&b,37,83,68,97,130
Motownphilly,Boyz II Men,r&b,57,75,86,78,114
Dangerous,Michael Jackson,r&b,56,94,71,58,113
Innocent,The Whispers,r&b,22,75,60,77,104
Close To You,Maxi Priest,r&b,48,76,65,82,96
I Love Your Smile,Shanice,r&b,0,72,80,76,94
It's Gonna Be Alright (feat. Charlie Wilson),Aaron Hall,r&b,24,76,59,64,104
The Boy Is Mine,Brandy,r&b,66,70,71,76,93
Shhh,Tevin Campbell,r&b,21,55,59,44,126
I Ain't Mad At Cha,2Pac,r&b,58,75,68,67,85
Toss It Up,2Pac,r&b,26,81,81,76,92
Murder Reigns,Ja Rule,r&b,51,52,61,39,89
You,Lloyd,r&b,3,41,88,70,130
One In A Million,Aaliyah,r&b,0,74,50,39,122
Touch Me Tease Me,Case,r&b,0,57,76,50,175
Int'l Players Anthem (I Choose You) (feat. OutKast),UGK,r&b,60,70,68,82,78
Now That We Found Love,Heavy D & The Boyz,r&b,3,75,70,67,120
We Got Our Own Thang,Heavy D & The Boyz,r&b,0,80,62,66,114
That's That Shit,Snoop Dogg,r&b,1,87,63,75,82
Just To See Her,Smokey Robinson,r&b,9,82,53,90,109
Get It On Tonite,Montell Jordan,r&b,38,81,53,86,99
Poison,Bell Biv DeVoe,r&b,0,84,65,65,112
Love Of My Life,Brian McKnight,r&b,45,65,44,34,124
Someone to Love,Jon B.,r&b,44,66,45,30,136
Twisted - Single Version; 2007 Remaster,Keith Sweat,r&b,32,69,50,79,88
Somethin' 4 Da Honeyz,Montell Jordan,r&b,0,72,70,74,93
Your Body's Callin',R. Kelly,r&b,0,70,53,72,84
Summer Bunnies,R. Kelly,r&b,0,69,77,71,192
How Deep Is Your Love,Dru Hill,r&b,2,72,45,77,94
Round & Round,LSG,r&b,36,65,37,31,108
Lately,Tyrese,r&b,48,54,70,33,80
Every Little Step,Bobby Brown,r&b,39,57,90,93,98
Hold You Tight,Tara Kemp,r&b,33,74,68,64,100
Back To Life (However Do You Want Me) - Remastered,Soul II Soul,r&b,34,81,57,64,101
"Alright - 7"" House Mix With Rap",Janet Jackson,r&b,0,72,83,60,112
Here We Go Again!,Portrait,r&b,34,79,78,60,106
Another Part of Me - 2012 Remaster,Michael Jackson,r&b,42,78,87,77,106
I Got The Feeling,Today,r&b,12,77,88,66,112
Make You Sweat - Single Version; 2007 Remaster,Keith Sweat,r&b,26,66,79,65,105
Hey Mr. D.J.,Zhané,r&b,1,87,56,85,101
Don't Be Afraid,Aaron Hall,r&b,31,84,82,55,102
Looking Through Patient Eyes,P.M. Dawn,r&b,0,79,37,68,102
Booti Call,Blackstreet,r&b,30,87,92,85,99
Can You Stand The Rain,New Edition,r&b,61,61,37,73,143
Sending My Love,Zhané,r&b,54,71,50,21,95
My Body,LSG,r&b,52,72,43,32,120
Someone To Love You,Ruff Endz,r&b,48,64,68,43,78
End Of The Road,Boyz II Men,r&b,71,64,43,53,150
Hard To Say I'm Sorry,Az Yet,r&b,49,54,41,22,128
You,Jesse Powell,r&b,49,73,32,25,112
As We Lay,Shirley Murdock,r&b,45,42,32,16,72
Iesha,Another Bad Creation,r&b,40,75,76,66,112
Things We Do For Love,Horace Brown,r&b,40,80,53,80,94
Rumors,Club Nouveau,r&b,45,88,80,69,106
Rescue Me,Al B. Sure!,r&b,29,76,44,60,101
My Prerogative,Bobby Brown,r&b,0,74,72,67,110
Downtown,SWV,r&b,36,61,72,70,166
You Give Good Love,Whitney Houston,r&b,50,56,36,53,75
Some Kind Of Lover,Jody Watley,r&b,30,83,60,90,119
Love Is Stronger Than Pride,Sade,r&b,56,57,34,32,88
Saving All My Love for You,Whitney Houston,r&b,63,64,26,26,99
Good Vibrations,Marky Mark And The Funky Bunch,r&b,57,71,95,90,122
Didn't We Almost Have It All,Whitney Houston,r&b,63,54,49,34,131
State Of The World,Janet Jackson,r&b,30,74,84,86,112
How I Want You,Karyn White,r&b,17,64,62,82,83
Fairweather Friend,Johnny Gill,r&b,32,72,80,79,105
Gotta Love,Jodeci,r&b,28,75,74,36,117
Long Time Coming,Ready For The World,r&b,14,69,67,77,123
Think You're Gonna Like It,SWV,r&b,27,72,77,69,107
"Judy Had A Boyfriend - Mucho 12"" no rap",Riff,r&b,10,74,75,38,106
Something In Common,Whitney Houston,r&b,37,78,75,79,105
On The Real Tip,Def Jef,r&b,10,94,90,74,103
Talent (You Got It All),Whistle,r&b,3,46,65,52,208
Right Down to It,Damian Dame,r&b,18,74,58,82,92
No More (Cuban Linx 2000) (feat. Ghostface Killah & Raekwon),Ruff Endz,r&b,14,83,65,55,97
Good Stuff,Kelis,r&b,41,85,44,69,98
You're the One I Love - 2012 Collection Remaster,Shola Ama,r&b,0,77,80,89,97
Just The Way,Alfonzo Hunter,r&b,37,78,48,55,89
Attention,Kelis,r&b,26,76,76,52,97
Don't Leave Me,Blackstreet,r&b,39,76,58,69,82
Maria Maria (feat. The Product G&B) - Radio Mix,Santana,r&b,66,78,60,68,98
Boy You Knock Me Out - Single Edit,Tatyana Ali,r&b,26,69,72,66,92
Did You Ever Think - Remix - Radio Edit,R. Kelly,r&b,34,86,60,87,95
Confessions,Usher,r&b,0,83,42,58,116
Bag Lady,Erykah Badu,r&b,2,74,42,58,76
In My Bed,Dru Hill,r&b,34,71,37,33,118
How Will I Know,Whitney Houston,r&b,69,83,54,93,119
Return of the Mack,Mark Morrison,r&b,72,72,83,61,95
Tell Me,Groove Theory,r&b,27,80,42,88,93
If I Had No Loot,Tony! Toni! Toné!,r&b,0,87,72,81,107
Fantasy,Mariah Carey,r&b,71,67,73,80,102
Never Should've Let You Go,Hi-Five,r&b,38,78,56,82,108
Good Times,CDB,r&b,9,76,70,66,110
So Lo,Louis Baker,r&b,53,81,44,83,89
The Touch,Otis Junior,r&b,39,77,43,73,95
Get into the Party Life,LION BABE,r&b,47,73,73,52,140
Peace Of Mind,Hablot Brown,r&b,44,75,35,41,89
New Apartment,Ari Lennox,r&b,56,53,49,42,148
Grave,Summer Walker,r&b,59,65,47,20,97
One,Cleo Sol,r&b,46,43,82,39,153
Cruel,Jeff Bernat,r&b,60,70,38,46,79
Pieces,Hil St. Soul,r&b,0,65,56,48,144
Without You,Dwele,r&b,33,74,69,54,92
Make Believe,Kenny Lattimore,r&b,23,66,42,35,138
Midnite - Interlude,Raheem DeVaughn,r&b,23,70,46,76,87
Get Up,Amel Larrieux,r&b,41,63,49,54,89
Femininity,Eric Benét,r&b,39,68,63,62,73
I Decided,Liv Warfield,r&b,0,84,32,38,116
Come Over,Estelle,r&b,0,68,75,72,82
Comes To Light (Everything),Jill Scott,r&b,26,66,26,46,130
Caught My Eye,Mint Condition,r&b,36,60,47,63,140
Get to Know Ya,Maxwell,r&b,48,76,64,92,101
Blind Paradise,Debórah Bond,r&b,22,65,78,73,91
Eternally,Marwan Soulflow,r&b,28,44,48,32,68
Best Friend,Ledisi,r&b,31,77,56,53,83
"My Life - From ""Despicable Me"" Soundtrack",Robin Thicke,r&b,36,80,49,46,120
Deep,Summer Walker,r&b,67,65,34,42,168
Wrongs,Krept & Konan,r&b,58,75,64,31,124
Caught Up (feat. Khalid),Majid Jordan,r&b,74,68,44,50,81
Right Back (feat. A Boogie Wit Da Hoodie),Khalid,r&b,77,79,43,56,97
Come Thru (with Usher),Summer Walker,r&b,80,68,73,46,152
She’s Gone,Minx,r&b,6,85,51,42,138
Sextasy,Swae Lee,r&b,68,78,42,26,148
Hold You Down,Maleekisking,r&b,5,64,49,31,100
RPG (feat. 6lack),Kehlani,r&b,63,76,53,72,133
Only Child,Tierra Whack,r&b,67,83,36,80,85
Worth It,YK Osiris,r&b,75,76,53,42,124
God's Will,DJ Bode,r&b,6,79,84,92,102
Her Vice,Rex Stax,r&b,26,71,54,49,119
Friday,Theblackboyjohn,r&b,5,53,59,20,106
"Dreams, Fairytales, Fantasies (feat. Brent Faiyaz & Salaam R",A$AP Ferg,r&b,15,74,60,45,92
She Loves Me Not,Tohaj,r&b,47,67,42,55,81
Old Graffiti,Bibio,r&b,39,64,91,97,95
Easily,Bruno Major,r&b,74,77,26,36,119
It Runs Through Me,Tom Misch,r&b,67,80,61,27,97
In the Moment,Silo,r&b,36,81,38,39,90
Nightgowns,Tom Misch,r&b,30,85,55,34,92
Negai,Zoology,r&b,30,55,65,44,97
Maldita Abusadora,Paulo Londra,r&b,67,78,37,67,118
Old Age,Masego,r&b,58,76,46,55,88
You,Kymara,r&b,13,63,38,39,140
Wildfire,Jordan Rakei,r&b,3,74,75,76,98
Lost in Paris,Tom Misch,r&b,61,79,71,80,104
Street Light (feat. Gwen Bunn),Jordan Rakei,r&b,3,62,39,43,162
Eagle to the Prey,LOVER,r&b,29,63,53,32,86
Back In The Day,Erykah Badu,r&b,1,75,55,53,92
Fell In Love With A Boy,Joss Stone,r&b,47,68,71,78,85
Mellow,Pete Philly & Perquisite,r&b,35,84,31,32,102
Flavour,Room Eleven,r&b,0,62,47,38,90
Shaolin Monk Motherfunk,Hiatus Kaiyote,r&b,47,42,46,57,96
Watch Me Dance,Tom Misch,r&b,37,77,29,19,118
Lie,Macarena,r&b,12,70,35,30,89
Velvet,falcxne,r&b,22,79,68,91,95
Symphony,Kay Slice,r&b,19,66,57,42,124
Memories,The Small Circle,r&b,30,83,45,56,95
Get Away,The Internet,r&b,54,76,48,37,110
Palace/Curse,The Internet,r&b,62,45,62,26,67
Seigfried,Frank Ocean,r&b,0,29,26,36,171
Put Me Thru,Anderson .Paak,r&b,56,73,79,61,108
Chanel,Frank Ocean,r&b,82,78,50,47,110
Pink Matter,Frank Ocean,r&b,65,39,23,49,177
Only Girl,Kali Uchis,r&b,52,81,50,40,148
Blue Lights,Jorja Smith,r&b,2,58,65,34,92
Frustrations + Solutions,Kilo Kish,r&b,34,79,45,42,80
Matthew in the Middle (feat. Daniel Caesar),Sean Leon,r&b,22,38,42,18,141
Go Gina,SZA,r&b,62,60,61,46,80
Nights,Frank Ocean,r&b,78,47,55,42,90
Dead To Me,Kali Uchis,r&b,70,68,76,43,119
Boredom (feat. Rex Orange County & Anna of the North),"Tyler, The Creator",r&b,74,56,58,24,80
Your Teeth In My Neck,Kali Uchis,r&b,60,85,60,86,116
Am I Wrong (feat. ScHoolboy Q),Anderson .Paak,r&b,60,73,80,53,115
Two of Us,Pat Clifton,r&b,10,76,65,56,91
The Others,RIKA,r&b,15,58,70,70,151
Blueberry Cadillac,Landon Sears,r&b,36,79,51,76,128
I Can't Lose (feat. Keyone Starr) - Pomo Remix,Mark Ronson,r&b,46,76,64,46,115
My Own Throne,Pat Lok,r&b,17,72,72,46,113
Like I'm on Fire (Kartell Remix),Karma Kid,r&b,0,83,39,24,123
Foggy Windows,Zacari,r&b,45,84,38,35,114
Instinct - MXXWLL Edit,BB Diamond,r&b,24,76,37,28,114
YOU'RE THE ONE,KAYTRANADA,r&b,66,82,40,25,118
BREAKDANCE LESSON N.1,KAYTRANADA,r&b,47,77,79,19,120
Unique - Louis Futon Remix,GoldLink,r&b,30,64,80,46,115
Your Love,Tom Misch,r&b,50,86,46,26,116
Link Up,NxWorries,r&b,0,66,81,53,100
Redbone,Childish Gambino,r&b,15,74,36,55,160
The Sideshow (feat. Ernie Fresh),DJ Shadow,r&b,0,82,81,28,101
Deck the Halls / Silent Night,Whitney Houston,r&b,5,74,67,60,92
Merry Christmas All,The Salsoul Orchestra,r&b,1,64,56,66,119
Santa Baby,Eartha Kitt,r&b,58,72,8,48,85
Winter Wonderland,Aretha Franklin,r&b,45,61,36,57,106
The Christmas Song,Nat King Cole,r&b,1,60,7,19,46
Give Love On Christmas Day,Ledisi,r&b,43,52,76,43,146
Winter Wonderland,Lou Rawls,r&b,23,64,57,44,142
Christmas (Baby Please Come Home),Darlene Love,r&b,73,34,76,36,126
Have Yourself a Merry Little Christmas,Pentatonix,r&b,58,65,42,76,92
Man With The Bag,Jessie J,r&b,54,64,71,72,141
Jingle Baby,Stephanie Mills,r&b,23,64,83,93,120
Merry Christmas Darlin',Six Minutes 'Til Sunrise,r&b,20,36,50,36,77
Next Lifetime,Erykah Badu,r&b,2,64,41,34,130
I'm Cool - No Rap Version,Anthony Hamilton,r&b,37,75,52,57,76
Fool of Me,Meshell Ndegeocello,r&b,45,44,24,17,107
Beyond the Stars,Jeff Bradshaw,r&b,18,40,22,7,92
Midnight Mischief,Jordan Rakei,r&b,39,64,44,44,83
Like A Star,Corinne Bailey Rae,r&b,63,60,23,14,123
Matrimony: Maybe You - Remastered 2018,Maxwell,r&b,43,62,57,34,96
Precious,Esperanza Spalding,r&b,44,51,33,34,136
Ordinary People,John Legend,r&b,18,47,13,36,67
Juicy,The RH Factor,r&b,31,61,34,51,75
Where Would I Be (The Question),Kindred The Family Soul,r&b,40,42,47,58,159
You Know That I Love You,Donell Jones,r&b,41,77,49,80,96
Gotta Find A Way,Frank Mccomb,r&b,10,73,32,79,74
Orange Moon,Erykah Badu,r&b,50,47,15,12,98
Ooh Nah Nah (feat. Masego),SiR,r&b,64,85,27,57,117
Mood,dvsn,r&b,56,62,45,17,69
Gonna Love Me,Teyana Taylor,r&b,70,51,51,31,88
Backwood,Ari Lennox,r&b,53,61,38,59,74
Around Me,Brent Faiyaz,r&b,64,59,18,12,75
BMO,Ari Lennox,r&b,67,72,65,81,158
I Will Go Down,Y'Akoto,r&b,21,73,48,48,180
Blame Me,Hannah Williams,r&b,6,56,50,38,107
Im Gonna Be (500 Miles),Kendra Morris,r&b,16,57,73,59,82
Eye to Eye,Lee Fields & The Expressions,r&b,26,45,57,48,173
Know Til Now - Pixelated Remix,Jim James,r&b,0,75,72,54,108
Miss You,Leela James,r&b,37,81,57,77,106
Like A Fool,Crazy P,r&b,6,77,65,20,120
Feelin' Lovely,Devonté Hynes,r&b,1,72,76,70,90
Walk on By,Kendra Morris,r&b,5,60,64,46,105
Do I,Alice Smith,r&b,21,70,47,53,123
Move On Up,The Dynamics,r&b,0,84,71,97,146
Carry This,Y'Akoto,r&b,20,80,41,38,130
Wild Side,Cross My Heart Hope To Die,r&b,0,43,84,36,149
Stepping Stone,Duffy,r&b,50,69,52,47,98
Got It Bad,LEISURE,r&b,4,79,53,50,96
Fool's Gold,Jill Scott,r&b,42,67,54,26,89
Silky Soul,Maze,r&b,0,60,66,68,95
Window Seat,Erykah Badu,r&b,56,64,54,56,82
Bag Lady,Erykah Badu,r&b,53,72,42,58,151
When It Hurts so Bad,Ms. Lauryn Hill,r&b,0,67,52,82,160
Dancewitme,Maxwell,r&b,36,71,62,70,98
Heaven,John Legend,r&b,0,42,82,45,190
U Do It For Me,Algebra Blessett,r&b,0,69,71,52,89
I Don't Care,Raheem DeVaughn,r&b,9,71,81,40,106
I Found My Smile Again,D'Angelo,r&b,3,81,38,54,93
When We Get By,D'Angelo,r&b,0,76,41,70,109
8 Minutes to Sunrise,Common,r&b,15,81,76,57,88
I'm Not Afraid,Jill Scott,r&b,26,81,47,54,91
Always on My Mind,Brandy,r&b,33,71,40,42,90
Foreplay,Jalen Santoy,r&b,66,73,42,50,118
Dang! (feat. Anderson .Paak),Mac Miller,r&b,75,84,67,56,107
I Fall in Love Too Easliy,Caleb Belkin,r&b,62,66,35,23,142
Bluebird,One Self,r&b,50,78,80,65,86
Slow,Animate Objects,r&b,16,82,63,48,110
GoodEnough,blackwave.,r&b,49,77,48,60,93
New Day,Abstract Orchestra,r&b,45,75,41,34,92
We Ain't Feeling Time,FKJ,r&b,56,55,44,20,84
Appletree,Erykah Badu,r&b,59,88,45,62,95
Blue in Green,Anti-Lilly & Phoniks,r&b,45,79,54,76,92
If You Wouldn't Mind,2nd Exit,r&b,0,77,59,83,180
Telltale,Cultivo,r&b,20,59,66,51,97
Brains,Jam Baxter,r&b,42,67,67,66,140
BIG Dreams,blackwave.,r&b,41,52,90,74,168
"Ease My Mind - Feat. Tre Hardson, Fat Lip & Omni",Jazz Liberatorz,r&b,46,69,57,61,96
I Want Cha Back,Yung Bae,r&b,40,78,88,86,117
Fun Tonight,Macross 82-99,r&b,52,61,94,60,130
Aogashima Island!,Macross 82-99,r&b,30,65,67,71,120
Destiny,Night Tempo,r&b,21,59,99,27,120
Better Days,Night Tempo,r&b,30,65,89,85,100
君は1000%,1986 Omega Tribe,r&b,45,68,44,76,132
Phoenix,1986 Omega Tribe,r&b,33,69,62,73,114
November,LemKuuja,r&b,0,78,79,88,115
Night Cruise,T-SQUARE,r&b,0,56,66,80,208
Sukiyaki,Kyu Sakamoto,r&b,51,42,36,40,146
恋に溺れて -Crazy About You-,Junko Ohashi,r&b,30,69,82,44,118
ひと夏のタペストリー,Tomoko Aran,r&b,30,88,57,81,128
Riverside Hotel,オメガトライブ,r&b,32,61,77,63,127
愛が止まらない ~Turn It Into Love~,Wink,r&b,43,62,85,70,119
Plastic Love,リアムMAZE1981,r&b,50,54,88,84,123
Words Don’t Come Easy,Mamamoo,r&b,46,87,55,73,120
Never Call Me,Jhené Aiko,r&b,0,53,31,12,121
Childsplay,IAMDDB,r&b,0,42,53,20,94
Penthouse Cloud,The Internet,r&b,45,50,42,27,89
Melt My Heart to Stone,Adele,r&b,57,35,39,19,81
Doubt,Charlotte Day Wilson,r&b,51,55,33,22,125
Sweet Life,Frank Ocean,r&b,58,48,56,80,83
Move On,Faye Meana,r&b,16,71,31,50,184
Crossfire / So Into You,Nai Palm,r&b,54,48,37,38,81
Something In The Way,Jorja Smith,r&b,4,63,46,26,61
Vibin' Out with ((( O ))),FKJ,r&b,66,41,17,21,89
Stellar,Jamila Woods,r&b,49,68,36,57,87
Joromi,Simi,r&b,36,67,78,63,100
Feel Like A Fool,Kali Uchis,r&b,53,70,81,86,108
Summer Dayz,Jamie Jones,r&b,0,80,49,79,86
Extra Credit,Adrianne Archie,r&b,2,74,54,93,162
What A Friend,Sean C. Johnson,r&b,14,48,49,53,76
You're Everything,Sunny Hawkins,r&b,4,74,31,58,81
Isle of You,Christon Gray,r&b,29,57,44,46,132
Steppin',Antonio Neal,r&b,6,66,72,51,88
Who Would've Thought,Green Tea,r&b,0,68,55,59,92
Moment Divine,Green Tea,r&b,1,60,65,49,83
So I,Jamie Jones,r&b,0,82,54,79,99
You Make Me,Daniel Johnson,r&b,10,50,70,66,79
Surrender,Debra Killings,r&b,7,60,52,73,76
Beauty Mark,Deonna Martin,r&b,1,37,42,32,112
Beautiful Light,J.R.,r&b,5,54,89,59,172
Hey Now,Lisa McClendon,r&b,0,76,48,64,95
Alright (Song of the Sunrise),Lisa McClendon,r&b,0,68,59,56,75
Just Ain't Gonna Work Out,Mayer Hawthorne,r&b,51,78,54,75,91
Wake up Everybody (feat. Common & Melanie Fiona),John Legend,r&b,54,64,47,66,94
Love Is The Answer,Aloe Blacc,r&b,36,70,43,82,105
Number One,John Legend,r&b,1,69,84,77,88
Everyday,Lucy Pearl,r&b,51,74,64,88,82
Biggest Joke Of All,Fatima,r&b,41,88,35,38,98
Constant Surprises,Little Dragon,r&b,0,65,63,68,58
All of Me,John Legend,r&b,85,42,26,33,120
Darkness and Light,John Legend,r&b,52,59,78,60,122
Skin,Dijon,r&b,67,67,62,55,95
How Deep Is Your Love,Stan Taylor,r&b,38,46,23,35,84
I Used to Love Someone,Anthony Hamilton,r&b,25,68,72,23,90
Chasing Pavements,Adele,r&b,7,62,47,33,80
Since I Seen't You,Anthony Hamilton,r&b,42,43,71,53,90
Warwick Avenue,Duffy,r&b,8,48,58,54,169
Mama Knew Love,Anthony Hamilton,r&b,41,64,70,77,79
The Worst,Jhené Aiko,r&b,40,50,41,12,94
Lover,Sweetback,r&b,24,70,38,60,81
Retrograde,James Blake,r&b,1,30,25,20,78
Never Change,Choklate,r&b,25,40,69,62,92
Sharpness,Jamie Woon,r&b,52,85,58,67,98
Just Give Me Your Time,Sharon Jones & The Dap-Kings,r&b,9,33,34,13,64
All Around You,Sturgill Simpson,r&b,50,31,56,51,186
Tennessee Whiskey,Chris Stapleton,r&b,77,39,37,51,49
Any Day Will Do Fine,Michael Kiwanuka,r&b,29,52,38,37,105
Everybody Knows (The River Song),O.V. Wright,r&b,29,42,21,45,210
Syrup & Honey,Duffy,r&b,0,46,24,29,91
"It's A Man's, Man's, Man's World",James Brown,r&b,51,65,35,55,81
Hit The Ground,Lizz Wright,r&b,40,58,22,15,107
Who's Lovin' You,Michael Bublé,r&b,47,53,56,75,70
I Think of You,Sandra Lynn,r&b,42,50,60,23,76
The High Road,Joss Stone,r&b,0,52,79,66,152
Everything Looks Beautiful,Lucie Silvas,r&b,23,39,44,31,140
The Way I Do,Bishop Briggs,r&b,60,33,61,12,159
Slow Dance,Kelly Clarkson,r&b,46,40,47,43,188
And I Love Him,Esther Phillips,r&b,47,59,28,60,106
Infinite Ammo,Le Castle Vania,edm,46,60,96,14,127
Outlaw,Bassjackers,edm,38,67,88,5,105
I Want to Know,Divite,edm,42,56,76,29,128
425,Friz,edm,28,85,46,48,127
Lost In Japan - Remix,Shawn Mendes,edm,75,71,86,29,107
Stay High - Habits Remix,Tove Lo,edm,69,74,68,7,121
FRIENDS - R3hab Remix,Marshmello,edm,62,55,81,70,105
Don't Let Me Down - Illenium Remix,The Chainsmokers,edm,64,43,66,36,80
Let The Bass,Sesco,edm,25,74,97,26,128
What You Wanted,The Keymakers,edm,32,78,69,46,120
I Will Let You Down (feat. KLARA),Madison Mars,edm,59,61,92,42,126
Menage A Trois - Ellipso Remix,LIZOT,edm,48,60,86,29,128
Nothing Else (When I Think Of You) - Steff da Campo Remix,Joe Stone,edm,41,72,81,51,126
Don't Worry (feat. Aloe Blacc),Mesto,edm,66,74,73,55,126
Escape,Thomas Gold,edm,39,44,77,24,128
Find You,ARTY,edm,57,62,95,37,125
I'll Be Here For You,Sick Individuals,edm,57,51,92,34,128
Where Are You Now,Stadiumx,edm,46,61,86,27,128
You Got The Love,Keanu Silva,edm,62,74,92,70,124
Lambo,DubVision,edm,55,77,75,63,128
GUD VIBRATIONS - Habstrakt Remix,NGHTMRE,edm,57,68,97,18,125
IM GONE,JOYRYDE,edm,62,66,95,21,126
Fuji Opener,Skrillex,edm,58,66,94,58,150
Give It to Me,Yellow Claw,edm,47,61,96,33,150
OMG,ricky retro,edm,51,82,75,61,126
Shook Up,Axel Boy,edm,35,73,98,35,135
Get Dirty,Brooke Evers,edm,57,78,93,49,125
Ectoplasm,Wolfgang Gartner,edm,37,63,77,12,126
Make It Pop,Nonsens,edm,39,85,98,18,126
Kulio - Bonus Track,Matroda,edm,39,80,91,65,124
Need A Beat,YounG (KO),edm,30,78,77,46,125
That Beat,Matroda,edm,28,76,95,43,126
Snowstorm,Borgore,edm,37,85,97,18,125
Rush,BROHUG,edm,39,68,92,12,125
Save the Rave,Tommie Sunshine,edm,46,78,88,78,126
The Gold Line,Swardy,edm,34,78,64,12,116
Paspatou,Parra for Cuva,edm,55,63,48,18,148
Noir,QQUN,edm,43,67,66,34,115
Get Lost - Ford. Remix,Bearson,edm,53,62,51,24,90
Atlas,Lane 8,edm,58,64,56,17,122
I Wanna Go,Summer Heart,edm,50,61,74,34,103
Encore,MR TOUT LE MONDE,edm,28,72,57,22,120
Sally,Prigida,edm,23,63,66,4,170
Bastille,Triomphe,edm,36,64,25,18,120
Yr Love - Midnight Version,Roosevelt,edm,40,80,69,86,121
Coquillages & crustacés,Notre Dame,edm,31,86,45,35,105
blue,Pools,edm,40,76,55,67,134
Place de l'étoile,Triomphe,edm,33,66,41,27,114
Falling Back,Roosevelt,edm,54,55,93,62,115
Nothing But You (feat. Donnie Sloan & Ricky Ducati),Devault,edm,52,60,63,27,111
Hypnotize,PARTY SHIRT,edm,45,81,58,52,126
Hallucination,Vidojean X Oliver Loenn,edm,37,61,92,25,123
Moyocoyotzin,GIGEE,edm,39,68,76,20,125
Happiness,Hotway,edm,33,63,87,27,123
I Want You (Forever) - Josh Butler Remix - Radio Edit,Carl Cox,edm,58,87,66,30,126
Cathedral - Project North Edit,Corx,edm,49,63,94,44,128
You Could Be Mine,Audax,edm,44,65,88,60,124
For the Night,VINNE,edm,42,75,83,47,124
Inconsolable Soldier - Cevin Fisher Remix,Jay Hill,edm,26,66,62,12,124
Bingo,Palm Vision,edm,18,57,81,52,125
Free Falling,VINNE,edm,43,72,89,44,126
Love For Latinas - Radio Edit,Kramder,edm,31,62,93,70,125
Never Giving Up - English Version,Avinash Kalra,edm,20,61,66,15,160
Kobol - Original Mix,Efrén Atienza,edm,27,74,67,48,180
No Time to Be,Kramder,edm,26,76,99,60,124
Lights Go Down,Mike Candys,edm,59,74,81,15,125
Loco Papi,Sevenn,edm,47,76,99,79,125
Turn Me On (feat. Vula),Riton,edm,86,74,83,52,124
No Stress - Sofi Tukker Remix,Laurent Wolf,edm,40,58,93,6,130
Ibiza (Desaparecidos Vs Walter Master J) - Raf Marchesini & ,Desaparecidos,edm,44,73,96,48,128
Lost,Chris Burke,edm,37,62,70,19,128
Post Malone (feat. RANI) - VIZE Remix,Sam Feldt,edm,72,69,89,34,124
Not Really (Busta K Remix),Sage Charmaine,edm,21,66,48,32,123
With You,Rammor,edm,41,50,55,8,115
Let It Breathe - Pandhora Remix,Mynox,edm,25,79,68,27,123
Be My Oxygen,Kev.,edm,32,53,72,34,145
Lie Machine,En-Ten,edm,30,81,83,73,120
Twenties,Wolfgang Lohr,edm,42,73,84,91,121
Swag Rag,Riff Kitten,edm,35,88,92,70,130
Doo Ding,Minimatic,edm,24,72,69,84,180
Tattoos,Caravan Palace,edm,31,83,96,65,120
Waves of 84,The Swing Bot,edm,49,86,62,44,122
Mega Run - Downtown Jump,DJ ZsuZsu,edm,27,98,79,81,125
Make Me Dizzy (Radio Edit),Phos Toni,edm,36,94,72,51,124
The Great News,Glenn Gatsby,edm,28,77,98,82,122
Bella Ciao,Klischée,edm,45,88,81,82,128
Gringo,Parov Stelar,edm,46,87,74,84,124
Shoot Him Down,Alice Francis,edm,40,93,83,86,112
Peeping Tom - Original Mix,Jamie Berry,edm,53,72,73,72,100
Day & Night,Odd Chap,edm,45,86,92,72,128
Minnie the Moocher,Pisk,edm,43,72,90,56,126
Let Yourself Go,Swing Republic,edm,40,94,58,77,121
Flirtatious,Luke & The Belleville Orchestra,edm,20,96,63,91,125
The Trumpet,Sound Nomaden,edm,37,74,75,81,128
All Night,Parov Stelar,edm,56,80,62,83,125
Joe's Break,Minimatic,edm,40,76,73,82,115
Hit That Jive,Gramatik,edm,55,90,68,69,100
Mais Non - 1920 Version,Klischée,edm,45,86,88,85,128
Take It Easy,Carola Jasmins,edm,37,81,83,90,115
Moonlight Jive,Proleter,edm,38,75,62,79,99
Whoopee,Bart & Baker,edm,36,78,77,78,105
Grandpa's Groove - Extended Version,Parov Stelar,edm,38,83,70,78,123
The Cat Came Back - Bdd Remix Edit,Luca Lento,edm,1,79,93,89,127
Sing It Back,Swing Republic,edm,1,73,59,90,121
1941 (feat. Virian),Klaypex,edm,42,88,84,84,125
Latency,Martin Garrix,edm,49,66,94,45,128
Bombai,Dyro,edm,48,62,97,22,126
Basslyn,Bart B More,edm,39,83,73,52,125
I Know U,Dyro,edm,37,84,90,38,130
Whisper,Seth Hills,edm,35,76,88,22,126
Rebound,Seth Hills,edm,31,70,92,24,126
Scream,TV Noise,edm,29,65,92,69,128
"Made In France (with Tchami & Malaa, feat. Mercer)",DJ Snake,edm,62,84,95,51,126
911,Saint Punk,edm,37,75,97,40,125
FALL,deadmau5,edm,57,84,80,4,128
Hell on Earth,Rezz,edm,56,60,92,28,180
Animals (feat. Moa Lisa) - Alora & Senii Remix,Charlie Who?,edm,27,63,89,88,124
Slow Dance (feat. Ava Max) - Sam Feldt Remix,AJ Mitchell,edm,70,73,85,37,124
Treehouse - R3HAB Remix,James Arthur,edm,56,37,78,29,88
Not Ok - Frank Walker Remix,Kygo,edm,66,68,87,44,122
Who Am I (feat. Conrad Sewell),Enzo Ingrosso,edm,58,57,89,58,128
Carry On - Nicky Romero Remix,Kygo,edm,67,45,68,44,126
Think About You - Galantis Remix,Kygo,edm,63,62,90,33,124
Dreamers - Uta & Jay Forest Remix,TooManyLeftHands,edm,38,54,86,16,128
Blah Blah Blah,Armin van Buuren,edm,63,38,96,16,103
Infinity 2018 - Klaas Remix Edit,Sean Finn,edm,51,52,92,50,128
Do It for Love,Erlandsson,edm,21,67,77,37,128
Forever,Martin Garrix,edm,62,45,90,22,128
Complicated (feat. Kiiara),Dimitri Vegas & Like Mike,edm,66,68,82,50,90
First Time - Gryffin Remix,Kygo,edm,48,49,81,43,105
Back to You,Manse,edm,0,70,91,36,125
Just Some Loops - Original Mix,Martin Garrix,edm,0,81,81,22,128
Virus (How About Now),Martin Garrix,edm,3,49,84,7,128
Pyramids - Radio Mix,DVBBS,edm,1,60,96,22,128
Forbidden Voices,Martin Garrix,edm,5,53,71,30,128
Gold Skies - Tiësto Remix,Sander van Doorn,edm,0,55,97,44,128
Lean On (feat. MØ & DJ Snake) - Tiësto & MOTi Remix,Major Lazer,edm,0,46,89,21,128
Spaceships,AREA21,edm,4,44,77,52,150
FAWL (From Amsterdam With Love) - Radio Edit,Alpharock,edm,0,55,81,29,128
Magnum,DubVision,edm,8,68,91,36,126
WIEE,Martin Garrix,edm,49,52,84,37,128
Amsterdam (AMF 2016 Anthem),Jay Hardway,edm,0,56,84,22,128
Animals - Radio Edit,Martin Garrix,edm,8,59,92,4,128
Joyride,Bassjackers,edm,0,72,78,37,128
Money Maker - Mike Williams Remix,Throttle,edm,0,77,85,68,128
Gimme Some More,LOOPERS,edm,16,59,96,42,128
Don't Stop Believin',Leontine,edm,50,65,82,25,135
Bathing Suit Body,Badpojken,edm,41,71,92,74,128
Astronomia,Vicetone,edm,49,65,94,33,126
In the Name of Love - DallasK Remix,Martin Garrix,edm,59,52,82,10,134
Bad Boy Ken (feat. Siri),Badpojken,edm,47,74,77,59,124
Capsize - Dzeko & Torres,FRENSHIP,edm,46,80,86,85,108
So Far Away - Nicky Romero Remix,Martin Garrix,edm,40,57,49,24,126
In the Morning,Jaded,edm,1,76,88,62,124
I Like to Move it - Radio Mix,Nicola Fasano,edm,54,72,93,62,128
Whatever I Want,Carta,edm,25,72,96,32,126
Playtime,Oomloud,edm,46,72,95,27,126
In The Place,SLVR,edm,34,73,87,59,126
Tear it,Raven & Kreyn,edm,35,79,95,28,128
Simulation,Glass Petals,edm,39,78,80,46,125
Automatic,Deniz Koyu,edm,36,57,94,22,126
They Know,HUGEL,edm,50,87,87,64,126
Stronger,Breathe Carolina,edm,41,72,91,51,126
Antigravity,Khrebto,edm,0,77,94,39,130
Came For The Low,ZHU,edm,61,79,53,13,118
In My Mind,Dynoro,edm,3,68,69,11,126
Daylight,Disciples,edm,42,96,57,89,122
Drop That,Loge21,edm,0,77,64,15,124
Revolution - Deep In Jersey Mix,Harry Romero,edm,28,87,84,14,124
Count On You - ATFC's C-thru Remix,Autoerotique,edm,44,82,92,57,123
The Eye of the Beholder,Victor Ruiz,edm,26,76,87,4,126
Kurupt (Lucati Remix),Tchami,edm,28,75,79,50,123
No Fear,Visage Music,edm,28,92,40,27,122
Is This How the End Comes,Jaw,edm,1,78,71,80,128
Catfish,PAX,edm,31,77,75,70,125
Liquid Spirit - Claptone Remix,Gregory Porter,edm,63,88,62,30,121
Voices From The Dawn,Adriatique,edm,46,72,78,3,121
My Back,Incognet,edm,36,65,97,36,125
EF2MOZ,Ben Remember,edm,32,50,94,3,124
Turn Down for What,DJ Snake,edm,72,82,80,8,100
Aye,New World Sound,edm,0,77,84,17,129
Flashing Lights,Laidback Luke,edm,0,72,96,31,129
Helicopter - Video Edit,Martin Garrix,edm,2,58,96,16,128
Miraj - Original Mix,Sandro Silva,edm,0,55,93,41,130
Titan - Original Mix,Blasterjaxx,edm,0,68,94,35,128
Cube,New World Sound,edm,0,78,96,3,126
ACIIID - Original Mix,Moguai,edm,0,65,94,7,129
I'm So Hot - Tonic Remix,J-Trick,edm,23,84,91,71,128
Sasha Gray - Radio Edit,DJ Kuba,edm,7,75,94,29,128
Let's Get F*cked Up,MAKJ,edm,42,74,93,7,128
Wasted - Ummet Ozcan Remix,Tiësto,edm,39,68,92,43,128
Snow White (Alive) - Radio Edit,Muttonheads,edm,0,67,81,58,130
Show Me Love - Official Festival Mix Edit,Michael Mind Project,edm,40,61,76,9,130
Don't Start Now - Kungs Remix,Dua Lipa,edm,47,66,70,25,122
Drunk,Chris Night,edm,36,89,69,55,124
I Can Handle It (feat. Liz Hill) - Gianni Bini & Fabio Vela ,Fabio Vela,edm,26,81,86,42,125
The Power,Duke Dumont,edm,68,62,83,19,122
Tonight - VIZE Remix,Milk for Two,edm,47,66,89,44,129
Wish You Well - Benny Benassi Remix,Sigala,edm,16,59,83,58,125
I'm Not Alone - CamelPhat Remix,Calvin Harris,edm,58,57,97,4,123
F.U.D.,Alizzmatic,edm,18,83,50,64,128
Overdose,Semser,edm,19,75,43,28,127
Eclipse,Martin Numan,edm,16,79,87,82,125
God´s Plan,Semser,edm,14,66,69,43,140
Mortal Transition,Semser,edm,16,51,92,33,124
HIP3 (Interlude),Semser,edm,15,74,64,8,114
Today Is a Good Day,Tetengo,edm,13,56,77,65,125
Energy,Rob Stepwart,edm,14,82,72,69,128
The Time,Rob Stepwart,edm,14,83,76,75,128
Fuck the Game,Rob Stepwart,edm,15,53,76,69,144
Spell on Me,Chris Goldarg,edm,17,73,57,70,128
X Ray,Chris Goldarg,edm,15,77,98,36,125
Inception,Dj Electrocimatic,edm,18,67,92,34,129
One Night of Karma,Tetengo,edm,20,87,74,90,127
Blaze of Glory,Daemus Moon,edm,19,45,96,89,128
Headshoot,Kalerous,edm,14,62,88,65,128
New Rules,Miscris,edm,54,90,62,19,128
Lyd (Like You Do),Lucky Luke,edm,49,72,71,18,128
Calabria - Firebeatz Remix,Rune RK,edm,60,65,89,43,128
Crazy,TRFN,edm,57,78,58,8,124
Lift Me Up,Toby Green,edm,2,60,97,26,125
Let's Go,Lucas & Steve,edm,55,63,84,18,126
Bang Bang 99,Dwin,edm,48,61,81,21,128
Whiskey Riddim,Vato Gonzalez,edm,40,68,93,43,126
Bad Love (Esh Remix),Vice,edm,30,78,71,13,120
Op Opa,Gaullin,edm,57,82,74,29,125
The Riddle Anthem - Rework,Mike Candys,edm,54,80,93,46,126
E.B.Y.T.,Lucky Luke,edm,45,74,48,46,126
Wa Wa - Radio Edit,Sam Collins,edm,46,78,61,70,120
Pumped up Kicks (feat. Joy Corporation),Dubdogz,edm,60,76,80,69,122
Like I Do,David Guetta,edm,72,64,90,15,128
Here With Me (feat. Nevve),ARMNHMR,edm,38,34,80,35,145
Take Me Home,KAAZE,edm,53,70,87,38,125
Forever,Jimmy Clash,edm,37,56,86,49,126
With Or Without You - Kage Remix,Maddix,edm,32,78,80,66,124
Tecno,Crossnaders,edm,37,68,98,26,125
Cutoff,BROMYGO,edm,26,74,91,30,127
Doberman,Matisse & Sadko,edm,50,54,99,36,125
MADNESS,MR.BLACK,edm,28,35,95,8,134
Losing My Religion - Ton Don Remix,Jones & Brock,edm,32,62,91,28,124
Shoot N Miss,Rob & Jack,edm,32,61,97,70,128
My City,KAAZE,edm,39,54,80,46,128
Raise,VITIZE,edm,31,56,74,12,128
Outta Control,Winning Team,edm,22,56,90,37,128
Take Me,Castion,edm,17,53,97,9,128
Losing Hope,Stormerz,edm,29,48,90,32,150
Ready For Action,Dimitri Vegas & Like Mike,edm,55,64,97,17,130
Stellar,Sansixto,edm,20,56,96,21,128
Something - Quintino Remix,Funk Machine,edm,35,54,82,17,150
TRN IT UP,Matt Watkins,edm,23,53,92,32,115
One time,Awaker,edm,20,58,93,4,128
Workout,Agus Zack,edm,35,62,99,17,128
Okay,Oliver Wade,edm,19,78,87,37,126
RAW,L3N,edm,19,66,90,15,128
Solstice,Boothed,edm,17,63,98,35,126
Infinity,TBR,edm,19,57,96,20,128
Tremor - Sensation 2014 Anthem,Dimitri Vegas & Like Mike,edm,58,63,94,45,128
Mammoth - Original,"Dimitri Vegas, Moguai & Like Mike",edm,31,63,85,46,128
Bigfoot,W&W,edm,41,61,93,14,128
Off The Hook,Hardwell,edm,53,70,95,15,130
The Only Way Is Up - Radio Edit,Martin Garrix,edm,50,59,81,17,128
Animals,Martin Garrix,edm,36,68,86,4,128
Bazaar (Official Sunburn Goa 2015 Anthem),KSHMR,edm,2,58,98,20,128
Megalodon - Original Mix Edit,KSHMR,edm,0,26,94,14,192
Voodoo - Original Mix,DVBBS,edm,0,65,82,10,128
Dharma,Headhunterz,edm,1,33,92,39,191
L'Amour Toujours - Tiësto Edit,Dzeko & Torres,edm,13,59,93,17,130
Caribbean Rave,W&W,edm,44,60,90,67,128
Booyah - Original Mix,Showtek,edm,0,74,95,52,128
Savior - Radio Edit,Bassjackers,edm,1,75,88,31,128
All Systems Down,Andrew Rayel,edm,31,40,95,10,127
Came to Play - Original Version,Colin Cooper,edm,41,58,74,28,104
Dreamer - Nicky Romero Remix,Martin Garrix,edm,52,44,75,35,124
So Close - Curbi Remix,NOTD,edm,21,64,88,12,128
Lose Control,Tiësto,edm,1,75,97,28,130
TURN OFF THE LIGHTS,Dog Blood,edm,1,77,99,76,128
EDM O' CLOCK,TV Noise,edm,50,80,90,20,126
Runaway,Manse,edm,44,59,75,23,128
Candy On The Dancefloor,Tujamo,edm,62,71,81,48,126
Money,Brodi,edm,14,74,98,52,123
Only You,Pete Kingsman,edm,23,56,75,52,145
Dare Me,NERVO,edm,60,82,78,72,124
Feel The Rush - Juelzz Radio Edit,Ingenia,edm,12,65,94,48,128
Something Real,Armin van Buuren,edm,65,57,81,23,128
By Your Side,The Him,edm,44,64,94,48,126
Going Back To You,Kehele Keff,edm,39,57,69,18,128
The King (with Dzeko),Dimitri Vangelis & Wyman,edm,62,66,73,29,128
Money Money,Yves V,edm,39,67,94,30,126
Wild Bill,Marc Benjamin,edm,35,78,86,71,128
"Mush, Mush (2019 Reboot)",Bassjackers,edm,47,85,75,59,128
Hide Away (feat. Envy Monroe),Blasterjaxx,edm,42,57,75,13,130
Wonderful Together (feat. Envy Monroe),Blasterjaxx,edm,53,59,76,24,130
Bass,MGM,edm,22,85,87,57,128
Aliens,Jay Hardway,edm,41,66,98,28,128
Tsunami,DVBBS,edm,59,70,84,26,128
Electric Elephants,Jay Hardway,edm,51,59,93,25,128
Unbroken (feat. Gia Koka),Quintino,edm,44,57,77,11,128
Cobra - Radio Edit,Tony Junior,edm,31,54,93,4,128
Crowd Control - Radio Edit,Dimitri Vegas & Like Mike,edm,56,34,96,12,140
Ghost in the Machine - Radio Edit,Blasterjaxx,edm,0,56,98,6,130
Going Crazy,Hardwell,edm,24,60,97,24,128
Yin Yang,Maurice West,edm,27,52,92,25,128
Deja Vu (feat. Delora) - Radio Edit,DVBBS,edm,36,54,86,17,128
Cosmic Dark - Radio Edit,Pitchback,edm,23,51,92,29,130
Voltage,NWYR,edm,38,30,89,19,132
Virus (How About Now),Martin Garrix,edm,43,49,82,8,128
Mayhem,Steve Aoki,edm,5,60,96,8,128
Beat of My Heart (feat. Love Harder),Lost Frequencies,edm,49,71,52,30,112
Storm (feat. Kyra Mastro) - Siks Remix,Famba,edm,35,72,84,85,125
Time After Time (feat. Jessie Ware),Franky Wah,edm,58,64,82,22,122
We Are the Young,Addal,edm,57,66,82,58,110
Gold,Digital Farm Animals,edm,36,78,49,77,82
Roses - Imanbek Remix,SAINt JHN,edm,88,77,72,90,122
Flash Pose,Pabllo Vittar,edm,53,77,86,43,124
Instagram - R3HAB Remix,Dimitri Vegas & Like Mike,edm,63,44,86,50,123
Punching in the Dark,Hellberg,edm,52,68,62,37,110
BANG (with Helion),Medon,edm,54,72,85,25,128
Hands Up,J-ZAID,edm,24,64,55,4,128
Wicked (with Helion),Medon,edm,46,68,90,7,128
Back To Me,Vhask,edm,21,70,83,10,126
I'm Blue,BIMONTE,edm,36,60,81,6,128
Feel Good,Dark Culture,edm,18,71,90,46,120
Alone (feat. Anjulie & Jeffrey Jey),Marnik,edm,66,55,78,34,128
Say Damn,who.am.i,edm,37,79,65,73,97
The Spook,KSHMR,edm,51,72,94,29,128
Run Away,The Cousins,edm,36,61,96,70,126
Do Bad Well (feat. Nevve),KSHMR,edm,62,60,89,42,128
Senseless,MARKZ,edm,27,74,77,14,128
Brandvarm (Theis EZ Remix),Fremmed,edm,32,85,79,64,128
Midnight,EADWINE,edm,18,72,54,25,128
Better Than Me,Edvin & Tim,edm,35,71,81,25,128
(Rock) Superstar,Cypress Hill,edm,60,80,76,72,94
Remember the Name (feat. Styles of Beyond),Fort Minor,edm,51,69,84,88,85
Ima Boss (feat. Rick Ross),Meek Mill,edm,65,37,87,33,79
Infinite,Djumpers,edm,15,44,94,4,128
Dead or Alive,OverLine,edm,16,63,91,16,128
Pardo,BreakdeX,edm,10,54,97,7,128
Galactica,Kaotix,edm,16,52,95,28,132
Access Granted,YudaSibu,edm,11,68,84,31,128
Rave Zurna,SOROUSH YARAHMADI,edm,9,69,97,19,128
Caliente,NAEMS,edm,13,39,99,23,128
Anthem,Michael June,edm,13,63,97,45,128
Nocturne (Pierce Fulton Remix),EDEN,edm,42,64,92,35,125
Hysteria (feat. Matthew Koma),Steve Aoki,edm,33,56,69,45,128
Home - Tiësto Vs. twoloud Remix,Dotan,edm,0,64,87,20,128
Payback,Dimitri Vangelis & Wyman,edm,1,63,83,32,128
Flight to Paris,Mysto & Pizzi,edm,9,63,92,34,128
Venom - Original Mix,Ziggy,edm,0,57,89,9,130
Something New,Axwell /\ Ingrosso,edm,4,57,86,39,130
Let's Get Ill - Jay Karama Remix,Kid Kenobi,edm,13,66,93,24,128
Everyday Of My Life,Third Party,edm,0,62,84,18,128
Arcadia - Original Mix,Hardwell,edm,22,65,92,13,128
Let Me Hear You Scream - Original Mix,Hard Rock Sofa,edm,0,55,98,32,128
Ping Pong [Mix Cut] - Hardwell Remix,Armin van Buuren,edm,24,58,94,4,130
No Heroes (feat. Luciana) - Original Mix,Firebeatz,edm,1,72,88,41,128
Ride - Original Mix,Starkillers,edm,0,60,97,48,130
Weird,Perfect Pitch,edm,13,73,80,22,115
Magical,Newclaess,edm,45,66,78,44,126
I Don't Kiss the Air - Giorgio Gee Remix,Monaco Trash Machine,edm,40,69,82,52,123
Weekend Love,Steve Modana,edm,46,62,82,64,128
No Superstar - Perfect Pitch Remix,Giorgio Gee,edm,35,70,91,17,126
Lit Bass - Radio Mix,Flip Capella,edm,34,76,93,48,140
Love On Myself - Keanu Silva Remix,Felix Jaehn,edm,59,74,96,60,126
Bang Bang,Neelix,edm,56,68,71,34,140
Keep On Rockin',Da Tweekaz,edm,50,52,95,28,150
The Twenty Five (Official Nature One Anthem 2019),Neelix,edm,54,64,86,62,140
Freed from Desire (feat. Indiiana),Drenchill,edm,67,79,76,15,126
Levels - Radio Edit,Avicii,edm,22,62,88,42,126
Pintados,Jenil,edm,20,69,97,42,150
Stay,Roderic H,edm,33,68,37,26,120
Love First,YVR,edm,26,62,63,23,116
Chinook,Jake Kaiser,edm,27,56,81,8,122
Public Enemy,CastNowski,edm,34,75,92,87,126
Halfway House - You Never Tell Them Remix,Hourstone,edm,35,62,88,13,121
A Ballad to Stupid Liars,Greenish,edm,13,54,55,24,116
We Rise Together,Wyko,edm,34,59,88,34,132
We Remember,Thomas Gold,edm,37,56,96,45,126
Torero,Cytrax,edm,18,62,97,16,128
On The Track,Hanzy,edm,26,75,97,16,128
Alive,Armando,edm,30,65,86,36,128
Nobody's Perfect,Jessie J,edm,40,57,88,66,163
Booyah - Original Mix,Showtek,edm,41,74,95,50,128
Magic,KSHMR,edm,55,60,94,34,128
Reload - Radio Edit,Sebastian Ingrosso,edm,57,48,72,43,128
Sun Is Shining,Axwell /\ Ingrosso,edm,71,47,76,38,132
Without You (feat. Sandro Cavazza),Avicii,edm,27,65,86,28,134
You & I,Geoxor,edm,46,37,94,26,174
Middle - 4B Remix,DJ Snake,edm,0,65,83,35,134
You Don't Know Me,Arman Cekin,edm,44,66,90,34,90
Russian Roulette (feat. Charlie Who?),Tungevaag,edm,56,56,84,38,128
Keep It Mello,Marshmello,edm,0,66,91,14,142
Lazer Love - Original Mix,KSHMR,edm,0,55,78,43,140
Delirious (Boneless) (feat. Kid Ink),Steve Aoki,edm,59,71,91,92,128
Shots & Squats,Vigiland,edm,10,82,82,28,128
Party Crashers - Original Mix,Tomsize,edm,14,52,83,15,132
Big Bang (2015 Life In Color Anthem) - Radio Edit,Borgeous,edm,0,64,91,35,128
Pressure - twoloud Radio Edit,Dirty Rush,edm,18,63,95,45,128
Zaza - WRECKVGE Remix,Garmiani,edm,0,73,97,67,140
Galaxy - Original Mix,Alvita,edm,0,70,87,16,128
Bleed - Original Mix,Timmy Trumpet,edm,31,87,90,58,128
Apache Anthem,Wolfpack,edm,24,65,97,69,128
Easy,Tritonal,edm,40,51,89,48,128
You Are Not Alone,WildVibes,edm,30,44,75,23,127
Wild,VINAI,edm,43,32,98,14,75
Keep Us Down,Blackcode,edm,17,48,69,26,128
The Grid,Ummet Ozcan,edm,37,23,92,14,102
The Melody,NWYR,edm,47,51,92,26,130
Supersonic (feat. Christian Burns),Swanky Tunes,edm,53,34,92,13,128
Summer ID,Manse,edm,32,34,73,7,128
CA$H,Olly James,edm,32,61,90,23,127
Pica,Deorro,edm,14,69,97,67,150
Bring The Roof Down (feat. Luciana),Kura,edm,24,62,81,5,128
Out Of My Mind - R3HAB Edit,Skytech,edm,35,60,66,34,126
Raveheart - Jaxx & Vega Edit,D'Angello & Francis,edm,38,34,84,4,150
Kuaga (Lost Time) (Radio Edit),Pierce Fulton,edm,49,60,97,36,128
Work - R3hab Remix,Rihanna,edm,2,72,80,26,100
Hey,FÄIS,edm,2,73,56,40,128
Coming After You,Milwin,edm,0,66,59,22,125
No Money,Galantis,edm,72,67,92,80,126
Pong Dance,Vigiland,edm,10,83,71,13,128
Lean On,Campsite Dream,edm,39,66,80,60,100
The Legend - Danger Dance Radio Mix,Albin Myers,edm,0,64,69,48,120
Souls - Thomas Gold Remix,Borgeous,edm,0,59,94,58,128
Starlight - Da Brozz Radio Edit,Sophie Ellis-Bextor,edm,7,56,83,35,130
Vibe - Myback Original Summerburst Anthem 2015 Extended,John Dahlbäck,edm,0,64,51,11,128
Vibrate Your Body (Bergs Remix),Ryan Stapleton,edm,34,83,49,33,116
NT Bounce,"Nisse, Ture och Schtekarn",edm,0,77,67,29,128
Give It Away (feat. Paul Rey),Penthox,edm,19,64,60,41,123
Oblivion - DVN & LEVI Remix,DVN,edm,24,69,65,59,100
In Your Eyes (feat. Alida),Robin Schulz,edm,74,57,67,45,120
Torn (feat. Emelie Cyréus),Chad Cooper,edm,50,67,82,26,108
Drunk,Flip Capella,edm,46,65,54,69,112
As Far as Feelings Go - Keanu Silva Remix,Alle Farben,edm,54,73,93,29,124
Used To Love (with Dean Lewis),Martin Garrix,edm,83,65,69,39,119
Boomshakalaka - Dimitri Vegas & Like Mike vs. Afro Bros Radi,Dimitri Vegas & Like Mike,edm,71,75,82,82,96
I Can't Get No,JETFIRE,edm,42,59,85,31,128
Perfect (feat. Haris),Lucas & Steve,edm,74,75,66,53,118
Catching Fire,Ryos,edm,44,63,91,34,128
Wave (feat. Mike Sabath) - ARKADI Remix,Meghan Trainor,edm,24,79,65,21,128
South of the Border (feat. Camila Cabello & Cardi B) - Andy ,Ed Sheeran,edm,66,80,84,72,125
Can We Pretend (feat. Cash Cash) - Sigala Remix,P!nk,edm,57,70,88,54,125
Old Town Road - Diplo Remix,Lil Nas X,edm,74,77,77,30,140
Bones (feat. OneRepublic) - Steff da Campo Remix,Galantis,edm,2,64,90,74,126
Polaroid - R3HAB Remix,Jonas Blue,edm,49,35,92,18,126
LIKE I WOULD - Dave Audé Mix,ZAYN,edm,33,72,91,40,124
Rise - TV Noise Ibiza Mix,Jonas Blue,edm,46,74,93,53,125
Solo (feat. Demi Lovato) - Wideboys Remix,Clean Bandit,edm,51,66,95,50,122
Without You - Otto Knows Remix,Avicii,edm,47,54,84,46,131
Wild Love - Jonas Blue Remix,James Bay,edm,47,62,81,61,124
RIP - Steve Reece Remix,Olivia O'Brien,edm,29,79,67,20,104
Scars To Your Beautiful - Luca Schreiner Remix,Alessia Cara,edm,38,79,87,68,118
Somebody - Modern Machines Remix,Natalie La Rose,edm,22,64,73,6,129
Mama - Syn Cole Remix,Jonas Blue,edm,50,79,80,63,126
We Were Younger,Martin Silence,edm,38,76,83,55,124
Me and You (Radio Edit),Martin Silence,edm,38,82,72,72,127
Bleu Chanel (NA-NO Remix),ARIA,edm,51,80,61,16,122
Everybody Clap,Dimitri Vegas & Like Mike,edm,19,72,97,12,128
Devil Inside Me (feat. KARRA),KSHMR,edm,61,56,87,18,135
My Best Life (feat. Mike Waters) - Club Mix,KSHMR,edm,66,60,92,68,120
Let The Music Take Control,W&W,edm,62,39,97,18,195
Blackout,Blasterjaxx,edm,46,62,92,11,130
Lick It,Valentino Khan,edm,60,80,84,66,125
Spaceship (feat. Uffie) - MOTi Remix,Galantis,edm,65,51,88,22,126
TUTUTU,Quintino,edm,52,77,95,21,128
Heartbeat,Sheyna,edm,37,54,67,19,124
All That I Need feat. Cherokee - Dave DK Remix,Fahrland,edm,23,76,80,9,119
Orca,Oscar House,edm,35,81,62,24,124
All Night Long - KlangKonzert Remix,Jay Slay,edm,21,74,52,38,131
Hey Child,Rewind,edm,23,58,81,24,128
Different Ways,Natixx,edm,26,68,59,17,128
Know How - Báhkin Remix,Equalisation,edm,17,73,76,12,114
Stay,Roderic H,edm,33,68,37,26,120
Spacecraft,Viciouz Beatz,edm,32,75,95,51,125
Lumière et vue,Modhayan,edm,38,79,89,97,115
Feel Alive,Trazmo,edm,38,67,88,6,115
Be Strong,Werner Mill,edm,26,35,69,30,100
riding on,Akane Hatanaka,edm,1,62,62,76,104
Summer's Never Over,Funky XV,edm,31,74,62,41,112
"Mind, Body, Soul",Road Kahan,edm,39,63,67,4,114
Feel Something Again - Radio Edit,Roberto Marín Muñoz,edm,32,61,92,55,120
Baianá,Bakermat,edm,54,56,72,47,122
Roses - Imanbek Remix,SAINt JHN,edm,88,77,72,90,122
Piece Of Your Heart - Alok Remix,MEDUZA,edm,77,80,86,19,124
Alone Again,ilasan,edm,33,52,96,26,90
Children,MATTN,edm,58,58,98,24,128
Que Calor (feat. J Balvin & El Alfa),Major Lazer,edm,84,80,88,46,126
Never Wanna Leave,Max M,edm,45,69,63,64,126
Make It To Heaven (with Raye),David Guetta,edm,72,59,92,35,126
Don't Hold Back,Electrohol,edm,28,62,74,38,125
Wake Me Up,Avicii,edm,13,51,80,59,124
Sweatshirt,X Lovers,edm,58,69,51,42,152
Fake Bitches,Justina Valentine,edm,24,91,72,45,100
Chain,Lolo Zouaï,edm,56,70,40,12,120
Low Low,Marlowe,edm,42,84,55,44,90
Jimmy Neutron,ABG Neal,edm,46,83,79,96,105
Take It Down (feat. Offset),Pardison Fontaine,edm,44,92,49,34,143
Watch Out (feat. Fetty Wap),Shelow Shaq,edm,45,95,85,60,118
Stay With Me,Sam Smith,edm,7,42,44,16,84
Psycho,metr,edm,48,60,85,14,128
It's You,Rique,edm,35,78,59,43,123
Give Me Everything,Pitbull,edm,79,67,94,53,129
Where Is the Love,Alex Martura,edm,47,70,94,57,124
Just Give Me a Reason (feat. Nate Ruess),P!nk,edm,14,78,55,44,95
Forest,Clarv,edm,1,71,74,71,125
Ocean Drive - Michael Calfan Remix,Duke Dumont,edm,1,76,70,81,123
Work - R3hab Remix,Rihanna,edm,52,71,80,21,100
Blame (feat. John Newman) - R3HAB Club Remix,Calvin Harris,edm,32,68,86,16,128
All of Me (Tiësto's Birthday Treatment Remix) - Radio Edit,John Legend,edm,64,61,72,18,128
Nothing Really Matters - Afrojack Remix,Mr. Probz,edm,52,66,75,48,128
Rude - Zedd Remix,MAGIC!,edm,55,60,84,34,130
LIKE I WOULD - The White Panda Remix,ZAYN,edm,30,63,77,60,122
Should’ve Been Us - Lost Kings Remix,Tori Kelly,edm,0,71,90,85,110
Ten Feet Tall - Brennan Heart & Code Black Remix,Afrojack,edm,0,38,93,46,150
Dancing On My Own - Tiësto Remix,Calum Scott,edm,9,61,65,11,122
Don't Wanna Know - Ryan Riback Remix,Maroon 5,edm,0,62,66,47,103
Let Me Love You - Zedd Remix,DJ Snake,edm,0,71,86,22,117
Ghost - Lost Kings Remix,Halsey,edm,1,70,85,43,105
By Your Side - Two Can Remix,Jonas Blue,edm,0,57,89,50,117
Something About You - Odesza Remix,Hayden James,edm,51,70,67,10,105
Yummy,Justin Bieber,edm,95,66,52,50,146
Falling,Trevor Daniel,edm,97,78,43,24,127
Rare,Selena Gomez,edm,88,84,55,63,115
Adore You,Harry Styles,edm,88,68,77,57,99
hot girl bummer,blackbear,edm,94,78,56,68,130
Sigues Con El,Dimelo Flow,edm,90,88,67,68,88
Watermelon Sugar,Harry Styles,edm,86,55,82,56,95
I Don't Care (with Justin Bieber),Ed Sheeran,edm,84,80,68,84,102
Sunflower - Spider-Man: Into the Spider-Verse,Post Malone,edm,87,76,52,92,90
Ballin' (with Roddy Ricch),Mustard,edm,90,81,55,24,97
How Do You Sleep?,Sam Smith,edm,91,48,68,34,111
Say You Don't,Roostz,edm,27,60,61,21,86
SIREN,Rothchild,edm,26,57,77,15,140
me & ur ghost,blackbear,edm,68,76,62,88,100
Invisible - from the Netflix Film Klaus,Zara Larsson,edm,70,52,73,30,83
Can't Get Over You,KVSH,edm,69,71,80,35,123
On & On,Alok,edm,79,75,78,67,125
Joga Esse Rabão pro Pai,Dennis DJ,edm,54,64,58,44,107
Invocada (Participação especial de Léo Santana) - Ao vivo,Ludmilla,edm,80,78,86,70,135
You Know You Love Me,Jetlag Music,edm,55,70,84,89,127
Ela É do Tipo,MC Kevin o Chris,edm,73,63,40,63,91
Lalala,Y2K,edm,91,84,39,50,130
Quem Traiu Levou - Ao Vivo,Gusttavo Lima,edm,77,58,96,83,174
Alô Som (feat. Maiara & Maraisa) - Ao Vivo,Fernando & Sorocaba,edm,65,74,87,65,120
Eterna Sacanagem,MC JottaPê,edm,74,56,68,77,93
Easy,Camila Cabello,edm,78,57,59,36,128
3 Batidas - Ao Vivo,Guilherme & Benuto,edm,82,55,71,53,118
Praia do Rosa - Acústico,Oriente,edm,70,57,60,78,91
Bota pra Tremer,Pedro Sampaio,edm,68,87,40,92,150
Circles,Post Malone,edm,49,70,76,55,120
Nothing Breaks Like a Heart (feat. Miley Cyrus),Mark Ronson,edm,79,60,79,24,114
Mad Love,Sean Paul,edm,57,79,82,61,98
Can't Hold Us - feat. Ray Dalton,Macklemore & Ryan Lewis,edm,83,64,92,85,146
Love The Way You Lie,Eminem,edm,82,75,92,64,87
Señorita,Shawn Mendes,edm,93,76,54,75,117
Lying We're Fine,Leonell Cassio,edm,42,64,52,24,102
Raise Your Glass,P!nk,edm,76,70,71,62,122
Starships,Nicki Minaj,edm,73,75,72,75,125
Dark Horse,Katy Perry,edm,77,64,58,35,132
Kinetic Collector,Boo Riley,edm,36,55,76,64,148
All on Me,Olivia King,edm,47,58,67,63,150
Give Me,AlexEps,edm,23,73,36,29,90
Crazy,4Minute,edm,0,54,93,61,176
소방차 Fire Truck,NCT 127,edm,0,72,98,63,110
HER,Block B,edm,0,65,90,86,162
Taller Than You,Mamamoo,edm,39,94,68,73,100
Kingdom Come,Red Velvet,edm,52,57,74,68,170
Enough,GOT7,edm,0,73,87,48,127
"Rush (feat. OLNL, Khundi Panda)",Lym en,edm,30,86,82,62,115
Safety (feat. DJ Snake) - Dark Heart Burn Mix,GASHI,edm,40,59,86,56,140
Money,Klave,edm,18,52,66,64,75
GLOW,CORSAK,edm,48,59,54,15,145
Back To Life (with Brandyn Burnette),SJUR,edm,45,69,60,85,139
All I Need (with Gucci Mane),Dimitri Vegas & Like Mike,edm,52,49,80,33,150
The One (with Julia Thompson),Dreweybear,edm,1,60,74,33,115
You Owe Me - Subfer Remix,The Chainsmokers,edm,30,48,78,36,180
Shoulder,Hitimpulse,edm,27,76,59,43,113
Skyline - Klave Remix,Möwe,edm,18,68,65,25,138
You Better Be Mine,Vitø,edm,18,56,85,19,92
Majesty,Maybon,edm,9,48,60,33,170
Silence Before The Storm,Quiet Disorder,edm,22,56,72,24,160
Save Me (feat. Eneli) (feat. Eneli) - Mert Oksuz Remix,Mahmut Orhan,edm,24,63,70,42,124
Scared To Be Lonely - Conro Remix,Martin Garrix,edm,50,50,68,32,155
Always Gonna Say Sorry,Joakim Molitor,edm,1,53,63,33,77
As Long As You Love Me,Justin Bieber,edm,72,57,87,61,140
Budapest,George Ezra,edm,76,71,45,41,128
Daylight,Maroon 5,edm,58,66,68,33,120
Wrecking Ball,Miley Cyrus,edm,76,53,42,35,120
Summer,Calvin Harris,edm,79,60,86,74,128
Crying Out for Me,Joshua Perez,edm,29,60,47,40,87
Wolves,Selena Gomez,edm,82,72,80,31,125
Touch,Little Mix,edm,68,61,72,55,102
Ride,Twenty One Pilots,edm,81,64,71,57,75
Treat You Better,Shawn Mendes,edm,83,44,82,75,83
Unconditionally,Katy Perry,edm,72,40,72,36,129
Take Me to Church,Hozier,edm,76,57,66,44,129
Skyscraper,Demi Lovato,edm,66,57,58,19,104
"Flashlight - From ""Pitch Perfect 2"" Soundtrack",Jessie J,edm,63,38,62,40,148
Say My Name (feat. Zyra),ODESZA,edm,66,75,74,35,115
Calling (Lose My Mind) - Radio Edit,Sebastian Ingrosso,edm,56,42,85,15,125
I Want U,Alison Wonderland,edm,61,61,83,38,140
Rush Over Me,Seven Lions,edm,62,44,75,25,135
Again - Alan Walker Remix,Noah Cyrus,edm,58,68,93,33,120
UCLA,RL Grime,edm,73,54,88,33,140
Cold as Stone - Kaskade's Sunsoaked Mix,Kaskade,edm,39,47,58,29,126
Where I Won't Be Found,Seven Lions,edm,37,57,77,28,130
I Wish (Matte & Kuur Remix),William Black,edm,23,41,71,27,80
I'm OK (feat. Shaylen),Manila Killa,edm,43,66,60,59,97
Roses,The Chainsmokers,edm,73,71,80,34,100
Crashing (feat. Bahari),ILLENIUM,edm,65,58,68,27,96
In Flames,Dabin,edm,54,48,73,30,92
Love Is Gone,SLANDER,edm,62,45,46,8,150
Tonight,Nurko,edm,2,54,63,21,141
Maelstrom,Inoculus,edm,24,55,97,41,150
The Tapestry - Neon Feather Remix,Laura Thompson,edm,35,28,75,20,145
Come Alive,Torio,edm,31,56,75,12,128
Delicia Tchu Tcha Tcha,Mike Moonnight,edm,39,82,92,92,130
Tokyo,Rewind,edm,20,70,59,34,128
1 Ask,Ebhoni,edm,0,40,46,53,145
Make Way,Keith Cullen,edm,29,52,84,61,150
Something Just Like This,The Chainsmokers,edm,76,61,65,50,103
Colors - Audien Remix,Halsey,edm,59,65,88,72,135
Play Hard (feat. Ne-Yo & Akon),David Guetta,edm,58,69,92,80,130
Burn,Ellie Goulding,edm,65,56,78,33,87
Catch Me (feat. Naaz),Flux Pavilion,edm,58,56,92,58,145
On & On,Cartoon,edm,71,46,70,42,174
Collide (feat. Collin McLoughlin) - Radio Edit,Laidback Luke,edm,27,44,95,34,128
Why We Lose,Cartoon,edm,65,42,92,10,175
It's All on U (feat. Liam O'Donnell),ILLENIUM,edm,2,50,82,29,148
Staring At The Sun,Vanic,edm,46,59,74,43,105
Beam [Mix Cut] - Dannic Mix,Mako,edm,23,42,63,19,128
Army of Two,Olly Murs,edm,31,47,80,69,184
Hey Baby (Drop It to the Floor),Pitbull,edm,64,60,91,76,128
Lean On (feat. MØ & DJ Snake),Major Lazer,edm,10,72,81,27,98
Wanna Lose You,Borgeous,edm,0,55,79,48,160
"i hate u, i love u (feat. olivia o'brien)",gnash,edm,81,49,28,18,93
Want U 2,Marshmello,edm,50,71,94,73,142
The Half,DJ Snake,edm,56,70,70,44,170
We'll Be Coming Back (feat. Example),Calvin Harris,edm,63,60,95,57,128
You & Me,Marc E. Bassy,edm,3,69,64,62,85
Starboy,The Weeknd,edm,7,68,59,50,186
Come First,Terror Jr,edm,37,89,20,34,95
Setting Fires,The Chainsmokers,edm,53,63,72,56,105
All Time Low,Jon Bellion,edm,56,67,39,53,90
All Night,The Vamps,edm,4,56,77,36,145
Say You Won't Let Go,James Arthur,edm,85,36,56,49,85
Wizard - Radio Edit,Martin Garrix,edm,1,56,92,8,128
Howl At The Moon - Radio Edit,Stadiumx,edm,0,51,93,18,128
Turn It Up,Dimitri Vegas & Like Mike,edm,0,45,94,31,128
Flashlight - Original Mix,R3HAB,edm,1,70,95,27,128
Gloria (feat. Andy Reznik) - Extended Mix,PH Electro,edm,0,83,91,79,126
Funky Vodka,TJR,edm,32,82,89,78,127
Molly,Cedric Gervais,edm,9,64,93,40,126
Puzzle,Quintino,edm,0,67,89,4,130
Phat Brahms (Steve Aoki & Angger Dimas vs. Dimitri Vegas & L,Steve Aoki,edm,0,58,95,43,128
Trojan - Original Mix,Sidney Samson,edm,0,76,68,3,128
Dynamite - Original Mix,Quintino,edm,0,78,92,24,128
Bootie in Your Face - No Rock Drop,Deorro,edm,48,78,94,41,127
Go Hard,Quintino,edm,0,82,88,6,128
SMASH! - Original Mix Edit,Ummet Ozcan,edm,0,73,98,21,128
Lovers on the Sun (feat. Sam Martin),David Guetta,edm,54,64,89,57,125
Feel The Vibe,Axwell,edm,36,63,85,82,128
JACKIN' - Extended Mix,Antranig,edm,6,79,73,24,124
Get Get Down - Radio Edit,Paul Johnson,edm,47,89,93,71,127
Control,James Organ,edm,4,76,88,46,125
Tears - Enamour Remix,Donatello,edm,27,75,64,61,124
Balance,Band&dos,edm,6,81,94,84,124
Universal Love - Nicola Veneziani Remix,Edward Maya,edm,4,75,91,42,126
Hoodlum,Traumer,edm,31,77,49,56,123
What the F**k - Funkagenda Remix,Fatboy Slim,edm,32,54,68,10,126
Touched - Original Club Mix,EDX,edm,32,69,94,52,128
Jack Yo Body,Harry Romero,edm,12,65,98,69,123
Khokana,Animal Picnic,edm,31,72,65,9,122
Speed Up (Original),Funkerman,edm,8,81,65,56,127
Take Me Higher 2017 - Club Mix,Mischa Daniels,edm,27,53,92,54,126
Too Delirious,Oscar Barila,edm,0,73,95,15,124
Take Me Higher,BLR,edm,49,75,88,20,124
Body Sun - Claptone Remix (Edit),RY X,edm,1,67,76,16,122
So High,WATEVA,edm,51,59,85,13,122
Return to Oz - ARTBAT Remix,Monolink,edm,51,85,93,19,124
Lost Souls - Nora En Pure Remix,Eelke Kleijn,edm,51,67,90,4,118
Spite (Dusk Edit),Morgin Madison,edm,47,66,79,29,123
Into The Night,Eli & Fur,edm,38,68,86,36,122
EVERYDAY ANYONE,N O M I N A L,edm,1,84,48,21,115
Little Black Dress,Jean Juan,edm,33,58,78,10,120
Holding on - Radio Edit,Ben Yoo Suk,edm,8,60,75,53,123
Eiffel Powder - Short Version,Joachim Pastor,edm,38,70,73,18,124
Summer Vibes - Keyano Remix,Holter & Mogyoro,edm,18,78,87,73,124
Counter Human Emotion,Set Mo,edm,37,59,85,7,120
New Sky,RÜFÜS DU SOL,edm,58,64,74,19,124
One Kiss - Oliver Heldens Remix,Calvin Harris,edm,5,72,75,14,124
Light Me Up,Matisse & Sadko,edm,0,44,74,30,126
Stay The Night - featuring Hayley Williams of Paramore,Zedd,edm,2,60,73,46,128
Lost,Gareth Emery,edm,40,56,92,48,128
Believe,Kosling,edm,38,42,84,33,128
Big Words,Klaas,edm,56,68,86,41,126
Take Me Home (feat. Bebe Rexha),Cash Cash,edm,51,57,90,48,128
Rendezvous,DEAMN,edm,34,68,74,52,118
Atmosphere,Husman,edm,24,45,72,8,128
Summer Heat - Dubdogz Radio Mix,Solidisco,edm,17,73,68,52,123
Nights (feat. Ralph Larenzo),Axollo,edm,14,70,62,35,118
Clarity,Zedd,edm,74,51,78,18,128
Bring Me Back,Sultan + Shepard,edm,30,59,89,44,128
Lost in You,Quintino,edm,0,52,66,28,138
By Your Side,Jonas Blue,edm,58,70,74,64,123
Never Alone (feat. Natascha Bessez) - J-Kraken Remix,Chachi,edm,0,50,86,32,128
A Million Lights - feat. Zoë Badwi [Original],Grant Smillie,edm,9,58,56,20,128
Every Day - Radio Edit,Eric Prydz,edm,0,45,87,16,126
Committed to Sparkle Motion - DubVision Remix,Discopolis,edm,6,64,94,17,125
Feel Again - Thomas Gold Club Mix,OneRepublic,edm,0,66,95,38,128
Let’s Go,will.i.am,edm,0,69,64,64,132
Beast,Vicetone vs Nico Vega,edm,0,44,91,19,128
Glow - Promise Land vs. AN21 & Max Vangeli Remix,An21,edm,0,60,91,43,127
I Am - Radio Edit,Sick Individuals,edm,0,58,91,22,128
Too Late - Original Mix,Ken Loi,edm,0,61,77,34,128
Ahead of Us - Radio Edit,Tom Swoon,edm,35,44,67,42,128
Beam Me Up - Didrick Remix,CAZZETTE,edm,0,72,55,55,126
Bombs - Sandro Silva Remix,X-Vertigo,edm,0,54,96,44,128
One In A Million - Paris Blohm Remix,Andrew Rayel,edm,15,53,93,11,128
Destination,DubVision,edm,0,68,76,51,127
Shake The Earth (feat. Lyon Hart) (OLWIK Remix),Elephante,edm,0,55,85,38,128
"Play - B2A, Anklebreaker & Tungevaag Remix",K-391,edm,48,30,83,29,149
Mistaken (feat. Alex Aris),Martin Garrix,edm,68,42,69,8,128
Hoovela,Steve Aoki,edm,44,32,98,23,104
All Falls Down (feat. Juliander) - Steve Aoki Remix,Alan Walker,edm,49,66,88,39,105
Patser Bounce,Dimitri Vegas & Like Mike,edm,50,30,97,22,138
Astronomia,Vicetone,edm,49,65,94,33,126
Don't Let Me Down - W&W Remix,The Chainsmokers,edm,0,43,88,48,160
This Is What You Came For - R3hab vs Henry Fong Remix,Calvin Harris,edm,44,71,85,20,128
United We Dance - Vicetone Edit,Vicetone,edm,47,59,65,11,126
Whatcha Need,W&W,edm,28,39,94,30,130
Faded - Dash Berlin Remix,Alan Walker,edm,2,39,92,9,128
Can't Go Home (feat. Adam Lambert) - Crystal Lake Radio Edit,Steve Aoki,edm,26,53,77,22,128
Gangsta - Radio Edit,Moguai,edm,34,58,95,11,130
Powertrip,DallasK,edm,8,71,97,4,128
8Fifty,Hardwell,edm,16,66,98,26,128
Good Intentions - LP Mix,Session Victim,edm,49,72,74,94,119
Be Your Own Hero - John Gazoo White Shoe Remix,Robert Owens,edm,30,86,56,70,122
La piscine (Voilaaa Remix),Hypnolove,edm,0,87,75,91,120
Careless,Dusky,edm,49,77,90,68,121
Different Morals - Clockwork Remix,Luca C,edm,22,93,72,77,118
M'ongeule M'am,EKO,edm,24,65,91,89,123
Dancer,Gino Soccio,edm,50,90,34,39,122
Changes,Imagination,edm,31,78,57,81,112
Gruv Select - Original Mix,Demarkus Lewis,edm,24,80,60,68,125
Hooked on You - The Reflex Revision,Cerrone,edm,3,76,66,83,108
Bring Together,Mo'funk,edm,19,91,92,70,128
"I Feel Love - 12"" Version",Donna Summer,edm,5,69,79,96,128
Coconuts,Fouk,edm,48,96,36,79,119
Hold Tight,Gino Soccio,edm,33,91,29,89,120
Who - Radio Edit,Tujamo,edm,32,89,74,36,125
Getting Money (feat. 808Charmer),Tujamo,edm,56,81,95,52,125
Kill This Love,BLACKPINK,edm,79,74,86,58,132
S.A.X. - Original Mix,Laidback Luke,edm,44,68,99,38,128
Helicopter - Video Edit,Martin Garrix,edm,53,58,96,16,128
Bomb A Drop,Garmiani,edm,52,68,99,48,128
Gold Skies - Tiësto Remix,Sander van Doorn,edm,0,55,97,44,128
Hell Yeah,Tujamo,edm,37,81,94,29,126
Drop It,Tujamo,edm,69,75,90,18,126
Ring The Alarm - Stadiumx Remix,Nicky Romero,edm,49,62,99,35,125
Down To This,Chuckie,edm,13,54,84,25,128
Mammoth - Radio Edit,Dimitri Vegas & Like Mike,edm,0,54,76,58,128
Virus (How About Now) - Original Mix,Martin Garrix,edm,0,60,86,4,128
Kontiki - Original Mix,Hardwell,edm,26,58,95,22,127
I Could Be The One (Avicii Vs. Nicky Romero) - Radio Edit,Avicii,edm,66,51,79,64,128
All Night - Cash Cash Radio Edit,Icona Pop,edm,42,59,86,30,128
Invincible - Original Mix,Borgeous,edm,0,65,78,29,128
Waves (Tomorrowland 2014 Anthem) - Original Mix,Dimitri Vegas & Like Mike,edm,20,63,95,29,128
Burn,KSHMR,edm,25,76,88,26,128
Spear - Original Mix,Sick Individuals,edm,0,80,90,18,128
Wildfire - Radio Edit,Borgeous,edm,0,55,75,11,128
Dynamite,Gareth Emery,edm,41,58,69,31,128
Good Enough - Original Mix,HIIO,edm,0,71,94,52,128
Gold Skies - Tiësto Remix,Sander van Doorn,edm,37,54,97,43,128
"Two, Three, Four (Elektro Mix)",Michael Mind,edm,16,75,82,54,128
Everytime We Touch (with Steve Angello & Sebastian Ingrosso),David Guetta,edm,47,71,47,36,125
Hands Up (Original Mix),Meck,edm,0,80,70,85,127
You Wanna (Klaas Remix),Aston Martinez,edm,5,82,71,72,127
When Love Takes Over (feat. Kelly Rowland) - Laidback Luke R,David Guetta,edm,17,71,78,42,130
When The Sun Comes Down - Radio Mix,R.I.O.,edm,23,66,86,74,128
You Used To Hold Me - Avicii Remember Remix,D.O.N.S. feat. Terri B.,edm,0,88,69,16,127
Show Me Love (Infinity Remix),Jack Holiday,edm,23,70,67,52,130
Back To Hawaii - Elektro Mix,Picco,edm,1,80,88,45,133
In My Dreams - Short Edit,DJ Antoine,edm,27,78,60,51,130
Shine On (Heiko & Maiko's Gute Laune Radio Edit),Sunloverz,edm,0,79,70,89,132
Partouze,Steve Angello & Sebastian Ingrosso,edm,0,87,90,82,128
Huvudet I Sanden (feat. Adam Tensta,Familjen,edm,0,80,75,96,128
Røgmaskine - Edit,Morten Hampenberg & Alexander Brown,edm,0,77,82,10,126
It's your life (feat. Chris Willis),David Guetta,edm,0,71,89,11,128
Boom Boom Guetta - David Guetta's Electro Hop Remix,The Black Eyed Peas,edm,41,79,63,42,128
Calling My Name,Gray and Crystal Steadman,edm,9,55,37,19,120
Change The World (feat. Hollyn) [David Thulin Remix],Derek Minor,edm,21,60,90,66,128
In the Water,GAWVI,edm,0,60,73,16,120
This Is Not a Test (Capital Kings Remix) [feat. Tobymac],Capital Kings,edm,0,67,83,59,130
Alive (Remix),Hillsong Young & Free,edm,0,52,85,46,155
In the Wild,Capital Kings,edm,0,58,91,33,128
Relentless (Young & Free Remix),Hillsong Young & Free,edm,0,49,72,36,130
Oxygen,FreeG,edm,0,59,74,35,128
Diamonds,GAWVI,edm,0,75,83,55,100
HIT THE LOTTO,GAWVI,edm,0,70,58,42,125
Wide Awake - Chris Howland Remix,Joel Vaughn,edm,0,63,54,30,125
We Dance,Bright Ones,edm,35,74,64,27,130
Nobody but You,Twelve24,edm,24,56,59,29,87
Captured (feat. Lucy Speakman),Galactus Jack,edm,28,61,69,25,128
On & On,Alok,edm,79,75,78,67,125
Alone (feat. Anjulie & Jeffrey Jey),Marnik,edm,66,55,78,34,128
Day Or Night,Mike Williams,edm,67,62,88,53,128
Hide Away (feat. Envy Monroe),Blasterjaxx,edm,42,57,75,13,130
Whip,Dannic,edm,37,67,96,44,126
Where Do You Go (feat. Lexy Panterra),Shaun Frank,edm,45,69,83,63,122
DatDatDat,BROHUG,edm,44,73,92,48,125
Metaphor,Alok,edm,61,57,95,27,138
Better Than This,KAAZE,edm,47,55,71,45,132
Hypnosive,Zen/it,edm,0,57,95,7,125
Placebo,JETFIRE,edm,30,60,77,13,131
Hangover,Dynoro,edm,66,76,72,16,128
Access,Martin Garrix,edm,49,73,75,17,128
Heaven (Don't Have A Name) [feat. Jeremy Renner],Sam Feldt,edm,46,38,87,36,144
Good Vibes Soldier (feat. Head Quattaz),KSHMR,edm,50,77,85,52,130
Deeper Love,Covenants,edm,32,67,80,87,122
Guilty,Sick Individuals,edm,53,56,94,37,126
In My Arms,Roan Shenoyy,edm,42,49,73,19,130
Here With Me (feat. Nevve),ARMNHMR,edm,38,34,80,35,145
That Funky Sound,RSIN,edm,21,66,95,17,124
Activate,Sandro Silva,edm,31,64,87,14,128
Forever,Jimmy Clash,edm,37,56,86,49,126
Don't Need You,Adam De Great,edm,27,68,90,35,128
Dinner Time,FineRefined,edm,25,77,83,76,128
Keep On Rockin' - WYKO & Krexxton Remix,Laidback Luke,edm,39,82,81,60,128
Alive - Radio Edit,Tom Swoon,edm,25,49,83,26,128
Bells At Midnight - Radio Edit,Thomas Newson,edm,0,57,94,45,128
Cinematic (feat. Denny White) - Radio Edit,Fedde Le Grand,edm,32,68,71,57,128
Do Or Die - Afrojack vs. THIRTY SECONDS TO MARS Remix,Afrojack,edm,1,57,89,21,128
Find a Way (feat. Rudy),Dirty South,edm,44,53,82,12,126
Heartbeat - Radio Edit,John Dahlbäck,edm,0,56,90,14,128
Hurricane (Radio),Dzeko & Torres,edm,22,45,88,28,126
Illuminate,Afrojack,edm,0,59,83,51,128
Leave It All Behind,Dash Berlin,edm,35,57,83,16,128
Lions in the Wild,Martin Garrix,edm,2,50,85,28,128
Now That I've Found You (feat. John & Michel),Martin Garrix,edm,4,50,83,41,128
Soundwave - Radio Edit,R3HAB,edm,0,58,90,32,128
Sun Is Shining,Axwell /\ Ingrosso,edm,11,47,76,41,132
Unbroken (feat. Gia Koka),Quintino,edm,44,57,77,11,128
Where We Belong,Fedde Le Grand,edm,41,54,70,35,128
Phat Brahms (Steve Aoki & Angger Dimas vs. Dimitri Vegas & L,Steve Aoki,edm,0,60,93,31,128
Walk The Line - Laurent Wolf Remix,Laurent Wolf,edm,25,78,94,58,128
Epic - Radio Mix,Sandro Silva,edm,15,54,77,13,128
Android Porn,Kraddy,edm,0,54,50,39,95
Animals - Original Mix,Martin Garrix,edm,5,68,87,4,128
Faith - Radio Edit,Blasterjaxx,edm,0,67,69,67,128
Indigo,JDG,edm,0,80,95,42,128
Hot Steppa - Original Edit,Mike Hawkins,edm,7,64,78,35,130
Miracles - Club Mix,Mike Candys,edm,16,87,86,81,128
Five Hours,Deorro,edm,5,88,82,57,128
Monocool 2014,Adrian Emile,edm,13,66,98,19,128
Raise Your Hands - Original Mix,Ummet Ozcan,edm,28,73,97,7,128
Kingdom - Original Mix,Jewelz & Sparks,edm,6,65,98,31,128
Giant - Robin Schulz Remix,Calvin Harris,edm,16,54,88,49,126
Through My Mind,Firebeatz,edm,49,67,87,56,126
Always On My Mind - Nihil Young Remix,Mike Mago,edm,40,72,83,61,123
Happy Now - R3HAB Remix,Kygo,edm,63,62,84,54,123
BAD!,R3HAB,edm,59,70,82,32,125
Bug A Boo,Joe Stone,edm,56,61,95,56,122
Mama (feat. Micky Parsons),Galardo,edm,13,72,58,66,123
My Love - Raven & Kreyn Remix,Breathe Carolina,edm,40,71,80,52,125
Lost At Sea,Dante Klein,edm,48,69,69,37,124
Like I Love You - Keanu Silva Remix,Lost Frequencies,edm,19,75,92,46,126
Way Back Home (feat. Conor Maynard) - Sam Feldt Edit,SHAUN,edm,77,74,75,45,106
WeToo,Infernal,edm,40,54,98,8,128
Wild,Gil Sanders,edm,15,62,92,64,110
Love Rush In,Orjan Nilsen,edm,23,56,93,22,125
Hold On (feat. Michel Zitron) - Julian Jordan Remix,Martin Garrix,edm,54,72,71,20,128
Fade Away,Matisse & Sadko,edm,56,63,78,37,128
Left Right,Hardwell,edm,57,71,98,19,128
AVA,Garmiani,edm,48,36,99,4,105
No Sleep (feat. Bonn),Martin Garrix,edm,76,44,64,33,128
The Kick,Maurice West,edm,43,73,78,41,128
Paradise - Deniz Koyu Festival Mix,Nicky Romero,edm,0,57,80,36,126
You Are,Armin van Buuren,edm,27,75,86,41,128
Leave The World Behind - Radio Edit,Axwell,edm,6,52,85,28,128
Don’t Tell Me,Matisse & Sadko,edm,62,60,78,57,126
Instagram - Bassjackers Remix,Dimitri Vegas & Like Mike,edm,21,49,82,29,128
Phone Down - Club Mix,Armin van Buuren,edm,19,35,87,23,130
Diluted Brains,Rezz,edm,42,67,73,26,194
C-D1 - Original Mix,Tensal,edm,2,80,94,22,128
Adulte Dunkeln,Niconé,edm,15,72,91,36,123
Invocation,Reinier Zonneveld,edm,8,76,69,8,125
Follow,Amelie Lens,edm,52,72,91,13,128
Billy Boy,Vertical Mode,edm,0,67,95,17,138
Chained to a Dead Camel - Original Mix,Clouds,edm,37,61,96,5,130
Wind,Christian Smith,edm,15,80,91,4,127
Balance,Jay Lumen,edm,22,76,93,43,128
Blabla,Mystic Crock,edm,15,64,66,19,104
Face to Face,Booka Shade,edm,14,80,86,33,126
Dance Impulse,Agents Of Time,edm,14,79,80,37,126
Hang,DAVI,edm,20,81,50,25,121
The Last Generation,Coyu,edm,31,79,83,3,130
Tricky Tricky,W&W,edm,62,63,96,9,139
Future Technology,Pantac,edm,21,59,96,4,128
Play It Cool - Quintino Remix,Steve Aoki,edm,18,69,86,49,128
The Tribe,Wyko,edm,16,67,91,5,128
Find The Love,Blackcode,edm,28,55,78,23,128
Obsessed - Tiësto Remix,Dynoro,edm,63,62,94,38,128
No Sound,FABV,edm,38,50,86,32,126
Hole in the Earth,AWAY,edm,46,62,70,52,150
Sounds Like,SaberZ,edm,27,65,98,18,132
Stay (Don't Go Away) [feat. Raye] - Nicky Romero Remix,David Guetta,edm,54,59,91,23,125
Touching Me,Skytech,edm,45,62,77,56,124
Younger Days,Loreno Mayer,edm,36,58,78,23,128
Under Control (feat. Hurts),Calvin Harris,edm,15,55,92,51,126
This Is What It Feels Like,Armin van Buuren,edm,56,55,83,14,130
Push Play,Zedd,edm,39,60,92,25,130
Just One Last Time (feat. Taped Rai),David Guetta,edm,41,53,81,21,128
Dear Boy,Avicii,edm,7,69,58,25,125
Take Me - Radio Edit,Tiësto,edm,0,58,80,56,128
How You Love Me,3LAU,edm,52,50,79,29,128
Dynamite,Gareth Emery,edm,0,58,69,31,128
No One Knows Who We Are (Radio Edit) (feat. Lights),Kaskade,edm,44,59,87,14,128
Invincible - Radio Edit,Borgeous,edm,0,61,78,39,128
Dawn - Hardwell Edit,Michael Brun,edm,10,62,74,34,128
Wasted,Tiësto,edm,47,64,83,38,112
