연도,도시,지역,국가,모양,지속초,시간대
2022,Pinehurst,NC,US,NA,900,night
2022,Los Angeles,CA,US,NA,1200,afternoon
2022,Tacoma,WA,US,NA,240,night
2021,Cranston,RI,US,NA,180,afternoon
2021,Ormond Beach,FL,US,NA,300,astronomical dawn
2020,Firestone,CO,US,NA,300,astronomical dusk
2020,San Diego,CA,US,NA,1800,night
2020,Bohmte,Lower Saxony,DE,NA,1200,night
2019,Wetaskiwin,AB,CA,NA,300,night
2019,Gilbert,AZ,US,NA,60,night
2019,Colorado Springs,CO,US,NA,10,morning
2019,Raleigh,NC,US,NA,900,nautical dawn
2019,Saratoga Springs,NY,US,NA,60,morning
2018,North Creek,NY,US,NA,1800,night
2018,Fort Bragg,CA,US,NA,180,night
2017,Toronto,ON,CA,NA,15,morning
2017,Nashville,TN,US,NA,300,night
2017,Kingfield,ME,US,NA,180,afternoon
2016,Grayling,MI,US,NA,10,night
2016,Nanaimo,BC,CA,NA,120,NA
2016,Boise,ID,US,NA,120,astronomical dusk
2015,Boston,MA,US,NA,30,night
2015,Wichita,KS,US,NA,5,night
2015,Tullytown,PA,US,NA,86400,night
2015,Spokane,WA,US,NA,2700,astronomical dusk
2015,Gilbert,AZ,US,NA,10,morning
2014,Burien,WA,US,NA,2100,night
2014,Visalia,CA,US,NA,30,nautical dawn
2014,Franklin,NH,US,NA,45,night
2014,San Antonio,TX,US,NA,600,afternoon
2014,Hot Springs,AR,US,NA,300,night
2013,Coral Gables,FL,US,NA,60,night
2013,Ludington,MI,US,NA,2100,night
2013,Kingston,GA,US,NA,180,astronomical dawn
2012,Conneaut,OH,US,NA,1200,night
2012,Sturbridge,MA,US,NA,10,morning
2012,Blue Point,NY,US,NA,25,nautical dawn
2012,Seattle,WA,US,NA,120,night
2011,Palm Springs,CA,US,NA,5,nautical dusk
2011,Blanchester,OH,US,NA,3,night
2010,Seabeck,WA,US,NA,900,astronomical dusk
2010,Reading,PA,US,NA,15,nautical dusk
2009,Selah,WA,US,NA,180,night
2009,Eagan,MN,US,NA,600,astronomical dusk
2009,Allentown,PA,US,NA,15,night
2008,Coolidge,AZ,US,NA,3,night
2008,Miami,FL,US,NA,60,astronomical dusk
2007,Cheney,WA,US,NA,10,nautical dusk
2007,Russellville,MO,US,NA,86400,night
2006,Shakopee,MN,US,NA,120,night
2005,Santa Maria,CA,US,NA,60,night
2005,Hillsboro,OR,US,NA,3,night
2004,Albuquerque,NM,US,NA,300,afternoon
2004,Norwalk,CA,US,NA,300,night
2003,South Bend,IN,US,NA,900,civil dawn
2003,Puyallup,WA,US,NA,20,afternoon
2002,Terrace,BC,CA,NA,90,night
2002,Los Angeles,CA,US,NA,240,afternoon
2001,Vancouver,WA,US,NA,60,NA
2000,Oshkosh,WI,US,NA,900,night
2000,Duluth,MN,US,NA,7,night
1999,Tucson,AZ,US,NA,5,night
1999,Ontario,NY,US,NA,5,night
1998,Lowell,IN,US,NA,30,night
1997,Stanwood,WA,US,NA,3,nautical dusk
1996,Portland,OR,US,NA,120,astronomical dawn
1996,Los Angeles,CA,US,NA,25,night
1996,Longmont,CO,US,NA,120,night
1996,Chicago,IL,US,NA,240,afternoon
1996,Everett,WA,US,NA,20,nautical dusk
1996,Merced,CA,US,NA,10,nautical dusk
1996,Baltimore,MD,US,NA,5,night
1996,Portland,OR,US,NA,3,night
1996,Redmond,WA,US,NA,60,night
1996,Eureka,CA,US,NA,240,night
1996,Wenatchee,WA,US,NA,660,night
1995,Waukesha,WI,US,NA,2,nautical dusk
1995,Phoenix,AZ,US,NA,300,civil dusk
1995,Auburn,WA,US,NA,10,night
1995,Johnson City,TN,US,NA,900,night
1995,New York City,NY,US,NA,720,nautical dusk
1995,Lake Charles,LA,US,NA,180,night
1995,Orangeburg,NY,US,NA,900,night
1995,Castle Rock,CO,US,NA,600,night
1995,Fontana,CA,US,NA,600,night
1995,Seattle,WA,US,NA,30,nautical dusk
1995,Bellevue,WA,US,NA,10,night
1995,Riverside,CA,US,NA,1200,night
1995,Auburn,WA,US,NA,60,morning
1995,Fall River,MA,US,NA,120,astronomical dusk
1995,Olympia,WA,US,NA,60,NA
1995,Lake Oswego,OR,US,NA,1800,astronomical dusk
1995,Fargo,ND,US,NA,120,night
1995,Placerville,CA,US,NA,5,night
1995,Flint,MI,US,NA,900,astronomical dusk
1995,Portland,OR,US,NA,2,night
1995,Auburn,WA,US,NA,2700,night
1995,Elizabethtown,KY,US,NA,4500,night
1995,Vienna,VA,US,NA,2,civil dusk
1995,Redmond,WA,US,NA,5,night
1992,Sedgefield,ENG,GB,NA,5,NA
1984,Griffin,GA,US,NA,30,afternoon
1977,Sacramento,CA,US,NA,600,astronomical dusk
1973,Appleton,WI,US,NA,40,night
1961,Carrollton,TX,US,NA,60,afternoon
2023,Lansing,MI,US,changing,2400,morning
2023,Zebulon,NC,US,changing,300,night
2022,Ocala,FL,US,changing,60,night
2022,Santa Clara,CA,US,changing,3,night
2022,Pedricktown,NJ,US,changing,180,civil dawn
2022,Lansdale,PA,US,changing,60,morning
2022,Portland,OR,US,changing,180,NA
2022,Cassville,MO,US,changing,900,night
2022,Russellville,AR,US,changing,600,night
2021,Sequim,WA,US,changing,300,night
2021,Whittier,CA,US,changing,180,afternoon
2021,Manchester,ENG,GB,changing,600,NA
2021,Iowa Falls,IA,US,changing,840,night
2020,McMinnville,OR,US,changing,300,night
2020,Alexandria,VA,US,changing,540,civil dusk
2020,Salina,KS,US,changing,3,night
2020,Colorado Springs,CO,US,changing,600,morning
2020,Georgetown,NY,US,changing,180,night
2020,Baker city,OR,US,changing,18000,night
2019,Monticello,IN,US,changing,900,night
2019,Irving,TX,US,changing,600,afternoon
2019,Kodiak,AK,US,changing,15,NA
2019,San Diego,CA,US,changing,1200,morning
2019,Spring City,TN,US,changing,60,morning
2018,Springfield,MO,US,changing,20,night
2018,Palm Springs,CA,US,changing,720,nautical dusk
2018,Joliet,IL,US,changing,540,afternoon
2018,Shaver Lake,CA,US,changing,5,morning
2017,Abington,MA,US,changing,600,night
2017,Treasure Island,FL,US,changing,2700,night
2017,Buffalo,NY,US,changing,600,nautical dusk
2017,Atlanta,GA,US,changing,90,afternoon
2017,Tallahassee,FL,US,changing,120,night
2016,Butte,MT,US,changing,900,afternoon
2016,Salt Lake City,UT,US,changing,120,night
2016,Blackwood,NJ,US,changing,600,night
2016,Olympia,WA,US,changing,3,nautical dusk
2015,Bessemer City,NC,US,changing,20,morning
2015,Los Angeles,CA,US,changing,900,night
2015,Diamond Bar,CA,US,changing,30,civil dawn
2015,Columbus,OH,US,changing,120,nautical dusk
2015,Ocean City,NJ,US,changing,780,astronomical dusk
2015,Holland,MI,US,changing,3300,night
2015,Elizabethtown,PA,US,changing,1200,night
2014,Mobile,AL,US,changing,1200,night
2014,Austin,TX,US,changing,1200,night
2014,Eugene,OR,US,changing,60,night
2014,Camden,SC,US,changing,600,night
2014,Vandalia,OH,US,changing,900,astronomical dusk
2014,Honolulu,HI,US,changing,120,nautical dusk
2014,Clovis,NM,US,changing,60,night
2014,Kent,WA,US,changing,300,night
2013,Pompano Beach,FL,US,changing,360,civil dusk
2013,Fort Myers,FL,US,changing,3600,civil dusk
2013,Sacramento,CA,US,changing,600,astronomical dusk
2013,Hamilton,OH,US,changing,180,nautical dusk
2013,Cottage Grove,MN,US,changing,7,night
2013,Yakima,WA,US,changing,480,afternoon
2012,Pittsburgh,PA,US,changing,180,nautical dusk
2012,Portland,OR,US,changing,600,night
2012,Lake Wales,FL,US,changing,18000,night
2012,Murrells Inlet,SC,US,changing,240,morning
2012,Grand Prairie,TX,US,changing,45,night
2012,Bishopville,SC,US,changing,600,astronomical dusk
2012,Richmond,VA,US,changing,900,night
2012,New Hartford,NY,US,changing,120,night
2011,Bend,OR,US,changing,1200,astronomical dusk
2011,Kennewick,WA,US,changing,1500,nautical dusk
2011,beaver dam,WI,US,changing,900,civil dusk
2011,Santa Barbara,CA,US,changing,240,night
2010,West Covina,CA,US,changing,180,morning
2010,Salem,OR,US,changing,180,night
2010,Victor,ID,US,changing,600,morning
2010,Phoenix,AZ,US,changing,7,morning
2010,Winnie,TX,US,changing,1020,night
2009,Selby,ENG,GB,changing,240,astronomical dusk
2009,McArthur,OH,US,changing,2700,afternoon
2009,Chillicothe,OH,US,changing,10,night
2009,Round Rock,TX,US,changing,86400,night
2008,Crystal river,FL,US,changing,300,morning
2008,Fremont,CA,US,changing,180,night
2008,Jensen Beach,FL,US,changing,2400,night
2008,Springdale,AR,US,changing,300,afternoon
2008,San Francisco,CA,US,changing,60,night
2007,San Diego,CA,US,changing,900,night
2007,Orem,UT,US,changing,180,morning
2007,Cottonwood,CA,US,changing,900,night
2007,Phoenix,AZ,US,changing,2700,night
2006,Orlando,FL,US,changing,20,morning
2006,Coventry,ENG,GB,changing,300,afternoon
2006,Riverton,IL,US,changing,300,morning
2006,Albuquerque,NM,US,changing,60,afternoon
2005,Surprise,AZ,US,changing,300,astronomical dusk
2005,Winooski,VT,US,changing,120,civil dusk
2005,Bayonne,NJ,US,changing,120,afternoon
2005,Deming,NM,US,changing,1200,afternoon
2004,Chillicothe,OH,US,changing,86400,morning
2004,Tullahoma,TN,US,changing,86400,civil dusk
2004,Toronto,ON,CA,changing,1200,night
2004,Methuen,MA,US,changing,300,night
2003,Austin,TX,US,changing,45,night
2003,North Little Rock,AR,US,changing,300,night
2003,Gilroy,CA,US,changing,5,astronomical dusk
2003,Davie,FL,US,changing,300,nautical dusk
2002,Santa Cruz,CA,US,changing,10,night
2002,Windsor,ON,CA,changing,2100,night
2002,Visalia,CA,US,changing,300,morning
2002,Allegany,NY,US,changing,600,morning
2001,Phoenix,AZ,US,changing,120,night
2001,Cypress,TX,US,changing,300,afternoon
2001,San Jose,CA,US,changing,120,afternoon
2000,Lyndhurst,VA,US,changing,180,afternoon
2000,New York City,NY,US,changing,300,afternoon
1999,Stockholm,Stockholm,SE,changing,10,astronomical dusk
1999,Jacksonville,FL,US,changing,30,afternoon
1998,Corunna,MI,US,changing,60,morning
1998,Wyoming,MI,US,changing,60,civil dawn
1996,Fayetteville,AR,US,changing,5280,afternoon
1994,Carbonado,WA,US,changing,1800,night
1989,Grand Junction,CO,US,changing,1800,morning
1982,Slidell,LA,US,changing,1200,morning
1976,Dayton,OH,US,changing,10,afternoon
2023,Grand Island,NE,US,chevron,30,night
2022,Baltimore,MD,US,chevron,1200,night
2022,Jacksonville,FL,US,chevron,60,morning
2021,Miramar,FL,US,chevron,8,night
2021,Buda,TX,US,chevron,4,night
2020,Burnet,TX,US,chevron,14400,night
2020,Bradenton,FL,US,chevron,3,night
2019,Gold Canyon,AZ,US,chevron,300,astronomical dusk
2019,Mount Shasta,CA,US,chevron,8,morning
2019,Ashland City,TN,US,chevron,300,night
2018,East Prairie,MO,US,chevron,300,night
2018,Franklin,IL,US,chevron,120,afternoon
2017,Huntsville,AL,US,chevron,5,night
2017,Worcester,MA,US,chevron,120,astronomical dusk
2017,Gemmrigheim,Baden-Wurttemberg,DE,chevron,30,civil dusk
2016,Largo,FL,US,chevron,120,morning
2016,Orem,UT,US,chevron,10,morning
2016,Saint Charles,MO,US,chevron,180,night
2015,El Cajon,CA,US,chevron,300,night
2015,Orlando,FL,US,chevron,20,night
2015,Townsend,MA,US,chevron,360,astronomical dawn
2015,Port Charlotte,FL,US,chevron,180,night
2014,Anaheim,CA,US,chevron,60,night
2014,Sanbornville,NH,US,chevron,600,night
2014,Montreal,QC,CA,chevron,30,NA
2014,Jacksonville,NC,US,chevron,20,night
2013,Ralston,NE,US,chevron,10,night
2013,West Hartford,CT,US,chevron,86400,night
2013,Langley,WA,US,chevron,120,night
2012,Stephenville,TX,US,chevron,15,night
2012,Westwood,NJ,US,chevron,120,night
2012,Carteret,NJ,US,chevron,10,civil dawn
2011,Omaha,NE,US,chevron,60,night
2010,West Hills,CA,US,chevron,600,night
2010,Yuba City,CA,US,chevron,30,night
2010,Corvallis,OR,US,chevron,120,night
2009,Charlotte,NC,US,chevron,5,night
2008,Jacksonville,NC,US,chevron,45,night
2008,Lindale,TX,US,chevron,50,afternoon
2008,Tampa,FL,US,chevron,20,night
2007,Clifton Forge,VA,US,chevron,300,night
2007,Birmingham,AL,US,chevron,5,morning
2006,Marked Tree,AR,US,chevron,30,night
2006,Campbell,CA,US,chevron,60,afternoon
2005,Salem,OR,US,chevron,0,night
2005,Eagan,MN,US,chevron,10,night
2004,Bengaluru,Karnataka,IN,chevron,12,civil dawn
2004,Eugene,OR,US,chevron,4,night
2004,Fort Collins,CO,US,chevron,15,night
2003,Independence,MO,US,chevron,600,night
2003,Albuquerque,NM,US,chevron,900,night
2002,West Linn,OR,US,chevron,120,night
2002,Elmwood,IL,US,chevron,5,night
2002,Franklin,TN,US,chevron,2700,afternoon
2001,Galena,MO,US,chevron,600,astronomical dusk
2001,Chicago,IL,US,chevron,20,nautical dusk
2000,Warrington,FL,US,chevron,120,nautical dusk
1999,Denver,CO,US,chevron,600,astronomical dusk
1999,Independence,MO,US,chevron,15,night
1999,Austin,TX,US,chevron,7,night
1997,Burnaby,BC,CA,chevron,60,night
1997,Phoenix,AZ,US,chevron,300,night
1995,Cancun,Quintana Roo,MX,chevron,600,night
1989,Kent,CT,US,chevron,120,night
1983,Bedford Hills,NY,US,chevron,600,astronomical dusk
1977,Lake Worth,TX,US,chevron,1200,civil dusk
1953,Haverhill,MA,US,chevron,10,NA
2023,Longview,NC,US,cigar,180,civil dawn
2022,Toronto,ON,CA,cigar,3,morning
2022,Lakewood,NY,US,cigar,90,nautical dusk
2022,Pueblo,CO,US,cigar,600,night
2022,Rochester,MN,US,cigar,20,night
2022,Huejotzingo,Puebla,MX,cigar,300,afternoon
2021,Adelaide,South Australia,AU,cigar,180,night
2021,Clearwater,FL,US,cigar,5,astronomical dawn
2021,Eunice,LA,US,cigar,6,night
2021,Charleston,WV,US,cigar,900,night
2020,Sterling Heights,MI,US,cigar,30,astronomical dusk
2020,Bradenton,FL,US,cigar,60,night
2020,Nashua,NH,US,cigar,420,night
2020,Crystal River,FL,US,cigar,20,afternoon
2020,Littleton,CO,US,cigar,30,NA
2019,Wilmington,NC,US,cigar,10,night
2019,Tewksbury,MA,US,cigar,420,nautical dawn
2019,East Canton,OH,US,cigar,60,afternoon
2019,Astoria,NY,US,cigar,240,civil dusk
2019,Wimberley,TX,US,cigar,600,afternoon
2019,New York City,NY,US,cigar,240,nautical dusk
2019,Needles,CA,US,cigar,12,night
2018,Knox,IN,US,cigar,300,morning
2018,Spring,TX,US,cigar,1200,afternoon
2018,South Bend,IN,US,cigar,40,morning
2018,Mesa,AZ,US,cigar,15,morning
2017,Rochester,NH,US,cigar,1200,night
2017,Gulfport,MS,US,cigar,1200,night
2017,Tampa,FL,US,cigar,180,morning
2017,Tralee,NA,IE,cigar,420,afternoon
2016,Virginia Beach,VA,US,cigar,37,night
2016,Seattle,WA,US,cigar,30,night
2016,Richmond,KY,US,cigar,120,morning
2016,Lecanto,FL,US,cigar,60,civil dusk
2015,Londonderry,NH,US,cigar,300,night
2015,Barnegat,NJ,US,cigar,600,night
2015,Orlando,FL,US,cigar,300,afternoon
2015,Smyrna,GA,US,cigar,0,night
2015,Jackson,TN,US,cigar,60,morning
2014,Edmonds,WA,US,cigar,60,night
2014,Sanibel,FL,US,cigar,900,afternoon
2014,Huntsville,AL,US,cigar,5,civil dusk
2014,Mount Gilead,NC,US,cigar,120,civil dusk
2014,Unadilla,GA,US,cigar,15,astronomical dusk
2014,Arlington,VA,US,cigar,1,afternoon
2013,Little Rock,AR,US,cigar,180,astronomical dawn
2013,Woodbridge,VA,US,cigar,300,morning
2013,Cedar Park,TX,US,cigar,8,morning
2013,Norman,OK,US,cigar,15,afternoon
2013,Coventry,ENG,GB,cigar,4,morning
2012,Blue Springs,MO,US,cigar,20,night
2012,New York City,NY,US,cigar,120,nautical dusk
2012,Trumbull,CT,US,cigar,240,night
2012,Kernersville,NC,US,cigar,300,afternoon
2012,Hawthorne,NY,US,cigar,4,night
2011,Lebanon,ME,US,cigar,300,night
2011,Lawrenceville,GA,US,cigar,300,afternoon
2011,Miami,FL,US,cigar,120,night
2010,Santa Paula,CA,US,cigar,2100,night
2010,Derby,CT,US,cigar,1800,night
2010,Alpharetta,GA,US,cigar,120,night
2010,La Palma,CA,US,cigar,300,night
2009,Port Saint Lucie,FL,US,cigar,120,night
2009,Barrie,ON,CA,cigar,120,night
2009,Palm Springs,CA,US,cigar,15,night
2009,Jacksonville Beach,FL,US,cigar,1200,night
2008,Osceola,NE,US,cigar,30,morning
2008,Beach Park,IL,US,cigar,120,night
2008,Playa de las Americas,Canary Islands,ES,cigar,1,morning
2008,Orange,TX,US,cigar,45,morning
2008,Port Richey,FL,US,cigar,2,nautical dusk
2007,New York City,NY,US,cigar,60,night
2007,Denver,CO,US,cigar,60,afternoon
2007,Halifax,NS,CA,cigar,480,night
2007,Richmond,IN,US,cigar,40,night
2007,Sacramento,CA,US,cigar,20,morning
2006,Pittsburg,CA,US,cigar,1200,night
2006,Albuquerque,NM,US,cigar,15,morning
2006,Oak Ridge,TN,US,cigar,180,afternoon
2006,Quapaw,OK,US,cigar,5,afternoon
2005,Wichita,KS,US,cigar,300,night
2005,Wendover,UT,US,cigar,30,night
2005,Killeen,TX,US,cigar,10,morning
2005,Baldwin,WI,US,cigar,240,afternoon
2004,Norwalk,CA,US,cigar,30,night
2004,Littleton,CO,US,cigar,5,afternoon
2004,Boston,MA,US,cigar,15,morning
2004,Buffalo,NY,US,cigar,10,afternoon
2004,San Diego,CA,US,cigar,300,night
2003,Chiefland,FL,US,cigar,180,afternoon
2003,Des Moines,WA,US,cigar,10,morning
2003,Burnsville,MN,US,cigar,2,morning
2003,Baltimore,MD,US,cigar,900,night
2002,Charlotte,NC,US,cigar,3,afternoon
2002,Sherman,NY,US,cigar,45,afternoon
2002,Elk City,OK,US,cigar,300,astronomical dawn
2001,Omaha,NE,US,cigar,300,afternoon
2001,North Las Vegas,NV,US,cigar,7,morning
2001,Valentine,NE,US,cigar,300,night
2000,Markham,ON,CA,cigar,600,morning
2000,Monterey Park,CA,US,cigar,1500,night
2000,Santa Cruz,CA,US,cigar,300,night
1999,El Centro,CA,US,cigar,120,afternoon
1999,Santa Barbara,CA,US,cigar,10,night
1999,Salida,CO,US,cigar,180,nautical dusk
1998,Santiago,Santiago Metropolitan,CL,cigar,3,nautical dusk
1998,Kalkaska,MI,US,cigar,300,morning
1997,Billings,MT,US,cigar,8,afternoon
1995,Effingham,IL,US,cigar,30,nautical dusk
1993,Grand Rapids,MI,US,cigar,30,night
1991,Portland,OR,US,cigar,60,afternoon
1988,Sydney,New South Wales,AU,cigar,180,night
1986,Clarkton,NC,US,cigar,7,afternoon
1981,Campbell,CA,US,cigar,180,night
1978,Bristol,ENG,GB,cigar,240,NA
1977,Shaver Lake,CA,US,cigar,240,night
1976,Wurtland,KY,US,cigar,86400,night
1974,Irmo,SC,US,cigar,300,night
1973,Mayfield,KY,US,cigar,30,afternoon
1969,Fulton,NY,US,cigar,600,night
1968,Oakland,CA,US,cigar,300,afternoon
1967,Norwalk,OH,US,cigar,120,NA
1964,Duquesne,PA,US,cigar,600,afternoon
1958,Baldwin Park,CA,US,cigar,300,morning
1953,Merryville,LA,US,cigar,300,NA
2023,Norlina,NC,US,circle,300,astronomical dusk
2023,Roseburg,OR,US,circle,240,NA
2023,Port Rowan,ON,CA,circle,1800,night
2023,Davis,CA,US,circle,420,night
2022,Franklin,NC,US,circle,300,afternoon
2022,Sacramento,CA,US,circle,60,astronomical dusk
2022,Oxford,MI,US,circle,300,night
2022,Knoxville,TN,US,circle,10,morning
2022,andrews afb,MD,US,circle,10,morning
2022,Ardmore,OK,US,circle,1200,astronomical dawn
2022,Great Falls,MT,US,circle,60,morning
2022,Burnet,TX,US,circle,300,nautical dawn
2022,Smithtown,NY,US,circle,8,night
2022,Stamford,CT,US,circle,600,night
2022,Toronto,ON,CA,circle,10,astronomical dusk
2022,Farmington,NM,US,circle,23,civil dusk
2022,Chickasaw,AL,US,circle,1500,night
2022,Danbury,CT,US,circle,480,night
2022,Raleigh,NC,US,circle,25,night
2021,King,NC,US,circle,3,night
2021,Tonganoxie,KS,US,circle,600,night
2021,Portage,IN,US,circle,180,night
2021,Darien,CT,US,circle,60,night
2021,Aubrey,TX,US,circle,180,astronomical dusk
2021,Williams Bay,WI,US,circle,30,astronomical dusk
2021,Naples,FL,US,circle,600,morning
2021,Carson City,NV,US,circle,600,night
2021,Windber,PA,US,circle,900,nautical dawn
2021,Georgetown,TX,US,circle,1200,night
2020,Hastings,FL,US,circle,600,night
2020,Stillwater,OK,US,circle,240,night
2020,Olympia,WA,US,circle,2700,morning
2020,Charlottesville,VA,US,circle,60,astronomical dawn
2020,Medina,OH,US,circle,10,afternoon
2020,Utica,NY,US,circle,120,afternoon
2020,Birmingham,MI,US,circle,420,afternoon
2020,Saskatoon,SK,CA,circle,7,night
2020,Mesa,AZ,US,circle,120,astronomical dusk
2020,Black Diamond,WA,US,circle,600,nautical dusk
2020,Sandy Lake,PA,US,circle,180,night
2020,Salina,KS,US,circle,300,astronomical dusk
2020,Oak Island,NC,US,circle,15,nautical dusk
2020,Highland,CA,US,circle,600,night
2020,Louisville,KY,US,circle,600,afternoon
2020,Hudson,MI,US,circle,1200,morning
2020,Los Angeles,CA,US,circle,86400,night
2020,Louisville,KY,US,circle,600,morning
2020,Bishop,CA,US,circle,1500,nautical dusk
2020,Hesperia,CA,US,circle,300,astronomical dusk
2020,South Bend,IN,US,circle,20,astronomical dawn
2020,Fort Collins,CO,US,circle,1200,astronomical dusk
2020,Milwaukee,WI,US,circle,1080,nautical dusk
2020,Lexington,KY,US,circle,600,night
2020,Vista,CA,US,circle,120,morning
2020,Los Angeles,CA,US,circle,600,night
2020,Peterborough,ON,CA,circle,60,afternoon
2020,Lincoln,MA,US,circle,3,night
2019,Brownsville,TN,US,circle,180,night
2019,Valrico,FL,US,circle,30,afternoon
2019,Independence,MO,US,circle,60,morning
2019,Alexandria,VA,US,circle,600,morning
2019,Deer Park,NY,US,circle,40,afternoon
2019,San Diego,CA,US,circle,7,morning
2019,Piedmont,SC,US,circle,3,afternoon
2019,Colts Neck,NJ,US,circle,30,night
2019,Albuquerque,NM,US,circle,30,nautical dawn
2019,Paulsboro,NJ,US,circle,45,night
2019,Thornton,CO,US,circle,120,night
2019,Grand Rapids,MI,US,circle,120,night
2019,Apollo beach,FL,US,circle,600,night
2019,Knoxville,TN,US,circle,600,civil dusk
2019,Nutley,NJ,US,circle,120,civil dusk
2019,West Babylon,NY,US,circle,20,astronomical dusk
2019,Marlton,NJ,US,circle,60,nautical dusk
2019,Fairborn,OH,US,circle,300,afternoon
2019,Portsmouth,VA,US,circle,180,nautical dusk
2019,Perry,OK,US,circle,1800,night
2019,Clarkesville,GA,US,circle,120,night
2019,Orlando,FL,US,circle,180,night
2019,Rogue River,OR,US,circle,180,nautical dusk
2019,Toms River,NJ,US,circle,600,night
2019,Cathedral City,CA,US,circle,5,night
2019,Pacifica,CA,US,circle,1200,night
2018,Junction City,OR,US,circle,2700,night
2018,Fort Myers,FL,US,circle,300,night
2018,Wallingford,CT,US,circle,240,astronomical dusk
2018,Newark,NJ,US,circle,1800,astronomical dusk
2018,Hyattsville,MD,US,circle,300,afternoon
2018,Lone Tree,CO,US,circle,180,afternoon
2018,Seaside,OR,US,circle,300,NA
2018,Waco,TX,US,circle,120,night
2018,Windsor,ON,CA,circle,60,civil dusk
2018,Ridgefield,CT,US,circle,86400,night
2018,Everett,WA,US,circle,90,night
2018,Roanoke Rapids,NC,US,circle,900,civil dusk
2018,Port Saint Lucie,FL,US,circle,300,night
2017,Temecula,CA,US,circle,300,nautical dusk
2017,Tulsa,OK,US,circle,300,night
2017,Mount Laurel,NJ,US,circle,2,astronomical dusk
2017,Bullhead City,AZ,US,circle,30,night
2017,Magna,UT,US,circle,5,night
2017,Moravia,NY,US,circle,86400,night
2017,Oakdale,MN,US,circle,10,night
2017,Rome,NY,US,circle,1,morning
2017,Sandown,NH,US,circle,30,astronomical dusk
2017,Sarasota,FL,US,circle,1800,night
2017,Saint Augustine Beach,FL,US,circle,180,astronomical dusk
2017,Massapequa,NY,US,circle,60,nautical dawn
2017,Old Bridge,NJ,US,circle,60,afternoon
2017,Eminence,MO,US,circle,30,nautical dusk
2017,Tucson,AZ,US,circle,6,night
2017,El Mirage,AZ,US,circle,30,night
2017,Lexington,KY,US,circle,720,night
2017,Tinley Park,IL,US,circle,1,night
2017,Suffolk,VA,US,circle,10,night
2017,Lutz,FL,US,circle,1200,night
2017,Winter Haven,FL,US,circle,600,night
2017,Saint George,UT,US,circle,600,night
2016,Cathedral City,CA,US,circle,1800,night
2016,Hot Springs,SD,US,circle,480,night
2016,Longmont,CO,US,circle,5,morning
2016,Centerville,OH,US,circle,180,night
2016,Point Pleasant,WV,US,circle,60,astronomical dusk
2016,Grovetown,GA,US,circle,86400,night
2016,Grandview,WA,US,circle,180,night
2016,El Mirage,AZ,US,circle,600,night
2016,Warren,PA,US,circle,180,morning
2016,Utica,NY,US,circle,6,morning
2016,Cornelius,NC,US,circle,3,night
2016,Overland Park,KS,US,circle,120,morning
2016,Ukiah,CA,US,circle,40,astronomical dusk
2016,Owings Mills,MD,US,circle,600,astronomical dusk
2016,Palm Harbor,FL,US,circle,30,night
2016,Brigantine,NJ,US,circle,180,night
2016,Park Rapids,MN,US,circle,300,NA
2016,Missoula,MT,US,circle,180,astronomical dusk
2016,Puyallup,WA,US,circle,120,nautical dusk
2016,Oak Island,NC,US,circle,1800,nautical dusk
2016,Miami,FL,US,circle,300,nautical dusk
2016,Parry Sound,ON,CA,circle,600,night
2016,Oak Island,NC,US,circle,2700,night
2016,Roseburg,OR,US,circle,10,astronomical dusk
2016,North Hollywood,CA,US,circle,10,night
2015,Santa Maria,CA,US,circle,30,night
2015,Racine,WI,US,circle,1,afternoon
2015,Tiverton,RI,US,circle,300,afternoon
2015,Pittsburgh,PA,US,circle,3,night
2015,Walnut Creek,CA,US,circle,180,astronomical dusk
2015,Hagerstown,MD,US,circle,49,afternoon
2015,Lakes Entrance,Victoria,AU,circle,5,afternoon
2015,Citrus springs,FL,US,circle,30,night
2015,Las Vegas,NV,US,circle,900,nautical dusk
2015,Gainesville,GA,US,circle,5400,night
2015,Mathis,TX,US,circle,300,astronomical dusk
2015,Bridgton,ME,US,circle,300,astronomical dusk
2015,Easton,PA,US,circle,600,afternoon
2015,Lakeville,MN,US,circle,86400,night
2015,Woodstock,IL,US,circle,240,nautical dusk
2015,Rocky Mount,NC,US,circle,86400,night
2015,New Bern,NC,US,circle,5,night
2015,Carson city,NV,US,circle,600,astronomical dusk
2015,Shirley,NY,US,circle,60,afternoon
2015,Florence,OR,US,circle,900,night
2015,Towson,MD,US,circle,600,astronomical dusk
2015,Pike Creek,DE,US,circle,600,astronomical dusk
2015,Orange City,FL,US,circle,5,night
2015,Surprise,AZ,US,circle,180,night
2015,Frisco,TX,US,circle,300,night
2015,Fountain Hills,AZ,US,circle,900,night
2015,Lakewood,CO,US,circle,60,night
2015,Jeddah,Mecca Region,SA,circle,3,morning
2015,Apopka,FL,US,circle,900,night
2015,Harrison,OH,US,circle,180,astronomical dusk
2014,Colorado Springs,CO,US,circle,120,night
2014,Sulphur,LA,US,circle,480,astronomical dusk
2014,Saint Augustine,FL,US,circle,120,night
2014,Spring,TX,US,circle,180,night
2014,Munhall,PA,US,circle,120,night
2014,Orlando,FL,US,circle,20,astronomical dusk
2014,Panama City Beach,FL,US,circle,2,night
2014,Evansville,IN,US,circle,180,morning
2014,Oshawa,ON,CA,circle,180,night
2014,Kailua,HI,US,circle,600,night
2014,Hana,HI,US,circle,300,astronomical dusk
2014,Glens Falls,NY,US,circle,5,nautical dusk
2014,Metairie,LA,US,circle,300,afternoon
2014,Milwaukee,WI,US,circle,2700,night
2014,Colonia,NJ,US,circle,240,astronomical dusk
2014,Emerald Isle,NC,US,circle,120,night
2014,Woodridge,IL,US,circle,600,afternoon
2014,Largo,FL,US,circle,90,night
2014,Fayetteville,NC,US,circle,6,astronomical dusk
2014,Warwick,RI,US,circle,60,night
2014,Lewis Center,OH,US,circle,480,nautical dusk
2014,St. Petersburg,FL,US,circle,300,night
2014,Daphne,AL,US,circle,86400,nautical dusk
2014,Biddeford,ME,US,circle,120,astronomical dusk
2014,Meriden,CT,US,circle,180,night
2014,Long Island City,NY,US,circle,600,afternoon
2014,Starkville,MS,US,circle,600,night
2014,Palmyra,IN,US,circle,300,night
2014,Apache Junction,AZ,US,circle,86400,night
2014,Sarasota,FL,US,circle,180,astronomical dusk
2014,Hudson,OH,US,circle,900,night
2014,Jerseyville,IL,US,circle,5,night
2014,Comstock Park,MI,US,circle,180,civil dusk
2014,Mesa,AZ,US,circle,360,night
2014,Palm City,FL,US,circle,180,night
2014,Louisburg,NC,US,circle,60,night
2014,Boise,ID,US,circle,3,night
2014,Morganton,NC,US,circle,300,night
2014,Johannesburg,Gauteng,ZA,circle,600,night
2014,Modesto,CA,US,circle,300,night
2013,Naples,FL,US,circle,30,night
2013,Caldwell,ID,US,circle,600,astronomical dusk
2013,Oshawa,ON,CA,circle,300,morning
2013,Titusville,FL,US,circle,300,nautical dusk
2013,Ware,MA,US,circle,1800,night
2013,Metairie,LA,US,circle,900,afternoon
2013,Aventura,FL,US,circle,900,night
2013,Davenport,WA,US,circle,600,night
2013,Pasadena,MD,US,circle,60,astronomical dusk
2013,Albuquerque,NM,US,circle,600,astronomical dusk
2013,Shaker Heights,OH,US,circle,2,morning
2013,Boise,ID,US,circle,60,afternoon
2013,Vienna,VA,US,circle,5,night
2013,Redding,CA,US,circle,15,afternoon
2013,Chatham,IL,US,circle,120,astronomical dusk
2013,Lowell,MA,US,circle,90,night
2013,Cochin,Kerala,IN,circle,5,astronomical dusk
2013,Gurley,AL,US,circle,2,civil dusk
2013,Middle Village,NY,US,circle,86400,astronomical dusk
2013,Louisville,KY,US,circle,30,civil dusk
2013,Mountain Home,AR,US,circle,60,night
2013,Bettendorf,IA,US,circle,120,astronomical dusk
2013,Cedar Hill,TX,US,circle,600,night
2013,Independence,VA,US,circle,60,civil dusk
2013,Mount Albert,ON,CA,circle,600,nautical dusk
2013,Coos Bay,OR,US,circle,180,night
2013,Welland,ON,CA,circle,4,nautical dusk
2013,Florence,SC,US,circle,60,night
2013,Beverly,MA,US,circle,300,astronomical dusk
2013,Columbia,PA,US,circle,300,night
2013,Richmond,VA,US,circle,20,morning
2013,Nampa,ID,US,circle,240,morning
2013,Clarksburg,WV,US,circle,120,night
2013,Muskegon,MI,US,circle,600,night
2013,Orlando,FL,US,circle,120,night
2012,Nicholson,GA,US,circle,10,night
2012,Williston,VT,US,circle,600,afternoon
2012,Newport,RI,US,circle,60,night
2012,Sebastopol,CA,US,circle,2,civil dawn
2012,Richfield,MN,US,circle,5,night
2012,Nashville,TN,US,circle,5,astronomical dawn
2012,Severn,MD,US,circle,300,nautical dusk
2012,Bessemer,PA,US,circle,300,morning
2012,Hays,KS,US,circle,360,night
2012,Glasgow,SCT,GB,circle,10,night
2012,Belton,MO,US,circle,90,afternoon
2012,Philadelphia,PA,US,circle,90,astronomical dusk
2012,El Dorado,KS,US,circle,1020,morning
2012,Kuna,ID,US,circle,600,night
2012,Littleton,CO,US,circle,2,night
2012,Centereach,NY,US,circle,420,afternoon
2012,Oakridge,OR,US,circle,300,astronomical dusk
2012,Mechanicsburg,PA,US,circle,8,night
2012,Mossyrock,WA,US,circle,1800,NA
2012,Carthage,MO,US,circle,30,night
2012,Thompson,MB,CA,circle,300,NA
2012,Fremont,CA,US,circle,900,civil dawn
2012,Mckees Rocks,PA,US,circle,600,astronomical dusk
2012,San Antonio,TX,US,circle,300,night
2012,Sioux Falls,SD,US,circle,7,astronomical dusk
2012,Monroeville,PA,US,circle,15,morning
2012,Bethpage,NY,US,circle,1200,night
2012,Bloomington,IL,US,circle,600,astronomical dusk
2012,Chapin,SC,US,circle,180,astronomical dusk
2012,London,ENG,GB,circle,300,night
2012,Bradford,ENG,GB,circle,60,night
2012,Sykesville,MD,US,circle,300,night
2011,Gaithersburg,MD,US,circle,600,night
2011,Goldsboro,NC,US,circle,4,night
2011,London,ENG,GB,circle,180,night
2011,Anchorage,AK,US,circle,300,night
2011,Lake Elsinore,CA,US,circle,120,night
2011,Flagstaff,AZ,US,circle,3300,night
2011,Baraboo,WI,US,circle,1260,night
2011,Sacramento,CA,US,circle,300,afternoon
2011,Charlotte,NC,US,circle,6,civil dusk
2011,Sant Pere Pescador,Catalonia,ES,circle,600,night
2011,Aloha,OR,US,circle,120,morning
2011,West Hills,CA,US,circle,30,astronomical dusk
2011,Burns Harbor,IN,US,circle,1500,night
2011,Woodstock,IL,US,circle,300,morning
2011,Lakeside,CA,US,circle,7,morning
2011,Kutztown,PA,US,circle,120,night
2011,Seattle,WA,US,circle,300,afternoon
2011,Prescott Valley,AZ,US,circle,20,night
2011,Reynoldsburg,OH,US,circle,10,night
2010,Rice Lake,WI,US,circle,420,night
2010,San Diego,CA,US,circle,600,afternoon
2010,Miami,FL,US,circle,45,afternoon
2010,Upland,CA,US,circle,300,night
2010,Athabasca,AB,CA,circle,600,night
2010,Falkirk,SCT,GB,circle,120,NA
2010,Friendship,TN,US,circle,180,astronomical dawn
2010,Lake in the Hills,IL,US,circle,120,astronomical dusk
2010,Saint Augustine,FL,US,circle,180,morning
2010,Cincinnati,OH,US,circle,300,astronomical dusk
2010,Eugene,OR,US,circle,600,afternoon
2010,Moline,IL,US,circle,38,night
2010,Cape Neddick,ME,US,circle,0,night
2010,Houston,TX,US,circle,45,afternoon
2009,Grafton,MA,US,circle,6,night
2009,Erie,PA,US,circle,30,night
2009,Milpitas,CA,US,circle,5,night
2009,Plumsteadville,PA,US,circle,30,nautical dusk
2009,Harrisville,MI,US,circle,120,civil dusk
2009,San Diego,CA,US,circle,5,night
2009,Avoch,SCT,GB,circle,20,NA
2009,Laramie,WY,US,circle,45,astronomical dusk
2009,Lemon Grove,CA,US,circle,1200,night
2009,Bishopstoke,ENG,GB,circle,30,NA
2009,Grand Junction,CO,US,circle,5,night
2009,Zurich,Zurich,CH,circle,60,night
2009,Annapolis,MD,US,circle,10,night
2009,South Yarmouth,MA,US,circle,120,morning
2009,Crookston,MN,US,circle,15,morning
2009,Marathon,FL,US,circle,300,night
2008,Bremerton,WA,US,circle,20,afternoon
2008,Lebanon,OR,US,circle,90,night
2008,Los Angeles,CA,US,circle,15,night
2008,San Francisco,CA,US,circle,900,morning
2008,Crudwell,ENG,GB,circle,300,night
2008,Berlin,Berlin,DE,circle,15,night
2008,Ocean City,NJ,US,circle,3,night
2008,Phelan,CA,US,circle,600,nautical dawn
2008,Gainesville,FL,US,circle,180,nautical dawn
2008,San Francisco,CA,US,circle,1500,afternoon
2008,Folsom,CA,US,circle,15,astronomical dusk
2008,Florissant,MO,US,circle,120,night
2008,Lake Worth,FL,US,circle,86400,night
2008,Gulfport,MS,US,circle,300,night
2008,Toronto,ON,CA,circle,2,civil dusk
2008,Waldorf,MD,US,circle,600,night
2007,Albuquerque,NM,US,circle,600,nautical dusk
2007,San Diego,CA,US,circle,240,night
2007,Downingtown,PA,US,circle,90,afternoon
2007,Irvine,CA,US,circle,300,astronomical dusk
2007,San Luis Obispo,CA,US,circle,5,night
2007,Denver,CO,US,circle,120,afternoon
2007,Springfield,TN,US,circle,120,night
2007,Irvine,CA,US,circle,300,night
2007,Clovis,CA,US,circle,180,astronomical dusk
2007,Seattle,WA,US,circle,3,night
2007,Denver,CO,US,circle,60,afternoon
2007,Andover,MA,US,circle,360,nautical dusk
2007,Vereeniging,Gauteng,ZA,circle,120,night
2007,Los Angeles,CA,US,circle,300,afternoon
2007,Whittier,CA,US,circle,300,night
2006,Coatbridge,SCT,GB,circle,3,night
2006,Tuckerton,NJ,US,circle,5,night
2006,Atlanta,GA,US,circle,300,afternoon
2006,South Hill,VA,US,circle,300,astronomical dusk
2006,Los Angeles,CA,US,circle,86400,afternoon
2006,Richmond,CA,US,circle,1800,afternoon
2006,Tipton,PA,US,circle,300,civil dusk
2006,Seattle,WA,US,circle,1800,afternoon
2006,Wickenburg,AZ,US,circle,21600,morning
2006,York,PA,US,circle,20,night
2006,Larose,LA,US,circle,1800,night
2006,Prince George,BC,CA,circle,900,night
2005,Fullerton,CA,US,circle,10,night
2005,Siloam Springs,AR,US,circle,180,night
2005,Chicago Heights,IL,US,circle,86400,night
2005,Issaquah,WA,US,circle,5,night
2005,Banbridge,NIR,GB,circle,2,morning
2005,Hilton Head,SC,US,circle,180,astronomical dusk
2005,London,ENG,GB,circle,1800,NA
2005,Fergus Falls,MN,US,circle,60,astronomical dawn
2005,St. Louis,MO,US,circle,900,astronomical dusk
2005,Lemont,IL,US,circle,300,night
2005,Victoria,BC,CA,circle,300,afternoon
2005,Dallas,OR,US,circle,600,night
2004,Aiken,SC,US,circle,120,morning
2004,Rochester,NY,US,circle,6,night
2004,Salt Lake City,UT,US,circle,2,night
2004,Rocklin,CA,US,circle,300,afternoon
2004,Chingford,ENG,GB,circle,1800,nautical dawn
2004,Hilton,NY,US,circle,300,morning
2004,Bremerton,WA,US,circle,60,NA
2004,Mesa,AZ,US,circle,10,nautical dusk
2004,Kingston,NY,US,circle,120,nautical dusk
2004,Concord,CA,US,circle,30,morning
2004,Pratt,KS,US,circle,900,night
2003,Pahoa,HI,US,circle,240,afternoon
2003,San Gabriel,CA,US,circle,60,night
2003,Reno,NV,US,circle,60,night
2003,Little Rock,AR,US,circle,30,morning
2003,London,ENG,GB,circle,86400,afternoon
2003,San Marcos,CA,US,circle,300,night
2003,Winnipeg,MB,CA,circle,30,afternoon
2003,Seattle,WA,US,circle,1800,night
2003,Albuquerque,NM,US,circle,60,astronomical dawn
2003,Wilmette,IL,US,circle,600,night
2003,Tucson,AZ,US,circle,240,afternoon
2003,Hamburg,Hamburg,DE,circle,4320,night
2003,Port Elizabeth,Eastern Cape,ZA,circle,180,night
2002,Riverside,IL,US,circle,45,night
2002,Littleton,CO,US,circle,600,nautical dawn
2002,Pleasanton,CA,US,circle,15,night
2002,Atlanta,GA,US,circle,3,astronomical dusk
2002,San Antonio,TX,US,circle,86400,nautical dusk
2002,Hayward,CA,US,circle,600,astronomical dusk
2002,Spring,TX,US,circle,60,night
2002,Texarkana,TX,US,circle,60,night
2002,London,ENG,GB,circle,3,night
2001,Dallas,TX,US,circle,300,afternoon
2001,West Grove,PA,US,circle,10,night
2001,Miami,FL,US,circle,1200,night
2001,Warren,MI,US,circle,900,civil dusk
2001,Coleman,WI,US,circle,10,night
2001,San Pablo,CA,US,circle,3,night
2001,Redlands,CA,US,circle,120,night
2001,Las Vegas,NV,US,circle,1800,morning
2001,Bakersfield,CA,US,circle,10,night
2001,Fleetwood,ENG,GB,circle,600,night
2000,Concord,NH,US,circle,7,night
2000,Boise,ID,US,circle,240,civil dawn
2000,Palatine,IL,US,circle,300,afternoon
2000,West Tisbury,MA,US,circle,14400,morning
2000,Melbourne,Victoria,AU,circle,600,night
2000,Magna,UT,US,circle,60,astronomical dusk
2000,Eagle Point,OR,US,circle,120,night
2000,San Antonio,TX,US,circle,300,night
2000,Kalamazoo,MI,US,circle,600,night
1999,Purchase,NY,US,circle,10,night
1999,Smithville,TX,US,circle,25,night
1999,San Diego,CA,US,circle,2,afternoon
1999,Dallas,TX,US,circle,15,afternoon
1999,New Rochelle,NY,US,circle,7,afternoon
1999,River Ridge,LA,US,circle,180,night
1999,Columbus,OH,US,circle,600,night
1999,Hamilton,Waikato,NZ,circle,600,afternoon
1998,Plano,TX,US,circle,0,night
1998,Kunming,Yunnan,CN,circle,1200,nautical dawn
1998,El Dorado,KS,US,circle,420,morning
1998,Watertown,NY,US,circle,120,night
1998,West Palm Beach,FL,US,circle,300,civil dusk
1997,Fremont,MI,US,circle,300,night
1997,Madison Heights,MI,US,circle,1800,nautical dusk
1997,Torquay,ENG,GB,circle,20,afternoon
1996,Gothenburg,NE,US,circle,30,night
1995,Franklinton,NC,US,circle,10,night
1995,Downey,CA,US,circle,1200,night
1994,Kingston,ON,CA,circle,300,nautical dusk
1993,Kirkland,WA,US,circle,60,NA
1992,Cortlandt Manor,NY,US,circle,180,night
1991,Lakewood,CO,US,circle,180,astronomical dusk
1989,Green Bay,WI,US,circle,600,afternoon
1988,Holbrook,NY,US,circle,300,night
1987,Essex Junction,VT,US,circle,20,astronomical dusk
1985,Woodside,CA,US,circle,900,night
1984,Lorain,OH,US,circle,3600,morning
1983,Las Vegas,NV,US,circle,10,night
1980,Plainfield,CT,US,circle,15,astronomical dusk
1979,Deoghar,Jharkhand,IN,circle,300,afternoon
1978,Edinburgh,SCT,GB,circle,60,astronomical dusk
1977,Lancaster,KY,US,circle,300,morning
1977,Plantation,FL,US,circle,900,night
1976,Raceland,LA,US,circle,120,afternoon
1975,Browns Mills,NJ,US,circle,180,afternoon
1974,Grafton,MA,US,circle,600,afternoon
1973,Gilmanton,NH,US,circle,1800,afternoon
1972,Houston,TX,US,circle,300,afternoon
1970,Sparwood,BC,CA,circle,300,astronomical dusk
1969,Summerville,SC,US,circle,900,afternoon
1968,New Kensington,PA,US,circle,600,afternoon
1967,Jacksonville,NC,US,circle,20,morning
1965,Woodland HIlls,CA,US,circle,120,night
1963,Menasha,WI,US,circle,86400,morning
1960,La Verne,CA,US,circle,1800,night
1954,Red Bank,NJ,US,circle,300,night
1947,Palmira,Valle del Cauca,CO,circle,86400,night
2022,Silver Spring,MD,US,cone,30,nautical dusk
2020,Cedar Hill,TX,US,cone,86400,night
2018,Little Rock,AR,US,cone,20,nautical dusk
2017,Waterford,MI,US,cone,30,astronomical dawn
2016,Reno,NV,US,cone,240,night
2015,Owatonna,MN,US,cone,2,night
2014,Pearland,TX,US,cone,30,morning
2013,West Lafayette,IN,US,cone,900,night
2012,Honolulu,HI,US,cone,45,nautical dusk
2011,Santa Fe,NM,US,cone,900,afternoon
2010,Manahawkin,NJ,US,cone,90,afternoon
2009,Las Cruces,NM,US,cone,86400,afternoon
2007,Midwest City,OK,US,cone,2700,night
2005,Las Vegas,NV,US,cone,1800,morning
2003,Saint George,UT,US,cone,300,night
2001,Guilford,CT,US,cone,120,night
1999,Munds Park,AZ,US,cone,2400,night
1995,Steelville,MO,US,cone,5,night
1966,Salida,CO,US,cone,86400,nautical dusk
2022,High Springs,FL,US,cross,2400,civil dawn
2020,Trafford,PA,US,cross,240,night
2020,Sherman,TX,US,cross,300,night
2018,Westford,MA,US,cross,1200,night
2017,Acworth,GA,US,cross,1800,night
2016,Goleta,CA,US,cross,240,night
2014,Shoreline,WA,US,cross,2100,night
2014,Tucson,AZ,US,cross,240,night
2013,Provincetown,MA,US,cross,1200,morning
2012,Streamwood,IL,US,cross,300,night
2010,Socorro,NM,US,cross,600,night
2008,Carlsbad,CA,US,cross,5,nautical dawn
2006,Albany,NY,US,cross,180,night
2004,Litchfield Park,AZ,US,cross,60,civil dusk
2003,Palos Heights,IL,US,cross,600,night
2000,Lemon Grove,CA,US,cross,100,morning
1988,Carrollton,TX,US,cross,240,astronomical dusk
2023,South Shore,KY,US,cylinder,420,afternoon
2022,Columbus,OH,US,cylinder,3,nautical dusk
2022,hingham,MA,US,cylinder,120,night
2022,Stuttgart,Baden-Wurttemberg,DE,cylinder,600,NA
2022,Evansdale,IA,US,cylinder,60,astronomical dusk
2021,Fort Walton Beach,FL,US,cylinder,180,morning
2021,Longview,WA,US,cylinder,300,astronomical dusk
2021,Calgary,AB,CA,cylinder,180,nautical dawn
2020,Meeker,CO,US,cylinder,600,afternoon
2020,Friendswood,TX,US,cylinder,120,afternoon
2020,East Chicago,IN,US,cylinder,60,afternoon
2019,Pacifica,CA,US,cylinder,600,civil dusk
2019,Minetto,NY,US,cylinder,4,afternoon
2019,Saint George,UT,US,cylinder,240,civil dusk
2019,Yucca Valley,CA,US,cylinder,900,morning
2018,Opelousas,LA,US,cylinder,20,afternoon
2018,Medina,OH,US,cylinder,10,afternoon
2017,Harrisburg,PA,US,cylinder,10,night
2017,Ellettsville,IN,US,cylinder,300,morning
2017,West Pasco,WA,US,cylinder,2700,astronomical dawn
2017,Tamaqua,PA,US,cylinder,600,night
2016,Fernley,NV,US,cylinder,180,afternoon
2016,Marieville,QC,CA,cylinder,15,NA
2016,Jacksonville Beach,FL,US,cylinder,30,nautical dusk
2015,Indio,CA,US,cylinder,1800,nautical dusk
2015,Charleston,SC,US,cylinder,5,night
2015,Germantown,MD,US,cylinder,40,morning
2014,Orillia,ON,CA,cylinder,900,afternoon
2014,Denver,CO,US,cylinder,10,afternoon
2014,Bastrop,TX,US,cylinder,10,civil dusk
2014,Austin,TX,US,cylinder,600,night
2014,Banning,CA,US,cylinder,10,night
2013,Elgin,IL,US,cylinder,180,night
2013,Irving,TX,US,cylinder,240,night
2013,Erie,PA,US,cylinder,180,morning
2013,Washington,NJ,US,cylinder,180,civil dusk
2013,London,ON,CA,cylinder,45,astronomical dusk
2012,North Conway,NH,US,cylinder,300,night
2012,Suffern,NY,US,cylinder,20,night
2012,Lewisville,TX,US,cylinder,45,astronomical dusk
2012,Las Vegas,NV,US,cylinder,900,astronomical dawn
2012,Morganville,NJ,US,cylinder,1200,night
2011,Holland,MI,US,cylinder,120,night
2011,Toledo,OH,US,cylinder,1200,night
2011,Ellington,CT,US,cylinder,600,morning
2010,Concord,CA,US,cylinder,2100,night
2010,Rockford,IL,US,cylinder,420,morning
2009,Crystal Lake,IL,US,cylinder,120,night
2009,Peterborough,ON,CA,cylinder,900,morning
2009,North Hollywood,CA,US,cylinder,6,night
2008,Kennett,MO,US,cylinder,600,afternoon
2008,Marlborough,MA,US,cylinder,30,afternoon
2008,Wigan,ENG,GB,cylinder,300,afternoon
2007,Eugene,OR,US,cylinder,18,afternoon
2007,Columbia,MO,US,cylinder,60,afternoon
2007,Sturbridge,MA,US,cylinder,900,night
2006,Levittown,NY,US,cylinder,40,astronomical dusk
2006,Saint Peters,MO,US,cylinder,300,afternoon
2005,Portland,OR,US,cylinder,10,afternoon
2005,Kenosha,WI,US,cylinder,180,afternoon
2004,Russellville,AR,US,cylinder,8,night
2004,Sonora,CA,US,cylinder,300,afternoon
2004,Clackamas,OR,US,cylinder,120,night
2003,Wheaton,IL,US,cylinder,120,afternoon
2003,Anaheim,CA,US,cylinder,120,morning
2003,Henderson,NV,US,cylinder,900,night
2002,Charleston,WV,US,cylinder,2700,afternoon
2002,Plymouth,MA,US,cylinder,40,afternoon
2001,Downers Grove,IL,US,cylinder,300,civil dusk
2001,Gilbert,AZ,US,cylinder,900,afternoon
2000,Houston,TX,US,cylinder,1200,morning
2000,Santa Fe,NM,US,cylinder,10800,afternoon
1999,Hayward,CA,US,cylinder,30,night
1999,Roanoke Rapids,NC,US,cylinder,180,morning
1998,Portland,OR,US,cylinder,30,afternoon
1997,St. Louis,MO,US,cylinder,120,afternoon
1996,Santa Cruz,CA,US,cylinder,300,morning
1990,York,ENG,GB,cylinder,60,morning
1984,Logan,UT,US,cylinder,600,night
1979,Boone,NC,US,cylinder,10,astronomical dusk
1973,Mount Vernon,IN,US,cylinder,300,night
1968,Ranson,WV,US,cylinder,120,afternoon
1957,Teaneck,NJ,US,cylinder,120,nautical dusk
2022,Pittsburgh,PA,US,diamond,10,night
2022,Oceanside,CA,US,diamond,60,night
2021,Wichita Falls,TX,US,diamond,1200,night
2020,Bliss,NY,US,diamond,300,night
2020,Fayetteville,AR,US,diamond,45,astronomical dusk
2020,Courtenay,BC,CA,diamond,1800,night
2020,Denver,CO,US,diamond,300,astronomical dusk
2019,Colorado Springs,CO,US,diamond,1200,night
2019,Pigeon Forge,TN,US,diamond,900,nautical dawn
2018,Tiverton,RI,US,diamond,600,night
2018,Siren,WI,US,diamond,30,morning
2018,Chesapeake,OH,US,diamond,1200,nautical dusk
2017,Jacksonville,FL,US,diamond,10,night
2017,Mountain Grove,MO,US,diamond,30,night
2017,Rosemount,MN,US,diamond,60,night
2016,Loganville,GA,US,diamond,720,morning
2016,Saint Peters,MO,US,diamond,300,astronomical dusk
2016,Alpharetta,GA,US,diamond,120,night
2015,Baldwinsville,NY,US,diamond,60,night
2015,Allen Park,MI,US,diamond,120,civil dusk
2015,Discovery Bay,CA,US,diamond,120,astronomical dusk
2015,Honey Brook,PA,US,diamond,60,night
2014,Frankfort,IL,US,diamond,20,afternoon
2014,Ubud,Bali,ID,diamond,120,night
2014,Caransebes,Caras-Severin,RO,diamond,540,NA
2014,Salt Lake City,UT,US,diamond,120,night
2014,Alameda,CA,US,diamond,5,night
2013,Ocala,FL,US,diamond,300,astronomical dusk
2013,Gillingham,ENG,GB,diamond,900,NA
2013,Madison,WI,US,diamond,10,night
2013,San Jose,CA,US,diamond,30,night
2012,Arnold,MO,US,diamond,300,night
2012,Chicago,IL,US,diamond,60,night
2012,Kalispell,MT,US,diamond,300,NA
2012,Denver,CO,US,diamond,180,morning
2011,Canon city,CO,US,diamond,5,astronomical dawn
2011,Grand Rapids,MI,US,diamond,60,morning
2011,Olympia,WA,US,diamond,15,morning
2010,Maroochydore,Queensland,AU,diamond,300,night
2010,Madison,CT,US,diamond,20,night
2010,London,ENG,GB,diamond,10,night
2009,Hermann,MO,US,diamond,30,afternoon
2009,Groton,CT,US,diamond,86400,night
2008,St. Petersburg,FL,US,diamond,900,night
2008,Tullahoma,TN,US,diamond,120,astronomical dusk
2007,Chattanooga,TN,US,diamond,600,night
2007,Stormstown,PA,US,diamond,180,afternoon
2006,Flemingsburg,KY,US,diamond,300,nautical dusk
2006,Newark,NJ,US,diamond,43200,civil dawn
2005,Navarre,FL,US,diamond,300,astronomical dusk
2005,Lompoc,CA,US,diamond,20,night
2004,Rockford,IL,US,diamond,180,night
2004,Brewer,ME,US,diamond,120,afternoon
2004,Bowling Green,KY,US,diamond,300,night
2003,St. Petersburg,FL,US,diamond,300,afternoon
2003,Bilbao,Basque Country,ES,diamond,120,night
2002,Glasgow,SCT,GB,diamond,10,morning
2002,Encinitas,CA,US,diamond,2,night
2001,Pittsburgh,PA,US,diamond,60,afternoon
2001,Sydney,New South Wales,AU,diamond,900,night
2001,New Rochelle,NY,US,diamond,4,night
2000,Long Beach,CA,US,diamond,300,afternoon
2000,Rockford,IL,US,diamond,1800,night
1999,Delta,BC,CA,diamond,1800,NA
1998,Fenton,MI,US,diamond,480,afternoon
1997,Dallas,TX,US,diamond,900,civil dawn
1996,Nottingham,ENG,GB,diamond,120,NA
1991,Moab,UT,US,diamond,60,morning
1983,Rochester,NH,US,diamond,1800,night
1976,Cambridge,MA,US,diamond,60,NA
1957,Rhinebeck,NY,US,diamond,20,afternoon
2023,Hartford,WI,US,disk,120,afternoon
2022,Rutherfordton,NC,US,disk,10,astronomical dusk
2022,Wheelersburg,OH,US,disk,60,astronomical dusk
2022,Abbotsford,BC,CA,disk,120,afternoon
2022,Quapaw,OK,US,disk,60,night
2022,Spokane,WA,US,disk,40,night
2021,Los Angeles,CA,US,disk,300,afternoon
2021,Brooklyn,NY,US,disk,180,afternoon
2021,Terrell,TX,US,disk,600,morning
2021,Lawtey,FL,US,disk,10,night
2020,Barnstable,MA,US,disk,300,night
2020,Lakeville,MN,US,disk,420,morning
2020,Bloomsburg,PA,US,disk,60,morning
2020,Sydney,New South Wales,AU,disk,360,morning
2020,Medford,OR,US,disk,10,morning
2020,Cottonwood,AZ,US,disk,5,night
2020,Boone,NC,US,disk,21600,night
2020,Murfreesboro,TN,US,disk,4500,astronomical dusk
2019,Utica,NY,US,disk,180,night
2019,Oswego,NY,US,disk,1200,astronomical dawn
2019,Fresno,CA,US,disk,120,night
2019,Methuen,MA,US,disk,60,night
2019,Blytheville,AR,US,disk,180,afternoon
2019,Los Angeles,CA,US,disk,86400,morning
2019,Palm bay,FL,US,disk,600,nautical dawn
2019,Parma Heights,OH,US,disk,10,night
2019,Carrollton,GA,US,disk,37,morning
2018,Louisville,KY,US,disk,3,nautical dawn
2018,Kapa'a,HI,US,disk,540,afternoon
2018,Providence,RI,US,disk,60,night
2018,South Kingstown,RI,US,disk,480,night
2018,Houston,TX,US,disk,5,civil dusk
2017,Rochester,MN,US,disk,10,afternoon
2017,Austin,TX,US,disk,120,afternoon
2017,Burien,WA,US,disk,120,afternoon
2017,Gulf Shores,AL,US,disk,180,astronomical dusk
2017,Cooper City,FL,US,disk,1,astronomical dusk
2017,Versailles,KY,US,disk,300,civil dawn
2017,Monona,WI,US,disk,30,nautical dusk
2017,Milford,CT,US,disk,86400,night
2016,Newport,ME,US,disk,600,civil dusk
2016,Krum,TX,US,disk,15,afternoon
2016,Thomson,GA,US,disk,2700,morning
2016,Los Angeles,CA,US,disk,1,afternoon
2016,Wickliffe,KY,US,disk,480,morning
2016,Linden,NJ,US,disk,120,night
2016,Glenwood Springs,CO,US,disk,180,nautical dawn
2016,Watertown,WI,US,disk,5,night
2016,Columbia,SC,US,disk,20,afternoon
2015,Fresno,CA,US,disk,180,night
2015,Pataskala,OH,US,disk,360,afternoon
2015,Muskogee,OK,US,disk,600,afternoon
2015,Des Moines,IA,US,disk,5,morning
2015,Gridley,CA,US,disk,300,morning
2015,Eaton Rapids,MI,US,disk,300,night
2015,Seneca,SC,US,disk,20,afternoon
2015,Fairbanks,AK,US,disk,86400,nautical dusk
2015,Cabot,AR,US,disk,60,afternoon
2014,Franklin,NC,US,disk,300,night
2014,Stanwood,WA,US,disk,600,night
2014,Cranberry Township,PA,US,disk,180,morning
2014,Fort Wayne,IN,US,disk,900,nautical dusk
2014,Emporia,KS,US,disk,1800,morning
2014,Aurora,CO,US,disk,180,astronomical dusk
2014,Mesquite,TX,US,disk,120,nautical dusk
2014,Cochrane,AB,CA,disk,120,NA
2014,San Jose,CA,US,disk,30,afternoon
2014,Punxsutawney,PA,US,disk,240,morning
2014,Fort Lauderdale,FL,US,disk,3,civil dusk
2014,Raleigh,NC,US,disk,3,morning
2013,Brooklyn Center,MN,US,disk,300,night
2013,Lake Worth,FL,US,disk,15,night
2013,Meriden,CT,US,disk,15,night
2013,Tomball,TX,US,disk,30,morning
2013,Waldoboro,ME,US,disk,10,nautical dusk
2013,Battle Ground,WA,US,disk,30,NA
2013,San Antonio,TX,US,disk,20,night
2013,Snyder,TX,US,disk,420,night
2013,Washington,NC,US,disk,60,night
2012,Fayetteville,NC,US,disk,1200,night
2012,Winston-Salem,NC,US,disk,60,morning
2012,Kansas City,MO,US,disk,180,afternoon
2012,Rochester Hills,MI,US,disk,480,night
2012,Ypsilanti,MI,US,disk,120,nautical dusk
2012,Seaside,OR,US,disk,600,nautical dusk
2012,Paris,AR,US,disk,180,morning
2012,Rockford,IL,US,disk,10,astronomical dusk
2012,Albuquerque,NM,US,disk,360,afternoon
2012,Port Angeles,WA,US,disk,300,afternoon
2011,Auburn,WA,US,disk,900,night
2011,Lévis,QC,CA,disk,120,night
2011,Ottawa,ON,CA,disk,60,morning
2011,Denver,CO,US,disk,120,morning
2011,East Los Angeles,CA,US,disk,600,afternoon
2011,Saint Charles,MO,US,disk,8,night
2011,Chilliwack,BC,CA,disk,600,night
2011,West Covina,CA,US,disk,2700,afternoon
2010,Christchurch,Canterbury,NZ,disk,600,astronomical dusk
2010,Hayward,CA,US,disk,300,morning
2010,Ashville,OH,US,disk,20,morning
2010,Mason,OH,US,disk,1800,night
2010,Burley,ID,US,disk,5,civil dusk
2010,Singapore,01,SG,disk,240,night
2010,Wenden,AZ,US,disk,60,night
2010,Spencerport,NY,US,disk,20,astronomical dawn
2009,Denver,CO,US,disk,240,night
2009,Leesburg,VA,US,disk,300,night
2009,Mount Pleasant,SC,US,disk,45,night
2009,Pyatigorsk,Stavropol Kray,RU,disk,300,afternoon
2009,Bowie,MD,US,disk,45,nautical dusk
2009,Avon,CO,US,disk,15,afternoon
2009,Richfield,UT,US,disk,210,night
2009,New York City,NY,US,disk,600,afternoon
2008,Pataskala,OH,US,disk,120,night
2008,Los Angeles,CA,US,disk,180,astronomical dawn
2008,Delta,BC,CA,disk,5,astronomical dusk
2008,Newport,RI,US,disk,30,afternoon
2008,Sioux Falls,SD,US,disk,900,night
2008,San Ramon,CA,US,disk,300,civil dusk
2008,North Port,FL,US,disk,30,night
2008,Trumbull,CT,US,disk,1200,astronomical dusk
2008,Glendale,AZ,US,disk,900,afternoon
2008,Bethel,ME,US,disk,1800,night
2008,Taft,CA,US,disk,2700,night
2007,Chicago,IL,US,disk,180,afternoon
2007,Blue Springs,MO,US,disk,5,morning
2007,Naples,FL,US,disk,5,astronomical dawn
2007,Whitefield,NH,US,disk,600,night
2007,Clearwater,FL,US,disk,240,astronomical dusk
2007,Birmingham,ENG,GB,disk,180,NA
2007,Kirkland,WA,US,disk,180,afternoon
2007,Sarasota,FL,US,disk,15,night
2007,Burbank,CA,US,disk,4,nautical dusk
2006,Yuma,AZ,US,disk,86400,afternoon
2006,Odessa,TX,US,disk,10,night
2006,Dufur,OR,US,disk,120,night
2006,Texas City,TX,US,disk,1800,night
2006,Brisbane,Queensland,AU,disk,120,night
2006,Willow Springs,IL,US,disk,120,afternoon
2006,Abbotsford,BC,CA,disk,600,civil dawn
2006,Caracas,Distrito Federal,VE,disk,35,morning
2006,Littleton,CO,US,disk,10,afternoon
2005,Scottsdale,AZ,US,disk,900,afternoon
2005,West Chester,PA,US,disk,5,night
2005,Laconia,NH,US,disk,35,afternoon
2005,Blackfoot,ID,US,disk,600,night
2005,Conneautville,PA,US,disk,900,night
2005,Fort Myers,FL,US,disk,1200,morning
2005,Laconia,NH,US,disk,10,afternoon
2005,Miami,FL,US,disk,1800,night
2005,Boston,MA,US,disk,1,night
2004,Thousand Oaks,CA,US,disk,1500,night
2004,Fairfield,PA,US,disk,900,night
2004,Angola,IN,US,disk,3,afternoon
2004,Ludington,MI,US,disk,300,night
2004,Loveland,CO,US,disk,1800,night
2004,Topeka,KS,US,disk,180,afternoon
2004,Gila Bend,AZ,US,disk,3600,night
2004,Oakley,UT,US,disk,10,afternoon
2004,League City,TX,US,disk,300,morning
2004,Mexico City,Mexico City,MX,disk,300,night
2004,Las Vegas,NV,US,disk,180,morning
2003,Milton,ON,CA,disk,180,nautical dawn
2003,Vancouver,BC,CA,disk,900,night
2003,Burien,WA,US,disk,10,afternoon
2003,Fort Worth,TX,US,disk,2,afternoon
2003,New Westminster,BC,CA,disk,300,afternoon
2003,Leola,PA,US,disk,45,afternoon
2003,Shady Point,OK,US,disk,900,night
2003,Fremont,CA,US,disk,30,afternoon
2003,Portageville,MO,US,disk,300,afternoon
2003,San Diego,CA,US,disk,900,civil dawn
2002,Rehoboth Beach,DE,US,disk,1800,night
2002,Kotzebue,AK,US,disk,10,night
2002,Nassau,New Providence,BS,disk,180,morning
2002,Pontefract,ENG,GB,disk,40,civil dusk
2002,Deer Lodge,MT,US,disk,20,nautical dusk
2002,Marion,OH,US,disk,120,morning
2002,Dayton,OH,US,disk,300,morning
2002,Wooster,OH,US,disk,600,night
2001,Tucson,AZ,US,disk,2700,night
2001,Durban,KwaZulu-Natal,ZA,disk,3,night
2001,Vallejo,CA,US,disk,21600,night
2001,Mammoth Lakes,CA,US,disk,300,night
2001,Chandler,AZ,US,disk,2,night
2001,Greensburg,PA,US,disk,18000,nautical dusk
2001,Morgantown,WV,US,disk,120,night
2001,Salem,NH,US,disk,600,afternoon
2000,Raleigh,NC,US,disk,420,nautical dawn
2000,Strawberry,AZ,US,disk,900,astronomical dusk
2000,Madisonville,KY,US,disk,1800,night
2000,London,ENG,GB,disk,5,morning
2000,Chattanooga,TN,US,disk,360,afternoon
2000,Jellico,TN,US,disk,10,afternoon
2000,Fontana,CA,US,disk,300,astronomical dusk
1999,Cleveland,GA,US,disk,10,nautical dusk
1999,Las Vegas,NV,US,disk,240,night
1999,Long Valley,NJ,US,disk,1800,morning
1999,Orchard Park,NY,US,disk,60,astronomical dawn
1999,East Liverpool,OH,US,disk,60,night
1999,Wichita,KS,US,disk,300,morning
1998,Columbus,OH,US,disk,300,civil dusk
1998,Rosemead,CA,US,disk,60,night
1998,Bristol,VA,US,disk,240,afternoon
1998,Richmond,CA,US,disk,600,civil dusk
1997,Pittsburgh,PA,US,disk,180,morning
1997,Middletown,CT,US,disk,30,astronomical dawn
1997,Akron,OH,US,disk,7200,afternoon
1997,Tacoma,WA,US,disk,120,nautical dusk
1996,Romford,ENG,GB,disk,300,afternoon
1996,Lumpkin,GA,US,disk,240,night
1995,Niles,OH,US,disk,15,night
1995,Mesa,AZ,US,disk,300,NA
1994,Elizabeth,NJ,US,disk,180,civil dusk
1994,Indiana,PA,US,disk,10,night
1993,Melbourne,Victoria,AU,disk,480,afternoon
1992,Tampa,FL,US,disk,600,afternoon
1991,Flint,MI,US,disk,120,night
1990,Salt Lake City,UT,US,disk,1800,astronomical dawn
1989,Oak Ridge,TN,US,disk,1800,astronomical dusk
1988,Union,SC,US,disk,600,afternoon
1987,Springfield,MO,US,disk,180,afternoon
1986,Lake Elsinore,CA,US,disk,300,morning
1985,North Bay,ON,CA,disk,1200,night
1984,Albuquerque,NM,US,disk,2700,nautical dusk
1983,Allentown,PA,US,disk,2100,civil dusk
1983,West Palm Beach,FL,US,disk,180,night
1982,Agawam,MA,US,disk,120,afternoon
1981,Reading,ENG,GB,disk,60,NA
1980,Hansville,WA,US,disk,1200,civil dusk
1980,Temple Terrace,FL,US,disk,180,morning
1979,Lomita,CA,US,disk,1200,afternoon
1979,Manteca,CA,US,disk,3,afternoon
1978,San Diego,CA,US,disk,600,morning
1978,Spokane,WA,US,disk,120,astronomical dusk
1978,Mancelona,MI,US,disk,1200,civil dusk
1978,Grand Rapids,MI,US,disk,300,night
1977,Grand Rapids,MI,US,disk,300,afternoon
1977,Asheville,NC,US,disk,15,afternoon
1976,Seymour,CT,US,disk,900,night
1976,Fort Lauderdale,FL,US,disk,480,nautical dusk
1976,Long Beach,NY,US,disk,900,nautical dusk
1975,Hollywood,CA,US,disk,60,night
1975,Beverly,MA,US,disk,120,afternoon
1975,Kenmore,NY,US,disk,2700,afternoon
1974,Tegucigalpa,Francisco Morazan Department,HN,disk,15,night
1974,Hagerstown,MD,US,disk,120,afternoon
1974,Smyrna,GA,US,disk,120,civil dusk
1973,Federalsburg,MD,US,disk,300,afternoon
1973,Fayetteville,NC,US,disk,180,night
1973,Gaithersburg,MD,US,disk,240,morning
1972,Millerton,NY,US,disk,900,night
1971,Kitchener,ON,CA,disk,2700,night
1971,Osceola,IA,US,disk,960,astronomical dusk
1970,Hazard,KY,US,disk,1200,nautical dusk
1969,Buford,GA,US,disk,20,night
1969,Lawrenceburg,KY,US,disk,300,civil dusk
1968,Martinez,GA,US,disk,1500,night
1968,Minot,ND,US,disk,1800,NA
1967,Hampstead,NC,US,disk,300,night
1967,Kent,WA,US,disk,480,night
1966,San Jose,CA,US,disk,300,afternoon
1966,Chicago,IL,US,disk,300,NA
1965,Virginia Beach,VA,US,disk,4,night
1964,Glen Allen,VA,US,disk,30,night
1963,Riverside,OH,US,disk,300,nautical dusk
1962,Savannah,GA,US,disk,900,NA
1961,Orlando,FL,US,disk,300,afternoon
1959,Phoenix,AZ,US,disk,30,astronomical dusk
1957,Ticonderoga,NY,US,disk,15,afternoon
1955,Covina,CA,US,disk,600,astronomical dusk
1953,Mauriceville,TX,US,disk,300,afternoon
1951,Aarau,Aargau,CH,disk,600,afternoon
1950,Mexicali,Baja California,MX,disk,60,afternoon
1941,Ludington,MI,US,disk,30,afternoon
2022,Sammamish,WA,US,egg,5,astronomical dusk
2021,North Hollywood,CA,US,egg,180,afternoon
2020,Marina Del Rey,CA,US,egg,600,afternoon
2019,Lakewood,NJ,US,egg,5,afternoon
2019,Saint Paul,MN,US,egg,60,night
2018,Shelburne,VT,US,egg,120,morning
2017,Boise,ID,US,egg,45,night
2017,Leadville,CO,US,egg,15,night
2016,Holden,MA,US,egg,10,night
2015,Monmouth,OR,US,egg,10,afternoon
2015,Cannock,ENG,GB,egg,180,NA
2014,Whitewright,TX,US,egg,30,civil dusk
2014,Sylva,NC,US,egg,15,afternoon
2013,South Weber,UT,US,egg,3,night
2013,Surprise,AZ,US,egg,1,astronomical dawn
2012,Shrub Oak,NY,US,egg,120,nautical dusk
2012,Dallas,TX,US,egg,86400,afternoon
2011,Hammond,IN,US,egg,300,night
2011,Calumet,OK,US,egg,86400,night
2010,Sonoma,CA,US,egg,1800,afternoon
2009,Buda,TX,US,egg,180,afternoon
2008,Ronkonkoma,NY,US,egg,5400,nautical dusk
2008,Tokyo,Tokyo,JP,egg,1200,NA
2007,Fresno,CA,US,egg,180,night
2006,Pahoa,HI,US,egg,2,night
2006,Ogden,UT,US,egg,600,afternoon
2005,Los Angeles,CA,US,egg,10,afternoon
2004,Lewisville,TX,US,egg,86400,nautical dusk
2004,Phoenix,AZ,US,egg,60,night
2003,Portage,MI,US,egg,86400,night
2003,Oakland,CA,US,egg,300,afternoon
2003,Los Angeles,CA,US,egg,30,night
2002,Monroe,NY,US,egg,300,night
2002,Lake Wales,FL,US,egg,900,night
2001,Countryside,IL,US,egg,5,night
2000,Sherwood Park,AB,CA,egg,45,morning
2000,Tonawanda,NY,US,egg,60,nautical dawn
1999,Toronto,ON,CA,egg,240,afternoon
1998,Portsmouth,RI,US,egg,2,afternoon
1997,Long Beach,NY,US,egg,300,NA
1993,Lake Stevens,WA,US,egg,45,night
1985,Kaunakakai,HI,US,egg,180,afternoon
1970,Kirkby,ENG,GB,egg,120,night
2023,Newport,WA,US,fireball,20,astronomical dusk
2023,Media,PA,US,fireball,120,afternoon
2022,Colchester,ENG,GB,fireball,4,night
2022,Maricopa,AZ,US,fireball,5400,nautical dusk
2022,Daytona beach shores,FL,US,fireball,5,night
2021,Coral Springs,FL,US,fireball,60,night
2021,Lancaster,CA,US,fireball,28,nautical dusk
2021,Milton,VT,US,fireball,60,nautical dusk
2021,Dublin,PA,US,fireball,120,nautical dusk
2021,Staten Island,NY,US,fireball,40,night
2020,Flowery Branch,GA,US,fireball,180,morning
2020,Elizabethton,TN,US,fireball,600,civil dusk
2020,Wolcott,CT,US,fireball,180,astronomical dusk
2020,Albuquerque,NM,US,fireball,10,civil dusk
2020,Lewisburg,WV,US,fireball,60,nautical dusk
2020,Seabrook,TX,US,fireball,900,night
2020,Los Angeles,CA,US,fireball,240,nautical dusk
2020,Golden,CO,US,fireball,3,night
2020,Bay City,TX,US,fireball,120,night
2019,West Palm Beach,FL,US,fireball,120,night
2019,Waynesboro,MS,US,fireball,20,night
2019,Yakima,WA,US,fireball,180,night
2019,Rock Hill,SC,US,fireball,300,nautical dusk
2019,Waverly,IA,US,fireball,20,night
2019,Roscommon,MI,US,fireball,1200,nautical dusk
2019,Des Moines,IA,US,fireball,60,night
2019,Blacksburg,VA,US,fireball,30,civil dusk
2019,Sevierville,TN,US,fireball,14,morning
2019,Tamarac,FL,US,fireball,180,night
2018,Anacortes,WA,US,fireball,2,night
2018,Soldotna,AK,US,fireball,180,astronomical dusk
2018,Fairfield,CA,US,fireball,1800,astronomical dusk
2018,Springfield,IL,US,fireball,60,nautical dusk
2018,Biloxi,MS,US,fireball,10,civil dusk
2018,Romeo,MI,US,fireball,180,night
2018,Stanwood,WA,US,fireball,1500,night
2017,Richfield,UT,US,fireball,120,night
2017,Edenton,NC,US,fireball,600,afternoon
2017,Moses Lake,WA,US,fireball,3,afternoon
2017,New York City,NY,US,fireball,300,night
2017,Ocean City,MD,US,fireball,120,astronomical dusk
2017,Occoquan,VA,US,fireball,120,civil dusk
2017,Ephrata,PA,US,fireball,300,civil dusk
2017,Carlsbad,CA,US,fireball,30,night
2017,Olympia,WA,US,fireball,10,night
2017,Chandler,AZ,US,fireball,900,night
2017,Oak Lawn,IL,US,fireball,7,night
2017,Sutherlin,OR,US,fireball,300,night
2016,Sun City West,AZ,US,fireball,300,night
2016,Monroeville,PA,US,fireball,300,astronomical dusk
2016,Alpharetta,GA,US,fireball,600,night
2016,Belchertown,MA,US,fireball,240,night
2016,Baltimore,MD,US,fireball,240,civil dusk
2016,Portland,OR,US,fireball,3,night
2016,Gaylord,MI,US,fireball,60,astronomical dusk
2016,Saint George,UT,US,fireball,300,night
2016,Dublin,CA,US,fireball,60,astronomical dusk
2016,Ocean City,MD,US,fireball,300,astronomical dusk
2016,Downers Grove,IL,US,fireball,180,astronomical dusk
2016,Occoquan,VA,US,fireball,300,astronomical dusk
2016,Pataskala,OH,US,fireball,1200,nautical dusk
2016,Pomona,NY,US,fireball,1200,night
2016,Duncan,BC,CA,fireball,900,night
2016,Port Saint Lucie,FL,US,fireball,300,nautical dusk
2016,Lebanon,MO,US,fireball,5400,astronomical dusk
2016,Austin,TX,US,fireball,60,night
2016,Millville,NJ,US,fireball,3,night
2016,Menifee,CA,US,fireball,600,night
2015,Boulder City,NV,US,fireball,30,night
2015,Santa Fe,NM,US,fireball,3,morning
2015,Dunes City,OR,US,fireball,3,night
2015,Portage La Prairie,MB,CA,fireball,120,night
2015,Peru,IL,US,fireball,4,night
2015,McDonough,GA,US,fireball,5,night
2015,Nicholasville,KY,US,fireball,5,afternoon
2015,Dettighofen,Baden-Wurttemberg,DE,fireball,15,night
2015,Tempe,AZ,US,fireball,1800,night
2015,Hanover,PA,US,fireball,60,nautical dusk
2015,Carriere,MS,US,fireball,45,nautical dusk
2015,Nipomo,CA,US,fireball,45,night
2015,Mount Morris,IL,US,fireball,300,astronomical dusk
2015,Panama City,FL,US,fireball,5,night
2015,Narragansett,RI,US,fireball,600,astronomical dusk
2015,Johnston,RI,US,fireball,1200,astronomical dusk
2015,Oswego,IL,US,fireball,120,astronomical dusk
2015,Bakersfield,CA,US,fireball,300,civil dusk
2015,Chatham,VA,US,fireball,180,astronomical dusk
2015,New Berlin,WI,US,fireball,120,astronomical dusk
2015,Jonesboro,IL,US,fireball,20,night
2015,Eagle River,AK,US,fireball,3,nautical dawn
2015,Peoria,AZ,US,fireball,600,night
2015,Marietta,GA,US,fireball,300,night
2015,Spring,TX,US,fireball,600,night
2015,Nashville,TN,US,fireball,300,night
2015,Longwood,FL,US,fireball,600,night
2014,San Luis Obispo,CA,US,fireball,4,night
2014,Columbia,SC,US,fireball,180,afternoon
2014,Front Royal,VA,US,fireball,60,night
2014,Philadelphia,PA,US,fireball,300,afternoon
2014,Sacaton,AZ,US,fireball,3,night
2014,Gila Bend,AZ,US,fireball,1,night
2014,Myrtle Beach,SC,US,fireball,1200,night
2014,Santa Fe,NM,US,fireball,10,night
2014,Ferris,TX,US,fireball,300,morning
2014,Providence,RI,US,fireball,300,night
2014,Chandler,AZ,US,fireball,1800,night
2014,Pittsburgh,PA,US,fireball,60,astronomical dusk
2014,Mukwonago,WI,US,fireball,300,nautical dusk
2014,New York City,NY,US,fireball,60,night
2014,Easton,PA,US,fireball,600,afternoon
2014,Ocean City,NJ,US,fireball,900,night
2014,Carlsbad,CA,US,fireball,86400,night
2014,Greenwich,CT,US,fireball,4,civil dawn
2014,Fulton,NY,US,fireball,600,astronomical dusk
2014,State College,PA,US,fireball,900,night
2014,Roscommon,MI,US,fireball,600,night
2014,Pottstown,PA,US,fireball,60,astronomical dusk
2014,Chicago,IL,US,fireball,900,night
2014,Wellsboro,PA,US,fireball,900,nautical dusk
2014,Berlin,NH,US,fireball,90,morning
2014,Garden City,SC,US,fireball,1800,night
2014,Rainbow City,AL,US,fireball,120,nautical dusk
2014,Lansdale,PA,US,fireball,240,civil dusk
2014,North Liberty,IA,US,fireball,60,night
2014,Huntingdon,PA,US,fireball,600,nautical dusk
2014,Buford,GA,US,fireball,30,astronomical dusk
2014,Irving,TX,US,fireball,2,night
2014,North Ridgeville,OH,US,fireball,120,nautical dusk
2014,Fresno,CA,US,fireball,300,night
2014,Gila Bend,AZ,US,fireball,2700,civil dusk
2014,Saco,ME,US,fireball,30,morning
2014,Wabash,IN,US,fireball,300,nautical dusk
2014,Bellevue,ID,US,fireball,900,night
2014,Lynnwood,WA,US,fireball,3,night
2014,Palatka,FL,US,fireball,420,nautical dusk
2014,Woodridge,IL,US,fireball,240,night
2014,Tigard,OR,US,fireball,86400,night
2013,Grangeville,ID,US,fireball,30,night
2013,Alexandria,VA,US,fireball,600,afternoon
2013,Satellite Beach,FL,US,fireball,900,astronomical dusk
2013,Milwaukie,OR,US,fireball,90,night
2013,Coral Springs,FL,US,fireball,300,night
2013,Pratt,KS,US,fireball,3,night
2013,Coeur d'Alene,ID,US,fireball,900,night
2013,Fordyce,AR,US,fireball,600,night
2013,Katy,TX,US,fireball,180,astronomical dusk
2013,Boise,ID,US,fireball,5,night
2013,Eugene,OR,US,fireball,300,night
2013,Nashua,NH,US,fireball,120,night
2013,Turners Falls,MA,US,fireball,30,astronomical dusk
2013,Medina,OH,US,fireball,600,astronomical dusk
2013,Grosse Ile,MI,US,fireball,180,night
2013,Derby,KS,US,fireball,120,night
2013,Beavercreek,OH,US,fireball,1800,astronomical dusk
2013,New York City,NY,US,fireball,1200,astronomical dusk
2013,Kure Beach,NC,US,fireball,3,night
2013,Allentown,PA,US,fireball,300,astronomical dusk
2013,Guatemala City,Guatemala,GT,fireball,240,night
2013,Hoffman Estates,IL,US,fireball,120,night
2013,Prague,Prague,CZ,fireball,30,astronomical dusk
2013,St. Catharines,ON,CA,fireball,45,morning
2013,Lake Dallas,TX,US,fireball,120,nautical dusk
2013,New York City,NY,US,fireball,40,astronomical dusk
2013,Belgrade,MT,US,fireball,300,NA
2013,Naples,FL,US,fireball,180,nautical dusk
2013,Springfield,OH,US,fireball,600,nautical dusk
2013,Citrus Heights,CA,US,fireball,900,astronomical dusk
2013,Las Vegas,NV,US,fireball,60,civil dusk
2013,Brantford,ON,CA,fireball,120,night
2013,Northport,NY,US,fireball,60,night
2013,Portsmouth,VA,US,fireball,180,afternoon
2013,Hamburg,PA,US,fireball,300,astronomical dusk
2013,Greenwood,IN,US,fireball,1800,nautical dusk
2013,Plano,IL,US,fireball,180,nautical dusk
2013,Slidell,LA,US,fireball,1800,night
2013,Dayton,NJ,US,fireball,4,night
2013,Portland,OR,US,fireball,120,night
2013,Buffalo,NY,US,fireball,120,morning
2013,Myrtle Beach,SC,US,fireball,7,night
2013,Rock Hill,SC,US,fireball,900,civil dusk
2013,West Sacramento,CA,US,fireball,1800,night
2012,Sarasota,FL,US,fireball,10,night
2012,Pico Rivera,CA,US,fireball,60,night
2012,Homer,AK,US,fireball,300,night
2012,San Francisco,CA,US,fireball,180,night
2012,Norfolk,VA,US,fireball,300,night
2012,Avon Lake,OH,US,fireball,420,astronomical dusk
2012,Rochester,NH,US,fireball,900,night
2012,Orlando,FL,US,fireball,600,afternoon
2012,North Platte,NE,US,fireball,30,night
2012,Commerce City,CO,US,fireball,30,night
2012,Hampton,NH,US,fireball,180,nautical dusk
2012,Avon,NC,US,fireball,6,night
2012,Hinsdale,IL,US,fireball,180,nautical dusk
2012,San Jose,CA,US,fireball,180,astronomical dusk
2012,Oakville,CT,US,fireball,180,night
2012,Niagara Falls,NY,US,fireball,300,nautical dusk
2012,London,ON,CA,fireball,300,astronomical dusk
2012,Columbus,OH,US,fireball,60,night
2012,Issaquah,WA,US,fireball,600,night
2012,Lapeer,MI,US,fireball,600,night
2012,Keansburg,NJ,US,fireball,180,night
2012,Lodi,CA,US,fireball,300,nautical dusk
2012,Lyndhurst,NJ,US,fireball,28,night
2012,Stoughton,WI,US,fireball,300,astronomical dusk
2012,Colorado Springs,CO,US,fireball,60,astronomical dusk
2012,Browning,MT,US,fireball,5,night
2012,Chesterton,IN,US,fireball,120,night
2012,Chandler,AZ,US,fireball,300,night
2012,Allyn,WA,US,fireball,180,NA
2012,Pottstown,PA,US,fireball,300,nautical dusk
2012,Derby,CT,US,fireball,180,night
2012,Lakeside,CA,US,fireball,300,astronomical dusk
2012,Johnstown,OH,US,fireball,210,night
2012,Davenport,IA,US,fireball,90,night
2012,Seattle,WA,US,fireball,42,NA
2012,Baldwin Park,CA,US,fireball,240,astronomical dusk
2012,Bartlett,IL,US,fireball,45,nautical dusk
2012,San Jose,CA,US,fireball,600,astronomical dusk
2012,Plainview,NY,US,fireball,120,night
2012,Bemidji,MN,US,fireball,900,night
2012,Burien,WA,US,fireball,120,astronomical dusk
2012,Reno,NV,US,fireball,5,nautical dusk
2012,Los Angeles,CA,US,fireball,300,night
2012,Fullerton,CA,US,fireball,300,night
2012,North Myrtle Beach,SC,US,fireball,240,night
2012,Pelion,SC,US,fireball,300,nautical dusk
2011,Morongo Valley,CA,US,fireball,1,night
2011,Shelton,CT,US,fireball,4,night
2011,Whitehall,OH,US,fireball,30,night
2011,St. Petersburg,FL,US,fireball,5,night
2011,Turner,ME,US,fireball,90,night
2011,New Bedford,MA,US,fireball,600,night
2011,Wyandotte,MI,US,fireball,300,astronomical dusk
2011,Santa Barbara,CA,US,fireball,90,nautical dusk
2011,Atlantic Beach,FL,US,fireball,300,night
2011,Baraboo,WI,US,fireball,180,night
2011,Miramichi,NB,CA,fireball,360,afternoon
2011,Cassadaga,NY,US,fireball,420,astronomical dusk
2011,Appling,GA,US,fireball,30,night
2011,Stevens Point,WI,US,fireball,120,nautical dusk
2011,Newark,NJ,US,fireball,180,night
2011,Parkland,WA,US,fireball,900,NA
2011,Grand Junction,CO,US,fireball,240,afternoon
2011,Lincoln City,OR,US,fireball,240,astronomical dusk
2011,Lake Bluff,IL,US,fireball,30,night
2011,Desert Hot Springs,CA,US,fireball,30,night
2011,Burley,ID,US,fireball,1800,night
2011,Lansing,MI,US,fireball,3,night
2011,Manhattan,IL,US,fireball,600,night
2010,Thomasville,NC,US,fireball,600,night
2010,Tucson,AZ,US,fireball,120,nautical dawn
2010,Henderson,NV,US,fireball,0,astronomical dusk
2010,Rochester,NY,US,fireball,600,night
2010,Weaverville,CA,US,fireball,86400,night
2010,Portland,OR,US,fireball,300,astronomical dusk
2010,Blue Springs,MO,US,fireball,600,astronomical dusk
2010,Cortland,NY,US,fireball,300,night
2010,Milford,NE,US,fireball,1800,nautical dusk
2010,Lombard,IL,US,fireball,86400,civil dusk
2010,Rutherford,NJ,US,fireball,30,night
2010,Houston,TX,US,fireball,420,afternoon
2010,Fond du Lac,WI,US,fireball,900,night
2010,Metairie,LA,US,fireball,180,night
2010,Fort Myers,FL,US,fireball,15,night
2009,Bloomington,IN,US,fireball,3,night
2009,Beloit,WI,US,fireball,600,night
2009,Doncaster,ENG,GB,fireball,300,night
2009,Cincinnati,OH,US,fireball,120,night
2009,Akron,OH,US,fireball,360,night
2009,Peebles,OH,US,fireball,30,astronomical dawn
2009,Winterport,ME,US,fireball,600,night
2009,Manchester,ENG,GB,fireball,180,night
2009,Birmingham,ENG,GB,fireball,300,night
2008,Reading,ENG,GB,fireball,180,night
2008,Maumelle,AR,US,fireball,180,nautical dusk
2008,Anderson,IN,US,fireball,900,night
2008,Pewee Valley,KY,US,fireball,180,morning
2008,Bloomington,MN,US,fireball,15,civil dusk
2008,Berlin,Berlin,DE,fireball,60,nautical dusk
2008,Beverly,MA,US,fireball,360,night
2008,Margate,FL,US,fireball,10,night
2008,Saint Augustine,FL,US,fireball,300,night
2008,Santa Fe,NM,US,fireball,300,nautical dusk
2008,Yuma,AZ,US,fireball,1800,astronomical dusk
2007,North Las Vegas,NV,US,fireball,4,night
2007,Middle Island,NY,US,fireball,2,night
2007,Loogootee,IN,US,fireball,300,astronomical dusk
2007,Fort Davis,TX,US,fireball,240,afternoon
2007,Hutchinson,KS,US,fireball,1200,night
2007,Lawton,OK,US,fireball,7,night
2007,Toronto,ON,CA,fireball,5,nautical dusk
2007,Frankfort,IN,US,fireball,900,nautical dusk
2007,Seattle,WA,US,fireball,30,night
2006,Dalton,GA,US,fireball,10,night
2006,Long Beach,CA,US,fireball,60,night
2006,Lakewood,CA,US,fireball,240,night
2006,Los Angeles,CA,US,fireball,8,night
2006,Columbia,MD,US,fireball,20,nautical dusk
2006,East Brunswick,NJ,US,fireball,20,night
2006,Alexandria,VA,US,fireball,2,night
2006,Castle Rock,WA,US,fireball,15,civil dawn
2005,Spokane,WA,US,fireball,15,night
2005,North Hollywood,CA,US,fireball,3,night
2005,Charlottesville,VA,US,fireball,10,night
2005,Tucson,AZ,US,fireball,15,astronomical dusk
2005,Steger,IL,US,fireball,25,night
2005,Selinsgrove,PA,US,fireball,20,night
2005,Napa,CA,US,fireball,60,night
2005,Woodward,OK,US,fireball,5,morning
2005,Los Angeles,CA,US,fireball,10,night
2004,Lancaster,OH,US,fireball,5,night
2004,Dunstable,ENG,GB,fireball,300,night
2004,Temple City,CA,US,fireball,1,astronomical dusk
2004,New York City,NY,US,fireball,1,astronomical dusk
2004,Westminster,CO,US,fireball,26,night
2004,New Port Richey,FL,US,fireball,120,afternoon
2004,Central Islip,NY,US,fireball,20,night
2004,Bolivar,MO,US,fireball,60,night
2003,North Las Vegas,NV,US,fireball,3,night
2003,Poulsbo,WA,US,fireball,10,night
2003,Swannanoa,NC,US,fireball,4,astronomical dusk
2003,Sarasota,FL,US,fireball,600,night
2003,Nacogdoches,TX,US,fireball,5,night
2003,Rotterdam,South Holland,NL,fireball,360,NA
2003,Antioch,CA,US,fireball,420,night
2003,Skudai,Johor,MY,fireball,180,afternoon
2002,Charleston,SC,US,fireball,5,night
2002,Cocoa Beach,FL,US,fireball,86400,night
2002,Honolulu,HI,US,fireball,2,night
2002,Ocean City,MD,US,fireball,86400,night
2002,Waukesha,WI,US,fireball,10,morning
2002,Lake Elsinore,CA,US,fireball,60,morning
2002,Mississauga,ON,CA,fireball,300,night
2002,Orem,UT,US,fireball,45,night
2001,Crown Point,IN,US,fireball,1200,afternoon
2001,Federal Way,WA,US,fireball,600,civil dawn
2001,Vassalboro,ME,US,fireball,300,night
2001,Fort Lauderdale,FL,US,fireball,5,night
2001,Des Moines,IA,US,fireball,10,night
2001,Meridian,TX,US,fireball,120,night
2001,Elk City,OK,US,fireball,30,night
2001,Dubois,WY,US,fireball,2,night
2000,Pine Mountain,GA,US,fireball,900,night
2000,Perry,MI,US,fireball,15,night
2000,Scottsdale,AZ,US,fireball,5,night
2000,Sedona,AZ,US,fireball,30,night
2000,Lubbock,TX,US,fireball,1800,astronomical dusk
2000,Port Washington,WI,US,fireball,60,night
2000,Sallisaw,OK,US,fireball,30,night
2000,Pima,AZ,US,fireball,300,night
2000,Murrieta,CA,US,fireball,3,night
1999,Bellflower,CA,US,fireball,120,night
1999,Lebanon,OH,US,fireball,10,night
1999,Aurora,IL,US,fireball,10,astronomical dusk
1999,Albany,NY,US,fireball,240,afternoon
1999,Wilsonville,OR,US,fireball,3,night
1999,Manasota Key,FL,US,fireball,60,night
1999,Rawlins,WY,US,fireball,2,night
1999,Oldsmar,FL,US,fireball,3,nautical dusk
1999,Wheeling,WV,US,fireball,5,night
1999,North Pole,AK,US,fireball,45,night
1999,Vancouver,WA,US,fireball,10,night
1998,Medina,OH,US,fireball,10,night
1998,Waverly,NE,US,fireball,3,night
1998,Kelowna,BC,CA,fireball,2,night
1998,Savannah,GA,US,fireball,5,night
1998,New York City,NY,US,fireball,420,night
1998,Bellevue,WA,US,fireball,10,night
1998,Perryville,MO,US,fireball,120,morning
1998,Overland Park,KS,US,fireball,3,afternoon
1998,Tacoma,WA,US,fireball,300,astronomical dusk
1997,Ocala,FL,US,fireball,10,night
1997,Las Cruces,NM,US,fireball,300,night
1996,Ann Arbor,MI,US,fireball,5,night
1995,Sion Mills,NIR,GB,fireball,1,NA
1994,Liberty,KY,US,fireball,900,night
1992,Memphis,TN,US,fireball,600,morning
1988,Melbourne,Victoria,AU,fireball,600,night
1983,Jackson,MI,US,fireball,300,astronomical dusk
1978,New Britain,CT,US,fireball,15,night
1975,Fresno,CA,US,fireball,30,morning
1973,Hampton,AR,US,fireball,30,night
1965,Rocky River,OH,US,fireball,4,civil dusk
1955,Warrington,FL,US,fireball,300,night
2021,Kennebunk,ME,US,flash,60,night
2021,Williams,OR,US,flash,1,night
2020,Riverdale,GA,US,flash,3,afternoon
2020,Mountain Home,AR,US,flash,1,night
2020,New York City,NY,US,flash,10,civil dusk
2019,Eugene,OR,US,flash,2,civil dawn
2019,Valatie,NY,US,flash,2,afternoon
2019,Logansport,IN,US,flash,60,night
2019,Port Charlotte,FL,US,flash,300,night
2019,Detroit,MI,US,flash,600,afternoon
2018,Denver,CO,US,flash,15,night
2018,Pleasant Grove,UT,US,flash,1,night
2018,Fairbanks,AK,US,flash,5,night
2017,Port Orchard,WA,US,flash,1,night
2017,Grand Junction,CO,US,flash,18000,night
2017,San Bernardino,CA,US,flash,300,night
2017,Dunedin,FL,US,flash,1,night
2017,Georgetown,SC,US,flash,1800,night
2016,Twin Falls,ID,US,flash,900,morning
2016,Paphos,Pafos,CY,flash,3,astronomical dusk
2016,Wellington,Wellington,NZ,flash,15,night
2016,Hamden,CT,US,flash,5,night
2016,Conway,SC,US,flash,2,night
2015,Corona,CA,US,flash,1,astronomical dusk
2015,Magalia,CA,US,flash,1800,civil dusk
2015,Lavallette,NJ,US,flash,4,nautical dusk
2015,Mason,MI,US,flash,1200,night
2015,Lansing,NY,US,flash,5,night
2014,Powhatan,VA,US,flash,5,night
2014,Schenectady,NY,US,flash,10,night
2014,Battle Mountain,NV,US,flash,600,morning
2014,Indian Trail,NC,US,flash,300,nautical dusk
2014,Portland,OR,US,flash,300,morning
2014,Piñon Hills,CA,US,flash,60,morning
2013,Riverdale,UT,US,flash,2,night
2013,Lyndon,VT,US,flash,60,nautical dusk
2013,Albuquerque,NM,US,flash,60,night
2013,Clarksville,AR,US,flash,1,night
2013,Acton,CA,US,flash,600,night
2013,Athens,AL,US,flash,300,night
2012,Deltona,FL,US,flash,1800,nautical dawn
2012,Villa Hills,KY,US,flash,86400,night
2012,Alpine,UT,US,flash,5,nautical dusk
2012,Seaside,OR,US,flash,3,NA
2012,Greer,SC,US,flash,180,morning
2012,Essex Junction,VT,US,flash,0,night
2011,Cedar City,UT,US,flash,360,astronomical dusk
2011,Houston,TX,US,flash,30,night
2011,Safford,AZ,US,flash,1800,night
2011,Boca Raton,FL,US,flash,600,night
2010,Glendale,AZ,US,flash,10,astronomical dusk
2010,Beijing,Beijing,CN,flash,86400,civil dusk
2009,Canon City,CO,US,flash,5400,astronomical dusk
2009,McAllen,TX,US,flash,240,night
2009,Modesto,CA,US,flash,86400,morning
2009,Arlee,MT,US,flash,1200,night
2008,Kankakee,IL,US,flash,1,night
2008,Surfside Beach,SC,US,flash,120,morning
2008,Cramerton,NC,US,flash,240,night
2007,Crete,IL,US,flash,180,night
2007,Hernando,MS,US,flash,10,night
2006,Garden City,MI,US,flash,120,civil dawn
2006,Fargo,ND,US,flash,20,astronomical dawn
2006,Palmetto,FL,US,flash,86400,night
2005,Leominster,MA,US,flash,1,night
2005,Snoqualmie,WA,US,flash,2,afternoon
2005,Redmond,WA,US,flash,180,NA
2004,Vancouver,BC,CA,flash,1,night
2004,Southern Pines,NC,US,flash,2,night
2004,Houston,TX,US,flash,1,night
2003,Thomson,GA,US,flash,5,night
2003,Ottawa,ON,CA,flash,10,afternoon
2003,Birmingham,ENG,GB,flash,7200,night
2002,Plymouth,ENG,GB,flash,10,night
2002,Barrie,ON,CA,flash,45,night
2001,Ruidoso,NM,US,flash,10,night
2000,Oostburg,WI,US,flash,43200,night
2000,New York City,NY,US,flash,3,night
1999,El Dorado Hills,CA,US,flash,10,astronomical dusk
1999,Arvada,CO,US,flash,5,night
1998,Davie,FL,US,flash,2,night
1996,Hastings,MN,US,flash,3,afternoon
1990,Honolulu,HI,US,flash,86400,afternoon
1965,Colville,WA,US,flash,30,NA
2022,Lebanon,PA,US,formation,13,nautical dawn
2022,Concrete,WA,US,formation,300,night
2022,Carlsbad,CA,US,formation,1140,night
2022,Fresno,CA,US,formation,240,afternoon
2021,Dallas,TX,US,formation,480,night
2021,Gaston,SC,US,formation,10,night
2021,Shaver Lake,CA,US,formation,300,astronomical dusk
2021,Riverdale,UT,US,formation,86400,afternoon
2021,Belgrade,MT,US,formation,180,nautical dawn
2021,Aurora,CO,US,formation,300,morning
2020,Leland,NC,US,formation,60,night
2020,Corona,CA,US,formation,120,astronomical dawn
2020,Ash,ENG,GB,formation,600,astronomical dawn
2020,Dubuque,IA,US,formation,600,afternoon
2020,Zillah,WA,US,formation,180,astronomical dawn
2020,Honolulu,HI,US,formation,60,nautical dusk
2020,San Diego,CA,US,formation,300,morning
2020,Lebanon,IN,US,formation,45,astronomical dusk
2020,Muncy,PA,US,formation,180,nautical dusk
2020,El Sobrante,CA,US,formation,1800,nautical dawn
2020,Bakersfield,CA,US,formation,1800,night
2020,Hobart,OK,US,formation,1800,night
2020,Colorado Springs,CO,US,formation,900,night
2020,Antelope,CA,US,formation,60,nautical dawn
2020,Ventura,CA,US,formation,60,astronomical dawn
2020,Many Farms,AZ,US,formation,600,astronomical dusk
2020,Shreveport,LA,US,formation,1800,nautical dusk
2019,Saskatoon,SK,CA,formation,300,night
2019,New Bern,NC,US,formation,15,night
2019,Yuma,AZ,US,formation,180,night
2019,Winnipeg,MB,CA,formation,15,night
2019,Castle Rock,CO,US,formation,300,nautical dusk
2019,Puyallup,WA,US,formation,600,astronomical dusk
2019,Duluth,MN,US,formation,120,NA
2019,Hershey,PA,US,formation,120,afternoon
2019,Portsmouth,VA,US,formation,900,nautical dusk
2019,Coral Springs,FL,US,formation,86400,night
2019,Englewood,FL,US,formation,60,morning
2018,Petaluma,CA,US,formation,3600,afternoon
2018,Guerneville,CA,US,formation,180,afternoon
2018,San Diego,CA,US,formation,1800,nautical dusk
2018,Wasilla,AK,US,formation,300,morning
2017,Castle Rock,CO,US,formation,900,night
2017,Middlesex,NC,US,formation,20,civil dusk
2017,Moose Jaw,SK,CA,formation,30,night
2017,Seattle,WA,US,formation,3000,nautical dawn
2017,Beloit,WI,US,formation,15,civil dusk
2017,Sonoma,CA,US,formation,10,night
2017,Sahuarita,AZ,US,formation,360,night
2017,Lutz,FL,US,formation,20,night
2016,Phoenix,AZ,US,formation,300,night
2016,Deer Park,NY,US,formation,10,night
2016,Niagara Falls,ON,CA,formation,300,morning
2016,Clinton,TN,US,formation,150,afternoon
2016,Bridgewater,PA,US,formation,300,nautical dusk
2016,Fayetteville,NC,US,formation,600,night
2016,San Diego,CA,US,formation,1800,afternoon
2016,Wellton,AZ,US,formation,2700,astronomical dusk
2016,Albuquerque,NM,US,formation,420,afternoon
2015,Athens,GA,US,formation,10,night
2015,San Dimas,CA,US,formation,5,night
2015,Glen Ellyn,IL,US,formation,300,astronomical dusk
2015,Port Chester,NY,US,formation,60,astronomical dusk
2015,Independence,KY,US,formation,120,night
2015,Palmyra,NJ,US,formation,5,night
2015,Kamloops,BC,CA,formation,30,nautical dusk
2015,Benicia,CA,US,formation,900,night
2015,Houston,TX,US,formation,300,night
2014,Gardner,MA,US,formation,120,night
2014,Elkhorn,WI,US,formation,1800,afternoon
2014,Matthews,NC,US,formation,600,night
2014,San Jose,CA,US,formation,1200,night
2014,Pullman,WA,US,formation,600,night
2014,Seattle,WA,US,formation,1800,afternoon
2014,Charlotte,NC,US,formation,86400,nautical dusk
2014,Redlands,CA,US,formation,300,afternoon
2014,Johnson City,TX,US,formation,10,afternoon
2014,Rock Hill,SC,US,formation,480,nautical dusk
2014,Garner,NC,US,formation,180,night
2014,Thousand Oaks,CA,US,formation,120,night
2014,Boca Raton,FL,US,formation,600,night
2014,Stockton,CA,US,formation,300,night
2013,Kewaunee,WI,US,formation,600,night
2013,Oviedo,FL,US,formation,120,civil dusk
2013,Pottstown,PA,US,formation,120,nautical dusk
2013,Lima,OH,US,formation,600,astronomical dusk
2013,Waterford,WI,US,formation,60,night
2013,Colorado Springs,CO,US,formation,300,night
2013,Santa Monica,CA,US,formation,600,night
2013,Dearborn,MI,US,formation,900,astronomical dusk
2013,Capitol heights,MD,US,formation,900,night
2013,Arlington Heights,IL,US,formation,600,night
2013,Lebanon,PA,US,formation,10,night
2013,Lewisville,TX,US,formation,300,night
2012,Abilene,TX,US,formation,360,night
2012,Chesapeake,VA,US,formation,50,night
2012,Lafayette,LA,US,formation,420,night
2012,Canoga Park,CA,US,formation,120,nautical dawn
2012,Green Bay,WI,US,formation,600,nautical dusk
2012,Sandy,UT,US,formation,60,night
2012,Miami,FL,US,formation,60,civil dusk
2012,Knoxville,TN,US,formation,300,afternoon
2012,Binghamton,NY,US,formation,8,night
2012,Saranac Lake,NY,US,formation,10,night
2011,Mayer,AZ,US,formation,30,night
2011,Murfreesboro,TN,US,formation,10,afternoon
2011,Cary,NC,US,formation,20,afternoon
2011,Terrell,TX,US,formation,120,night
2011,Leesburg,VA,US,formation,300,nautical dusk
2011,Burlington,ON,CA,formation,180,night
2011,Vancouver,WA,US,formation,20,night
2010,Cambridge,OH,US,formation,300,night
2010,Spokane Valley,WA,US,formation,10,nautical dusk
2010,Tucson,AZ,US,formation,300,night
2010,Oro Valley,AZ,US,formation,120,night
2009,Lake Forest,CA,US,formation,900,nautical dusk
2009,Mount Pleasant,SC,US,formation,30,astronomical dusk
2009,Lake Carmel,NY,US,formation,1200,nautical dawn
2009,Florissant,MO,US,formation,120,astronomical dawn
2009,Dubuque,IA,US,formation,10,night
2009,Lake George,NY,US,formation,180,morning
2008,Mesa,AZ,US,formation,2400,afternoon
2008,Baton Rouge,LA,US,formation,30,night
2008,Yuma,AZ,US,formation,600,night
2008,Belgrade,Central Serbia,RS,formation,600,astronomical dusk
2008,Crestwood,IL,US,formation,600,morning
2008,Encinal,TX,US,formation,1200,night
2007,Hershey,PA,US,formation,30,civil dusk
2007,Sedalia,MO,US,formation,15,night
2007,Sparks,NV,US,formation,600,morning
2007,Hilliard,OH,US,formation,600,astronomical dusk
2007,Hoffman Estates,IL,US,formation,60,morning
2007,Oak Hill,WV,US,formation,180,astronomical dusk
2006,Buena Park,CA,US,formation,10,morning
2006,Green Valley,AZ,US,formation,900,nautical dawn
2006,Santa Ana,CA,US,formation,1200,afternoon
2006,Beardstown,IL,US,formation,600,morning
2005,Washington,DC,US,formation,120,night
2005,Cannock,ENG,GB,formation,180,night
2005,De Soto,MO,US,formation,300,astronomical dusk
2005,Kokomo,IN,US,formation,60,night
2005,London,ENG,GB,formation,60,night
2004,Tinley Park,IL,US,formation,900,night
2004,Lincolnton,GA,US,formation,10,night
2004,Houston,TX,US,formation,1260,nautical dusk
2004,Lakeland,FL,US,formation,2700,night
2004,Yakima,WA,US,formation,900,night
2004,Albany,OR,US,formation,300,night
2003,Orlando,FL,US,formation,15,night
2003,Seattle,WA,US,formation,5,night
2003,Corbin,KY,US,formation,60,night
2003,Torquay,ENG,GB,formation,15,night
2002,Dane,WI,US,formation,120,night
2002,Hamilton,ON,CA,formation,8,night
2002,Lansdale,PA,US,formation,60,civil dusk
2002,Courtenay,BC,CA,formation,60,night
2001,Weatherford,TX,US,formation,30,night
2001,Las Vegas,NV,US,formation,300,afternoon
2001,Everett,WA,US,formation,180,morning
2001,Las Vegas,NV,US,formation,5,astronomical dusk
2001,Jerome,ID,US,formation,60,night
2000,Laughlin,NV,US,formation,60,night
2000,Prescott Valley,AZ,US,formation,600,nautical dusk
2000,Santee,CA,US,formation,60,night
1999,Birch Run,MI,US,formation,10,night
1999,Brier,WA,US,formation,30,night
1999,Portales,NM,US,formation,10,night
1998,Lewiston,ME,US,formation,43200,night
1998,Bel Air,MD,US,formation,5,night
1997,Mukilteo,WA,US,formation,120,night
1997,Issaquah,WA,US,formation,120,night
1997,Prescott,AZ,US,formation,300,night
1995,Burgess Hill,ENG,GB,formation,600,afternoon
1993,Laramie,WY,US,formation,60,morning
1989,Orem,UT,US,formation,1200,afternoon
1985,Whitney,TX,US,formation,600,night
1979,Cold Lake,AB,CA,formation,45,night
1973,Newport Beach,CA,US,formation,10,night
1959,Mexico City,Mexico City,MX,formation,60,astronomical dusk
2023,Humboldt,TN,US,light,180,morning
2023,Raleigh,NC,US,light,2100,afternoon
2023,South Lyon,MI,US,light,180,night
2023,New York City,NY,US,light,1800,night
2023,Chino Valley,AZ,US,light,1800,night
2022,Baltimore,MD,US,light,10,night
2022,Sun city,AZ,US,light,180,night
2022,Ariel,Judea and Samaria Area,IL,light,22,afternoon
2022,Georgetown,TX,US,light,180,night
2022,Brandon,MB,CA,light,600,night
2022,Manhattan,NY,US,light,600,afternoon
2022,Dover,DE,US,light,300,astronomical dusk
2022,Lawrenceburg,KY,US,light,15,morning
2022,Youngstown,NY,US,light,900,night
2022,Ipswich,ENG,GB,light,240,astronomical dusk
2022,Ewing,NJ,US,light,120,astronomical dusk
2022,Leander,TX,US,light,30,astronomical dusk
2022,Oklahoma City,OK,US,light,5,morning
2022,Hendersonville,TN,US,light,600,nautical dusk
2022,Casa Grande,AZ,US,light,4,night
2022,Baldwin,GA,US,light,2,night
2022,Winchester,VA,US,light,7,astronomical dawn
2022,Socastee,SC,US,light,120,nautical dusk
2021,Litchfield,NH,US,light,180,night
2021,Albuquerque,NM,US,light,15,night
2021,Dennis,MA,US,light,10,astronomical dawn
2021,kingston,ON,CA,light,5,night
2021,Albany,OR,US,light,300,night
2021,Manahawkin,NJ,US,light,60,morning
2021,Crystal Lake,IL,US,light,600,astronomical dusk
2021,Seattle,WA,US,light,15,NA
2021,Perry,OK,US,light,180,nautical dusk
2021,Senoia,GA,US,light,60,night
2021,Rockville,MD,US,light,120,night
2021,Everett,WA,US,light,900,civil dusk
2021,Palatine,IL,US,light,600,morning
2021,Richboro,PA,US,light,3,civil dusk
2021,Denver,CO,US,light,180,night
2021,Bremerton,WA,US,light,60,night
2021,Frisco,TX,US,light,120,nautical dusk
2021,San Diego,CA,US,light,60,night
2020,lake elsinore,CA,US,light,30,night
2020,OCEAN CITY,MD,US,light,900,astronomical dusk
2020,Richmond,VA,US,light,300,night
2020,Parkesburg,PA,US,light,2,nautical dawn
2020,Virginia beach,VA,US,light,600,astronomical dawn
2020,San Antonio,TX,US,light,15,night
2020,Cache,OK,US,light,180,astronomical dusk
2020,New York City,NY,US,light,300,astronomical dawn
2020,Cicero,NY,US,light,10,night
2020,Temecula,CA,US,light,900,night
2020,Troy,NY,US,light,120,night
2020,Huntsville,AL,US,light,30,astronomical dusk
2020,Lake Havasu City,AZ,US,light,2,nautical dawn
2020,Marysville,OH,US,light,180,night
2020,Cambridge,OH,US,light,60,night
2020,Pickering,ON,CA,light,2,night
2020,Balnarring,Victoria,AU,light,60,night
2020,Eugene,OR,US,light,180,night
2020,Waterford,NY,US,light,86400,night
2020,Moore,OK,US,light,10,nautical dusk
2020,Plano,TX,US,light,180,astronomical dusk
2020,Duluth,MN,US,light,30,civil dusk
2020,Oxford,MI,US,light,86400,night
2020,Woodstock,NY,US,light,120,nautical dawn
2020,Blairsville,GA,US,light,5,afternoon
2020,Marietta,OH,US,light,30,nautical dawn
2020,Daly City,CA,US,light,1200,afternoon
2020,Nokomis,FL,US,light,480,afternoon
2020,Roseville,MN,US,light,60,astronomical dawn
2020,Thiensville,WI,US,light,300,nautical dusk
2020,New Smyrna Beach,FL,US,light,20,astronomical dusk
2020,Iowa Park,TX,US,light,240,night
2020,South Charleston,WV,US,light,300,nautical dusk
2020,Aurora,IL,US,light,60,astronomical dusk
2020,Darlington,ENG,GB,light,1800,night
2020,Blue Springs,MO,US,light,600,astronomical dusk
2020,Park Rapids,MN,US,light,900,astronomical dusk
2020,Sandy,UT,US,light,1800,night
2020,Joplin,MO,US,light,600,nautical dusk
2020,Lodi,CA,US,light,900,nautical dawn
2020,SeaTac,WA,US,light,600,night
2020,Mayflower,AR,US,light,1800,night
2020,Ironwood,MI,US,light,600,nautical dusk
2020,Anderson,SC,US,light,1800,night
2020,Gassville,AR,US,light,120,night
2020,Redding,CA,US,light,2700,morning
2020,Phoenix,AZ,US,light,180,nautical dawn
2020,Milford,ME,US,light,5,night
2020,Richland,WA,US,light,600,astronomical dawn
2020,Minneapolis,MN,US,light,300,night
2020,Cheboygan,MI,US,light,180,astronomical dusk
2020,Madison,WI,US,light,180,night
2020,Greenfield,IN,US,light,300,astronomical dusk
2020,Pasco,WA,US,light,1500,astronomical dawn
2020,Saint Francis,ME,US,light,1800,night
2020,Grand Junction,CO,US,light,90,nautical dawn
2020,Edina,MO,US,light,15,night
2020,Stockton,CA,US,light,30,night
2020,Killeen,TX,US,light,180,civil dusk
2020,Sand Springs,OK,US,light,120,night
2020,Mesa,AZ,US,light,300,night
2020,Hawkesbury,ON,CA,light,900,night
2020,Palm Coast,FL,US,light,60,astronomical dusk
2020,Whiteriver,AZ,US,light,10,night
2020,Wesley Chapel,FL,US,light,1800,night
2019,Enumclaw,WA,US,light,30,astronomical dusk
2019,Sturgis,MI,US,light,600,night
2019,Hays,KS,US,light,600,nautical dusk
2019,Portsmouth,NH,US,light,300,night
2019,Fond Du Lac,WI,US,light,1,night
2019,Moncton,NB,CA,light,600,astronomical dawn
2019,Oceanside,CA,US,light,180,morning
2019,Arlington,WA,US,light,2400,night
2019,Brighton,CO,US,light,900,night
2019,Noble,OK,US,light,240,night
2019,Chickasha,OK,US,light,120,astronomical dusk
2019,Evansville,IN,US,light,1800,night
2019,Cape Town,Western Cape,ZA,light,1800,night
2019,Berlin,NH,US,light,600,night
2019,Kingsport,TN,US,light,15,night
2019,Los angeles,CA,US,light,4,night
2019,Denton,TX,US,light,1200,morning
2019,Fayetteville,AR,US,light,2,night
2019,Duluth,MN,US,light,600,night
2019,Maynard,MA,US,light,90,night
2019,Portland,OR,US,light,1200,morning
2019,Wellfleet,MA,US,light,86400,night
2019,Hornell,NY,US,light,1800,afternoon
2019,Marietta,GA,US,light,300,civil dawn
2019,Oshkosh,WI,US,light,60,nautical dusk
2019,Tempe,AZ,US,light,1800,night
2019,Pueblo,CO,US,light,900,astronomical dusk
2019,Spokane,WA,US,light,5,nautical dusk
2019,Ipswich,ENG,GB,light,35,NA
2019,Stevensville,MT,US,light,120,NA
2019,Lincoln Park,MI,US,light,120,night
2019,Spencer,MA,US,light,20,night
2019,Red Deer,AB,CA,light,20,night
2019,Sisseton,SD,US,light,15,astronomical dusk
2019,Kent,CT,US,light,180,night
2019,Rocky Point,NC,US,light,300,night
2019,Gibbstown,NJ,US,light,180,astronomical dusk
2019,Valparaiso,IN,US,light,900,afternoon
2019,Mesa,AZ,US,light,1500,civil dusk
2019,Worth,IL,US,light,5,afternoon
2019,Eloy,AZ,US,light,300,night
2019,Anchorage,AK,US,light,600,civil dusk
2019,Mount Juliet,TN,US,light,4,night
2019,San Luis Obispo,CA,US,light,120,night
2019,Saint James,NY,US,light,2,night
2019,Hamersville,OH,US,light,1200,night
2018,Spirit lake,ID,US,light,1500,nautical dawn
2018,Longmont,CO,US,light,30,astronomical dusk
2018,Eufaula,OK,US,light,900,night
2018,Pittsburgh,PA,US,light,20,night
2018,Fort Lauderdale,FL,US,light,1200,night
2018,Barrington,IL,US,light,180,night
2018,Desert Aire,WA,US,light,30,night
2018,Belleville,IL,US,light,20,civil dawn
2018,Houston,TX,US,light,2100,astronomical dusk
2018,Fort Walton Beach,FL,US,light,10,night
2018,Houston,TX,US,light,300,nautical dusk
2018,Brooklyn Park,MD,US,light,240,astronomical dusk
2018,Langhorne,PA,US,light,15,astronomical dusk
2018,Shepherd,TX,US,light,90,night
2018,Winchester,VA,US,light,900,civil dusk
2018,Georgetown,TX,US,light,1500,astronomical dawn
2018,Livermore,CA,US,light,300,nautical dusk
2018,Little Falls,NJ,US,light,2400,night
2018,Wasilla,AK,US,light,60,night
2018,Vancouver,WA,US,light,5,astronomical dusk
2018,North Plains,OR,US,light,2400,night
2018,Troy,KS,US,light,300,night
2018,Lake Wales,FL,US,light,3,night
2018,Grass Lake,MI,US,light,5,night
2018,Williamston,MI,US,light,120,afternoon
2017,Discovery Bay,CA,US,light,30,night
2017,Wilton,CT,US,light,1200,night
2017,Durham,NC,US,light,10,night
2017,Lumberton,TX,US,light,7200,night
2017,Homestead,FL,US,light,900,night
2017,Reno,NV,US,light,420,night
2017,Orlando,FL,US,light,300,nautical dusk
2017,Mason,OH,US,light,5400,night
2017,Billings,MT,US,light,300,astronomical dusk
2017,Broadview Heights,OH,US,light,2,night
2017,Sykesville,MD,US,light,300,civil dawn
2017,Indianapolis,IN,US,light,2400,night
2017,Vicksburg,MI,US,light,240,night
2017,Eugene,OR,US,light,300,night
2017,Brainerd,MN,US,light,5,afternoon
2017,Saint George,UT,US,light,3600,night
2017,Crystal Lake,IL,US,light,240,astronomical dusk
2017,Everett,WA,US,light,1800,astronomical dusk
2017,Oak Ridge,TN,US,light,5,astronomical dusk
2017,Prospect,PA,US,light,900,astronomical dusk
2017,Friant,CA,US,light,6,astronomical dusk
2017,Minneapolis,MN,US,light,300,night
2017,Walsenburg,CO,US,light,30,night
2017,Baltimore,MD,US,light,5400,astronomical dawn
2017,Arlington,MA,US,light,5400,night
2017,Kansas City,KS,US,light,5,astronomical dawn
2017,Clearwater,FL,US,light,20,night
2017,Sylvester,GA,US,light,30,night
2017,Clovis,CA,US,light,30,astronomical dusk
2017,Conway,AR,US,light,120,night
2017,West Palm Beach,FL,US,light,60,nautical dusk
2017,Las Vegas,NV,US,light,180,night
2017,Chicago,IL,US,light,5,night
2017,Glendale Heights,IL,US,light,600,astronomical dusk
2017,Hollister,CA,US,light,240,nautical dawn
2017,Minneapolis,MN,US,light,2,night
2017,Chardon,OH,US,light,180,night
2017,Senoia,GA,US,light,1200,night
2017,Southfield,MI,US,light,15,astronomical dawn
2016,Elkton,MD,US,light,600,night
2016,Lancaster,OH,US,light,180,night
2016,Regina,SK,CA,light,180,night
2016,D'iberville,MS,US,light,300,night
2016,Danville,KY,US,light,180,night
2016,West Palm Beach,FL,US,light,60,nautical dusk
2016,Bridgeport,CT,US,light,240,astronomical dusk
2016,Gretna,NE,US,light,420,nautical dusk
2016,San Jose,CA,US,light,60,night
2016,Ottawa,ON,CA,light,10,nautical dawn
2016,Des Moines,IA,US,light,1800,night
2016,Moss Point,MS,US,light,30,night
2016,Oswego,IL,US,light,10,night
2016,Augusta,GA,US,light,10,afternoon
2016,Rose City,MI,US,light,10,civil dusk
2016,Zeeland,MI,US,light,12,civil dusk
2016,Gila Bend,AZ,US,light,1200,civil dusk
2016,Beaverton,OR,US,light,120,afternoon
2016,Kingston,NY,US,light,1800,civil dusk
2016,Amite,LA,US,light,120,astronomical dusk
2016,Tinley Park,IL,US,light,900,nautical dusk
2016,State College,PA,US,light,60,nautical dawn
2016,Rahway,NJ,US,light,10,night
2016,Saginaw,MI,US,light,30,astronomical dusk
2016,Oklahoma City,OK,US,light,30,afternoon
2016,Lafayette,CA,US,light,120,astronomical dusk
2016,London,ENG,GB,light,900,NA
2016,Bourne,MA,US,light,30,astronomical dusk
2016,Montreal,QC,CA,light,3,NA
2016,Buckeye,AZ,US,light,1800,night
2016,Black River Falls,WI,US,light,180,astronomical dusk
2016,Douglasville,GA,US,light,480,afternoon
2016,Plainfield,IL,US,light,45,night
2016,Cleveland,TN,US,light,86400,night
2016,Folsom,CA,US,light,10,night
2016,North Hollywood,CA,US,light,300,afternoon
2016,Lincoln,NE,US,light,5,night
2016,Murray,UT,US,light,600,night
2016,Waterflow,NM,US,light,120,night
2016,Glens Falls,NY,US,light,1200,night
2016,San Diego,CA,US,light,5,morning
2016,Durham,NC,US,light,180,astronomical dusk
2016,St. Louis,MO,US,light,2,nautical dusk
2016,Mount Airy,NC,US,light,15,night
2016,Walpole Island,ON,CA,light,1800,night
2015,Cape Coral,FL,US,light,900,night
2015,Bear,DE,US,light,600,night
2015,Burlington,WI,US,light,5,night
2015,Clifton Park,NY,US,light,30,night
2015,Dundalk,MD,US,light,300,night
2015,Fort Payne,AL,US,light,1200,night
2015,Tampa,FL,US,light,60,night
2015,Hurley,NM,US,light,300,night
2015,Turlock,CA,US,light,15,astronomical dusk
2015,San Diego,CA,US,light,300,nautical dusk
2015,Cotati,CA,US,light,600,astronomical dusk
2015,Healdsburg,CA,US,light,3,afternoon
2015,Marion,IN,US,light,3,astronomical dusk
2015,Dayton,OH,US,light,300,night
2015,Tucson,AZ,US,light,60,night
2015,Mountain View,CA,US,light,10800,night
2015,Salt Lake City,UT,US,light,600,morning
2015,Tucson,AZ,US,light,180,nautical dusk
2015,Shelton,WA,US,light,25,night
2015,Revere,MA,US,light,600,morning
2015,Astoria,NY,US,light,15,night
2015,Olathe,KS,US,light,360,civil dusk
2015,Pace,FL,US,light,300,night
2015,Stonington,CT,US,light,240,night
2015,Weston,FL,US,light,240,night
2015,Chicago,IL,US,light,60,night
2015,Muskegon,MI,US,light,3,night
2015,Worcester,MA,US,light,15,astronomical dusk
2015,Fort Lauderdale,FL,US,light,120,morning
2015,Langhorne,PA,US,light,240,astronomical dusk
2015,Alden,NY,US,light,10800,night
2015,Two Hills,AB,CA,light,1800,night
2015,New Kensington,PA,US,light,300,astronomical dusk
2015,Cedar Rapids,IA,US,light,20,astronomical dusk
2015,Greenfield,MA,US,light,120,nautical dusk
2015,Miami,FL,US,light,3,night
2015,Cedar Rapids,IA,US,light,1200,astronomical dusk
2015,Douglas,AZ,US,light,86400,night
2015,Little Elm,TX,US,light,1200,afternoon
2015,Hawkinsville,GA,US,light,5,nautical dawn
2015,Parkville,MD,US,light,240,nautical dusk
2015,Wolcott,CT,US,light,10,astronomical dusk
2015,Springfield,OH,US,light,300,nautical dusk
2015,Albemarle,NC,US,light,10,afternoon
2015,Bryant,AR,US,light,2700,astronomical dawn
2015,Lake Havasu City,AZ,US,light,28,night
2015,Coeur d'Alene,ID,US,light,3,nautical dusk
2015,Ormond Beach,FL,US,light,1800,night
2015,Scottsdale,AZ,US,light,300,morning
2015,Cherry Hill,NJ,US,light,45,night
2015,Belton,SC,US,light,1200,night
2015,Duncan,AZ,US,light,4,nautical dusk
2015,Old Fort,NC,US,light,300,night
2015,Woodstock,GA,US,light,480,night
2015,Nyborg,South Denmark,DK,light,300,night
2015,Roseville,CA,US,light,180,astronomical dusk
2015,Driggs,ID,US,light,1200,night
2015,Victorville,CA,US,light,60,night
2014,Bellevue,WA,US,light,180,morning
2014,Apache Junction,AZ,US,light,1200,night
2014,Raleigh,NC,US,light,60,night
2014,Franklin,WI,US,light,240,night
2014,Myrtle Beach,SC,US,light,900,night
2014,Nacogdoches,TX,US,light,30,night
2014,Jamestown,OH,US,light,45,night
2014,McLean,IL,US,light,300,civil dawn
2014,Highland Park,IL,US,light,120,night
2014,Ames,IA,US,light,1800,night
2014,Fayetteville,NC,US,light,300,night
2014,San Anselmo,CA,US,light,3000,night
2014,Newburgh,NY,US,light,2,nautical dawn
2014,Houston,TX,US,light,30,night
2014,Lac du Flambeau,WI,US,light,25,night
2014,Morgantown,PA,US,light,3,astronomical dusk
2014,Streetsboro,OH,US,light,1800,civil dusk
2014,Spanaway,WA,US,light,15,nautical dusk
2014,San Bernardino,CA,US,light,60,night
2014,Lawrence,MA,US,light,600,astronomical dusk
2014,Albuquerque,NM,US,light,30,nautical dusk
2014,Rancho Cucamonga,CA,US,light,1800,nautical dusk
2014,Peru,NY,US,light,1200,astronomical dusk
2014,Sumter,SC,US,light,75,night
2014,Ocean Isle Beach,NC,US,light,5,night
2014,Waialua,HI,US,light,30,night
2014,Warden,WA,US,light,180,astronomical dusk
2014,North Brookfield,MA,US,light,60,night
2014,Wilson,PA,US,light,60,night
2014,Sutherlin,OR,US,light,4,night
2014,North Fairfield,OH,US,light,120,night
2014,Moncure,NC,US,light,600,nautical dusk
2014,Lake Havasu City,AZ,US,light,600,nautical dusk
2014,Cincinnati,OH,US,light,1200,nautical dusk
2014,Fallbrook,CA,US,light,300,night
2014,Hillsboro,OR,US,light,1800,NA
2014,Seattle,WA,US,light,120,NA
2014,Pecatonica,IL,US,light,20,nautical dusk
2014,Detroit,MI,US,light,600,night
2014,Ocala,FL,US,light,600,astronomical dusk
2014,Spring Hill,FL,US,light,5,nautical dusk
2014,North Topsail Beach,NC,US,light,900,astronomical dusk
2014,Long Beach,CA,US,light,300,night
2014,Omaha,NE,US,light,25,nautical dusk
2014,Jackson,NH,US,light,780,night
2014,Denver,CO,US,light,900,night
2014,Clear Lake,MN,US,light,1200,astronomical dusk
2014,Northampton,PA,US,light,600,astronomical dusk
2014,Santa Cruz,CA,US,light,120,astronomical dusk
2014,McLean,IL,US,light,600,astronomical dusk
2014,Cedar Falls,IA,US,light,180,night
2014,North Atlanta,GA,US,light,15,night
2014,Tampa,FL,US,light,600,night
2014,Tacoma,WA,US,light,360,night
2014,Hazel Green,AL,US,light,900,astronomical dusk
2014,Sumner,WA,US,light,900,nautical dusk
2014,Bowling Green,KY,US,light,15,night
2014,Pearl River,NY,US,light,7200,night
2014,Honolulu,HI,US,light,120,afternoon
2014,New Hope,MN,US,light,20,night
2014,Chico,CA,US,light,15,astronomical dusk
2014,Yuba City,CA,US,light,2700,night
2014,Madison Lake,MN,US,light,120,night
2014,Imperial,PA,US,light,86400,night
2014,Seattle,WA,US,light,60,night
2014,Appleton,WI,US,light,300,civil dusk
2014,Loganville,GA,US,light,120,night
2014,Knoxville,TN,US,light,1,night
2014,Auburn,WA,US,light,60,night
2014,Goose Creek,SC,US,light,480,night
2014,Sebastopol,CA,US,light,600,astronomical dusk
2013,Hackettstown,NJ,US,light,300,night
2013,San Jose,CA,US,light,60,astronomical dusk
2013,San Jose,CA,US,light,45,night
2013,Cartersville,GA,US,light,300,night
2013,Homosassa,FL,US,light,900,night
2013,Gainesville,FL,US,light,120,afternoon
2013,Danville,IL,US,light,2100,astronomical dusk
2013,Anacortes,WA,US,light,600,nautical dawn
2013,Boise,ID,US,light,60,civil dusk
2013,Lake Worth,FL,US,light,180,night
2013,Whittier,CA,US,light,10,astronomical dawn
2013,Londonderry,NH,US,light,600,astronomical dusk
2013,Melbourne,FL,US,light,120,night
2013,Cedarville,CA,US,light,1200,night
2013,Palm Desert,CA,US,light,300,night
2013,Seaside,OR,US,light,900,nautical dusk
2013,Ottawa,ON,CA,light,10,afternoon
2013,Daphne,AL,US,light,23,night
2013,Mattapoisett,MA,US,light,180,night
2013,East Dublin,GA,US,light,60,night
2013,Round Hill,VA,US,light,2,night
2013,Columbus,OH,US,light,60,afternoon
2013,Woodbury,CT,US,light,240,night
2013,Everett,WA,US,light,60,night
2013,Cedar Rapids,IA,US,light,180,night
2013,Jefferson,WI,US,light,300,astronomical dusk
2013,Marysville,OH,US,light,120,astronomical dusk
2013,Forks,WA,US,light,120,night
2013,Federal Way,WA,US,light,60,night
2013,Spring Lake Heights,NJ,US,light,180,night
2013,Clarkston,WA,US,light,240,civil dusk
2013,Deer Park,NY,US,light,5,astronomical dawn
2013,Rittman,OH,US,light,60,afternoon
2013,Myrtle Beach,SC,US,light,2700,nautical dusk
2013,Surfside Beach,SC,US,light,180,nautical dusk
2013,Joplin,MO,US,light,600,night
2013,Bremerton,WA,US,light,600,NA
2013,Orange,CA,US,light,180,nautical dusk
2013,Madison,WI,US,light,600,night
2013,Santa Cruz,CA,US,light,6660,nautical dusk
2013,Yorba Linda,CA,US,light,600,nautical dusk
2013,Whiting,IN,US,light,45,night
2013,Spanish Fork,UT,US,light,600,night
2013,Bellevue,WA,US,light,600,NA
2013,Cody,WY,US,light,10,night
2013,Spring Hill,FL,US,light,720,afternoon
2013,Toronto,ON,CA,light,4,night
2013,Manchester,NH,US,light,480,nautical dusk
2013,Alloway,NJ,US,light,120,night
2013,Kekaha,HI,US,light,1800,night
2013,Carney,MD,US,light,5,night
2013,Greenville,SC,US,light,120,civil dusk
2013,Charlottesville,VA,US,light,120,nautical dusk
2013,Bremerton,WA,US,light,300,astronomical dusk
2013,Milton,ON,CA,light,120,night
2013,Bakersfield,CA,US,light,300,civil dawn
2013,Newnan,GA,US,light,15,night
2013,Hagerstown,MD,US,light,3000,night
2013,Marana,AZ,US,light,300,night
2013,Canoga Park,CA,US,light,60,nautical dawn
2013,Modesto,CA,US,light,120,night
2012,Wenatchee,WA,US,light,300,astronomical dusk
2012,Friday Harbor,WA,US,light,10,night
2012,Islip,NY,US,light,10,night
2012,Berlin,NH,US,light,10,night
2012,Sarasota,FL,US,light,120,night
2012,Seffner,FL,US,light,1800,night
2012,Portland,OR,US,light,240,nautical dusk
2012,Polson,MT,US,light,240,night
2012,Cotulla,TX,US,light,60,astronomical dusk
2012,Sioux Falls,SD,US,light,5,civil dusk
2012,Waterville,ME,US,light,600,night
2012,Yakima,WA,US,light,240,night
2012,Glendale,AZ,US,light,300,night
2012,Santa Barbara,CA,US,light,900,afternoon
2012,Killeen,TX,US,light,480,civil dusk
2012,Montana City,MT,US,light,10,astronomical dusk
2012,Depew,NY,US,light,120,astronomical dusk
2012,Deer Park,WA,US,light,2,night
2012,Buffalo,NY,US,light,5,night
2012,Santa Clarita,CA,US,light,600,night
2012,Palmyra,PA,US,light,360,nautical dawn
2012,Park City,UT,US,light,300,afternoon
2012,Wickliffe,OH,US,light,180,civil dusk
2012,Ellenboro,NC,US,light,420,astronomical dusk
2012,Albany,OR,US,light,10,morning
2012,Buxton,NC,US,light,20,nautical dusk
2012,Lewistown,PA,US,light,86400,night
2012,Huntington Beach,CA,US,light,120,night
2012,Charlotte,MI,US,light,86400,night
2012,Rio Rancho,NM,US,light,15,night
2012,Redding,CA,US,light,300,astronomical dawn
2012,West Monroe,LA,US,light,120,nautical dusk
2012,Choctaw,OK,US,light,120,nautical dusk
2012,Peterborough,ON,CA,light,600,nautical dusk
2012,Show Low,AZ,US,light,1800,night
2012,Wolcott,CT,US,light,60,astronomical dusk
2012,Albuquerque,NM,US,light,180,night
2012,Burton,MI,US,light,1800,astronomical dusk
2012,Omaha,NE,US,light,86400,night
2012,Muscatine,IA,US,light,240,night
2012,Sterling Heights,MI,US,light,300,astronomical dusk
2012,Murray,UT,US,light,60,night
2012,Vienna,IL,US,light,180,night
2012,Tianjin,Tianjin,CN,light,86400,NA
2012,Cedar Rapids,IA,US,light,420,night
2012,Old Town,ME,US,light,300,astronomical dusk
2012,La Mesa,CA,US,light,180,nautical dusk
2012,Martinsburg,WV,US,light,600,night
2012,Avon,OH,US,light,5,astronomical dawn
2012,Gonzales,LA,US,light,420,night
2012,Albuquerque,NM,US,light,60,night
2012,Las Vegas,NV,US,light,600,night
2012,Naples,FL,US,light,300,night
2012,Patchogue,NY,US,light,120,night
2012,Arlington,TX,US,light,10,night
2012,Manchester,NH,US,light,120,night
2012,Fort Morgan,CO,US,light,3,night
2012,Lovingston,VA,US,light,5,night
2012,Burlington,VT,US,light,120,night
2011,Morrisville,NC,US,light,60,night
2011,Hobe Sound,FL,US,light,86400,night
2011,Honolulu,HI,US,light,4680,nautical dusk
2011,Greenville,NC,US,light,8,night
2011,Kernersville,NC,US,light,300,astronomical dusk
2011,San Bernardino,CA,US,light,300,night
2011,Harrisburg,PA,US,light,5,astronomical dusk
2011,Ronkonkoma,NY,US,light,45,night
2011,Oxford,OH,US,light,7200,night
2011,Chesapeake,VA,US,light,900,night
2011,Cedar City,UT,US,light,8,afternoon
2011,Palatine,IL,US,light,90,night
2011,Lakin,KS,US,light,600,astronomical dusk
2011,Ecorse,MI,US,light,1200,afternoon
2011,Corvallis,OR,US,light,60,night
2011,Adelanto,CA,US,light,60,night
2011,Spokane,WA,US,light,60,astronomical dusk
2011,Sarnia,ON,CA,light,840,night
2011,Oakdale,CA,US,light,15,night
2011,Temecula,CA,US,light,300,afternoon
2011,Long Beach,CA,US,light,360,night
2011,Toledo,OH,US,light,180,astronomical dusk
2011,Fort Pierce,FL,US,light,300,morning
2011,Mount Vernon,IL,US,light,15,astronomical dusk
2011,Hillsboro,OR,US,light,480,NA
2011,Waterloo,IA,US,light,60,night
2011,Winston-Salem,NC,US,light,120,nautical dusk
2011,North Babylon,NY,US,light,900,night
2011,Eugene,OR,US,light,30,night
2011,Yakima,WA,US,light,6,NA
2011,York,SC,US,light,6,night
2011,Nice,CA,US,light,900,night
2011,Yakima,WA,US,light,180,night
2011,Running Springs,CA,US,light,10,civil dusk
2011,Orange,CA,US,light,300,nautical dawn
2011,Lafayette,CO,US,light,2700,nautical dusk
2011,Barrie,ON,CA,light,180,astronomical dusk
2011,Redding,CA,US,light,1200,night
2011,Cape May,NJ,US,light,5,night
2011,American Fork,UT,US,light,360,night
2011,Pearl,MS,US,light,600,night
2010,Tucson,AZ,US,light,120,night
2010,Lincoln,ENG,GB,light,2,nautical dusk
2010,Myrtle Beach,SC,US,light,86400,night
2010,Loudon,TN,US,light,900,night
2010,Woolwich,ME,US,light,300,night
2010,Eureka,CA,US,light,300,morning
2010,Santa Ana,CA,US,light,120,night
2010,Appleton,WI,US,light,120,morning
2010,Ciudad Ojeda,Zulia,VE,light,86400,night
2010,Okeechobee,FL,US,light,2700,night
2010,Lebanon,OH,US,light,60,civil dawn
2010,New York City,NY,US,light,180,night
2010,Atlantic City,NJ,US,light,1200,nautical dawn
2010,Hialeah,FL,US,light,60,astronomical dusk
2010,Marshall,AR,US,light,1800,night
2010,Clarksdale,MS,US,light,2700,night
2010,Toronto,ON,CA,light,8,night
2010,Sicklerville,NJ,US,light,86400,astronomical dusk
2010,Kalamazoo,MI,US,light,120,night
2010,Gadsden,AL,US,light,4,night
2010,Goochland,VA,US,light,7,nautical dusk
2010,Bernie,MO,US,light,180,civil dusk
2010,Sioux City,IA,US,light,15,night
2010,Tumwater,WA,US,light,240,NA
2010,Riverside,CA,US,light,120,astronomical dusk
2010,Louisville,KY,US,light,5,night
2010,Orlando,FL,US,light,600,night
2010,Boise,ID,US,light,60,astronomical dusk
2010,State College,PA,US,light,300,astronomical dusk
2010,Sunrise,FL,US,light,2400,night
2010,Howell,MI,US,light,120,night
2010,Florence,NJ,US,light,10,morning
2010,Yakima,WA,US,light,15,night
2010,London,ENG,GB,light,120,night
2010,Clayton,NC,US,light,3,night
2010,Francis Creek,WI,US,light,86400,astronomical dusk
2010,Jackson,WI,US,light,10,night
2009,Walnut Springs,TX,US,light,120,night
2009,Napa,CA,US,light,300,night
2009,Pleasantville,NJ,US,light,240,night
2009,Beverly Hills,MI,US,light,120,night
2009,Santa Rosa,CA,US,light,1200,night
2009,Reno,NV,US,light,20,night
2009,Gary,IN,US,light,2700,night
2009,Mineola,TX,US,light,45,nautical dusk
2009,Modesto,CA,US,light,300,night
2009,Greenfield,MA,US,light,30,astronomical dusk
2009,Huntington Beach,CA,US,light,60,night
2009,Columbia,MO,US,light,120,night
2009,Los Angeles,CA,US,light,30,nautical dusk
2009,Healdsburg,CA,US,light,120,morning
2009,Carmichael,CA,US,light,35,night
2009,Sherwood Park,AB,CA,light,1800,night
2009,Spokane Valley,WA,US,light,120,astronomical dusk
2009,Centralia,WA,US,light,10,astronomical dusk
2009,Algona,IA,US,light,120,night
2009,Reno,NV,US,light,30,night
2009,Oakwood,TX,US,light,30,morning
2009,North Ogden,UT,US,light,60,astronomical dusk
2009,Sacramento,CA,US,light,40,astronomical dusk
2009,Clarksville,TN,US,light,600,civil dusk
2009,Manhattan,KS,US,light,900,astronomical dusk
2009,Cooperstown,NY,US,light,10,night
2009,Tempe,AZ,US,light,900,afternoon
2009,Sharon,PA,US,light,90,morning
2009,Santa Barbara,CA,US,light,20,astronomical dusk
2009,Lindstrom,MN,US,light,300,night
2009,Hemet,CA,US,light,30,night
2009,Saint Augustine,FL,US,light,300,civil dusk
2009,Butler,MO,US,light,600,afternoon
2009,New York City,NY,US,light,1200,nautical dusk
2009,Livonia,MI,US,light,180,nautical dawn
2009,Bedford,ENG,GB,light,240,nautical dusk
2009,Ozona,TX,US,light,86400,night
2009,Eastland,TX,US,light,900,night
2009,Auckland,Auckland,NZ,light,20,night
2009,Kelowna,BC,CA,light,180,night
2009,Rancho Cucamonga,CA,US,light,1380,morning
2008,Littlehampton,ENG,GB,light,180,astronomical dusk
2008,Las Vegas,NV,US,light,25,night
2008,Pine City,MN,US,light,10,civil dawn
2008,Carmichael,CA,US,light,2,night
2008,Morongo Valley,CA,US,light,600,night
2008,Marysville,CA,US,light,21600,morning
2008,Greenwood,IN,US,light,30,night
2008,Rancho Santa Margarita,CA,US,light,86400,night
2008,McKinney,TX,US,light,42,astronomical dusk
2008,Healdton,OK,US,light,25,astronomical dusk
2008,South Padre Island,TX,US,light,600,night
2008,Pomona,NY,US,light,30,night
2008,Anthem,AZ,US,light,30,night
2008,Naples,FL,US,light,240,night
2008,Hancock,NY,US,light,60,night
2008,Schenectady,NY,US,light,30,afternoon
2008,Sterling Heights,MI,US,light,0,night
2008,Kuttawa,KY,US,light,180,nautical dusk
2008,Green Island,NY,US,light,1,morning
2008,Eugene,OR,US,light,15,astronomical dusk
2008,Franklin,NJ,US,light,180,night
2008,Elko,NV,US,light,60,afternoon
2008,Oxnard,CA,US,light,600,night
2008,Newburgh,IN,US,light,300,astronomical dusk
2008,Madison,WI,US,light,2700,astronomical dusk
2008,Bremerton,WA,US,light,30,night
2008,Metairie,LA,US,light,10,night
2008,Saint Augustine,FL,US,light,300,astronomical dusk
2008,Bessemer,AL,US,light,300,night
2008,Durand,MI,US,light,2700,night
2008,Orlando,FL,US,light,30,night
2008,Seattle,WA,US,light,600,night
2008,Penn Valley,CA,US,light,180,night
2008,Los Angeles,CA,US,light,1200,morning
2008,Shepherdstown,WV,US,light,2700,astronomical dawn
2008,Racine,WI,US,light,180,astronomical dusk
2008,Cameron,MO,US,light,45,night
2008,McKinney,TX,US,light,300,civil dusk
2007,Raleigh,NC,US,light,180,night
2007,Robinson,TX,US,light,86400,night
2007,Winnemucca,NV,US,light,600,morning
2007,Royal Palm Beach,FL,US,light,10,nautical dusk
2007,Smyrna,DE,US,light,5,night
2007,Monterey,CA,US,light,120,night
2007,Mooresville,NC,US,light,300,night
2007,Columbus,GA,US,light,900,night
2007,Bethlehem,NH,US,light,90,night
2007,Glen Lyon,PA,US,light,1800,night
2007,Marsing,ID,US,light,1500,nautical dusk
2007,Sacramento,CA,US,light,90,astronomical dusk
2007,Sunderland,ENG,GB,light,60,night
2007,Medina,MN,US,light,120,astronomical dusk
2007,Brighton,MI,US,light,900,night
2007,Columbia,MO,US,light,120,astronomical dusk
2007,Garden City,MO,US,light,10,night
2007,Grand Rapids,MI,US,light,10,night
2007,Concord,ON,CA,light,120,astronomical dusk
2007,Tucson,AZ,US,light,300,nautical dusk
2007,Commerce,GA,US,light,300,astronomical dawn
2007,Santa Ana,CA,US,light,900,nautical dusk
2007,Tualatin,OR,US,light,2700,night
2007,Reno,NV,US,light,60,astronomical dusk
2007,Bakersfield,CA,US,light,2400,night
2007,Clearlake,CA,US,light,120,morning
2007,Newberg,OR,US,light,3,night
2007,Salem,MO,US,light,600,night
2007,Nevada,MO,US,light,1200,night
2007,Topeka,KS,US,light,86400,nautical dawn
2007,Boynton Beach,FL,US,light,5,night
2007,Greenville,SC,US,light,10,night
2007,Dunnellon,FL,US,light,120,morning
2007,Seattle,WA,US,light,2400,night
2006,Maricopa,AZ,US,light,600,night
2006,Visalia,CA,US,light,300,night
2006,Dacula,GA,US,light,10,night
2006,Saint Bonifacius,MN,US,light,180,afternoon
2006,Vancleave,MS,US,light,7200,night
2006,Pittsfield,ME,US,light,30,night
2006,Enid,OK,US,light,60,night
2006,Silverthorne,CO,US,light,10,night
2006,San Francisco,CA,US,light,60,night
2006,Livingston,TN,US,light,120,afternoon
2006,Freehold,NJ,US,light,300,nautical dusk
2006,San Diego,CA,US,light,0,astronomical dusk
2006,International Falls,MN,US,light,180,astronomical dawn
2006,Tehran,Tehran,IR,light,5,night
2006,Camborne,ENG,GB,light,720,astronomical dusk
2006,Decatur,MI,US,light,1200,night
2006,Kirkland,WA,US,light,60,NA
2006,Simi Valley,CA,US,light,300,night
2006,Miami,FL,US,light,180,nautical dusk
2006,Ajax,ON,CA,light,180,night
2006,Slater,MO,US,light,120,night
2006,Westminster,CO,US,light,10,morning
2006,Lenexa,KS,US,light,5,night
2006,Egg Harbor City,NJ,US,light,600,astronomical dusk
2006,Middletown,PA,US,light,900,civil dusk
2006,Abilene,TX,US,light,300,night
2006,San Francisco,CA,US,light,900,night
2005,Aurora,NY,US,light,2400,night
2005,Orlando,FL,US,light,120,civil dawn
2005,Hilo,HI,US,light,240,night
2005,Enterprise,AL,US,light,10,astronomical dawn
2005,Springfield,IL,US,light,2700,night
2005,Chesterfield,MO,US,light,10,astronomical dusk
2005,Orlando,FL,US,light,8,nautical dawn
2005,Mobile,AL,US,light,1800,astronomical dusk
2005,Oklahoma City,OK,US,light,2700,night
2005,Palos Heights,IL,US,light,300,night
2005,Grantville,GA,US,light,180,night
2005,Lake Geneva,WI,US,light,600,night
2005,West Des Moines,IA,US,light,3,night
2005,Tilton,NH,US,light,300,night
2005,Renton,WA,US,light,600,afternoon
2005,Plano,TX,US,light,2700,nautical dusk
2005,Sydney,New South Wales,AU,light,20,morning
2005,Madrid,Madrid,ES,light,60,afternoon
2005,Chandler,AZ,US,light,10,nautical dusk
2005,Laurel,MD,US,light,86400,night
2005,Zakynthos,Ionian Islands,GR,light,60,NA
2005,Phoenix,AZ,US,light,900,night
2005,Eagle Butte,SD,US,light,4,nautical dusk
2005,Hounslow,ENG,GB,light,900,afternoon
2005,Miami,FL,US,light,600,civil dusk
2005,Phoenix,AZ,US,light,8,night
2005,Plover,WI,US,light,30,morning
2005,Portland,OR,US,light,180,nautical dusk
2005,Seeley Lake,MT,US,light,1800,night
2005,Baltimore,MD,US,light,1200,night
2005,Piedmont,SC,US,light,20,afternoon
2005,Chico,CA,US,light,600,night
2004,Quebec,QC,CA,light,300,astronomical dawn
2004,Peebles,OH,US,light,90,night
2004,Sacramento,CA,US,light,30,night
2004,Sioux Falls,SD,US,light,300,afternoon
2004,Woodbridge,VA,US,light,1200,night
2004,Tinley Park,IL,US,light,900,night
2004,Avon,NC,US,light,4,night
2004,Searcy,AR,US,light,600,night
2004,San Diego,CA,US,light,5,astronomical dusk
2004,Fresno,CA,US,light,4,night
2004,Hartville,MO,US,light,2700,night
2004,Sunnyside,WA,US,light,1200,astronomical dusk
2004,Tacoma,WA,US,light,900,nautical dusk
2004,Haltom City,TX,US,light,180,astronomical dusk
2004,Tinley Park,IL,US,light,900,night
2004,Penticton,BC,CA,light,5,night
2004,Shelton,WA,US,light,5,night
2004,Omaha,NE,US,light,3,night
2004,Richmond,BC,CA,light,120,astronomical dusk
2004,Junction,TX,US,light,120,astronomical dusk
2004,Sicamous,BC,CA,light,900,NA
2004,Webster,NY,US,light,600,nautical dusk
2004,Boulder,CO,US,light,240,afternoon
2004,Victorville,CA,US,light,300,night
2004,Breckenridge,CO,US,light,20,morning
2004,Douglas,SCT,GB,light,1800,NA
2004,Keeseville,NY,US,light,16,nautical dusk
2004,Princeton,IN,US,light,20,astronomical dusk
2004,Columbia Falls,MT,US,light,240,NA
2004,Renton,WA,US,light,15,astronomical dusk
2004,Fairbanks,AK,US,light,1200,night
2004,Tucson,AZ,US,light,15,nautical dusk
2004,Egham,ENG,GB,light,300,night
2004,Downers Grove,IL,US,light,30,civil dusk
2004,Riverside,CA,US,light,600,night
2003,Northglenn,CO,US,light,600,nautical dusk
2003,Houston,TX,US,light,600,astronomical dusk
2003,Auberry,CA,US,light,3,night
2003,Lewiston,ID,US,light,1200,night
2003,New York City,NY,US,light,30,afternoon
2003,Quesnel,BC,CA,light,4,nautical dusk
2003,Pueblo,CO,US,light,20,night
2003,Delaware,OH,US,light,3,night
2003,Marlette,MI,US,light,3,night
2003,Charlotte,NC,US,light,300,morning
2003,Corbin,KY,US,light,9,night
2003,Rogersville,TN,US,light,2700,astronomical dawn
2003,Los Angeles,CA,US,light,600,night
2003,Fort Smith,AR,US,light,20,astronomical dusk
2003,Cochrane,AB,CA,light,2700,night
2003,Flamatt,Fribourg,CH,light,4,astronomical dusk
2003,Houston,BC,CA,light,3,night
2003,Shelton,WA,US,light,120,astronomical dusk
2003,Thunder Bay,ON,CA,light,60,morning
2003,Jacksonville,FL,US,light,600,night
2003,Cascais,Lisbon,PT,light,240,astronomical dusk
2003,Wilmington,NC,US,light,60,nautical dusk
2003,Ipswich,ENG,GB,light,30,astronomical dusk
2003,Madisonville,KY,US,light,5400,astronomical dusk
2003,New York City,NY,US,light,120,night
2003,Lafayette,IN,US,light,1800,astronomical dusk
2003,Sackville,NB,CA,light,15,night
2003,Greater Sudbury,ON,CA,light,60,night
2003,Albany,OR,US,light,300,night
2003,Portland,OR,US,light,120,night
2002,Susanville,CA,US,light,180,night
2002,Flagstaff,AZ,US,light,180,night
2002,Dallas,TX,US,light,1800,night
2002,Medford,OR,US,light,300,nautical dusk
2002,New York City,NY,US,light,300,night
2002,Ontario,CA,US,light,1800,night
2002,Davenport,IA,US,light,20,afternoon
2002,Fort Morgan,CO,US,light,10,civil dawn
2002,Seattle,WA,US,light,10,night
2002,Ahwahnee,CA,US,light,240,astronomical dusk
2002,Philadelphia,PA,US,light,120,astronomical dusk
2002,Franklin,PA,US,light,60,night
2002,North Port,FL,US,light,60,night
2002,Rochester,NY,US,light,20,night
2002,Banks,OR,US,light,600,NA
2002,Vancouver,BC,CA,light,120,morning
2002,Albury,New South Wales,AU,light,300,nautical dusk
2002,Virginia Beach,VA,US,light,120,civil dusk
2002,Farmersville,CA,US,light,15,nautical dusk
2002,Boston,MA,US,light,120,night
2002,Leipsic,OH,US,light,300,night
2002,Mansfield,ENG,GB,light,30,night
2002,Prince Frederick,MD,US,light,3,nautical dusk
2001,Burbank,CA,US,light,86400,night
2001,Oakland,CA,US,light,5,night
2001,Copenhagen,Capital Region,DK,light,7,night
2001,Klamath Falls,OR,US,light,300,night
2001,Denver,CO,US,light,86400,night
2001,Blackshear,GA,US,light,900,afternoon
2001,Guntersville,AL,US,light,900,night
2001,Scottsdale,AZ,US,light,300,night
2001,Prescott,AZ,US,light,180,night
2001,Los Alamos,NM,US,light,15,night
2001,Huntington,UT,US,light,120,night
2001,Columbus,OH,US,light,5,afternoon
2001,Helena,MT,US,light,300,NA
2001,Spearfish,SD,US,light,2700,night
2001,Laval,QC,CA,light,120,NA
2001,Wrexham,WLS,GB,light,360,NA
2001,Fort Worth,TX,US,light,20,nautical dusk
2001,Albuquerque,NM,US,light,180,night
2001,Vestal,NY,US,light,10,night
2001,Rockford,IL,US,light,120,night
2001,Mnichovo Hradiste,Central Bohemia,CZ,light,86400,night
2001,Deland,FL,US,light,600,night
2001,Laurens,SC,US,light,1800,night
2001,Kent,WA,US,light,86400,night
2001,Payette,ID,US,light,2700,astronomical dawn
2000,Santa Paula,CA,US,light,30,morning
2000,Marshfield,WI,US,light,45,afternoon
2000,Warrior,AL,US,light,120,astronomical dawn
2000,Pottstown,PA,US,light,86400,night
2000,Elverta,CA,US,light,18000,night
2000,Cullman,AL,US,light,86400,afternoon
2000,Bouse,AZ,US,light,600,night
2000,Gilbert,AZ,US,light,420,astronomical dusk
2000,Bellingham,WA,US,light,10,nautical dusk
2000,La Crosse,WI,US,light,8,night
2000,Sherman,NY,US,light,60,night
2000,Tacoma,WA,US,light,900,NA
2000,Apache Junction,AZ,US,light,360,night
2000,Ravenna,MI,US,light,6,nautical dusk
2000,Pittsburg,TX,US,light,300,night
2000,Melbourne,Victoria,AU,light,300,night
2000,Bouse,AZ,US,light,10,night
2000,Portland,ME,US,light,30,nautical dusk
2000,West Memphis,AR,US,light,10,night
2000,Pembroke Pines,FL,US,light,45,night
2000,Tustin,CA,US,light,15,night
1999,Clinton,IN,US,light,420,night
1999,St. Petersburg,FL,US,light,5,night
1999,Ashland,KY,US,light,30,night
1999,Almont,MI,US,light,600,nautical dusk
1999,Newbern,TN,US,light,120,astronomical dusk
1999,Nellis Air Force Base,NV,US,light,180,civil dusk
1999,Charlotte,NC,US,light,60,night
1999,Santa Clara,CA,US,light,10,night
1999,Spokane,WA,US,light,600,night
1999,Madison,WI,US,light,80,night
1999,Rochester Hills,MI,US,light,30,nautical dawn
1999,Pine Ridge,SD,US,light,20,nautical dusk
1999,Ridgewood,NJ,US,light,900,afternoon
1999,Somerville,NJ,US,light,15,night
1999,Bloomington,IN,US,light,15,night
1999,Manchester,ENG,GB,light,60,NA
1999,Golden Valley,AZ,US,light,180,nautical dusk
1999,South Pasadena,CA,US,light,5,civil dawn
1998,Hodgkins,IL,US,light,300,night
1998,Chagrin Falls,OH,US,light,10,night
1998,Windsor,VA,US,light,40,night
1998,Vancouver,WA,US,light,5,morning
1998,Tucson,AZ,US,light,4,night
1998,Pontiac,MI,US,light,60,night
1998,Fort Smith,AR,US,light,600,night
1998,Moundsville,WV,US,light,120,astronomical dusk
1998,Victoria,BC,CA,light,60,afternoon
1998,Melbourne,FL,US,light,10,night
1998,Greensboro,NC,US,light,600,night
1998,Holland,MI,US,light,10,night
1997,Reno,NV,US,light,1800,civil dusk
1997,Dallas,TX,US,light,300,morning
1997,Newberg,OR,US,light,300,nautical dusk
1997,Arlington,WA,US,light,120,astronomical dawn
1997,Millstadt,IL,US,light,5,nautical dusk
1997,Chesterfield,MO,US,light,2,nautical dusk
1997,Alamosa,CO,US,light,300,nautical dusk
1997,College Station,TX,US,light,1200,morning
1997,Hawthorne,CA,US,light,2,morning
1997,Libby,MT,US,light,90,astronomical dusk
1996,Seward,AK,US,light,30,night
1996,Las Vegas,NV,US,light,86400,afternoon
1996,Lexington,VA,US,light,5,night
1996,Sacramento,CA,US,light,300,night
1996,Big Stone Gap,VA,US,light,240,astronomical dusk
1995,Owosso,MI,US,light,5,night
1995,Pahrump,NV,US,light,720,morning
1995,Pine Bluff,AR,US,light,15,night
1995,Geneva,NY,US,light,2700,afternoon
1994,Kannapolis,NC,US,light,20,morning
1994,Grosse Pointe,MI,US,light,5,night
1993,Richlands,VA,US,light,300,civil dusk
1992,Chisinau,Chisinau Municipality,MD,light,900,astronomical dusk
1992,Grants Pass,OR,US,light,600,night
1991,Mahopac,NY,US,light,300,nautical dusk
1990,North Miami Beach,FL,US,light,600,night
1989,Calgary,AB,CA,light,10,nautical dusk
1988,Davis,OK,US,light,600,night
1987,Asheville,NC,US,light,120,nautical dusk
1986,Santiago,Santiago Metropolitan,CL,light,30,nautical dusk
1985,Harrisburg,NC,US,light,12,NA
1983,Sydney,New South Wales,AU,light,15,night
1982,Terre Haute,IN,US,light,60,night
1980,Lampasas,TX,US,light,10,night
1980,Gladstone,MI,US,light,180,morning
1979,Houghton Lake,MI,US,light,1500,night
1978,Leavenworth,KS,US,light,180,astronomical dusk
1978,Elsberry,MO,US,light,1200,afternoon
1977,Kemah,TX,US,light,15,night
1976,Anoka,MN,US,light,300,NA
1975,Albion,NY,US,light,86400,night
1975,Albany,NY,US,light,600,astronomical dusk
1974,New Paltz,NY,US,light,3,nautical dusk
1972,Convoy,OH,US,light,480,afternoon
1971,Manchester,CT,US,light,300,nautical dusk
1970,Candia,NH,US,light,60,night
1968,Locust Fork,AL,US,light,180,night
1967,Poteau,OK,US,light,900,astronomical dusk
1966,Jarrettsville,MD,US,light,1800,afternoon
1965,Rustburg,VA,US,light,180,civil dusk
1963,Laguna Beach,CA,US,light,300,civil dusk
1959,Long Beach,CA,US,light,45,night
1955,Rhinebeck,NY,US,light,2400,night
1999,New York City,NY,US,light,90,nautical dawn
2023,Purcellville,VA,US,orb,1200,night
2023,Tijeras,NM,US,orb,43200,astronomical dusk
2023,Sunrise,FL,US,orb,900,night
2022,Miami,FL,US,orb,60,night
2022,Monmouth,OR,US,orb,300,afternoon
2022,Philadelphia,PA,US,orb,300,nautical dusk
2022,Roseville,CA,US,orb,7200,astronomical dawn
2022,Gulf Shores,AL,US,orb,10,night
2021,Portland,OR,US,orb,3600,night
2021,Boulder,CO,US,orb,120,civil dusk
2021,Shreveport,LA,US,orb,60,night
2021,Wenatchee,WA,US,orb,5,night
2021,DARIEN,CT,US,orb,180,astronomical dusk
2020,Framingham,MA,US,orb,240,night
2020,Kingman,AZ,US,orb,5,night
2020,Mooresville,IN,US,orb,1800,night
2020,Smithfield,RI,US,orb,60,astronomical dusk
2020,New Florence,PA,US,orb,180,astronomical dusk
2020,Amelia,OH,US,orb,900,night
2020,Oswego,IL,US,orb,180,astronomical dusk
2020,Citrus Heights,CA,US,orb,120,afternoon
2020,Columbus,OH,US,orb,120,nautical dusk
2020,Rochester,NH,US,orb,600,astronomical dawn
2020,Grand Terrace,CA,US,orb,15,astronomical dusk
2020,Austin,TX,US,orb,2700,nautical dawn
2019,Oakdale,NY,US,orb,1200,night
2019,Kingston,NY,US,orb,86400,night
2019,Forest Park,IL,US,orb,240,nautical dusk
2019,Chesapeake,VA,US,orb,5,astronomical dawn
2019,Murfreesboro,TN,US,orb,2,night
2019,Liverpool,ENG,GB,orb,15,morning
2019,Corpus Christi,TX,US,orb,60,night
2019,Spruce Grove,AB,CA,orb,60,night
2018,Kaufman,TX,US,orb,300,afternoon
2018,Moberly,MO,US,orb,86400,morning
2018,Ocala,FL,US,orb,600,nautical dusk
2018,Mesa,AZ,US,orb,1800,nautical dusk
2018,Cherry Valley,IL,US,orb,1800,night
2018,Brandon,FL,US,orb,67,night
2017,Agoura Hills,CA,US,orb,300,nautical dusk
2017,Bournemouth,ENG,GB,orb,70,afternoon
2017,Franklin,NC,US,orb,5,night
2017,Corona,CA,US,orb,20,night
2017,Broomfield,CO,US,orb,900,night
2017,Littleton,CO,US,orb,240,night
2017,Auburn,WA,US,orb,600,NA
2017,Gallup,NM,US,orb,300,civil dusk
2017,Surfside Beach,SC,US,orb,30,night
2017,Shiprock,NM,US,orb,60,afternoon
2017,Merced,CA,US,orb,15,night
2017,Fulton,NY,US,orb,180,afternoon
2016,Aiken,SC,US,orb,3,night
2016,Fresno,CA,US,orb,86400,night
2016,Pickerington,OH,US,orb,600,night
2016,Indianapolis,IN,US,orb,60,night
2016,Springfield,MO,US,orb,1800,night
2016,Oak Creek,WI,US,orb,300,night
2016,Missoula,MT,US,orb,300,astronomical dusk
2016,New Bedford,MA,US,orb,900,civil dusk
2016,Indio,CA,US,orb,180,nautical dusk
2016,Myrtle Beach,SC,US,orb,10,astronomical dusk
2016,Albuquerque,NM,US,orb,120,morning
2016,Forest Hill,LA,US,orb,900,night
2016,Burbank,CA,US,orb,540,night
2015,Edgewood,NM,US,orb,3,nautical dusk
2015,Chippewa Falls,WI,US,orb,180,night
2015,Yonkers,NY,US,orb,30,astronomical dusk
2015,Louisville,KY,US,orb,120,astronomical dusk
2015,Eugene,OR,US,orb,86400,astronomical dawn
2015,Faribault,MN,US,orb,600,night
2015,Grove City,OH,US,orb,300,astronomical dusk
2015,Novi,MI,US,orb,2700,astronomical dusk
2015,Spring Lake,NJ,US,orb,20,night
2015,New Kensington,PA,US,orb,120,nautical dusk
2015,Niagara Falls,NY,US,orb,20,night
2015,Villas,NJ,US,orb,10,night
2015,Sacramento,CA,US,orb,60,afternoon
2015,Somersworth,NH,US,orb,120,nautical dawn
2014,Dubuque,IA,US,orb,120,night
2014,Gurnee,IL,US,orb,300,night
2014,Duxbury,MA,US,orb,900,night
2014,Marion,IA,US,orb,300,night
2014,Pine Mountain Club,CA,US,orb,30,night
2014,Vail,CO,US,orb,5400,civil dawn
2014,Cumberland,MD,US,orb,300,night
2014,North Myrtle Beach,SC,US,orb,10,night
2014,Tavernier,FL,US,orb,120,astronomical dusk
2014,Brownsville,PA,US,orb,720,afternoon
2014,Chillicothe,OH,US,orb,300,astronomical dusk
2014,El Cajon,CA,US,orb,300,night
2014,Connellsville,PA,US,orb,240,nautical dusk
2014,Portsmouth,VA,US,orb,60,afternoon
2014,Gardendale,AL,US,orb,420,astronomical dawn
2014,Kalispell,MT,US,orb,5,night
2014,Santee,CA,US,orb,15,morning
2014,Greenville,SC,US,orb,120,night
2014,Sacramento,CA,US,orb,120,night
2014,Parker,AZ,US,orb,180,astronomical dusk
2014,Phoenix,AZ,US,orb,300,night
2014,Louisville,KY,US,orb,45,night
2013,Auckland,Auckland,NZ,orb,720,nautical dusk
2013,Nampa,ID,US,orb,60,astronomical dusk
2013,Longmont,CO,US,orb,10,night
2013,Houston,TX,US,orb,5,afternoon
2013,Hudson,NH,US,orb,5,night
2013,West Valley City,UT,US,orb,90,night
2013,Canby,OR,US,orb,300,night
2013,Silverdale,WA,US,orb,1800,nautical dusk
2013,New York City,NY,US,orb,600,afternoon
2013,Woodbridge,VA,US,orb,120,morning
2013,Bossier City,LA,US,orb,900,astronomical dusk
2013,Bellingham,WA,US,orb,600,NA
2013,Hacienda Heights,CA,US,orb,120,civil dusk
2013,Conshohocken,PA,US,orb,10,morning
2013,Surprise,AZ,US,orb,600,civil dusk
2013,Crown Point,IN,US,orb,120,nautical dusk
2013,San Mateo,CA,US,orb,60,night
2013,Addison,IL,US,orb,30,nautical dusk
2013,Baton Rouge,LA,US,orb,30,night
2012,Milford,DE,US,orb,1200,night
2012,Medical Lake,WA,US,orb,1800,night
2012,Santa Cruz,CA,US,orb,300,astronomical dusk
2012,Tarentum,PA,US,orb,600,night
2012,Limon,CO,US,orb,120,night
2012,Phoenix,AZ,US,orb,30,night
2012,Richmond,IL,US,orb,120,night
2012,Perth,Western Australia,AU,orb,120,night
2012,Orem,UT,US,orb,2,astronomical dusk
2012,Augusta,ME,US,orb,300,astronomical dusk
2012,Burlington,NC,US,orb,90,civil dusk
2012,Stockton,MO,US,orb,300,astronomical dusk
2012,Iron Mountain,MI,US,orb,180,NA
2012,Chicago,IL,US,orb,2040,astronomical dusk
2012,State College,PA,US,orb,30,night
2012,Sandy Creek,NY,US,orb,1200,astronomical dusk
2012,Danville,KY,US,orb,1,afternoon
2012,Gibsonville,NC,US,orb,300,night
2012,Smackover,AR,US,orb,300,afternoon
2012,Newtown,CT,US,orb,2400,night
2011,New Haven,MO,US,orb,180,astronomical dusk
2011,Albany,OR,US,orb,30,night
2011,Bellevue,NE,US,orb,86400,night
2011,Mountain Home,ID,US,orb,30,nautical dusk
2011,Wolf Point,MT,US,orb,240,NA
2011,St. Catharines,ON,CA,orb,1200,astronomical dusk
2011,Bountiful,UT,US,orb,1500,astronomical dusk
2011,Naches,WA,US,orb,600,night
2010,Fresno,CA,US,orb,15,civil dusk
2010,Waterloo,IA,US,orb,600,night
2010,Hilton Head Island,SC,US,orb,20,night
2010,Northport,MI,US,orb,20,NA
2010,Seattle,WA,US,orb,300,NA
2010,Keswick,ON,CA,orb,900,nautical dusk
2010,Elkins,WV,US,orb,15,night
2009,Valencia,CA,US,orb,300,astronomical dawn
2009,Charlotte,NC,US,orb,300,morning
2009,Sausalito,CA,US,orb,1800,night
2009,New York City,NY,US,orb,300,civil dusk
2009,Reston,VA,US,orb,300,night
2008,Los Angeles,CA,US,orb,1200,night
2008,Warwick,RI,US,orb,600,nautical dusk
2008,Brooklyn Park,MN,US,orb,5,nautical dusk
2008,Doylestown,PA,US,orb,10,astronomical dusk
2008,Valrico,FL,US,orb,2,nautical dusk
2007,Phippsburg,ME,US,orb,13,nautical dusk
2007,Casper,WY,US,orb,5,night
2007,Marble Falls,AR,US,orb,7200,nautical dusk
2007,Tompkinsville,KY,US,orb,300,morning
2007,Livermore,CA,US,orb,30,nautical dusk
2006,Manchester,CT,US,orb,180,night
2006,Westfield,IN,US,orb,2,nautical dusk
2006,Elizabeth,NJ,US,orb,720,afternoon
2005,Gail,TX,US,orb,180,night
2005,Napoleonville,LA,US,orb,10,night
2005,Bellevue,WA,US,orb,120,night
2004,Bethel Island,CA,US,orb,15,night
2004,Anchorage,AK,US,orb,20,NA
2004,Northfield,OH,US,orb,1200,astronomical dusk
2003,Portland,OR,US,orb,180,night
2003,Philadelphia,PA,US,orb,240,afternoon
2003,El Dorado,AR,US,orb,9,night
2002,Colchester,ENG,GB,orb,360,night
2002,Tampa,FL,US,orb,60,nautical dusk
2002,Duncan,BC,CA,orb,180,night
2001,Akron,OH,US,orb,240,afternoon
2001,Portland,OR,US,orb,600,afternoon
2000,Dodge City,KS,US,orb,180,night
2000,Everett,WA,US,orb,300,night
1999,Cleveland,OH,US,orb,1800,morning
1999,Poca,WV,US,orb,3600,night
1998,Portland,OR,US,orb,1,astronomical dusk
1997,Flagstaff,AZ,US,orb,15,night
1996,Corvallis,MT,US,orb,3,afternoon
1993,Lee's Summit,MO,US,orb,240,night
1988,Alamogordo,NM,US,orb,1200,night
1984,Gainesville,GA,US,orb,10,night
1978,Anchorage,AK,US,orb,420,astronomical dusk
1972,El Paso,TX,US,orb,120,afternoon
1965,Pittsburgh,PA,US,orb,300,morning
2023,Wooster,OH,US,other,1200,night
2023,Martinsville,IN,US,other,21600,morning
2022,Swindon,ENG,GB,other,210,night
2022,Coconut Creek,FL,US,other,2,night
2022,Edmond,OK,US,other,420,afternoon
2022,STOCKBRIDGE,MI,US,other,60,astronomical dusk
2022,York,PA,US,other,30,afternoon
2022,Surprise,AZ,US,other,600,night
2022,Sioux Falls,SD,US,other,45,nautical dawn
2021,Waynesville,NC,US,other,180,night
2021,Sedona,AZ,US,other,600,night
2021,Hollywood,FL,US,other,1,morning
2021,Port Angeles,WA,US,other,3000,NA
2021,Frenchtown,NJ,US,other,120,afternoon
2021,Longwood,FL,US,other,180,nautical dusk
2021,Rockwell,NC,US,other,900,night
2020,Anaheim,CA,US,other,10,night
2020,Dublin,CA,US,other,360,astronomical dusk
2020,Cisco,TX,US,other,15,astronomical dusk
2020,Parker,CO,US,other,180,night
2020,Cheyenne,WY,US,other,4200,nautical dusk
2020,Clay,NY,US,other,120,civil dusk
2020,New York City,NY,US,other,600,civil dusk
2020,North Myrtle Beach,SC,US,other,660,civil dawn
2020,Columbus,OH,US,other,1200,morning
2020,Pompano Beach,FL,US,other,10,afternoon
2020,Boiling Spring Lakes,NC,US,other,120,astronomical dusk
2020,Random Lake,WI,US,other,1500,astronomical dusk
2020,Williamsburg,VA,US,other,3,night
2020,Princeton,MN,US,other,1800,night
2020,Strafford,NH,US,other,60,night
2020,York,PA,US,other,120,morning
2020,Dallas,TX,US,other,45,night
2019,Greenville,SC,US,other,120,morning
2019,Coon Valley,WI,US,other,300,nautical dawn
2019,Redlands,CA,US,other,60,nautical dusk
2019,Coon Valley,WI,US,other,300,astronomical dawn
2019,Veedersburg,IN,US,other,300,civil dusk
2019,Hudson,CO,US,other,300,night
2019,Utica,NY,US,other,60,night
2019,Myrtle Beach,SC,US,other,40,afternoon
2019,Westport,WA,US,other,300,NA
2019,Danville,OH,US,other,15,night
2019,Boise,ID,US,other,120,night
2019,Minneapolis,MN,US,other,10,morning
2019,Atlanta,TX,US,other,600,night
2019,Alton,ENG,GB,other,120,night
2018,Destin,FL,US,other,600,night
2018,Las Vegas,NV,US,other,2700,morning
2018,Vancouver,WA,US,other,60,night
2018,Townshend,VT,US,other,300,astronomical dusk
2018,San jose,CA,US,other,120,night
2018,Wapakoneta,OH,US,other,1,morning
2018,Fountain,CO,US,other,300,civil dusk
2018,Pueblo,CO,US,other,300,night
2018,Philadelphia,MS,US,other,240,afternoon
2017,Snowflake,AZ,US,other,300,astronomical dusk
2017,Edmonton,AB,CA,other,15,night
2017,Knoxville,TN,US,other,30,night
2017,Los Angeles,CA,US,other,120,astronomical dawn
2017,Hudsonville,MI,US,other,300,civil dusk
2017,Swansea,WLS,GB,other,120,afternoon
2017,Kittery,ME,US,other,1800,nautical dusk
2017,Bellingham,WA,US,other,720,NA
2017,Vilnius,Vilnius,LT,other,600,NA
2017,Belpre,OH,US,other,2,afternoon
2017,Palmyra,NJ,US,other,300,afternoon
2017,Tempe,AZ,US,other,3000,night
2017,Wichita,KS,US,other,120,afternoon
2017,Hillsborough,NC,US,other,300,night
2016,Jeypore,Odisha,IN,other,300,afternoon
2016,Schenectady,NY,US,other,120,night
2016,Denver,CO,US,other,20,night
2016,Cape Coral,FL,US,other,20,afternoon
2016,Salem,OR,US,other,180,night
2016,Emporium,PA,US,other,1200,nautical dusk
2016,Beaumont,CA,US,other,59,night
2016,Rockaway,NJ,US,other,60,morning
2016,Bathurst,NB,CA,other,1800,NA
2016,Williamsburg,KY,US,other,10,afternoon
2016,Jarrell,TX,US,other,86400,afternoon
2016,Paragould,AR,US,other,600,civil dusk
2016,Copan,OK,US,other,300,nautical dusk
2016,East Aurora,NY,US,other,10,morning
2016,Saint George,UT,US,other,600,night
2015,Clearwater,FL,US,other,60,morning
2015,Sharon,MA,US,other,60,civil dusk
2015,Moreno Valley,CA,US,other,300,astronomical dusk
2015,Portland,OR,US,other,120,night
2015,Baltimore,MD,US,other,86400,morning
2015,Circleville,OH,US,other,180,night
2015,Stratford,ON,CA,other,300,night
2015,Monterey Park,CA,US,other,1800,afternoon
2015,Porterville,CA,US,other,1080,morning
2015,Vancouver,WA,US,other,1800,NA
2015,San Rafael,CA,US,other,5,night
2015,Brampton,ON,CA,other,5,night
2015,Tampa,FL,US,other,300,afternoon
2015,Hollywood,FL,US,other,30,night
2015,Yucaipa,CA,US,other,180,night
2014,Menifee,CA,US,other,900,afternoon
2014,Colorado Springs,CO,US,other,2,morning
2014,Shinnston,WV,US,other,240,night
2014,Carrollton,TX,US,other,5,astronomical dusk
2014,Louisville,KY,US,other,180,night
2014,Princeton,KY,US,other,300,nautical dusk
2014,Los Angeles,CA,US,other,180,morning
2014,Marysville,PA,US,other,120,night
2014,Uncasville,CT,US,other,120,astronomical dusk
2014,Greenwood,IN,US,other,120,night
2014,Lake Charles,LA,US,other,60,afternoon
2014,Huntington Beach,CA,US,other,3,nautical dusk
2014,Oakland,CA,US,other,12,night
2014,Parkland,WA,US,other,180,night
2014,Purcellville,VA,US,other,600,civil dusk
2014,Clarksville,TN,US,other,600,civil dusk
2014,Globe,AZ,US,other,300,night
2014,Smithsburg,MD,US,other,5,night
2014,Portland,OR,US,other,900,nautical dusk
2014,Broomfield,CO,US,other,600,nautical dusk
2014,Eagle River,AK,US,other,360,night
2013,Mobile,AL,US,other,120,night
2013,Columbus,OH,US,other,60,night
2013,Lake Elsinore,CA,US,other,360,astronomical dusk
2013,Wymondham,ENG,GB,other,60,nautical dusk
2013,Marshville,NC,US,other,10,night
2013,Milford,CT,US,other,60,astronomical dusk
2013,Edmond,OK,US,other,900,night
2013,Kelowna,BC,CA,other,120,civil dusk
2013,Lebanon,OH,US,other,60,night
2013,Anderson,SC,US,other,60,night
2013,Norwalk,CT,US,other,1800,astronomical dusk
2013,North Tonawanda,NY,US,other,120,nautical dusk
2013,Austin,TX,US,other,6,night
2013,Rock Springs,WY,US,other,1200,astronomical dusk
2013,Simpsonville,SC,US,other,7,night
2013,Waukegan,IL,US,other,90,nautical dusk
2012,Cameron,TX,US,other,600,night
2012,Columbia,SC,US,other,240,astronomical dusk
2012,Tarpon Springs,FL,US,other,1,astronomical dusk
2012,Webster,NY,US,other,3,night
2012,Medford,MA,US,other,420,night
2012,Coral Springs,FL,US,other,600,astronomical dusk
2012,Beachwood,OH,US,other,120,nautical dusk
2012,Exeter,PA,US,other,900,astronomical dusk
2012,Crawfordville,FL,US,other,120,night
2012,Cotulla,TX,US,other,5,astronomical dusk
2012,New York City,NY,US,other,5,night
2012,Chicago,IL,US,other,7,nautical dusk
2012,longboat Key,FL,US,other,600,night
2012,Montreal,QC,CA,other,120,astronomical dusk
2012,Milton,VT,US,other,60,afternoon
2012,Caterham,ENG,GB,other,9,night
2011,San Diego,CA,US,other,120,night
2011,Brandon,FL,US,other,5,night
2011,Jermyn,PA,US,other,240,night
2011,Murray,KY,US,other,30,night
2011,Las Vegas,NV,US,other,180,afternoon
2011,Wailuku,HI,US,other,60,night
2011,Kamloops,BC,CA,other,600,night
2011,Manchester,MO,US,other,600,civil dusk
2011,Auburn,WA,US,other,30,NA
2011,Lake Havasu City,AZ,US,other,60,astronomical dusk
2011,Jacksonville,FL,US,other,300,nautical dusk
2011,Brewster,MA,US,other,60,astronomical dusk
2010,Newark,NJ,US,other,15,morning
2010,Buckeye,AZ,US,other,15,civil dusk
2010,Mesa,AZ,US,other,2,afternoon
2010,Sioux City,IA,US,other,8,night
2010,North Webster,IN,US,other,120,night
2010,Des Plaines,IL,US,other,1200,morning
2010,Seattle,WA,US,other,1500,civil dusk
2010,Wright City,MO,US,other,120,nautical dusk
2010,Watertown,NY,US,other,300,astronomical dusk
2010,Wenatchee,WA,US,other,86400,astronomical dawn
2010,Somers,CT,US,other,600,afternoon
2010,Canyon Lake,TX,US,other,2,morning
2010,Lakewood,NJ,US,other,300,night
2009,Wellsboro,PA,US,other,600,nautical dusk
2009,Wichita,KS,US,other,20,morning
2009,Littleton,CO,US,other,10,night
2009,Wichita,KS,US,other,21600,astronomical dusk
2009,Springdale,PA,US,other,420,afternoon
2009,Milwaukee,WI,US,other,300,nautical dusk
2009,Phoenix,AZ,US,other,600,morning
2009,Bideford,ENG,GB,other,5,astronomical dusk
2009,Riverton,UT,US,other,86400,night
2009,Islamorada,FL,US,other,5,morning
2009,West Chester,PA,US,other,300,astronomical dusk
2008,Fort Fairfield,ME,US,other,15,night
2008,Springfield,MO,US,other,25,night
2008,Ballston Lake,NY,US,other,30,afternoon
2008,Brentwood,MO,US,other,70,night
2008,Langhorne,PA,US,other,6,astronomical dusk
2008,Southbury,CT,US,other,480,morning
2008,Lexington,TN,US,other,1800,afternoon
2008,Peoria,IL,US,other,360,civil dusk
2008,Hartford,CT,US,other,180,afternoon
2008,Winters,TX,US,other,30,night
2008,Florence,TX,US,other,3,night
2008,Oxford,CT,US,other,30,morning
2008,Santa Barbara,CA,US,other,480,morning
2007,Richmond,VA,US,other,1200,night
2007,Bunnell,FL,US,other,120,night
2007,Deer Park,NY,US,other,240,night
2007,Mesquite,TX,US,other,60,afternoon
2007,Las Vegas,NV,US,other,15,night
2007,Belmont,MA,US,other,180,afternoon
2007,Montreal,QC,CA,other,1,NA
2007,Kansas City,MO,US,other,2700,civil dusk
2007,Casa Grande,AZ,US,other,45,night
2007,Elkhart,IN,US,other,30,night
2007,Pasadena,CA,US,other,5,morning
2006,Newmarket,ENG,GB,other,30,nautical dusk
2006,Pittsburgh,PA,US,other,10,night
2006,Shoreline,WA,US,other,1200,night
2006,Cedar Lake,IN,US,other,10,night
2006,Whitehall,NY,US,other,900,night
2006,Mill Valley,CA,US,other,180,night
2006,Hoover,AL,US,other,240,morning
2006,Laughlin,NV,US,other,120,afternoon
2006,Phoenix,AZ,US,other,1800,afternoon
2005,Burlington,ON,CA,other,660,night
2005,Seattle,WA,US,other,3,night
2005,Las Vegas,NV,US,other,60,astronomical dawn
2005,Seattle,WA,US,other,120,morning
2005,Tucson,AZ,US,other,1200,night
2005,West Chester,PA,US,other,20,astronomical dusk
2005,Eugene,OR,US,other,180,afternoon
2005,Mullan,ID,US,other,60,NA
2005,Chicago,IL,US,other,15,civil dawn
2005,Deer Isle,ME,US,other,2700,night
2005,Johnson City,TN,US,other,0,night
2005,Boston,MA,US,other,300,afternoon
2005,Elizabeth City,NC,US,other,120,night
2004,Palm Desert,CA,US,other,600,civil dusk
2004,Tinley Park,IL,US,other,43200,night
2004,Golden,CO,US,other,21600,morning
2004,Beaver,WV,US,other,2700,astronomical dusk
2004,Grand Marais,MN,US,other,1800,astronomical dusk
2004,Lincoln,NE,US,other,180,astronomical dusk
2004,Norwalk,CT,US,other,300,morning
2004,Loganville,GA,US,other,1500,night
2004,Wabash,IN,US,other,45,astronomical dusk
2004,New Westminster,BC,CA,other,2,night
2004,Martinsburg,WV,US,other,30,civil dusk
2004,Lehigh Acres,FL,US,other,120,night
2003,Indianapolis,IN,US,other,360,night
2003,Timmonsville,SC,US,other,240,civil dusk
2003,Nashville,TN,US,other,20,night
2003,Rohnert Park,CA,US,other,90,astronomical dusk
2003,Tonawanda,NY,US,other,1,night
2003,Denver,CO,US,other,1200,night
2003,McClellanville,SC,US,other,180,afternoon
2003,Fridley,MN,US,other,2700,night
2003,Bayonne,NJ,US,other,60,morning
2003,Tampa,FL,US,other,20,morning
2003,Santa Rosa,CA,US,other,40,astronomical dusk
2003,Windham,NH,US,other,30,astronomical dawn
2002,St. Louis,MO,US,other,1,afternoon
2002,Oud-Heverlee,Flanders,BE,other,1,nautical dawn
2002,Boynton Beach,FL,US,other,8,night
2002,Mesa,AZ,US,other,120,afternoon
2002,Canton,MI,US,other,600,afternoon
2002,Arlington,WA,US,other,1200,afternoon
2002,Salt Lake City,UT,US,other,4,night
2002,Rotorua,Bay of Plenty,NZ,other,1200,astronomical dusk
2002,El Reno,OK,US,other,3300,night
2002,North Pole,AK,US,other,30,night
2001,Lowestoft,ENG,GB,other,300,night
2001,Columbia,MO,US,other,10,astronomical dusk
2001,Tempe,AZ,US,other,60,night
2001,Goodyear,AZ,US,other,1200,afternoon
2001,Lexington,KY,US,other,1800,afternoon
2001,Santa Rosa,CA,US,other,240,night
2001,Bengaluru,Karnataka,IN,other,5,night
2001,Sedona,AZ,US,other,10,civil dusk
2001,Ventura,CA,US,other,300,astronomical dusk
2000,Whaley Bridge,ENG,GB,other,120,night
2000,Bellevue,WA,US,other,300,afternoon
2000,Las Vegas,NV,US,other,240,night
2000,Chicago,IL,US,other,300,afternoon
2000,Maybrook,NY,US,other,60,night
2000,Bennington,VT,US,other,300,afternoon
2000,Ladson,SC,US,other,600,astronomical dusk
2000,Great Yarmouth,ENG,GB,other,86400,night
2000,Las Vegas,NV,US,other,10,night
1999,Baton Rouge,LA,US,other,12,night
1999,Flagstaff,AZ,US,other,120,night
1999,Tracy,CA,US,other,20,nautical dusk
1999,Boonville,MO,US,other,900,civil dusk
1999,Haworth,ENG,GB,other,20,NA
1999,Shrewsbury,MA,US,other,180,morning
1999,Lake Elsinore,CA,US,other,60,afternoon
1999,Weyers Cave,VA,US,other,120,afternoon
1998,Dunkirk,MD,US,other,60,nautical dusk
1998,London,ENG,GB,other,7200,night
1998,Cottonwood,AZ,US,other,300,astronomical dusk
1998,Beavercreek,OH,US,other,300,morning
1998,Colorado Springs,CO,US,other,900,night
1997,Northampton,MA,US,other,10,night
1997,Austin,MN,US,other,86400,night
1997,Salt Lake City,UT,US,other,600,afternoon
1997,Winnsboro,LA,US,other,600,night
1997,Salt Lake City,UT,US,other,40,astronomical dawn
1996,Stockton,CA,US,other,240,night
1996,Van Nuys,CA,US,other,120,morning
1995,Moriches,NY,US,other,120,night
1995,Seymour,IN,US,other,120,civil dusk
1995,Elbridge,NY,US,other,240,nautical dawn
1994,Sawgrass,FL,US,other,360,astronomical dusk
1993,Anderson,CA,US,other,5,night
1992,Bowling Green,KY,US,other,1200,night
1991,Gainesville,FL,US,other,180,afternoon
1990,White Lake,NC,US,other,40,afternoon
1990,Boston,MA,US,other,5,afternoon
1989,Kenosha,WI,US,other,600,astronomical dusk
1987,Richton,MS,US,other,420,night
1986,Tyler,TX,US,other,10,civil dusk
1985,Griffith,IN,US,other,120,civil dusk
1984,Sao Paulo,Sao Paulo,BR,other,86400,night
1983,Overbrook,KS,US,other,15,night
1981,Chula Vista,CA,US,other,300,afternoon
1979,Lansing,MI,US,other,15,afternoon
1978,Amherst,NS,CA,other,120,afternoon
1977,Fairfield,CT,US,other,30,afternoon
1976,Prince George,BC,CA,other,5,astronomical dusk
1974,Minot,ND,US,other,1800,NA
1972,Chicago,IL,US,other,600,afternoon
1969,Islip,NY,US,other,1200,morning
1967,Lantana,FL,US,other,180,night
1966,Lexington,KY,US,other,86400,afternoon
1960,Long Beach,CA,US,other,5,night
1954,Hawthorne,CA,US,other,300,night
2023,Sharpsville,IN,US,oval,86400,night
2023,Fort Pierce,FL,US,oval,120,morning
2022,Austin,TX,US,oval,900,nautical dusk
2022,West Hills,CA,US,oval,7,night
2022,Destin,FL,US,oval,5,morning
2022,Durango,CO,US,oval,5,morning
2022,Yuma,AZ,US,oval,300,night
2021,Corpus Christi,TX,US,oval,50,night
2021,Lexington,VA,US,oval,300,civil dawn
2021,Palmdale,CA,US,oval,60,afternoon
2021,Fort Worth,TX,US,oval,300,nautical dusk
2020,Orlando,FL,US,oval,30,night
2020,Antioch,CA,US,oval,3,morning
2020,Bloomsburg,PA,US,oval,120,morning
2020,Murrells Inlet,SC,US,oval,3,night
2020,Rexburg,ID,US,oval,86400,afternoon
2020,Burkesville,KY,US,oval,10,night
2020,Chiloquin,OR,US,oval,360,night
2020,Venice,FL,US,oval,90,night
2020,Medford,OR,US,oval,180,night
2020,Pukalani,HI,US,oval,120,night
2019,Waldorf,MD,US,oval,300,astronomical dusk
2019,Mesa,AZ,US,oval,86400,night
2019,Utica,NY,US,oval,1800,night
2019,Las Cruces,NM,US,oval,180,night
2019,Coeur d'Alene,ID,US,oval,30,afternoon
2019,Miles City,MT,US,oval,120,NA
2019,Fond Du Lac,WI,US,oval,60,astronomical dusk
2019,Lowell,MA,US,oval,240,morning
2018,York,NE,US,oval,10,night
2018,Silverdale,WA,US,oval,4,night
2018,Bloomington,MN,US,oval,300,night
2018,Knoxville,TN,US,oval,19200,afternoon
2018,Caldwell,ID,US,oval,120,afternoon
2017,Pennsville,NJ,US,oval,5,night
2017,Zephyrhills,FL,US,oval,120,night
2017,Uniontown,PA,US,oval,480,night
2017,Hiawassee,GA,US,oval,2700,morning
2017,Payette,ID,US,oval,180,night
2017,Anderson,CA,US,oval,1200,morning
2017,Taneytown,MD,US,oval,30,nautical dusk
2017,Freeport,NY,US,oval,45,civil dawn
2017,Palm Coast,FL,US,oval,3,night
2016,Riverdale,GA,US,oval,300,astronomical dusk
2016,Union,NJ,US,oval,300,night
2016,Ottawa,ON,CA,oval,300,night
2016,Tijeras,NM,US,oval,240,afternoon
2016,Cranston,RI,US,oval,900,night
2016,Lepoglava,County of Varazdin,HR,oval,15,afternoon
2016,Van Nuys,CA,US,oval,60,afternoon
2016,Baltimore,MD,US,oval,150,afternoon
2016,Malabar,FL,US,oval,1500,night
2015,Jamestown,NY,US,oval,300,afternoon
2015,Lakewood,CO,US,oval,600,night
2015,Mexico,NY,US,oval,1800,night
2015,Roseville,CA,US,oval,120,afternoon
2015,Hilliard,OH,US,oval,15,night
2015,Cutler Bay,FL,US,oval,900,civil dusk
2015,Syracuse,NY,US,oval,2100,afternoon
2015,Brampton,ON,CA,oval,20,astronomical dusk
2015,Houston,TX,US,oval,0,night
2015,West Covina,CA,US,oval,2400,morning
2014,Lakeport,CA,US,oval,600,night
2014,Quapaw,OK,US,oval,300,night
2014,Auburn,ME,US,oval,60,night
2014,Tacoma,WA,US,oval,20,afternoon
2014,Beaverton,OR,US,oval,300,morning
2014,Thompson,ND,US,oval,300,nautical dusk
2014,Wilkes-Barre,PA,US,oval,120,nautical dusk
2014,Mamaroneck,NY,US,oval,300,night
2014,Longmont,CO,US,oval,45,night
2014,Westlake,OH,US,oval,30,night
2014,Fillmore,CA,US,oval,900,nautical dusk
2014,Durand,MI,US,oval,4,night
2014,Coral Springs,FL,US,oval,600,astronomical dawn
2014,New Sharon,ME,US,oval,3600,night
2013,Portland,OR,US,oval,240,night
2013,Mesa,AZ,US,oval,900,astronomical dusk
2013,Broken Arrow,OK,US,oval,900,night
2013,Seoul,Seoul,KR,oval,1200,night
2013,Cass Lake,MN,US,oval,10,afternoon
2013,Orlando,FL,US,oval,120,night
2013,San Ramon,CA,US,oval,300,astronomical dusk
2013,Toronto,ON,CA,oval,10,astronomical dusk
2013,Spring City,TN,US,oval,60,morning
2013,Tinley Park,IL,US,oval,300,nautical dusk
2013,Sauk City,WI,US,oval,300,astronomical dusk
2013,Dallas,TX,US,oval,10,afternoon
2013,Laval,QC,CA,oval,5,NA
2012,King of Prussia,PA,US,oval,1200,night
2012,Batesville,IN,US,oval,60,night
2012,Hartland,WI,US,oval,86400,night
2012,Salem,OR,US,oval,600,afternoon
2012,Scarborough,ME,US,oval,600,morning
2012,Boston,MA,US,oval,600,night
2012,Miami,FL,US,oval,86400,nautical dusk
2012,Southport,NC,US,oval,480,nautical dusk
2012,Hillsville,VA,US,oval,600,nautical dusk
2012,Forest Lake,MN,US,oval,2,NA
2012,Cleveland,OH,US,oval,150,civil dusk
2012,Bohemia,NY,US,oval,180,afternoon
2012,Holiday,FL,US,oval,900,night
2012,St. Petersburg,FL,US,oval,900,night
2012,Newington,CT,US,oval,25,night
2011,Yardville,NJ,US,oval,60,morning
2011,Fort Smith,AR,US,oval,1800,night
2011,Flowery Branch,GA,US,oval,90,night
2011,International Falls,MN,US,oval,15,night
2011,Kissimmee,FL,US,oval,420,night
2011,Terre Haute,IN,US,oval,2700,night
2011,LaPorte,IN,US,oval,1,morning
2011,San Antonio,TX,US,oval,2400,night
2011,Whittier,CA,US,oval,120,night
2010,Atlanta,GA,US,oval,300,afternoon
2010,Front Royal,VA,US,oval,180,afternoon
2010,San Angelo,TX,US,oval,60,nautical dusk
2010,Fountain,CO,US,oval,600,afternoon
2010,Minneapolis,MN,US,oval,900,night
2010,Jacksonville,IL,US,oval,300,night
2010,Saint Cloud,MN,US,oval,5,night
2010,Spring City,TN,US,oval,60,nautical dusk
2009,Champaign,IL,US,oval,1800,night
2009,Cheyenne,WY,US,oval,5,night
2009,Sedro-Woolley,WA,US,oval,30,night
2009,Alpena,MI,US,oval,120,NA
2009,Punta Gorda,FL,US,oval,70,nautical dusk
2009,El Paso,TX,US,oval,86400,afternoon
2009,Bury St Edmunds,ENG,GB,oval,300,afternoon
2009,Chino HIlls,CA,US,oval,900,night
2008,Edwardsville,IL,US,oval,2,night
2008,Milledgeville,GA,US,oval,86400,night
2008,Hadley,MA,US,oval,12,morning
2008,Manitou Springs,CO,US,oval,300,night
2008,Potters Bar,ENG,GB,oval,300,nautical dusk
2008,Vancouver,BC,CA,oval,30,NA
2008,Hillsborough,NJ,US,oval,45,nautical dusk
2008,Seattle,WA,US,oval,60,night
2008,Jacksonville,FL,US,oval,10,night
2008,Lehi,UT,US,oval,5,morning
2007,Frankfort,IL,US,oval,600,night
2007,League City,TX,US,oval,420,night
2007,Coalinga,CA,US,oval,5,night
2007,Rancho Cucamonga,CA,US,oval,600,night
2007,Deming,NM,US,oval,10,astronomical dawn
2007,Wilmington,NC,US,oval,1200,afternoon
2007,Puerto Vallarta,Jalisco,MX,oval,1,morning
2007,New York City,NY,US,oval,6,night
2006,Mount Shasta,CA,US,oval,14400,night
2006,Houston,TX,US,oval,60,night
2006,Huntsville,AL,US,oval,60,astronomical dusk
2006,Burns Harbor,IN,US,oval,30,afternoon
2006,Hamden,CT,US,oval,5400,night
2006,Charlotte,NC,US,oval,600,afternoon
2006,Panama,Panama,PA,oval,60,night
2005,Tracy,CA,US,oval,900,morning
2005,Auburn,AL,US,oval,86400,civil dusk
2005,Leicester,ENG,GB,oval,10,afternoon
2005,Houston,TX,US,oval,720,afternoon
2005,Portland,OR,US,oval,420,night
2005,La Grande,OR,US,oval,420,morning
2004,Carmel,IN,US,oval,240,night
2004,Sunbury,PA,US,oval,0,night
2004,Alpharetta,GA,US,oval,60,afternoon
2004,Plymouth,MN,US,oval,10,nautical dusk
2004,Memphis,TN,US,oval,120,afternoon
2004,Hanceville,AL,US,oval,600,night
2004,Phoenix,AZ,US,oval,600,afternoon
2004,New York City,NY,US,oval,2,night
2003,Ipatinga,Minas Gerais,BR,oval,60,night
2003,New Richmond,WI,US,oval,120,morning
2003,Pleasant Hill,MO,US,oval,1200,morning
2003,Springfield,NJ,US,oval,900,night
2003,Toronto,ON,CA,oval,1800,afternoon
2003,Cullman,AL,US,oval,300,night
2003,Hamilton,ON,CA,oval,120,afternoon
2003,Wenatchee,WA,US,oval,43200,night
2002,Kingston,PA,US,oval,30,afternoon
2002,Federal Way,WA,US,oval,180,afternoon
2002,Atlanta,GA,US,oval,2,afternoon
2002,Oxnard,CA,US,oval,1800,morning
2002,Oklahoma City,OK,US,oval,5,afternoon
2001,Greene,ME,US,oval,10,night
2001,Lowville,NY,US,oval,180,nautical dusk
2001,Sherman,NY,US,oval,120,night
2001,Washington,DC,US,oval,900,afternoon
2001,Melton,Victoria,AU,oval,420,civil dusk
2000,Bloomington,CA,US,oval,25,night
2000,Ann Arbor,MI,US,oval,5,astronomical dusk
2000,West Branch,IA,US,oval,1500,morning
2000,Springfield,IL,US,oval,25,night
2000,Sevierville,TN,US,oval,900,night
1999,Houston,TX,US,oval,20,night
1999,Grove City,OH,US,oval,600,nautical dusk
1999,Portsmouth,NH,US,oval,30,astronomical dusk
1999,Seattle,WA,US,oval,4,night
1998,Kent,WA,US,oval,2,night
1998,Westbrook,ME,US,oval,40,night
1997,Surrey,BC,CA,oval,420,astronomical dusk
1997,Great River,NY,US,oval,2700,nautical dusk
1996,Cambridge,ON,CA,oval,23,morning
1995,Georgetown,SC,US,oval,300,morning
1994,New York City,NY,US,oval,300,night
1992,Fresno,CA,US,oval,120,night
1990,Redding,CA,US,oval,300,afternoon
1988,Tashkent,Tashkent,UZ,oval,5,night
1986,Chicago,IL,US,oval,10,night
1983,Amesbury,MA,US,oval,300,night
1982,Tullahoma,TN,US,oval,900,astronomical dawn
1979,Bryan,TX,US,oval,1200,afternoon
1978,Del Rio,TX,US,oval,180,afternoon
1977,Yazoo City,MS,US,oval,86400,afternoon
1975,Roscommon,MI,US,oval,2100,afternoon
1974,Ingersoll,ON,CA,oval,300,night
1973,San Rafael,CA,US,oval,1200,afternoon
1971,Big Rapids,MI,US,oval,600,afternoon
1970,Lake Wales,FL,US,oval,900,astronomical dusk
1968,St. Louis,MO,US,oval,300,afternoon
1966,Manor,PA,US,oval,5,night
1963,Rome,GA,US,oval,1200,night
1955,Woodland Park,CO,US,oval,15,afternoon
2023,San Diego,CA,US,rectangle,240,afternoon
2022,La Crosse,WI,US,rectangle,60,morning
2022,Bucklin,KS,US,rectangle,3,nautical dusk
2022,Candor,NC,US,rectangle,10,astronomical dusk
2021,Springfield,MO,US,rectangle,180,afternoon
2021,Glasgow,MT,US,rectangle,300,nautical dusk
2020,Fredericksburg,IA,US,rectangle,10,astronomical dusk
2020,San Diego,CA,US,rectangle,480,night
2020,Moses Lake,WA,US,rectangle,300,astronomical dawn
2020,Salem,OR,US,rectangle,180,afternoon
2020,Port Charlotte,FL,US,rectangle,10,morning
2019,Honesdale,PA,US,rectangle,1500,night
2019,Myrtle Beach,SC,US,rectangle,300,night
2019,Madison,AL,US,rectangle,360,astronomical dusk
2019,Kingsport,TN,US,rectangle,15,night
2018,Shorewood,WI,US,rectangle,60,afternoon
2018,Phoenix,AZ,US,rectangle,120,morning
2018,Vacaville,CA,US,rectangle,60,night
2017,Baton Rouge,LA,US,rectangle,5,night
2017,Pawcatuck,CT,US,rectangle,7,afternoon
2017,New York City,NY,US,rectangle,120,morning
2017,Concord,CA,US,rectangle,1800,nautical dusk
2016,Honolulu,HI,US,rectangle,240,night
2016,Buhl,ID,US,rectangle,1800,night
2016,San Francisco,CA,US,rectangle,600,astronomical dusk
2016,Kalaheo,HI,US,rectangle,120,astronomical dawn
2015,Springfield,OR,US,rectangle,10,night
2015,Hutto,TX,US,rectangle,120,afternoon
2015,Knoxville,TN,US,rectangle,120,afternoon
2015,Brampton,ON,CA,rectangle,300,afternoon
2015,Hudson,WI,US,rectangle,1200,night
2015,Quincy,CA,US,rectangle,1200,night
2014,Collinsville,IL,US,rectangle,40,nautical dusk
2014,McKinney,TX,US,rectangle,20,night
2014,Port Orchard,WA,US,rectangle,10,NA
2014,Atwater,CA,US,rectangle,15,night
2014,Daytona Beach,FL,US,rectangle,30,civil dusk
2014,Lodi,CA,US,rectangle,12,night
2013,Pewaukee,WI,US,rectangle,60,night
2013,Gallatin,TN,US,rectangle,60,afternoon
2013,Hershey,NE,US,rectangle,120,astronomical dusk
2013,Charlotte,NC,US,rectangle,600,morning
2012,Draper,UT,US,rectangle,180,night
2012,Rancho Mirage,CA,US,rectangle,5,night
2012,Midland,ON,CA,rectangle,3,night
2012,North Woodstock,NH,US,rectangle,5,afternoon
2012,Allentown,PA,US,rectangle,120,afternoon
2012,Tucson,AZ,US,rectangle,300,astronomical dawn
2011,Pacifica,CA,US,rectangle,180,afternoon
2011,Hamden,CT,US,rectangle,60,afternoon
2011,Hollister,CA,US,rectangle,25,night
2010,Las Vegas,NV,US,rectangle,86400,night
2010,Rocklin,CA,US,rectangle,30,morning
2010,Kirkland,WA,US,rectangle,15,astronomical dusk
2009,Knoxville,GA,US,rectangle,900,night
2009,Quebec,QC,CA,rectangle,60,astronomical dusk
2009,La Verne,CA,US,rectangle,120,morning
2009,Lordsburg,NM,US,rectangle,2700,astronomical dusk
2008,Christiansburg,VA,US,rectangle,180,night
2008,Darien,IL,US,rectangle,30,morning
2008,Marietta,GA,US,rectangle,20,night
2007,Fair Oaks,CA,US,rectangle,300,nautical dusk
2007,Lee's Summit,MO,US,rectangle,120,nautical dusk
2007,New Delhi,Delhi,IN,rectangle,1500,night
2007,Somerset,PA,US,rectangle,180,night
2006,Deer Park,NY,US,rectangle,3,night
2006,Mohnton,PA,US,rectangle,20,afternoon
2006,Kennewick,WA,US,rectangle,600,night
2005,Goodlettsville,TN,US,rectangle,5,night
2005,Golden,CO,US,rectangle,10,afternoon
2004,High River,AB,CA,rectangle,900,civil dusk
2004,Jacksonville,FL,US,rectangle,300,afternoon
2003,Jonestown,TX,US,rectangle,180,night
2003,Turnersville,NJ,US,rectangle,30,astronomical dawn
2003,Winter Springs,FL,US,rectangle,60,morning
2002,Pueblo West,CO,US,rectangle,10,night
2002,Regina,SK,CA,rectangle,20,NA
2001,Orland Park,IL,US,rectangle,120,night
2001,Weatherford,OK,US,rectangle,120,night
2001,Adelaide,South Australia,AU,rectangle,120,morning
2000,Erie,PA,US,rectangle,300,night
1999,Woodbury,MN,US,rectangle,18000,night
1999,New York City,NY,US,rectangle,40,night
1997,Orland Park,IL,US,rectangle,240,astronomical dawn
1996,Sandoval,IL,US,rectangle,300,morning
1993,Phoenix,AZ,US,rectangle,60,night
1991,aiken,SC,US,rectangle,1200,night
1988,North Hampton,NH,US,rectangle,300,night
1985,Friendship,NY,US,rectangle,300,night
1981,Stockton,CA,US,rectangle,1800,afternoon
1979,Castro Valley,CA,US,rectangle,300,astronomical dusk
1976,Los Angeles,CA,US,rectangle,180,night
1968,Fort Collins,CO,US,rectangle,600,afternoon
2023,Warner Robins,GA,US,sphere,300,afternoon
2023,Valdese,NC,US,sphere,900,afternoon
2022,Milford,NJ,US,sphere,0,night
2022,Wrightsville Beach,NC,US,sphere,120,astronomical dusk
2022,Maple Valley,WA,US,sphere,2700,astronomical dusk
2022,San Diego,CA,US,sphere,120,astronomical dusk
2022,Acworth,GA,US,sphere,4,night
2022,East Brunswick,NJ,US,sphere,30,morning
2022,Satellite Beach,FL,US,sphere,600,night
2021,Avoca,NY,US,sphere,120,afternoon
2021,Rehoboth Beach,DE,US,sphere,420,civil dusk
2021,Paso Robles,CA,US,sphere,10,morning
2021,Electric City,WA,US,sphere,10,morning
2021,Hyannis,NE,US,sphere,600,civil dawn
2021,Stillwater,NY,US,sphere,600,night
2020,Cypress,TX,US,sphere,19,night
2020,Durham,NC,US,sphere,1800,night
2020,Overland Park,KS,US,sphere,15,night
2020,Jackson,TN,US,sphere,540,night
2020,Lexington,KY,US,sphere,1800,nautical dawn
2020,Forest Hills,NY,US,sphere,600,afternoon
2020,Hopewell,VA,US,sphere,600,afternoon
2020,Lake Quivira,KS,US,sphere,120,morning
2020,Oroville,CA,US,sphere,300,astronomical dawn
2020,Nairobi,Nairobi Area,KE,sphere,1200,morning
2020,Kennett Square,PA,US,sphere,300,night
2020,Forest,MS,US,sphere,2,afternoon
2020,Tulsa,OK,US,sphere,6,night
2019,South Plainfield,NJ,US,sphere,1200,nautical dawn
2019,Green Bay,WI,US,sphere,300,night
2019,South Pasadena,CA,US,sphere,300,afternoon
2019,Rockport,MA,US,sphere,180,afternoon
2019,Foster,RI,US,sphere,120,night
2019,Corte Madera,CA,US,sphere,900,civil dusk
2019,Hermosa Beach,CA,US,sphere,2700,night
2019,Cascade Locks,OR,US,sphere,8,morning
2019,Montgomery,TX,US,sphere,60,civil dusk
2019,Miami,FL,US,sphere,40,afternoon
2018,Tonawanda,NY,US,sphere,60,civil dusk
2018,Port Saint Lucie,FL,US,sphere,120,afternoon
2018,Louisville,OH,US,sphere,120,night
2018,Wheatland,PA,US,sphere,300,night
2018,Fort Collins,CO,US,sphere,300,night
2018,Jacksonville,FL,US,sphere,600,night
2017,Palm Bay,FL,US,sphere,120,nautical dusk
2017,Estes Park,CO,US,sphere,300,nautical dusk
2017,Kennett Square,PA,US,sphere,600,nautical dusk
2017,Sheffield,MA,US,sphere,120,morning
2017,Cincinnati,OH,US,sphere,240,night
2017,Chandler,AZ,US,sphere,120,night
2017,Dana Point,CA,US,sphere,300,night
2017,Garden City,SC,US,sphere,86400,night
2017,St. Petersburg,FL,US,sphere,300,night
2017,Folsom,CA,US,sphere,60,civil dusk
2017,Fayetteville,NC,US,sphere,300,afternoon
2016,Luther,OK,US,sphere,40,night
2016,Fort Lauderdale,FL,US,sphere,7,night
2016,Lewis center,OH,US,sphere,30,night
2016,Harrogate,TN,US,sphere,900,afternoon
2016,Brookings,SD,US,sphere,25,afternoon
2016,Sheboygan,WI,US,sphere,7,night
2016,Pittsburgh,PA,US,sphere,2,afternoon
2016,Nampa,ID,US,sphere,1800,morning
2016,Pine Grove,CA,US,sphere,600,night
2016,Raleigh,NC,US,sphere,10,afternoon
2015,Lee's Summit,MO,US,sphere,15,morning
2015,Mount Ida,AR,US,sphere,10,afternoon
2015,Rialto,CA,US,sphere,300,nautical dusk
2015,Schenectady,NY,US,sphere,30,night
2015,Campbell,CA,US,sphere,180,night
2015,New City,NY,US,sphere,900,night
2015,Warwick,RI,US,sphere,10,afternoon
2015,Laurys Station,PA,US,sphere,180,nautical dusk
2015,Stallings,NC,US,sphere,86400,civil dusk
2015,Pineville,LA,US,sphere,5,afternoon
2015,Mount Orab,OH,US,sphere,86400,night
2015,Pasco,WA,US,sphere,300,civil dusk
2015,Wendell,NC,US,sphere,600,night
2015,Mount Vernon,OH,US,sphere,180,night
2014,Saint George,UT,US,sphere,600,night
2014,Tulsa,OK,US,sphere,600,night
2014,Indianapolis,IN,US,sphere,600,nautical dusk
2014,Crete,IL,US,sphere,900,night
2014,Manassas,VA,US,sphere,300,nautical dusk
2014,Asheboro,NC,US,sphere,600,nautical dusk
2014,North Myrtle Beach,SC,US,sphere,30,night
2014,North Adams,MA,US,sphere,300,night
2014,Carlisle,PA,US,sphere,60,morning
2014,Bellingham,WA,US,sphere,120,NA
2014,Ringgold,GA,US,sphere,300,afternoon
2014,Hatfield,PA,US,sphere,600,nautical dusk
2014,Wheelersburg,OH,US,sphere,1500,nautical dusk
2014,Melbourne Beach,FL,US,sphere,25,night
2014,San Antonio,TX,US,sphere,8,afternoon
2014,Phoenix,AZ,US,sphere,5,night
2014,Albuquerque,NM,US,sphere,60,astronomical dusk
2014,Mukwonago,WI,US,sphere,300,night
2014,Tampa,FL,US,sphere,900,night
2014,Marshall,TX,US,sphere,10,astronomical dusk
2014,Pukalani,HI,US,sphere,600,night
2013,Greensboro,NC,US,sphere,60,night
2013,Maynard,MA,US,sphere,10,night
2013,Severna Park,MD,US,sphere,900,night
2013,Charlotte,NC,US,sphere,240,afternoon
2013,Arlington,VA,US,sphere,600,night
2013,Severna Park,MD,US,sphere,120,night
2013,Round Rock,TX,US,sphere,5,night
2013,Barrie,ON,CA,sphere,240,astronomical dusk
2013,Wilton Manors,FL,US,sphere,300,afternoon
2013,Puyallup,WA,US,sphere,600,NA
2013,Independence,KY,US,sphere,120,nautical dusk
2013,Lynchburg,VA,US,sphere,120,nautical dusk
2013,Plymouth,ENG,GB,sphere,120,nautical dusk
2013,Wakarusa,IN,US,sphere,180,nautical dusk
2013,Williamsburg,VA,US,sphere,120,night
2013,Dade City,FL,US,sphere,480,astronomical dusk
2013,Orem,UT,US,sphere,300,night
2012,Atlantic Beach,FL,US,sphere,720,night
2012,Tomah,WI,US,sphere,3,night
2012,Brampton,ON,CA,sphere,3,civil dawn
2012,Sacramento,CA,US,sphere,10,night
2012,San Diego,CA,US,sphere,720,afternoon
2012,San Diego,CA,US,sphere,60,afternoon
2012,Burnsville,MN,US,sphere,60,night
2012,Aptos,CA,US,sphere,2400,night
2012,Boonville,IN,US,sphere,240,nautical dusk
2012,Timmins,ON,CA,sphere,1800,night
2012,Pomona,CA,US,sphere,86400,astronomical dusk
2012,Omaha,NE,US,sphere,180,afternoon
2012,Cranston,RI,US,sphere,900,night
2012,MIshawaka,IN,US,sphere,300,morning
2012,Birmingham,ENG,GB,sphere,60,afternoon
2012,Cowen,WV,US,sphere,60,nautical dusk
2012,Rochester Hills,MI,US,sphere,60,night
2012,Hudson Falls,NY,US,sphere,180,night
2011,Spencer,IA,US,sphere,30,morning
2011,Hanover,MA,US,sphere,180,night
2011,Madison Heights,VA,US,sphere,300,nautical dusk
2011,Vancouver,WA,US,sphere,180,night
2011,Columbia,MO,US,sphere,300,night
2011,South Bend,IN,US,sphere,30,morning
2011,Vancouver,WA,US,sphere,600,nautical dusk
2011,Blue Springs,MO,US,sphere,180,nautical dusk
2011,Littleton,CO,US,sphere,240,morning
2011,Cincinnati,OH,US,sphere,12,nautical dusk
2011,Arizona City,AZ,US,sphere,600,nautical dusk
2011,Harleysville,PA,US,sphere,30,night
2011,Smithfield,VA,US,sphere,60,afternoon
2010,The Woodlands,TX,US,sphere,120,night
2010,Pittsburgh,PA,US,sphere,120,night
2010,Shelbyville,IN,US,sphere,15,afternoon
2010,Naperville,IL,US,sphere,3,afternoon
2010,Seattle,WA,US,sphere,60,NA
2010,Poteau,OK,US,sphere,180,astronomical dusk
2010,Sarasota,FL,US,sphere,60,nautical dusk
2010,Rochester,MN,US,sphere,10,night
2010,Tralee,NA,IE,sphere,1200,civil dusk
2010,Uxbridge,MA,US,sphere,300,night
2009,London,ENG,GB,sphere,240,morning
2009,Trumbull,CT,US,sphere,60,astronomical dusk
2009,Franklin,TN,US,sphere,120,night
2009,East Dennis,MA,US,sphere,120,night
2009,Iola,KS,US,sphere,180,astronomical dusk
2009,Phoenix,AZ,US,sphere,2700,civil dusk
2009,York,ENG,GB,sphere,5,night
2009,Tampa,FL,US,sphere,2,night
2009,Chicago,IL,US,sphere,1200,afternoon
2009,Berkeley,CA,US,sphere,1500,night
2008,Florence,SC,US,sphere,2700,night
2008,Rochester,ENG,GB,sphere,180,night
2008,Newport Beach,CA,US,sphere,2,nautical dusk
2008,Paducah,KY,US,sphere,45,civil dusk
2008,North Myrtle Beach,SC,US,sphere,86400,night
2008,Wapakoneta,OH,US,sphere,90,night
2008,Westminster,CO,US,sphere,30,nautical dusk
2008,Adamsville,AL,US,sphere,120,nautical dusk
2008,Buena Vista,CO,US,sphere,10,morning
2008,Vancouver,BC,CA,sphere,480,night
2008,Hoyt Lakes,MN,US,sphere,3,night
2007,San Diego,CA,US,sphere,600,afternoon
2007,South Amboy,NJ,US,sphere,360,afternoon
2007,Frederick,MD,US,sphere,1200,morning
2007,Edmond,OK,US,sphere,120,astronomical dusk
2007,Lemont,IL,US,sphere,180,night
2007,New York City,NY,US,sphere,120,afternoon
2007,Winthrop,NY,US,sphere,180,night
2007,London,ENG,GB,sphere,1200,night
2006,Bakersfield,CA,US,sphere,360,astronomical dusk
2006,Naperville,IL,US,sphere,180,afternoon
2006,Baytown,TX,US,sphere,180,civil dusk
2006,Wilmington,DE,US,sphere,900,afternoon
2006,Orlando,FL,US,sphere,60,morning
2006,San Angelo,TX,US,sphere,1800,nautical dusk
2006,Maysville,NC,US,sphere,10,NA
2006,Warren,ME,US,sphere,10,nautical dusk
2005,Maryville,TN,US,sphere,600,morning
2005,Kendallville,IN,US,sphere,15,afternoon
2005,Warrenville,IL,US,sphere,15,night
2005,Goleta,CA,US,sphere,300,civil dusk
2005,Lynnwood,WA,US,sphere,600,NA
2005,Edwardsville,IL,US,sphere,10,afternoon
2005,Petoskey,MI,US,sphere,7,morning
2005,Brunswick,GA,US,sphere,25,nautical dawn
2004,Santa Clarita,CA,US,sphere,1800,afternoon
2004,Rock Island,IL,US,sphere,86400,afternoon
2004,Honolulu,HI,US,sphere,15,astronomical dusk
2004,Albuquerque,NM,US,sphere,30,afternoon
2004,Englewood,CO,US,sphere,900,afternoon
2004,West Palm Beach,FL,US,sphere,300,night
2004,Clarksville,TX,US,sphere,600,nautical dusk
2004,Kenner,LA,US,sphere,10,afternoon
2004,Queensbury,NY,US,sphere,300,afternoon
2004,Willard,MO,US,sphere,1200,night
2003,Paddock Lake,WI,US,sphere,2,night
2003,Los Angeles,CA,US,sphere,180,night
2003,Abrantes,Santarem,PT,sphere,10,night
2003,Van Nuys,CA,US,sphere,10,afternoon
2003,Maple Rapids,MI,US,sphere,600,night
2003,Alexandria,VA,US,sphere,14,afternoon
2003,London,ON,CA,sphere,10,astronomical dusk
2003,Byron Bay,New South Wales,AU,sphere,420,afternoon
2002,Derry,NH,US,sphere,5,night
2002,Malibu,CA,US,sphere,1800,nautical dusk
2002,Colorado Springs,CO,US,sphere,20,night
2002,Oak Ridge,TN,US,sphere,1800,afternoon
2002,Cincinnati,OH,US,sphere,30,afternoon
2002,Hollywood,FL,US,sphere,900,afternoon
2001,Hamden,CT,US,sphere,180,afternoon
2001,Arroyo Grande,CA,US,sphere,600,civil dusk
2001,Portland,OR,US,sphere,900,astronomical dusk
2001,West Hartford,CT,US,sphere,30,afternoon
2001,San Antonio,TX,US,sphere,2,night
2001,Ithaca,NY,US,sphere,300,astronomical dawn
2000,Jersey City,NJ,US,sphere,10,afternoon
2000,Nevada City,CA,US,sphere,1200,night
2000,Spanish Fork,UT,US,sphere,2,astronomical dusk
2000,Los Angeles,CA,US,sphere,20,afternoon
2000,Motherwell,SCT,GB,sphere,120,night
1999,Jackson,OH,US,sphere,20,night
1999,Houston,TX,US,sphere,30,night
1999,Pound Ridge,NY,US,sphere,300,night
1999,Santee,CA,US,sphere,180,afternoon
1999,Ward,AR,US,sphere,10,astronomical dusk
1999,North Pole,AK,US,sphere,1200,night
1998,Auburn,CA,US,sphere,600,afternoon
1998,Westborough,MA,US,sphere,90,afternoon
1998,Danville,PA,US,sphere,900,night
1998,Austin,TX,US,sphere,10,afternoon
1998,San Bernardino,CA,US,sphere,1800,morning
1997,Asheville,NC,US,sphere,60,night
1997,Dallas,GA,US,sphere,4,morning
1996,Albuquerque,NM,US,sphere,1800,night
1996,San Diego,CA,US,sphere,60,morning
1994,Halifax,ENG,GB,sphere,30,night
1994,Albuquerque,NM,US,sphere,3,night
1992,Waukegan,IL,US,sphere,600,morning
1990,Richibucto,NB,CA,sphere,900,astronomical dawn
1989,Franklin,NC,US,sphere,15,afternoon
1988,Edgewood,MD,US,sphere,45,afternoon
1986,Myrtle Beach,SC,US,sphere,180,night
1985,Grand Island,NE,US,sphere,30,afternoon
1983,Edison,NJ,US,sphere,1800,afternoon
1981,Ellwood city,PA,US,sphere,20,afternoon
1980,Middletown,OH,US,sphere,240,night
1978,North Adams,MA,US,sphere,30,afternoon
1977,Kinder,LA,US,sphere,1200,afternoon
1975,Newnan,GA,US,sphere,60,nautical dusk
1973,Dryden,ON,CA,sphere,30,NA
1971,Inyokern,CA,US,sphere,40,civil dusk
1968,Whittier,CA,US,sphere,420,night
1966,Malden,MA,US,sphere,1800,nautical dusk
1965,Guernsey,WY,US,sphere,60,afternoon
1959,Hobbs,NM,US,sphere,120,afternoon
1943,Portsmouth,ENG,GB,sphere,600,nautical dusk
2022,Little Rock,AR,US,star,1800,astronomical dawn
2022,Homewood,IL,US,star,600,night
2022,North Woodstock,NH,US,star,10,astronomical dusk
2022,Charlotte,NC,US,teardrop,240,astronomical dusk
2021,Cantonment,FL,US,teardrop,40,morning
2020,Salisbury,NC,US,teardrop,120,civil dawn
2019,Bullhead City,AZ,US,teardrop,20,night
2019,Imperial Beach,CA,US,teardrop,5,astronomical dusk
2018,Kanab,UT,US,teardrop,5,night
2017,Denver,CO,US,teardrop,60,night
2017,Holbrook,NY,US,teardrop,300,night
2016,Lyndhurst,NJ,US,teardrop,480,afternoon
2016,Seattle,WA,US,teardrop,50,night
2015,Fort Oglethorpe,GA,US,teardrop,600,afternoon
2015,Stoughton,MA,US,teardrop,600,night
2015,Lake Elsinore,CA,US,teardrop,30,nautical dusk
2014,Santa Fe,NM,US,teardrop,1800,civil dusk
2014,Crescent City,CA,US,teardrop,7,night
2013,Lincoln City,OR,US,teardrop,30,night
2013,Cambridge,ON,CA,teardrop,180,nautical dawn
2012,Pond Creek,OK,US,teardrop,180,night
2012,Davis,CA,US,teardrop,60,night
2012,Paphos,Pafos,CY,teardrop,900,nautical dusk
2011,Phoenix,AZ,US,teardrop,45,night
2011,Barnesville,OH,US,teardrop,300,morning
2010,Scottsdale,AZ,US,teardrop,30,night
2009,Tell City,IN,US,teardrop,300,astronomical dusk
2009,Ramsey,MN,US,teardrop,120,astronomical dusk
2008,Malaga,Andalusia,ES,teardrop,4,morning
2008,Butte,MT,US,teardrop,300,civil dusk
2007,Ravena,NY,US,teardrop,1800,nautical dawn
2007,Griffin,GA,US,teardrop,120,night
2006,Kamloops,BC,CA,teardrop,86400,astronomical dusk
2006,Urbandale,IA,US,teardrop,60,morning
2005,Niagara Falls,ON,CA,teardrop,600,morning
2004,Nashville,TN,US,teardrop,300,afternoon
2004,New Orleans,LA,US,teardrop,40,night
2003,Roseville,CA,US,teardrop,2,astronomical dusk
2002,Centreville,VA,US,teardrop,120,night
2002,Wichita,KS,US,teardrop,60,afternoon
2001,New York City,NY,US,teardrop,240,night
2001,Everett,WA,US,teardrop,5,night
2000,Fredericksburg,TX,US,teardrop,60,afternoon
1999,Victoria,BC,CA,teardrop,300,morning
1998,Eureka,CA,US,teardrop,900,morning
1995,Haslemere,ENG,GB,teardrop,10,afternoon
1982,Highland Heights,OH,US,teardrop,180,night
1957,Lahore,Punjab,PK,teardrop,3,afternoon
2023,Boonville,MO,US,triangle,600,night
2023,Monterey,CA,US,triangle,30,night
2022,Tucson,AZ,US,triangle,3,civil dusk
2022,Carbondale,IL,US,triangle,30,astronomical dusk
2022,Aberdeen,NC,US,triangle,120,night
2022,Dover,DE,US,triangle,60,nautical dusk
2022,Elkhorn,NE,US,triangle,120,night
2022,White City,SK,CA,triangle,0,nautical dusk
2022,Raleigh,NC,US,triangle,90,civil dusk
2022,Streetsboro,OH,US,triangle,15,night
2022,Norwood Young America,MN,US,triangle,45,night
2022,Mayfield heights,OH,US,triangle,10,night
2021,Phoenixville,PA,US,triangle,300,night
2021,Fort Myers Beach,FL,US,triangle,30,night
2021,Jacksonville,FL,US,triangle,10,night
2021,Los Angeles,CA,US,triangle,1200,astronomical dusk
2021,Richland,WA,US,triangle,60,afternoon
2021,Bellevue,WA,US,triangle,300,afternoon
2021,Anna Maria,FL,US,triangle,120,night
2020,Norwalk,CT,US,triangle,300,night
2020,Nevada,IA,US,triangle,60,night
2020,Owensboro,KY,US,triangle,300,morning
2020,Augusta,GA,US,triangle,60,astronomical dusk
2020,Orlando,FL,US,triangle,1200,night
2020,Windham,NH,US,triangle,60,morning
2020,Ottawa,ON,CA,triangle,30,nautical dusk
2020,New London,CT,US,triangle,60,night
2020,Walker,LA,US,triangle,120,nautical dusk
2020,Louisville,KY,US,triangle,10,nautical dusk
2020,Midway,TN,US,triangle,60,night
2020,Bangor,MI,US,triangle,2700,night
2020,Albuquerque,NM,US,triangle,86400,night
2020,Stevens Point,WI,US,triangle,600,night
2020,Honey Brook,PA,US,triangle,900,morning
2020,Delhi,NY,US,triangle,360,night
2020,Corpus Christi,TX,US,triangle,30,night
2019,Arlington,TX,US,triangle,8,night
2019,Katy,TX,US,triangle,3,night
2019,Enfield,NH,US,triangle,240,morning
2019,Yorba Linda,CA,US,triangle,1500,afternoon
2019,Roseville,MI,US,triangle,300,night
2019,Highland,IL,US,triangle,600,night
2019,Denham Springs,LA,US,triangle,5,night
2019,Hawkinsville,GA,US,triangle,90,night
2019,Morristown,TN,US,triangle,120,night
2019,Mendota,CA,US,triangle,15,night
2019,Wichita,KS,US,triangle,3,afternoon
2019,Bentonville,AR,US,triangle,180,astronomical dusk
2019,Antonito,CO,US,triangle,360,nautical dusk
2019,Little Rock,AR,US,triangle,300,night
2019,Statesboro,GA,US,triangle,20,night
2019,San Antonio,TX,US,triangle,120,astronomical dusk
2019,Olympia,WA,US,triangle,120,night
2019,Hamilton,MT,US,triangle,420,night
2019,Overland Park,KS,US,triangle,300,morning
2019,Hartford,CT,US,triangle,4,nautical dawn
2018,Yuma,AZ,US,triangle,300,astronomical dusk
2018,Wilmington,NC,US,triangle,10,night
2018,Lawton,OK,US,triangle,600,civil dusk
2018,London,ENG,GB,triangle,120,astronomical dusk
2018,Martinez,CA,US,triangle,120,nautical dusk
2018,Princeton,WV,US,triangle,420,night
2018,Jerome,ID,US,triangle,900,night
2018,Orlando,FL,US,triangle,120,night
2018,Mena,AR,US,triangle,5,night
2018,Rollinsford,NH,US,triangle,60,night
2017,Imperial Beach,CA,US,triangle,540,nautical dusk
2017,Houston,TX,US,triangle,3,night
2017,Santee,SC,US,triangle,240,night
2017,Los Angeles,CA,US,triangle,30,night
2017,East Liverpool,OH,US,triangle,120,night
2017,Bay Village,OH,US,triangle,600,astronomical dawn
2017,Grovetown,GA,US,triangle,120,night
2017,Ladson,SC,US,triangle,10,night
2017,Sullivan,MO,US,triangle,3,morning
2017,Virginia Beach,VA,US,triangle,120,night
2017,Vineland,NJ,US,triangle,43200,night
2017,North Myrtle Beach,SC,US,triangle,5,morning
2017,Austin,TX,US,triangle,180,astronomical dusk
2017,Londonderry,NH,US,triangle,1800,night
2017,Franklinton,LA,US,triangle,300,night
2017,Campbell,CA,US,triangle,300,night
2016,Jerseyville,IL,US,triangle,4,night
2016,Lower Burrell,PA,US,triangle,180,night
2016,Kettering,OH,US,triangle,1800,night
2016,Colorado Springs,CO,US,triangle,15,night
2016,Boulder,CO,US,triangle,15,night
2016,San Diego,CA,US,triangle,300,night
2016,Tucson,AZ,US,triangle,90,afternoon
2016,Columbus,OH,US,triangle,240,morning
2016,Lafayette,CO,US,triangle,60,morning
2016,Bainbridge Island,WA,US,triangle,240,astronomical dusk
2016,Marlton,NJ,US,triangle,180,afternoon
2016,Warren,OH,US,triangle,180,civil dusk
2016,Newburgh,IN,US,triangle,600,afternoon
2016,Concord,NC,US,triangle,900,civil dusk
2016,Springdale,AR,US,triangle,300,night
2016,Jacksonville,FL,US,triangle,300,night
2016,Port Orange,FL,US,triangle,15,night
2016,Mesa,AZ,US,triangle,25,night
2016,Sebastian,FL,US,triangle,2400,night
2016,East Aurora,NY,US,triangle,600,night
2016,Pontiac,MI,US,triangle,120,night
2016,Norwich,CT,US,triangle,600,night
2015,Buxton,NC,US,triangle,900,night
2015,South Lyon,MI,US,triangle,5,night
2015,Reno,NV,US,triangle,15,astronomical dawn
2015,Grand Rapids,MI,US,triangle,30,night
2015,Silver Spring,MD,US,triangle,60,morning
2015,Longmont,CO,US,triangle,600,night
2015,Christopher,IL,US,triangle,180,night
2015,Imperial Beach,CA,US,triangle,45,afternoon
2015,Fenton,MO,US,triangle,15,nautical dusk
2015,Lugoff,SC,US,triangle,60,night
2015,Phillipsburg,NJ,US,triangle,180,civil dusk
2015,Wilson,NY,US,triangle,300,astronomical dusk
2015,Columbus,OH,US,triangle,240,astronomical dusk
2015,Smithfield,PA,US,triangle,600,astronomical dusk
2015,Lawrenceville,GA,US,triangle,2700,night
2015,Dayton,OH,US,triangle,300,astronomical dusk
2015,Puyallup,WA,US,triangle,180,night
2015,Concordia,MO,US,triangle,60,afternoon
2015,Chattanooga,TN,US,triangle,300,night
2015,Buffalo Grove,IL,US,triangle,180,astronomical dusk
2015,Fresno,CA,US,triangle,180,night
2015,Boise,ID,US,triangle,1200,afternoon
2015,Torrington,CT,US,triangle,40,night
2014,Red Lodge,MT,US,triangle,5,night
2014,Meadowview,VA,US,triangle,60,nautical dawn
2014,Fairfield,OH,US,triangle,6,night
2014,Reno,NV,US,triangle,45,morning
2014,Worcester,MA,US,triangle,60,night
2014,Ashland,OR,US,triangle,120,night
2014,Swindon,ENG,GB,triangle,240,astronomical dusk
2014,Midwest City,OK,US,triangle,240,night
2014,Allentown,PA,US,triangle,60,night
2014,Minersville,PA,US,triangle,900,morning
2014,Franklin,NH,US,triangle,60,night
2014,Oshawa,ON,CA,triangle,120,nautical dusk
2014,Hyannis,MA,US,triangle,30,astronomical dawn
2014,Upland,CA,US,triangle,600,night
2014,San Clemente,CA,US,triangle,2700,morning
2014,Warrensburg,MO,US,triangle,240,astronomical dusk
2014,Phoenix,AZ,US,triangle,360,nautical dusk
2014,Greater Sudbury,ON,CA,triangle,7,nautical dusk
2014,Liberty,SC,US,triangle,20,night
2014,Fletcher,NC,US,triangle,20,astronomical dusk
2014,Kokomo,IN,US,triangle,86400,night
2014,Frederick,MD,US,triangle,1200,astronomical dusk
2014,Ropar,Punjab,IN,triangle,83,night
2014,Tampa,FL,US,triangle,300,night
2014,Dallas,TX,US,triangle,180,night
2014,South Kingstown,RI,US,triangle,180,afternoon
2014,Frankfort,KY,US,triangle,300,night
2014,Hartwell,GA,US,triangle,10,night
2013,Wayne,NJ,US,triangle,20,night
2013,Edmond,OK,US,triangle,300,night
2013,Berwick,PA,US,triangle,180,nautical dusk
2013,Rio Rancho,NM,US,triangle,86400,nautical dusk
2013,Key Largo,FL,US,triangle,10,night
2013,Des Moines,IA,US,triangle,10,night
2013,Lindsay,ON,CA,triangle,120,astronomical dusk
2013,Athens,GA,US,triangle,300,night
2013,Lehighton,PA,US,triangle,180,astronomical dusk
2013,Gainesville,FL,US,triangle,60,night
2013,Charleston,WV,US,triangle,180,night
2013,East Wenatchee,WA,US,triangle,180,night
2013,Fayetteville,NC,US,triangle,120,night
2013,Myrtle Beach,SC,US,triangle,2,night
2013,Port Angeles,WA,US,triangle,25,NA
2013,Lewiston,ID,US,triangle,240,NA
2013,Las Vegas,NV,US,triangle,86400,night
2013,Navarre,FL,US,triangle,15,night
2013,North Hollywood,CA,US,triangle,900,civil dusk
2013,Wylie,TX,US,triangle,45,astronomical dusk
2013,Quincy,MA,US,triangle,86400,night
2013,Red Wing,MN,US,triangle,180,astronomical dusk
2013,Spring,TX,US,triangle,600,night
2013,Sunset,UT,US,triangle,1800,night
2013,Sylacauga,AL,US,triangle,300,night
2013,Vestal,NY,US,triangle,180,night
2012,Washington,DC,US,triangle,900,night
2012,Plattsburgh,NY,US,triangle,420,night
2012,Racine,WI,US,triangle,15,night
2012,Burke,VA,US,triangle,5,night
2012,Hamilton,OH,US,triangle,240,night
2012,Mount Vernon,IA,US,triangle,300,night
2012,Sierra Vista,AZ,US,triangle,10,night
2012,Brockville,ON,CA,triangle,10,night
2012,Indianapolis,IN,US,triangle,240,astronomical dusk
2012,Vancouver,WA,US,triangle,240,night
2012,Sacramento,CA,US,triangle,30,night
2012,Great Falls,MT,US,triangle,12,night
2012,Vero Beach,FL,US,triangle,420,night
2012,Council Bluffs,IA,US,triangle,180,night
2012,Graham,WA,US,triangle,900,NA
2012,Cross Lanes,WV,US,triangle,120,morning
2012,Hopewell,VA,US,triangle,600,nautical dusk
2012,Fond du Lac,WI,US,triangle,60,afternoon
2012,Riverside,CA,US,triangle,7,astronomical dusk
2012,James Island,SC,US,triangle,600,night
2012,Waukesha,WI,US,triangle,600,night
2012,Alexandria,VA,US,triangle,30,night
2012,Rockford,IL,US,triangle,120,night
2012,Arlington Heights,IL,US,triangle,5,morning
2012,King William,VA,US,triangle,1800,night
2012,Allentown,PA,US,triangle,300,night
2012,Winder,GA,US,triangle,10,morning
2011,Fresno,CA,US,triangle,180,night
2011,Kansas City,MO,US,triangle,600,night
2011,Green River,WY,US,triangle,15,night
2011,Georgetown,KY,US,triangle,600,night
2011,Temple,TX,US,triangle,5,night
2011,Wilmington,NC,US,triangle,300,astronomical dusk
2011,Anthony,NM,US,triangle,6,night
2011,Exeter,NH,US,triangle,30,night
2011,Oakley,CA,US,triangle,900,nautical dusk
2011,Pendleton,IN,US,triangle,4,night
2011,Los Banos,CA,US,triangle,300,morning
2011,Columbia,MO,US,triangle,60,civil dusk
2011,Hermitage,TN,US,triangle,180,afternoon
2011,Espoo,Uusimaa,FI,triangle,10,NA
2011,Venice,CA,US,triangle,15,night
2011,Kearns,UT,US,triangle,120,night
2011,Walhalla,SC,US,triangle,60,astronomical dusk
2011,North Caldwell,NJ,US,triangle,120,nautical dawn
2011,Sarasota,FL,US,triangle,60,civil dusk
2010,Vanderbijlpark,Gauteng,ZA,triangle,10,night
2010,Troy,MI,US,triangle,300,astronomical dusk
2010,Harrison,ME,US,triangle,300,night
2010,Tuttle,OK,US,triangle,1200,night
2010,Clackamas,OR,US,triangle,120,civil dusk
2010,Warren,MI,US,triangle,600,astronomical dusk
2010,Kearny,NJ,US,triangle,1200,night
2010,Plymouth,MA,US,triangle,120,night
2010,Kent,WA,US,triangle,10,night
2010,Sydney,New South Wales,AU,triangle,1800,astronomical dusk
2010,Lemoore,CA,US,triangle,120,civil dusk
2010,Stafford Springs,CT,US,triangle,180,night
2010,Kissimmee,FL,US,triangle,240,astronomical dusk
2010,Cheyenne,WY,US,triangle,300,night
2010,Middlefield,OH,US,triangle,20,night
2010,Oakland,CA,US,triangle,10,night
2010,El Cajon,CA,US,triangle,720,night
2009,Delta Junction,AK,US,triangle,60,night
2009,Mandeville,LA,US,triangle,600,astronomical dawn
2009,Springville,CA,US,triangle,600,night
2009,Lakewood,WA,US,triangle,300,night
2009,Wallacia,New South Wales,AU,triangle,300,nautical dusk
2009,Wheeling,IL,US,triangle,120,morning
2009,Alton,IL,US,triangle,1800,astronomical dusk
2009,Rohnert Park,CA,US,triangle,120,night
2009,Texarkana,TX,US,triangle,600,night
2009,Greenfield,IL,US,triangle,1800,morning
2009,Durham,NC,US,triangle,300,night
2009,Horsham,PA,US,triangle,30,night
2009,Sanford,FL,US,triangle,60,nautical dusk
2009,Dothan,AL,US,triangle,15,astronomical dusk
2009,Bengaluru,Karnataka,IN,triangle,120,NA
2009,Monroe,LA,US,triangle,300,night
2008,Miami,FL,US,triangle,120,afternoon
2008,Indianapolis,IN,US,triangle,30,night
2008,Tellico Plains,TN,US,triangle,120,night
2008,Lahore,Punjab,PK,triangle,300,morning
2008,Monroe,NY,US,triangle,120,night
2008,Edinburgh,SCT,GB,triangle,20,astronomical dusk
2008,Fort Collins,CO,US,triangle,480,night
2008,Mount Sterling,KY,US,triangle,600,night
2008,Johnston,RI,US,triangle,20,night
2008,Highland,NY,US,triangle,300,night
2008,Mountain View,CA,US,triangle,360,nautical dusk
2008,Henning,TN,US,triangle,30,night
2008,Rockford,IL,US,triangle,60,night
2008,Covina,CA,US,triangle,60,night
2008,West Haven,CT,US,triangle,600,night
2008,Benicia,CA,US,triangle,120,morning
2008,Graham,WA,US,triangle,60,night
2008,Houston,TX,US,triangle,5,night
2007,Mount Pleasant,PA,US,triangle,300,night
2007,Boiling Springs,PA,US,triangle,180,night
2007,Auburn,MI,US,triangle,60,night
2007,Battle Creek,MI,US,triangle,420,astronomical dusk
2007,Omaha,NE,US,triangle,45,night
2007,Franklin,TN,US,triangle,120,afternoon
2007,Portsmouth,RI,US,triangle,1800,night
2007,Dinuba,CA,US,triangle,10,afternoon
2007,Gretna,VA,US,triangle,300,astronomical dusk
2007,Oshawa,ON,CA,triangle,6,morning
2007,Southside,AL,US,triangle,360,astronomical dusk
2007,Muncie,IN,US,triangle,180,civil dusk
2007,Hollywood,FL,US,triangle,60,afternoon
2007,Albany,OR,US,triangle,5,night
2007,Raleigh,NC,US,triangle,4,night
2007,Pasco,WA,US,triangle,20,night
2007,Santa Rosa,CA,US,triangle,720,astronomical dawn
2007,Hastings,MI,US,triangle,600,night
2007,LaPorte,IN,US,triangle,300,night
2006,Lafayette,LA,US,triangle,5,night
2006,Lucedale,MS,US,triangle,300,night
2006,Elkhorn,NE,US,triangle,5,night
2006,Onalaska,WI,US,triangle,30,night
2006,Boulder,CO,US,triangle,10,night
2006,Lake Worth,FL,US,triangle,1,night
2006,Miami,FL,US,triangle,25,night
2006,St. Louis,MO,US,triangle,120,afternoon
2006,Barnesville,OH,US,triangle,20,night
2006,Carmichael,CA,US,triangle,240,astronomical dusk
2006,Perth,Western Australia,AU,triangle,7,night
2006,Yamachiche,QC,CA,triangle,60,nautical dusk
2006,Lake Worth,FL,US,triangle,120,night
2006,Antelope,CA,US,triangle,90,night
2005,Knox,IN,US,triangle,300,afternoon
2005,Phoenix,AZ,US,triangle,600,nautical dusk
2005,Tinley Park,IL,US,triangle,3600,night
2005,Milwaukee,WI,US,triangle,300,night
2005,Tinley Park,IL,US,triangle,1200,night
2005,Louisburg,NC,US,triangle,900,civil dawn
2005,Coalinga,CA,US,triangle,240,night
2005,Bayside,NY,US,triangle,86400,night
2005,De Panne,Flanders,BE,triangle,10,astronomical dusk
2005,Yuma,AZ,US,triangle,60,night
2005,Ottawa,ON,CA,triangle,60,NA
2005,Midway,GA,US,triangle,60,night
2005,West Palm Beach,FL,US,triangle,600,afternoon
2005,Sicklerville,NJ,US,triangle,120,night
2005,Scottsdale,AZ,US,triangle,180,morning
2005,Green Valley,AZ,US,triangle,240,night
2005,Fort Collins,CO,US,triangle,9,night
2005,Lewisville,NC,US,triangle,600,night
2004,Bristol,TN,US,triangle,25,night
2004,Gardena,CA,US,triangle,300,night
2004,Sun Prairie,WI,US,triangle,600,night
2004,Mahwah,NJ,US,triangle,180,night
2004,Marysville,WA,US,triangle,120,nautical dusk
2004,Easton,PA,US,triangle,180,astronomical dusk
2004,Hawthorn Woods,IL,US,triangle,86400,night
2004,Longmont,CO,US,triangle,3,night
2004,Terrace,BC,CA,triangle,86400,astronomical dusk
2004,Hudson,NY,US,triangle,120,night
2004,San Francisco,CA,US,triangle,600,night
2004,Scappoose,OR,US,triangle,300,astronomical dawn
2004,Butte,MT,US,triangle,120,night
2004,Manly,IA,US,triangle,20,astronomical dusk
2004,Oakland,CA,US,triangle,15,night
2004,Amery,WI,US,triangle,30,night
2004,Levittown,PA,US,triangle,1800,night
2004,El Segundo,CA,US,triangle,3,morning
2003,Hagerstown,MD,US,triangle,60,night
2003,Trenton,MO,US,triangle,30,night
2003,Charlotte,NC,US,triangle,30,night
2003,Opp,AL,US,triangle,900,night
2003,Bristol,TN,US,triangle,10,night
2003,Orlando,FL,US,triangle,900,night
2003,Federal Way,WA,US,triangle,600,astronomical dusk
2003,Issaquah,WA,US,triangle,6,night
2003,Shreveport,LA,US,triangle,60,astronomical dusk
2003,Mentor-on-the-Lake,OH,US,triangle,3,afternoon
2003,Calgary,AB,CA,triangle,30,NA
2003,Beaumont,CA,US,triangle,1800,night
2003,Coquitlam,BC,CA,triangle,4,night
2003,Seattle,WA,US,triangle,1980,night
2002,Kirkland,QC,CA,triangle,5,night
2002,Dudley,MA,US,triangle,600,night
2002,Lakewood,CA,US,triangle,900,nautical dusk
2002,Langley,BC,CA,triangle,30,night
2002,Columbus,OH,US,triangle,120,astronomical dusk
2002,Dickinson,ND,US,triangle,120,night
2002,Rugby,ENG,GB,triangle,20,night
2002,Namur,Wallonia,BE,triangle,60,night
2002,Houston,TX,US,triangle,11,morning
2002,Muskegon,MI,US,triangle,10,astronomical dusk
2002,Red Deer,AB,CA,triangle,6,night
2002,Middletown,OH,US,triangle,6,night
2002,Sioux Falls,SD,US,triangle,30,night
2002,Salem,OR,US,triangle,600,night
2001,Baton Rouge,LA,US,triangle,150,night
2001,Chilhowie,VA,US,triangle,180,afternoon
2001,Studio City,CA,US,triangle,180,night
2001,Valdese,NC,US,triangle,120,afternoon
2001,Bothell,WA,US,triangle,1800,afternoon
2001,Newmarket,ON,CA,triangle,10,night
2001,Cottage Grove,OR,US,triangle,60,astronomical dusk
2001,Chapel Hill,NC,US,triangle,3600,civil dusk
2001,Longmont,CO,US,triangle,600,night
2001,Marietta,GA,US,triangle,10,afternoon
2001,Green River,UT,US,triangle,30,morning
2001,Fleetwood,ENG,GB,triangle,480,nautical dusk
2001,Oceanside,CA,US,triangle,30,night
2000,Mission,KS,US,triangle,10,night
2000,Toronto,ON,CA,triangle,60,night
2000,Dana Point,CA,US,triangle,30,night
2000,Silver Lake,CA,US,triangle,1800,night
2000,Naha,Okinawa,JP,triangle,60,NA
2000,Pipestone,MN,US,triangle,600,night
2000,Bellevue,WA,US,triangle,180,morning
2000,Sycamore,OH,US,triangle,1500,nautical dusk
2000,Santa Fe,NM,US,triangle,180,nautical dusk
2000,Southampton,ENG,GB,triangle,15,night
2000,Falconer,NY,US,triangle,15,astronomical dusk
2000,Bristol,VT,US,triangle,300,astronomical dusk
2000,Union,MO,US,triangle,86400,night
1999,Carlsbad,CA,US,triangle,2,night
1999,Baton Rouge,LA,US,triangle,5,night
1999,Florence,KY,US,triangle,600,afternoon
1999,Santa Ana,CA,US,triangle,20,night
1999,Junction City,OH,US,triangle,120,night
1999,Myrtle Beach,SC,US,triangle,60,night
1999,Point Pleasant,WV,US,triangle,86400,night
1999,Royal Oak,MI,US,triangle,6,afternoon
1999,Lompoc,CA,US,triangle,600,morning
1999,Falkirk,SCT,GB,triangle,600,night
1998,Fort Smith,AR,US,triangle,300,nautical dawn
1998,Alva,OK,US,triangle,120,night
1998,Gonzales,LA,US,triangle,120,night
1998,Grande Prairie,AB,CA,triangle,50,afternoon
1998,Sulphur Springs,TX,US,triangle,5,afternoon
1998,O'Fallon,MO,US,triangle,1200,afternoon
1998,Brighton,IL,US,triangle,900,night
1998,Columbus,OH,US,triangle,480,night
1997,Santa Cruz,CA,US,triangle,300,night
1997,Summerville,SC,US,triangle,1200,night
1997,Dracut,MA,US,triangle,120,afternoon
1997,Ticonderoga,NY,US,triangle,300,morning
1997,Bouse,AZ,US,triangle,60,night
1997,Austin,TX,US,triangle,1800,afternoon
1997,Chandler,AZ,US,triangle,90,night
1997,Los Angeles,CA,US,triangle,7,night
1996,Merrimac,MA,US,triangle,40,night
1996,Fairfield,OH,US,triangle,60,afternoon
1996,St. Louis,MO,US,triangle,1800,night
1996,Burns,OR,US,triangle,900,night
1995,Washburn,ND,US,triangle,20,night
1995,Elizabethtown,KY,US,triangle,60,night
1995,New York City,NY,US,triangle,10,night
1995,Redding,CA,US,triangle,1800,astronomical dusk
1994,Birmingham,AL,US,triangle,900,night
1994,Caldwell,ID,US,triangle,300,afternoon
1994,Montgomery,AL,US,triangle,10800,astronomical dusk
1993,Elkton,MD,US,triangle,1800,night
1993,Winnsboro,SC,US,triangle,300,afternoon
1993,Greenville,SC,US,triangle,600,night
1992,New Hope,PA,US,triangle,300,night
1992,Swarthmore,PA,US,triangle,120,night
1991,Avon,MA,US,triangle,1200,astronomical dusk
1990,Townsend,MT,US,triangle,3,night
1990,Minot,ND,US,triangle,90,night
1989,Pickering,ON,CA,triangle,180,morning
1988,Liberty,NC,US,triangle,60,night
1988,Yardley,PA,US,triangle,1800,afternoon
1987,Yankton,SD,US,triangle,6,astronomical dusk
1986,Del Rio,TX,US,triangle,20,nautical dusk
1985,Buckner,MO,US,triangle,720,astronomical dusk
1985,Houston,TX,US,triangle,2400,night
1984,Tolland,CT,US,triangle,300,astronomical dusk
1983,Springfield,VT,US,triangle,600,NA
1982,Detroit,MI,US,triangle,900,afternoon
1980,Ormstown,QC,CA,triangle,120,afternoon
1979,Wenatchee,WA,US,triangle,8,astronomical dusk
1978,Fort Worth,TX,US,triangle,480,afternoon
1978,Grand Prairie,TX,US,triangle,60,night
1977,Mechanicsburg,PA,US,triangle,180,astronomical dusk
1976,Sycamore,IL,US,triangle,900,NA
1975,Smithland,KY,US,triangle,600,civil dusk
1974,Morgan City,LA,US,triangle,600,night
1973,San Jose,CA,US,triangle,900,astronomical dusk
1969,Bryan,TX,US,triangle,60,afternoon
1966,Winston-Salem,NC,US,triangle,60,night
1962,Beaverton,OR,US,triangle,120,afternoon
2023,Prescott Valley,AZ,US,unknown,60,night
2023,Jackson,MS,US,unknown,86400,astronomical dusk
2023,Fort Collins,CO,US,unknown,4,night
2022,Waterford,CT,US,unknown,60,nautical dusk
2022,Arlington,TX,US,unknown,15,nautical dusk
2022,Norfolk,VA,US,unknown,240,night
2022,Onaway,MI,US,unknown,180,astronomical dusk
2022,Louisville,KY,US,unknown,180,morning
2022,Anahola,HI,US,unknown,2,night
2021,Southampton,ENG,GB,unknown,120,night
2021,Salem,OR,US,unknown,300,NA
2021,Anthem,AZ,US,unknown,2700,nautical dusk
2021,Running Springs,CA,US,unknown,60,afternoon
2021,Las Vegas,NV,US,unknown,300,morning
2021,Richland,WA,US,unknown,45,night
2020,Goldsboro,NC,US,unknown,60,civil dusk
2020,Jasper,GA,US,unknown,120,morning
2020,Telford,ENG,GB,unknown,1200,night
2020,Yelm,WA,US,unknown,180,nautical dusk
2020,Seneca Falls,NY,US,unknown,30,night
2020,New York City,NY,US,unknown,600,afternoon
2020,Houston,TX,US,unknown,900,night
2020,Edgewood,WA,US,unknown,20,astronomical dusk
2020,Lowell,OR,US,unknown,86400,night
2020,Boise,ID,US,unknown,86400,astronomical dusk
2020,Kastl,Bavaria,DE,unknown,300,night
2020,Seattle,WA,US,unknown,600,morning
2020,Bude,ENG,GB,unknown,10,civil dawn
2019,Torrevieja,Valencia,ES,unknown,420,night
2019,Shelbyville,IL,US,unknown,10,civil dusk
2019,Snellville,GA,US,unknown,10,astronomical dusk
2019,Woodbridge,VA,US,unknown,120,night
2019,Plymouth,NH,US,unknown,300,night
2019,Hartford,CT,US,unknown,120,night
2019,Santa Cruz,CA,US,unknown,180,morning
2019,Lindon,UT,US,unknown,180,night
2019,Santee,CA,US,unknown,30,nautical dusk
2019,Wernersville,PA,US,unknown,3,morning
2019,Enfield,CT,US,unknown,5,afternoon
2019,Minot,ND,US,unknown,300,night
2019,Colorado Springs,CO,US,unknown,300,afternoon
2019,Robinson,PA,US,unknown,720,nautical dusk
2018,Bizerte,Bizerte Governorate,TN,unknown,180,afternoon
2018,Albuquerque,NM,US,unknown,240,afternoon
2018,Jonesborough,TN,US,unknown,180,night
2018,Kelseyville,CA,US,unknown,300,astronomical dusk
2018,Montgomery,IL,US,unknown,20,afternoon
2018,Park Ridge,IL,US,unknown,480,morning
2018,Tenterden,ENG,GB,unknown,5,night
2018,Mattoon,IL,US,unknown,300,afternoon
2018,Haddonfield,NJ,US,unknown,60,night
2017,Memphis,TN,US,unknown,2700,night
2017,Cape Coral,FL,US,unknown,300,morning
2017,New York City,NY,US,unknown,600,afternoon
2017,Liberty,NC,US,unknown,180,night
2017,Barboursville,WV,US,unknown,1,night
2017,Strafford,NH,US,unknown,5,night
2017,Chestertown,MD,US,unknown,120,night
2017,Kalamazoo,MI,US,unknown,600,civil dusk
2017,Zia Pueblo,NM,US,unknown,120,civil dusk
2017,Dover,DE,US,unknown,120,afternoon
2017,Gulf Shores,AL,US,unknown,40,night
2017,Tucson,AZ,US,unknown,600,night
2016,Miami,FL,US,unknown,300,morning
2016,La Ronge,SK,CA,unknown,300,night
2016,Madison,WI,US,unknown,300,night
2016,North Pole,AK,US,unknown,1200,night
2016,Marshalltown,IA,US,unknown,3,night
2016,Wethersfield,CT,US,unknown,20,night
2016,Concord,NH,US,unknown,120,night
2016,Live Oak,FL,US,unknown,180,night
2016,Kingman,AZ,US,unknown,10,nautical dawn
2016,West Palm Beach,FL,US,unknown,1800,night
2016,Grand Marais,MN,US,unknown,1200,nautical dusk
2016,Marysville,WA,US,unknown,180,nautical dusk
2016,Maple Ridge,BC,CA,unknown,300,night
2016,Lafayette,CO,US,unknown,600,night
2015,Youghal,NA,IE,unknown,900,night
2015,Kenvil,NJ,US,unknown,15,civil dusk
2015,Villas,NJ,US,unknown,120,night
2015,Covina,CA,US,unknown,180,nautical dusk
2015,Seattle,WA,US,unknown,600,night
2015,Ringgold,GA,US,unknown,20,night
2015,Coconut Creek,FL,US,unknown,300,night
2015,Corpus Christi,TX,US,unknown,20,night
2015,Ottawa,IL,US,unknown,120,night
2015,Somerville,NJ,US,unknown,900,nautical dusk
2015,Puyallup,WA,US,unknown,60,NA
2015,Lawrence,KS,US,unknown,300,civil dusk
2015,Waukesha,WI,US,unknown,30,night
2015,Kingston,NH,US,unknown,600,night
2015,Reynoldsburg,OH,US,unknown,600,night
2015,Saint Charles,MO,US,unknown,60,astronomical dusk
2015,Goldsboro,NC,US,unknown,900,night
2015,Austin,TX,US,unknown,240,night
2015,Montara,CA,US,unknown,40,nautical dawn
2014,Ocala,FL,US,unknown,600,night
2014,Somerset,NJ,US,unknown,600,civil dusk
2014,Portland,OR,US,unknown,10,night
2014,Beverly Hills,MI,US,unknown,30,civil dawn
2014,manorville,NY,US,unknown,2,night
2014,Arlington,TN,US,unknown,3,astronomical dusk
2014,Linglestown,PA,US,unknown,120,night
2014,Cullowhee,NC,US,unknown,86400,nautical dusk
2014,Memphis,TN,US,unknown,480,night
2014,Omaha,NE,US,unknown,120,astronomical dusk
2014,Taylor,MI,US,unknown,600,night
2014,El Cajon,CA,US,unknown,120,night
2014,Miami,OK,US,unknown,600,night
2014,Blackwood,NJ,US,unknown,600,night
2014,Islip,NY,US,unknown,2400,night
2014,Fyffe,AL,US,unknown,300,night
2014,El Cajon,CA,US,unknown,120,night
2014,Morganton,NC,US,unknown,60,night
2014,Chester Heights,PA,US,unknown,120,night
2014,East Tawas,MI,US,unknown,180,night
2014,Ridgecrest,CA,US,unknown,180,night
2014,Maricopa,AZ,US,unknown,1200,night
2013,Johannesburg,Gauteng,ZA,unknown,86400,night
2013,Laurel,DE,US,unknown,300,night
2013,Tucson,AZ,US,unknown,240,night
2013,Santa Fe,NM,US,unknown,420,night
2013,Auburn,CA,US,unknown,30,night
2013,Lawrence,KS,US,unknown,240,afternoon
2013,Myrtle Beach,SC,US,unknown,4,night
2013,Fergus Falls,MN,US,unknown,86400,nautical dusk
2013,Lincoln,NE,US,unknown,2700,night
2013,Phoenixville,PA,US,unknown,300,nautical dusk
2013,Selah,WA,US,unknown,600,nautical dusk
2013,Boca Raton,FL,US,unknown,600,night
2013,Stuart,FL,US,unknown,300,nautical dusk
2013,Rolesville,NC,US,unknown,5,night
2013,Grantsburg,WI,US,unknown,180,NA
2013,Quito,Pichincha,EC,unknown,300,afternoon
2013,Prattville,AL,US,unknown,120,night
2013,Thornton,CO,US,unknown,300,astronomical dusk
2013,Fredericksburg,VA,US,unknown,300,night
2013,Black River Falls,WI,US,unknown,300,afternoon
2012,Rapid City,SD,US,unknown,180,night
2012,Morrison,IL,US,unknown,20,night
2012,Oconomowoc,WI,US,unknown,86400,afternoon
2012,Kamiah,ID,US,unknown,120,night
2012,Scottsdale,AZ,US,unknown,600,night
2012,Richmond,TX,US,unknown,300,night
2012,Springfield,OR,US,unknown,300,afternoon
2012,Saskatoon,SK,CA,unknown,80,nautical dusk
2012,Fulton,KY,US,unknown,5400,afternoon
2012,Hugo,MN,US,unknown,240,nautical dusk
2012,Everett,WA,US,unknown,300,NA
2012,Bloomington,MN,US,unknown,60,nautical dusk
2012,Kendallville,IN,US,unknown,180,nautical dusk
2012,Helsinki,Uusimaa,FI,unknown,120,NA
2012,St. Louis,MO,US,unknown,120,night
2012,Phoenix,AZ,US,unknown,300,night
2012,Sweetwater,TN,US,unknown,240,night
2012,Greenfield,MA,US,unknown,300,night
2012,Laredo,TX,US,unknown,30,nautical dusk
2012,Medford,OR,US,unknown,300,night
2011,Bellingham,WA,US,unknown,180,nautical dawn
2011,La Plata,MD,US,unknown,300,afternoon
2011,Ringgold,GA,US,unknown,1200,night
2011,Sea Isle City,NJ,US,unknown,300,night
2011,Chula Vista,CA,US,unknown,600,night
2011,Buffalo,MN,US,unknown,10,night
2011,Port Neches,TX,US,unknown,120,night
2011,Yankton,SD,US,unknown,60,nautical dusk
2011,Menasha,WI,US,unknown,600,nautical dusk
2011,Miami,FL,US,unknown,120,night
2011,Dunnellon,FL,US,unknown,5,morning
2011,Apple Valley,CA,US,unknown,180,afternoon
2011,Dayton,VA,US,unknown,15,astronomical dusk
2010,Moncks Corner,SC,US,unknown,60,nautical dusk
2010,Reading,OH,US,unknown,600,morning
2010,Levelland,TX,US,unknown,2700,night
2010,Rangely,CO,US,unknown,30,morning
2010,Temecula,CA,US,unknown,15,night
2010,Nevada City,CA,US,unknown,180,night
2010,Lincoln,NE,US,unknown,300,astronomical dusk
2010,South Shore,KY,US,unknown,45,astronomical dusk
2010,Oakland,CA,US,unknown,5,nautical dusk
2010,Winnipeg,MB,CA,unknown,300,nautical dusk
2010,Shelbyville,IL,US,unknown,180,night
2010,Crestview,FL,US,unknown,120,night
2009,Union City,CA,US,unknown,900,night
2009,Milwaukee,WI,US,unknown,30,night
2009,Clinton,CT,US,unknown,20,night
2009,Baildon,ENG,GB,unknown,120,night
2009,Mississauga,ON,CA,unknown,25,night
2009,Bay City,MI,US,unknown,300,astronomical dusk
2009,Butler,MO,US,unknown,720,afternoon
2009,Sligo,PA,US,unknown,600,astronomical dusk
2009,Mesa,AZ,US,unknown,180,night
2009,Allentown,PA,US,unknown,12,night
2009,Starke,FL,US,unknown,86400,night
2009,Myrtle Beach,SC,US,unknown,600,night
2008,Titusville,FL,US,unknown,900,night
2008,Colorado Springs,CO,US,unknown,15,afternoon
2008,Oberlin,OH,US,unknown,30,night
2008,Loudon,TN,US,unknown,20,night
2008,Spencer,WV,US,unknown,300,afternoon
2008,Elkhorn City,KY,US,unknown,2700,night
2008,Chehalis,WA,US,unknown,30,nautical dusk
2008,Texhoma,OK,US,unknown,600,morning
2008,Buckeye,AZ,US,unknown,300,afternoon
2008,Duncansville,PA,US,unknown,1200,astronomical dusk
2008,Des Plaines,IL,US,unknown,120,night
2008,Pomona,CA,US,unknown,1800,afternoon
2008,Elizabethtown,KY,US,unknown,4,night
2008,New York City,NY,US,unknown,900,civil dawn
2008,Las Vegas,NV,US,unknown,300,night
2007,San Martin,CA,US,unknown,180,night
2007,Dinuba,CA,US,unknown,180,astronomical dusk
2007,Monee,IL,US,unknown,150,night
2007,Mooresville,NC,US,unknown,8,night
2007,Ringgold,GA,US,unknown,2700,night
2007,Cherry Hill,NJ,US,unknown,5,night
2007,Escalante,UT,US,unknown,300,astronomical dusk
2007,St. Louis,MO,US,unknown,600,astronomical dusk
2007,Richmond,KY,US,unknown,240,astronomical dusk
2007,Lakeview,OH,US,unknown,45,night
2007,Congress,AZ,US,unknown,5,night
2007,Oglala,SD,US,unknown,600,morning
2007,Chesnee,SC,US,unknown,240,night
2006,Indianapolis,IN,US,unknown,15,night
2006,Los Angeles,CA,US,unknown,300,afternoon
2006,Kennewick,WA,US,unknown,86400,night
2006,Albuquerque,NM,US,unknown,10,afternoon
2006,Federal Way,WA,US,unknown,5,night
2006,Williams Lake,BC,CA,unknown,30,astronomical dusk
2006,Tucson,AZ,US,unknown,2700,astronomical dawn
2006,Sacramento,CA,US,unknown,5,civil dusk
2006,Wauchula,FL,US,unknown,86400,afternoon
2006,Sioux Falls,SD,US,unknown,180,civil dusk
2006,Waupaca,WI,US,unknown,180,afternoon
2006,Panama City,FL,US,unknown,180,night
2006,Lantana,FL,US,unknown,120,astronomical dawn
2005,Highland Park,MI,US,unknown,4,nautical dawn
2005,Columbia,MO,US,unknown,4,night
2005,Napa,CA,US,unknown,1200,night
2005,Gig Harbor,WA,US,unknown,300,afternoon
2005,Oakland,ME,US,unknown,600,night
2005,Dallas,TX,US,unknown,3,night
2005,Freeport,NY,US,unknown,30,afternoon
2005,Clovis,NM,US,unknown,1200,civil dawn
2005,Glennville,GA,US,unknown,1800,night
2005,Walker,MN,US,unknown,600,night
2005,Dhaka,Dhaka,BD,unknown,60,night
2004,Tulsa,OK,US,unknown,20,civil dusk
2004,Ashburn,VA,US,unknown,15,night
2004,Whitmire,SC,US,unknown,60,night
2004,Myrtle Beach,SC,US,unknown,600,astronomical dusk
2004,Albuquerque,NM,US,unknown,180,night
2004,Baxter,TN,US,unknown,1200,civil dusk
2004,Arlington,WA,US,unknown,300,nautical dusk
2004,Ames,IA,US,unknown,360,astronomical dusk
2004,Honolulu,HI,US,unknown,45,astronomical dusk
2004,Stone Harbor,NJ,US,unknown,300,night
2004,Charlestown,IN,US,unknown,5400,night
2004,Deer Park,NY,US,unknown,120,civil dusk
2003,Dunstable,ENG,GB,unknown,900,night
2003,Coppell,TX,US,unknown,300,night
2003,Spring,TX,US,unknown,60,night
2003,West Jordan,UT,US,unknown,6,afternoon
2003,Parishville,NY,US,unknown,1800,night
2003,Vancouver,BC,CA,unknown,43200,night
2003,Nashville,TN,US,unknown,86400,night
2003,Deniliquin,New South Wales,AU,unknown,1800,night
2003,Joplin,MO,US,unknown,10,night
2003,Bedford,TX,US,unknown,150,morning
2003,Brinnon,WA,US,unknown,2400,night
2002,Layton,UT,US,unknown,10,night
2002,Vilnius,Vilnius,LT,unknown,1200,night
2002,Louisville,OH,US,unknown,45,night
2002,Elma,WA,US,unknown,86400,night
2002,Derry,NH,US,unknown,300,night
2002,Pittsfield,ME,US,unknown,600,astronomical dusk
2002,Norwalk,CT,US,unknown,120,nautical dawn
2002,Greers Ferry,AR,US,unknown,1500,nautical dusk
2002,Erie,PA,US,unknown,3,night
2001,Hartlepool,ENG,GB,unknown,600,night
2001,Everett,WA,US,unknown,600,night
2001,Newtown,CT,US,unknown,60,night
2001,Chehalis,WA,US,unknown,300,morning
2001,Mesa,AZ,US,unknown,180,morning
2001,Jackson,MI,US,unknown,480,afternoon
2001,Salt Lake City,UT,US,unknown,1200,nautical dusk
2000,North Pole,AK,US,unknown,600,night
2000,Elyria,OH,US,unknown,20,night
2000,Belmont,CA,US,unknown,15,astronomical dusk
2000,Deming,NM,US,unknown,60,astronomical dusk
2000,Southampton,ENG,GB,unknown,180,NA
2000,Broad Creek,NC,US,unknown,60,night
2000,Flagstaff,AZ,US,unknown,4,night
1999,Huntington,WV,US,unknown,15,nautical dawn
1999,Sunland,CA,US,unknown,2400,afternoon
1999,Miami,FL,US,unknown,25,astronomical dusk
1999,Santa Cruz,CA,US,unknown,60,night
1999,Durango,CO,US,unknown,300,nautical dawn
1999,Guilford,CT,US,unknown,300,night
1999,Worcester,MA,US,unknown,30,night
1998,Orlando,FL,US,unknown,60,night
1998,Grande Prairie,AB,CA,unknown,180,morning
1998,Tucson,AZ,US,unknown,10,afternoon
1998,New Washington,OH,US,unknown,30,night
1997,Foley,MN,US,unknown,300,night
1997,Hudson,WI,US,unknown,300,night
1995,Antelope,CA,US,unknown,180,night
1995,Lake Forest,IL,US,unknown,300,night
1994,Carthage,MO,US,unknown,180,night
1993,Riga,Riga,LV,unknown,600,NA
1992,Seatac,WA,US,unknown,20,NA
1991,Franklin,NJ,US,unknown,120,night
1989,Point Pleasant,WV,US,unknown,600,night
1988,Houston,TX,US,unknown,1,nautical dusk
1986,Flint,MI,US,unknown,600,afternoon
1983,Madison,WI,US,unknown,150,night
1981,Sultan,WA,US,unknown,300,morning
1980,Birmingham,ENG,GB,unknown,300,NA
1978,St. Louis,MO,US,unknown,300,afternoon
1977,El Paso,TX,US,unknown,1800,night
1975,Denison,IA,US,unknown,120,afternoon
1974,Jackson,MS,US,unknown,1800,night
1972,Monterey,CA,US,unknown,60,afternoon
1969,San Juan Capistrano,CA,US,unknown,10,morning
1967,Saratoga Springs,NY,US,unknown,90,night
1965,Wellington,KS,US,unknown,1200,astronomical dusk
1960,Portland,OR,US,unknown,1800,NA
